PCA1,PCA2,PCA3,PCA4,Y
-0.752759287,2.704285838459497,1.3919636508684308,0.5919509051822196,1
-2.063888157,-2.064032878,-2.651498327,2.1970568746496113,0
0.60669007,1.2484354667762734,-2.876493034,2.819459112971966,0
1.994655845,-1.725965336,-1.909050197,-1.899572941,0
-1.174546542,0.14853858979342682,-0.408329888,-1.252625159,1
0.6711173683342766,-2.163036836,-1.247132109,-0.80182894,0
-0.263580095,1.7110557683580812,-1.801957307,0.08540663,1
0.5544874131722546,-2.721297524,0.6452691114086302,-1.976855258,0
-2.609690442,2.6933132235199997,2.793792198447356,1.8503840886987666,1
-1.172317385,-2.413967316,1.1053981590729416,-0.359085038,1
-2.267770591,-0.028938539,-2.793668873,2.4559224124726926,1
-1.44732011,0.9751337061238918,-1.129733543,0.12040812706686488,0
0.2802616760596779,-1.890873267,2.817507766587351,1.6507969401666873,0
2.6369936493851345,2.3689641025658927,0.5873998728665111,2.531245410138701,1
-2.469044988,-1.824102825,-2.728636267,-1.048018015,1
-0.667936262,-1.371905809,1.972425054911576,-0.85948004,1
-1.314392942,0.25617649894949057,-2.15445465,1.813181884524238,1
-2.552696138,2.9213216196031038,1.633468615779945,-1.807705911,1
-2.966867297,1.8927685707290047,1.2411440630857022,1.3740430082459234,1
1.6276220801156747,-2.55573209,-0.849205629,-2.304785643,1
2.178620555253561,0.7397887609653475,-1.014611851,-2.618649898,1
-1.13410607,-1.048900068,1.3776370700283849,0.8253448281312785,0
2.3232764554579592,-0.166710449,-2.282434524,1.2794687233379705,1
1.5647102917013846,0.3676631854169772,1.6258030797273655,-0.037226422,1
0.13639697629196412,-0.43475389,-2.84748524,-2.352651438,1
-2.811424886,0.8184624675826822,-1.113864114,0.051424146988216624,0
2.445398843556558,-1.504246625,-0.537702462,1.533306831258292,0
-1.627211007,-2.538120541,-1.261491283,-2.032672276,1
2.578185914055439,1.8487222773865017,0.8004225390625406,2.2287635411263063,1
1.822032461394687,-1.880579647,2.355353990939866,0.23605345149390455,0
1.844640930984375,2.376547799540959,-1.09197915,-2.339688453,0
-1.632389025,-0.437353268,1.9080885955349585,2.1643834995380606,1
-2.958287217,0.064483815,-0.495533981,-1.667353137,1
-2.280807796,-0.974308972,2.657458223475115,-1.060782408,1
0.11274373046019637,1.2181137533710675,-0.818222386,2.8306924963257636,0
2.7746837696526674,-1.489306225,-0.016508965,-1.194730141,0
-1.290957034,-2.778678316,0.6573860038793811,0.016074139373168705,1
-2.691127493,-1.328121215,2.4495953157999217,-1.562628656,0
-2.130630767,-0.063283438,2.913902724663604,-1.547668371,1
1.0328132844352709,1.569717691972306,-1.574174736,1.3692980916711575,1
-0.793301204,0.7938349835614771,0.801178265,0.21464810444855065,1
-2.45826138,2.0118149735354276,-1.07531961,-1.880888938,1
-2.755349151,0.5453576591294507,1.065386171053694,-2.900473026,0
0.07255835,-1.641025349,0.8710367424566989,-1.953801426,0
1.1456264286147952,-0.679587922,2.6203799324204073,-2.174874335,1
-0.953601894,-2.319158873,2.5481617096713762,2.264036120285886,0
-1.452350234,0.9599042762050742,1.9033332012072952,0.33120486959677375,1
0.17790347013603913,-1.548886255,-2.441383393,2.3832945477199603,1
2.402508342979983,0.7986087436396074,-0.965821254,-0.904742552,1
1.355734073221436,2.382661559715462,2.322518545590704,1.6792532751457436,1
0.8521898769257268,-2.49516021,-2.030227715,2.3913251311624757,0
0.6385743579575394,-2.94481769,-2.391170743,0.9810106146483348,0
-2.969630497,-2.035151691,0.2924027361995165,1.151371186,1
0.9117675570156032,-1.654384143,1.2730753280852154,-1.576505475,0
-1.047601811,1.4789484307081446,0.897797394,2.0953404629650674,1
0.9456773538020604,0.4098516200128297,-2.437951393,-0.793705182,0
-1.408785794,-1.53606214,2.8380633285146732,-0.641413652,1
2.3522793310626797,0.7868317559835774,1.7688678212498905,0.015822558631152894,1
0.4614233077581549,-0.044893837,-1.828542073,1.334712691569032,1
-1.315365825,-2.854104201,0.8728337754430067,-1.937335924,0
2.642751506117486,2.7235714620155242,2.489186341322691,-0.779047798,0
-2.907260301,2.5699113755263525,-0.43089511,2.7999289142620176,0
2.7817198625355175,2.1180567328041606,-1.233306648,-0.689413628,1
2.106820029101142,-1.098467969,-1.98304352,0.3408075747501007,0
2.616928644964686,1.1761787800498382,0.4203670205361898,-2.416941037,0
0.6900433601950184,2.940323101,-2.159495909,0.1099779141824202,0
2.2642384315677324,1.4446117065252269,1.1820944459716074,1.2149045039226554,1
-0.843053093,-1.238448934,1.8561669328710817,1.8606803680750845,1
2.2024339114806217,2.479443315338828,0.068054393,0.009097768,0
1.789771073800651,0.8997835846665909,1.2118012635462199,1.7747560166166068,1
2.340032050905398,-0.972029059,-0.746502284,-2.436108361,0
0.46968084597704385,-2.784346357,-0.206411891,0.25586780824545974,0
-1.280752487,0.5449995634140645,-2.8169985,-2.775910868,1
1.9356033639579495,-0.838856152,-2.237636924,0.13345956032882622,0
1.619961318591665,-1.705073835,0.7373428549140018,-2.48791521,0
-2.689909673,0.1881277894088882,0.24381072966063932,0.8245794089892393,0
1.3565480023359697,2.855112476775208,0.09780209,-1.062261162,1
1.7711171686122222,-1.375006492,-0.366171476,-2.529261712,0
-2.84789554,2.7758904880675503,2.015880723073235,1.1758452365621874,1
-0.546282334,-1.96023408,-2.061377744,-1.498542611,1
0.29535998823672305,1.2875755362003742,0.9611842603063874,-1.320396618,0
2.729191683979165,1.4273815001746115,0.32612431506840434,0.6703244774061137,1
-0.482399625,-1.513614063,-0.864163928,1.547076662786215,0
-2.913639068,-2.303564157,-2.723984148,-2.755627186,0
2.132763504066043,1.2219471562801418,-0.154957025,-2.412995036,0
-0.050304749,-0.159169375,-1.960788781,-0.396890105,1
-0.608971594,0.6951005883132986,0.810561905,-2.728175941,1
-0.752324312,0.7551594942854183,0.018817551,2.1389390471299334,0
0.9521617897136698,-2.022393438,-2.576587516,0.8545156692378937,1
-2.840932137,0.5146534876407798,2.6413814485497458,0.45284506725527374,1
-0.670980443,0.8597293106541191,-0.250482657,0.2737007358956096,1
2.648788852659151,-0.683384173,2.7671433829434857,2.4321038517363824,1
-1.825253191,-2.583832195,-2.395331992,-2.890669046,1
-2.433342235,1.0980406404981409,-2.572868109,-1.086146218,0
2.069251865816727,-2.860368386,1.886810895533615,-1.308871351,1
-2.291011034,1.180422992184904,0.7736570806793042,2.264832081162318,1
1.4104262628233144,1.8208855823090913,-1.307792565,-1.935362737,1
1.5036885098451496,1.8410084356035838,2.943030852,-0.524293939,0
-0.767891485,1.6584777644519813,-0.955178758,2.584543953621388,0
2.150476511058071,-0.426035836,1.5052264067489842,1.5272572445080943,1
-2.381256787,2.4153174400774002,0.031514234687143095,1.9587447966464495,1
-1.079702394,2.373139370977203,-0.664789928,-2.934974091,1
2.4322918585155815,-2.452279939,-1.084118174,2.7003718023048293,0
2.7036428816253366,0.44062732873971644,0.7910232730187956,-0.309326868,0
-1.24073537,-1.028012728,1.0351107364622303,1.514247177,1
1.7494742623550916,1.7377088567673233,-2.452763382,-0.033478172,0
-2.65464744,0.29717329394241343,-0.350816992,2.3262250965497984,1
-0.894509925,-2.297597901,-2.142049908,1.569063790304833,0
0.7093083798975663,-2.393263943,-2.495359163,1.2058147887547204,0
-2.563421962,1.9311603557421373,1.237453362938977,-2.511907316,1
-2.490973715,2.919837471007053,-0.754375225,-0.776147118,1
1.876797403545016,2.6834914643031524,2.9160063829372254,1.5202691115536497,1
-0.742442487,-2.4989957,1.662881495564621,0.3504254984148303,1
-0.454667945,2.438126310568416,-2.332815106,-0.044249374,0
-2.931878131,-0.188036148,-2.662180346,-2.287092502,0
-2.294842519,0.8952618126963814,1.4762692755925393,0.500212591,0
2.7730352908472513,-0.750776523,-1.285727482,2.2115947691367612,0
-1.658424969,2.779335236643668,-2.927073152,2.8192729602458346,0
-2.741040528,2.3468586821884267,0.16620665451779892,2.9577887767158018,0
-2.557220612,0.3231257064079247,2.8158152137145933,0.1385870650208929,0
0.7763918288115752,1.1744921339077035,-0.272753611,0.7653484805043806,1
0.5058858715386014,2.4069480629459337,-2.727321718,-1.314220862,0
2.7024689044593524,2.341582703345498,-0.266059483,0.7207955868092206,0
-1.335712902,-1.871273042,-0.21780957,-0.879886632,0
0.5019366711052324,-2.533592178,2.8463688459969987,2.917264466877617,0
1.1889702841184704,0.21657819806472212,-1.142834302,1.8827701182416918,0
1.1083870353232754,-2.024298364,2.465563106963055,1.9352234575390135,1
2.6987994797515444,1.3543170503301596,0.6804911756147392,-0.490541782,0
2.5963709001240796,2.196383337,-2.728687979,-2.841798153,1
-0.741219799,1.8633199846909978,2.9236567758896665,-2.097498653,0
0.5647842921128108,-0.71465486,2.819486386887619,2.0527135388142526,1
2.0299722282668267,-0.187841041,-0.511082986,-1.359557568,1
-2.66174702,2.188334257530319,1.8774060547804652,2.998306039716784,1
2.9798210224434323,0.3325902336157647,1.613924491083063,2.668594379294568,0
2.097884344064469,-1.51591139,-0.296735188,-2.225043509,1
2.7243061635523347,0.6370478067052803,-1.628143167,1.0302041064351402,1
0.708769443,-0.851023692,-2.318654447,1.0294391735567974,1
0.12184620542275981,1.633910350413836,0.12098100667196032,2.1130890019112405,0
0.31144103264691303,0.3656278292123174,2.259921616,-0.579102803,0
-2.195908629,-2.827303942,1.5308235340417138,0.721857308,1
1.2244786085953416,-1.722215031,-2.181771146,-2.912732006,1
-0.896474647,0.5395061211277987,-0.646535729,-0.375150468,0
2.4249521669624903,-0.910467198,0.083936935,1.7019180764468587,0
-0.620743306,0.7325202013672412,2.1741822524804713,2.6971237419458527,0
-2.117559114,2.559525750968966,-0.047302242,-1.45053367,0
-0.245185463,2.8801954517128623,-0.044291436,-1.027490338,0
0.8004051259003546,-1.559126287,-2.544820031,-2.226721669,1
-2.231724966,-2.088583839,-2.167036964,0.8452484688192876,0
-1.908719494,-0.9259963,2.380730459436071,-0.156230158,1
1.0053464311261635,-1.966080773,-1.846265887,-2.754788302,1
-1.986389622,-1.328457966,-1.937937094,-2.467784797,1
-2.276184773,-0.235327392,-1.76199769,-0.814380834,0
0.020503625129141057,1.1423689717761913,-2.764127161,1.7964623934542558,0
0.7674023369454464,-2.509445808,2.2414717446406636,2.525234403190879,0
-2.633532241,-1.338734111,1.837207678758368,1.4895581423019504,0
-1.892873884,-1.74390406,-0.777167383,-0.092862089,1
0.7095286291817757,-0.786518163,-0.224791703,1.4848256288025397,0
-2.779900783,-1.485378334,1.2800975153073146,2.3712410261231955,0
0.070064653,0.1926809115918937,-2.356967932,-0.315525799,0
0.1957035987301392,-1.545176978,-1.384540614,-0.736295021,1
-2.879572813,-1.067525007,-1.731311958,-1.035015887,1
-2.281427209,2.3431636844393697,0.561554721,1.0746139148669371,0
1.7350274316440295,-0.009346806,-2.478478271,0.22263925091128645,0
0.521046708,1.4726368451059795,-0.410042723,-2.234518183,1
-1.297344565,-0.821506222,0.8755034479896073,0.4246698280134713,1
-0.863419645,2.919091492757878,0.6346489161413231,-1.57663925,1
-2.389305164,-2.082845165,-1.52425363,-2.03591176,1
-1.880597856,-1.289428988,-1.959758428,2.3805925477585514,0
-2.518597526,0.14706833742152803,-0.537619038,2.894271701451638,1
-2.327766587,-0.612866406,2.8168225996522134,2.193042755363882,1
1.9024324256956797,-1.452583038,-1.974674476,1.011859319546586,1
2.5762559347655145,0.3405773580835785,0.4296761368193991,-1.320125438,1
1.6169575991516218,-1.877737509,-1.057924582,-0.447381368,0
0.045662272,-1.545541606,-2.310979052,0.6637202546497956,0
-1.268216681,0.4874293285356739,-2.073823708,-0.113159389,0
0.19553659530951517,-2.689058779,-0.980374331,-2.193511938,0
-2.619750177,2.939761394339671,-1.06587693,1.8592466751278094,0
-1.472156071,1.0890163333435758,1.5613671593381193,0.5738324436470656,1
-0.170542869,-0.528954515,-0.906790401,2.5771748654869553,1
1.9837164467263744,2.790161463999075,-2.254216659,1.3852048512218653,1
2.6300427409262266,-1.912601603,-2.601022396,1.4467238957403543,1
0.4468386790794714,2.0509726605496326,-2.16136574,1.771603871159341,0
-1.79023608,-2.018064343,-2.014405212,1.8874483213882929,1
0.991183324,0.13839254861471595,-0.847017095,2.2632032448786497,1
-0.645329355,1.8995966368294628,-0.365190549,-0.738333423,0
-0.223921286,-1.191732755,1.4856562810575067,0.016322340554874692,0
-1.606723829,2.3974474396474106,-0.696652672,0.26131716668393157,1
2.438832665787282,0.7454279754839526,-2.298611756,2.638992741680851,1
0.7662483184285072,-0.990566312,-2.164367564,1.764151135621776,0
0.7204365355710811,0.2007665518579289,2.3633554983057454,1.731583267347185,1
-2.089950722,-1.129667593,-1.509065161,1.4636777554360618,1
-2.798805392,0.4193381092278994,1.5747521144441432,2.260593820570497,1
-0.947509508,1.9275438280320767,-2.336209578,2.0787137504071094,0
-2.235068026,-0.616276257,1.7837721946773222,-2.100495436,1
-1.624491629,1.3335154103583982,1.3202192192764457,0.846885797,1
1.1636906668025997,0.25634666008557705,-1.489205647,-0.925824039,0
-1.910413699,2.4507033680017702,0.5003507685967228,-0.594891499,1
-0.227965178,2.683700037670892,-2.079891581,0.5173789921007836,1
0.035332073306795664,0.6687254126078868,-2.891338897,2.2327434536649093,1
2.592709694901674,0.39079910153525343,1.179904943261354,2.534996287063774,1
1.243431805880392,-2.084765743,0.45773016100087904,0.6402902782971354,1
-0.455215972,1.4186654137483368,2.606202088614089,2.553411077440658,0
-0.294963772,-2.320571725,2.9090471937740077,2.033388518675604,0
-2.252023913,2.525051295704234,2.2193781723727692,0.11302834275643292,1
0.5476526144695755,-0.605983777,-2.671430167,-0.98881655,0
1.8171206915880687,-2.972207862,-0.99900497,-0.610987838,1
0.2243736176275375,2.519133698476563,-0.921924034,-0.918280789,0
1.4250074886584905,-0.286692355,-1.652371062,-0.285362903,0
-2.154857878,-1.941678081,-0.009793364,-0.486447303,1
2.4890754064086007,-0.825636605,0.4835301016682605,0.7935857275171823,0
-2.92143326,0.9812242321002635,-1.931784199,2.766421904816731,0
-2.108023633,-0.512255258,-2.487901992,2.9812455110756844,0
0.013170061987455739,0.5723101039202625,-2.597541136,1.4997628223950663,1
-1.740566441,2.3883257366442825,-1.769162157,-1.855873676,0
-2.780701993,-0.167598329,0.38904679957569854,-2.605748163,1
1.6531657001700637,-0.280266992,0.146341616,-0.355423518,0
-0.595421635,0.3578419878493073,-2.068558524,-1.908431217,0
2.170713726081104,2.676692772801797,-0.760144102,-1.375531961,0
0.8639972594340946,-0.547594973,-2.847681866,-2.063084416,0
1.2958333730843847,0.9535436514609081,-2.837424045,-1.668167028,0
-1.61355122,1.0313564615923703,-2.881736773,-2.375348508,1
1.799496512239136,-1.928732028,0.9164766471112484,-1.570903314,1
-2.403351643,-1.540966854,1.333601591133955,2.1341788086377145,0
1.9813191874019491,-0.616898822,1.0085108194238774,-1.770094228,1
-1.241113618,2.3780149111267184,-2.921988459,-2.486948815,1
-1.752682469,-2.840806777,-1.911387389,0.49824936581815304,1
-0.471452696,2.3560302664618487,1.9046613704306452,-0.94909589,1
-1.443459399,-0.721845551,0.5417696550888467,-1.391618155,1
0.7448934470948041,-0.543530087,0.3122830851118814,-0.383240825,1
-1.233205443,2.690719842,1.5816347649585651,-2.159320945,1
2.2108078553874773,-0.075412811,2.3673133613645483,1.799131535683891,0
-0.448718973,-2.86518415,-1.387935844,0.2498052879652013,0
0.8008693189568836,-1.452673887,-2.163863556,2.0095814207957945,1
2.906413084221313,0.15414109381611496,-1.969924285,-1.366156041,0
-2.889655941,2.4857928393629942,-2.293493503,0.45909885308552134,1
-1.355668676,0.32506801509476047,0.9085223301111851,1.978450822,0
-1.761472369,-2.934025028,-2.17868622,2.4001118510886306,0
2.2433404653750912,0.584478613,0.603101163,0.9902200472775329,1
-1.947772328,2.4864716755497582,-0.487376851,-0.701168831,1
0.11350623169702523,-2.718204199,-2.002299787,1.4282016985582224,0
-2.503207992,0.6189126567983294,-1.527905342,-0.664226316,1
-1.267837579,-0.865963701,1.3142754311054734,-1.217269706,1
0.39842784178138313,-0.143697587,0.9820269921758888,2.6209784359485475,1
1.3954325832615018,-1.710357728,-2.81290119,-1.426415734,0
0.5704675842015288,-2.691445119,-0.021802517,0.581057094,0
-0.994536655,1.6254732224749313,-2.360410481,-2.54917331,1
1.3691325372216205,-0.027052103,1.1304143785664165,-0.391035968,1
-1.521587801,1.914613906045198,1.7964952738138757,1.1681788251265601,0
-1.367129177,0.5413840012145226,-0.834156618,-2.45050756,0
2.5038814527734568,-2.179088214,2.7014241229248146,-0.323965362,1
-1.889202427,0.2514056842701491,2.237675015,1.3933493184573669,0
1.8393668871686986,0.9527002002643039,1.1536593871071146,2.0951739093919155,0
-1.501991947,-0.063450218,-1.672743349,2.926008047979882,1
2.6643560381196796,-2.763439132,1.2334510350941308,2.5514899044939945,0
-1.916547929,0.407671383,2.4929297855282506,-2.796324128,1
1.1845216034810395,-1.215905956,2.5463771722591826,2.8263494709922066,1
2.6655989346806033,-0.1547147,2.172255905935881,2.067296391210422,1
-1.085397161,1.9734928449040643,-2.777954192,0.5776192708923182,1
-1.619946976,-2.276598685,-2.53828079,1.177732655268839,0
-0.960750217,1.3486006291725685,-2.607861955,-1.108257973,1
0.2369477542520233,1.744338989033781,-1.087484982,0.7553482586220546,1
2.3158664894171226,0.6951791290938276,-1.602243151,-2.853595311,0
2.2205932434055793,-2.872383535,2.2482100361051964,0.17362280416327192,1
2.6344061910773773,1.7926994146419926,2.987604663200025,-0.895729107,0
1.6031297335867611,-0.588414518,-0.120746278,0.7650327793102205,1
2.2420626851180323,2.904500815195771,1.6096404831871087,-0.493399307,0
-0.471857986,1.4254938095333491,-1.567337125,-2.337155321,0
-0.872267054,-1.27656605,-1.222151277,-1.598353494,1
-2.747440862,-2.892756392,2.926334338416189,-0.433361198,1
-0.694040117,1.0778836961584188,-1.690476673,2.699767103701352,1
1.718070086493312,-2.463533986,-0.494515345,2.274709845372988,0
2.668392133748462,-0.195590933,0.680468335,-1.997796323,1
2.9470117568218592,-1.609969792,2.656390644810754,0.8978798939542108,1
0.6464207692731545,0.076131066,-1.61598113,-1.940831808,0
-1.677082746,-1.881370427,1.677506841,-0.899248445,0
-2.652943941,2.8146157808448677,2.302715309780554,2.566513699171278,0
2.9694469358786115,-1.956628505,-0.622547887,1.549430854224548,0
1.1761237083227538,-2.076624562,1.8949987499437064,-1.653356569,0
-1.657094311,0.22184653736048165,0.5576396090502191,0.48051724702686727,0
-2.451078976,2.2647651757822818,-1.406399744,-2.222910472,0
2.332488479213863,2.733908989,2.172765703592704,1.8570964483492682,0
0.9314518838341304,0.30514422365483584,-2.478079441,-0.549280722,1
-0.763868898,-1.441477297,1.340520682,-0.02474559,0
-2.513722705,-1.678900788,1.0995525819575755,-2.543214843,1
2.1072414842926124,-0.029120838,-0.116480536,0.5544467079571058,0
1.9480857955508952,-0.913144753,1.0680969153543813,0.39439178397474617,1
-1.397830379,2.2717799181309477,1.7845561296415688,0.9507110079505532,1
2.1034903745654514,2.203765205758814,1.2501778602902087,2.0220799701820322,0
1.1848287700157023,1.0808446305618027,0.7116682692911058,1.5162998373458478,1
-2.048369368,2.2852245551935706,2.2310611664713917,-2.824516302,1
1.9549005033885756,-2.226780795,-0.989286874,1.4610495377496466,0
-2.035440624,1.9078021447143731,1.9928050677464517,0.044806403,0
-2.96168477,-1.277771201,0.7015615102544532,2.8871170681645406,0
0.7908811621000105,-1.441178514,0.8040342185976681,0.23991227829513306,1
1.6790723709068613,-2.358116167,1.5661674150121678,0.24759947205666144,1
2.7779520231539676,-0.948767004,0.795731359,2.592168633060105,1
-2.384941632,2.6233709234187064,1.1273143338048799,-2.592977645,1
-1.194218598,1.2490325318716895,-2.595896391,0.49302276105763987,1
-0.924701658,0.7254931066048629,-2.725547797,2.2292208369142577,1
2.840933815064382,2.8132671317141487,1.497910990457548,-2.219482559,0
1.5495791755741353,-2.852478501,-2.867258691,-1.058338685,1
-0.068140858,1.622444506846759,1.099772259639031,-0.324583762,0
-1.358240002,2.982747000946267,-0.442912187,-0.291677854,0
-2.018257073,1.7688572924995762,1.162093354688932,-1.675382323,0
-2.505713726,1.0829958124482788,0.9270672856868112,-1.360442838,1
2.7051813735024623,-2.093652649,-0.405991194,2.6616955210055933,0
-0.481636098,0.8311556859845135,-0.614433612,-1.354708786,1
2.903865887758969,-0.543995962,2.364595222074806,-1.620272365,0
-1.721371776,-2.813195503,0.9100009522553103,-0.788841938,1
2.186149499037822,-0.16074056,2.8091605674883304,-1.886846906,0
2.211739007733665,1.6595811167504504,1.625531067864312,2.068699368701326,1
1.566143945657993,0.7573219297884926,-2.212530734,-2.804842923,1
2.5250870868941213,0.6999018871244282,1.779223745857058,-0.110865891,1
-2.296150866,-2.248885247,1.1133917233738284,-0.418164631,0
-1.79685164,-0.05043272,-2.614746378,0.49182841148639245,1
-1.386039573,1.7853546038231292,-1.137828246,-0.268679106,1
-2.930276761,-2.565318673,-0.645038662,-0.120366992,0
0.6001232887158223,-1.250024528,1.169891316759255,2.1607343831352273,0
1.6791059333600984,-2.762287048,-0.116958316,-2.370418929,0
-1.547729905,2.9199755596028787,-2.145026743,-0.006671079,0
0.7089344059087148,1.2147898232646241,0.3578921009214846,-2.941374915,1
-1.041232151,0.10626986030826835,-2.472801005,-0.896238413,1
-2.800781347,-2.528529017,-0.618460343,-2.203705476,1
0.4052450895693491,1.1367898148235946,1.8035201946544976,-1.799098535,1
-1.995104506,-2.372592958,0.8185814972618202,1.2388543589214072,1
-2.810483131,2.617273477462139,-2.688172298,0.24777801180642278,0
1.2543631167054983,2.225814742476514,1.284521592794567,1.8103684984187511,1
-0.963298845,1.8889506824790736,-2.519310922,2.3688999363631655,0
0.2855542569224174,1.9037866197749622,-0.286090293,0.861466171,0
0.15841596561667926,1.3895371305319912,-2.510220108,-2.637887496,0
-1.517380596,-2.042731919,2.2307014,-1.684716076,1
2.8551915349147876,-0.978625249,-1.907292506,1.7381910428548748,0
0.9522466530052567,-0.010825701,0.3321813056257872,1.3152106696335828,1
-1.629271552,2.9780034963404516,2.848758972880699,0.9019541180816213,0
-1.802745294,1.0813694545877475,-2.566809546,-2.816084987,1
-1.453902669,-0.22426226,2.209635032450283,1.3630144185978477,0
1.4562391271998862,-0.447039993,-0.924390045,-0.773767422,0
2.9258973824163466,-2.759344852,2.202188976734691,0.4720524514343607,0
-0.368307485,1.3515459624908193,-0.079986351,2.2405394284899636,1
2.4042111840675506,-0.469674439,-1.339033217,0.5541019715601734,1
2.474180073700146,-1.736026866,0.7377995013808967,0.7893613205551233,0
1.3986781344916857,-2.210593889,1.2949497880925316,2.4541951239938458,1
-1.921901347,-1.57474005,2.8283705642498376,-1.914138284,0
2.1263105602174743,-0.046332861,-1.516613554,2.2244994076350686,0
-0.32816847,0.088904124,-0.844599784,0.5577051086095643,0
-2.018856764,-0.65351078,2.816473934011725,-1.451199404,0
0.9404199872477532,-1.048859615,1.6408387541196037,-2.214758036,1
2.818926270471268,-0.277262752,-1.58369722,-2.559019516,1
-1.981452569,0.1186436913361062,-0.977980941,1.973300195295657,1
-0.414674858,-1.507714364,0.7028699196241801,1.2406633013126749,0
-1.997748553,-1.994284702,-2.779971438,1.4184120903938435,1
0.9828271657308303,-0.152214746,2.065022693815183,1.834020917700319,1
0.5121261863805131,2.2096276830795514,-1.76495274,-2.328482284,0
-1.381502331,-2.657478863,0.18701716800619206,2.619634153769769,1
-2.763938756,-2.267340516,-0.28680583,2.6032501051674295,1
-1.10306337,0.043408852130354614,-2.750562846,-2.109940794,0
2.919780737753081,2.790712178616273,-2.970360114,2.7108707125394336,1
0.8347196268930022,2.2075097671201327,-0.271560866,0.093576171,1
-0.066920518,1.001185545276626,-2.162092471,-2.820158461,1
-1.15242035,1.2280845764198798,-1.788879287,1.0405945999495039,0
2.819472276643623,-2.436595705,1.035612709350758,-0.337498684,0
2.208853526265032,-1.937101263,1.155755713356987,2.0286917378886615,1
2.667685316844139,1.0994881697378744,-0.016951416,0.7070834412072831,1
2.2134299068723093,0.42365847983297833,-2.817677642,2.585692173041867,1
1.1371605061893666,1.059080314663479,-1.705949086,0.9533128213959432,1
-0.636813566,0.9073978622489527,-2.360441818,0.947071828,1
2.996482355,-2.710727767,2.8630451053279042,-0.558552236,0
2.224520702023555,1.6943129043496405,0.4020975659200068,1.4306952555079588,0
2.2710933678080876,-0.57515807,-1.037801031,1.0055603133815083,0
1.8470756516475513,1.573710808659694,1.786881893151807,-0.386500111,1
1.907005297,-2.278745668,0.26693458776509704,-2.965448037,1
-1.052485021,-0.801230791,-0.62296385,1.1728032401391726,1
-0.668651392,-0.307838264,-1.574735215,-0.76048925,1
-1.636382236,-2.560824457,0.6206915602882672,1.0092767913300973,1
0.7169420760576868,-0.219035737,-0.721285319,2.1800018974309516,1
0.1144907108173081,-0.124908734,-2.846147605,-0.952513034,0
-0.718826287,-0.607063315,0.4810342153639935,0.20161528036127052,1
0.6474305567606677,1.5892995692527698,1.8779144322965609,1.3087384573589667,1
2.7331421757296077,-2.890604504,-1.825332086,-2.95462275,0
0.8848482849276182,2.388183293699921,-1.539106221,2.562207269,0
-2.638395658,2.6066161608330862,-0.890263877,-2.391475029,1
-0.084769445,-1.459340594,-1.290762588,-1.15626021,0
1.818155386995981,0.23496766005152692,-1.132153805,0.6620026998655102,1
1.2969040453391614,-1.364255996,-0.518705391,-2.26868344,0
-1.913103903,1.086707123789897,-1.911369914,0.150980302,1
1.2542775703345956,-2.358738461,0.4038733177734213,-1.460623298,1
2.777561251425479,-0.09872612,1.8359552986509486,0.3013592529375706,0
-2.739524803,0.7989082535641341,2.7084200532399425,0.6096709208779871,0
1.9151331565607412,2.3052387800904466,-1.631521368,-1.727730961,0
0.6658859331059501,-0.533829181,2.0391678172003225,2.4001387403880674,0
-0.879471724,-1.578776646,1.6831530914631712,-1.351163787,0
1.9356859110820706,-0.457570478,1.005299395748823,-2.426788117,1
0.7431559480594379,-0.289393928,0.5196507790528448,-1.991914754,1
1.421242469665093,2.1767824652593717,-1.699561199,-2.425712667,1
-2.858168484,0.851829003,0.6425642165326844,0.2801844762844201,0
-1.608317423,-0.654564025,0.5668580111170383,-0.019398847,0
2.926713121289324,-2.181361485,1.1708673242855632,-0.574087391,0
-0.43080231,1.305586593949057,1.1546169079462176,2.947535962,1
-2.229634263,-2.375342104,1.3460329027724471,0.4703215020384546,0
-1.355036001,-2.523483786,-2.486050502,2.365145248,0
-1.848796052,-1.059770627,-1.640061587,-0.870022165,1
-2.583456944,0.11435874544962221,-2.594324618,1.802139046934169,0
-1.597727509,0.24007148762706354,2.2804745253687493,0.9052642142831653,0
0.1977467193080118,-1.053997481,-1.001988522,1.0169217311891412,1
2.9648361673270056,0.9710351390962719,0.3467005042201494,1.3839030614354764,1
-0.208766326,-2.639145944,0.37378089526745883,2.745751707032281,0
-1.948182346,1.1400293449239944,-1.794397868,0.21496610683848782,0
-2.419941302,-0.297774382,1.5369799733714764,-0.914570855,1
0.9894703469233082,1.772699764738375,2.563066916876716,-1.592147509,1
-0.604104505,-2.08550392,2.954901012950251,2.5620058075457717,1
0.23974278168335772,2.0521997662585276,0.12574786363225332,0.7415141280165582,0
-2.465253407,1.5316225229808476,-2.233719098,1.956405782,0
1.6921685260223152,1.2524681864578584,-2.783037717,-1.181229864,1
-1.421324581,-0.839181555,-2.474143519,2.6217469381863765,0
0.3228134442742574,-1.166854136,-0.618110898,-0.316784757,1
0.6035660001637035,0.094076566,2.5163518392865036,-0.018219103,0
2.952948088939876,2.1085497464705742,-1.748936914,2.5835712878634975,0
-2.301801613,1.904698250947149,-0.716260239,2.267845922670417,1
2.208340140644702,1.8355524007057271,1.7401826178423683,-1.171925165,1
-2.514484302,-0.582118927,-1.95885291,1.1697065334147698,0
-0.923401641,2.853661205159489,0.8458324640719921,1.9348833818061655,0
-2.204851964,2.1720868936357354,2.536543143080366,-0.077628487,1
0.6375176265058649,1.5888588054179724,-1.950968236,0.015396459,1
-0.608021833,-2.121756047,-0.794793466,-2.590966144,1
-2.845128558,-2.189002265,2.7786906695350435,0.2971772153701018,1
2.794932967,-0.40501273,-1.129103201,0.036851177,0
-0.362929868,-2.366011894,0.8449578881412374,-1.703770905,0
0.7175277293869775,0.9012065543889203,-2.087850881,-2.631902237,1
1.6845695164106385,-0.241197457,-2.651017227,2.9691979030186033,1
-2.653316634,1.1702113731513188,2.9020735515804814,-1.564919375,0
-2.146503788,-2.271690363,-1.180349115,-2.393725134,0
1.152968050164791,-2.626249211,0.056532769,2.9801811231178608,1
1.883821617036113,0.6913166293860655,-1.162478275,0.7433750177498308,1
0.16224878346990979,-0.443499697,-2.21573774,2.319625291442801,0
-0.301292107,-1.832264929,-0.793443895,-0.515221485,1
1.9652273734012455,1.401686283368412,1.6158293618480393,-2.933812413,0
-0.503076011,-0.11193509,-2.884846339,-1.441120748,1
1.5617389387328098,-2.177341766,0.21186078871554992,-1.708788768,1
-2.927275352,-1.552791254,2.855242529460323,1.8092226712979373,0
2.757459865926201,-0.072875736,-2.341582808,0.2877569338421577,0
-0.273735993,2.0661424964376955,-2.411504515,-0.070553178,1
-2.099708012,-1.051944439,1.4241424643267981,-0.143891224,0
-0.744670289,-0.633142329,-0.24331939,1.7100992630223413,1
2.3525081336414067,2.732008119,1.7214203175317708,-1.107558626,1
1.1288082365192533,-0.374381256,-1.471976268,2.0452294765555354,1
-2.769441906,2.410571952812541,-0.231135212,0.8232088608496824,1
0.9561235332346962,2.370706444239218,0.8200180930032439,0.6836015085603706,1
-2.600087757,0.11044813167122447,-2.098985995,1.424602612328913,0
0.073331525,1.0813666752501199,-2.749962596,-2.491247904,0
1.297940328376093,-2.567493984,-2.572459633,-2.927349149,1
2.739008389796881,1.4250501567540415,-0.880491549,-1.220786512,0
-0.901780622,1.647921187087091,0.9682236664224861,-1.888826593,1
-1.955343988,-2.409626102,0.9618163182080286,1.5862359733304157,1
-1.40972143,-2.874330234,-2.506969995,2.807160209070183,0
-1.227331335,1.615338887028802,0.7479814131255829,-0.708362162,0
-1.765876427,-2.271681491,0.690077808,1.6478026838267281,0
0.8634255212467838,0.1818127994949501,-2.748292659,2.8109326655663027,1
1.792285149927448,-1.24306778,2.879821976153104,0.6112895378179326,1
0.4945359492434789,1.4884390765771922,1.8706187285408253,0.9388716439890157,0
-2.231425522,-0.970394964,2.568501841956298,-1.652306329,1
-0.766997857,-0.407538702,-0.363570062,0.6776374949671533,1
2.6584550264682454,-1.555843729,-2.270991742,-1.815177061,1
2.3215494012556173,0.8748648759312361,-1.284559265,1.8956816338117033,0
2.168219978180616,2.079086032141668,2.5135592018373263,-1.486553879,0
1.5302515724776695,-0.236763016,2.051991317340369,1.370944062969679,1
1.6586846789983483,0.9369710260864288,-1.935427383,0.27016151338162997,1
2.9080184371470494,2.6243283989827138,-2.740957585,-2.011111106,1
-2.209627359,1.3558794599117725,1.9067119791416705,-1.718931802,0
0.035116158,2.044218168,1.3968092685975035,0.2534232329510897,0
0.5420861427526376,0.050163281,-1.214709292,0.39013195715409665,0
1.1333118123005441,2.2399374951648463,0.8177481238754885,1.5667292222589477,0
-2.03957019,-0.230655153,-2.944010281,-1.519926813,1
1.358770290678029,2.9508597080961803,-2.404931402,-0.591034105,0
1.8004258121949572,-1.775786192,0.3305096958137175,1.3984277761780488,1
0.695912702,-1.871851592,-0.867692588,1.7027507069123828,1
0.32535908479209974,-2.968622319,1.565944560168563,-2.78813187,1
1.4744026963873926,-1.785116639,2.748440880716281,-0.792355492,1
-1.038410302,-2.106671698,-1.166374707,2.259904570969203,0
2.9780060257634844,-0.790142817,-0.308336214,1.3324256292164218,1
2.317174682790447,0.5582660051207049,-0.650845811,-0.524268955,1
1.1737088789808414,-2.980690418,0.7175360247590441,-0.867041937,1
1.765183987662505,-2.442056161,0.5292136016903433,-0.114162661,0
0.8539531554313644,-2.610878433,0.4799027245687877,0.3689075277571421,0
0.3639605664970258,0.6209259995787288,1.0588076233581738,1.829933998084618,0
-1.381075679,1.950296461080372,-0.010465906,-2.537650325,1
-2.648694425,-0.994570088,1.7093818626688053,1.2460856084454948,1
1.7316897880344388,0.10361433864965619,-0.358806012,-2.11528484,0
-1.030843478,-0.395883803,-2.468397422,-1.676328284,0
0.5893517643824326,1.413978685435139,2.990085068357698,2.5986799880613463,0
0.8553911972111492,-0.47251168,0.8170641882493963,1.713909708481392,1
-2.289982854,-0.540570662,2.0388137138137035,-0.697002288,0
0.43123362736311943,0.5266161651731895,-1.893142481,-0.82658735,1
-0.992932268,-2.842819749,-2.854849417,1.990182262054641,1
-1.36157514,0.10847259743289239,-1.207646558,2.6440754706920426,0
-1.444219447,-0.422059124,2.2363815029076113,2.051601400750852,1
-1.883391493,1.815859858774262,-0.25087868,-0.102186767,1
-2.199120166,-2.516390917,1.3676358418425911,-0.021233086,1
-0.378895784,1.3770493719143806,1.5930773939466585,-2.046550994,1
0.6613508968658479,-2.187875506,1.5082505161742743,0.9417309376028369,1
2.7396877265007475,-2.586251902,-2.657671673,-1.306877552,1
-1.429765898,-1.518127206,2.437527483,-1.502722801,1
-1.368301643,1.556389574507782,-0.301560945,1.6602633417310875,1
-2.607803055,-0.074572838,-2.798318399,-2.624080779,0
2.438624720066466,-2.164527773,0.19452409365130263,-0.533426384,0
-0.915940042,2.3990000741236344,-2.869059619,0.9827381170535343,1
2.7803666052813023,0.36100910077105164,2.6209347721985505,-2.686452724,1
-0.487240086,-1.439053254,1.3849257898843792,2.887782543,0
-1.460819625,0.925047609,-1.811414203,0.3919815274296594,1
-0.21640508,2.8320319777892227,0.6511636361787994,-0.902961767,1
-2.315425291,-2.092519028,-1.64809842,-1.494200032,1
2.103696347046827,0.3673367296951495,0.14034546824619865,-2.311386769,0
2.16083816,1.3368858192509023,-2.593989829,1.2470105833786125,1
0.26122930405587663,-2.509647926,-0.250196151,-0.091822277,1
-2.005352759,2.674188882001694,2.0998522288839716,1.0141340239746501,0
-0.226226634,-0.52940675,0.905840803,0.272591216,1
-2.626361365,0.075015893,1.838421703397037,-0.244560734,1
-2.688260535,1.7176691963041986,-1.791817307,-1.448274991,0
-2.011761879,-1.018709611,1.5405090341318104,0.11631515702362405,1
-1.770712355,2.2669804689122453,2.2774911297091753,2.2234705502760415,0
-1.567222732,-0.292563935,2.9099379368452505,1.6320748578599424,0
-2.836995473,-2.608772452,-0.216411739,2.455321235169361,1
0.23221078771628534,-0.013124952,-2.3671578,0.9406806283457643,1
1.932618963601353,-0.717479955,1.6536711055519646,2.7868599234048697,1
-1.777401245,0.13997778716844778,-1.277172251,1.7571265142030361,1
0.4655601952869448,0.8074945053018228,1.787484957695364,-0.624177164,1
2.490540410442259,0.19817320347683953,-2.052271063,1.1753947090128145,0
1.759568102629526,-1.099429938,2.143075541992518,2.4368595285945984,0
-1.338573076,2.901128836291332,-2.155730832,-1.78790599,1
-1.894650965,2.363938260047222,0.9257553139497712,-2.087374301,0
-0.35805949,0.6917881504188124,-2.49921549,2.294498210444033,1
1.8216212126492106,0.031240641459829632,2.802759691555023,-0.493434124,0
2.9046619142189867,1.0075199928217629,0.8080276395236488,-2.004270628,0
2.2915665498278637,-0.435061872,-2.026599565,-2.92435488,1
0.35853410183029544,0.16439773273605773,1.316121734214951,2.3415483181068133,0
-2.523560492,1.3889789420421739,-1.875528335,2.149062318942984,1
1.9143810831699364,0.2447625299132663,1.2614567917398691,-1.113899321,0
-0.172992606,1.9298213862628302,-0.244408817,-0.853210408,0
-0.034725316,1.9694955146233104,-0.988751716,-1.957430441,0
1.272084121984685,1.9558692762484906,-2.396175129,-1.560755323,1
-2.148168061,-0.912351531,-0.297894127,1.492958021779839,0
0.9068855092900447,0.7255714048705872,-0.88575032,2.048685319,0
-0.172276996,2.8746296280909274,0.8048528297744211,-2.242411551,0
1.0570653724526036,-1.049375907,1.1179631801165844,-2.582153111,0
-1.950711377,2.1344235534347185,-1.636922658,2.022246751,1
-1.324343469,0.8572914603522461,1.1649034410589856,0.075928519,0
-1.16813594,-1.724133742,-2.800863873,-1.176321593,1
0.9189767431876978,2.629828910690896,2.2272268935783117,1.596388659211815,1
1.7306840595197919,0.9899094208559713,-1.438278855,2.4431701842349796,1
1.024393871435004,0.3626437858826397,-2.334063185,-0.317666737,1
-0.237850373,2.1873816571360196,0.2798893211267308,-0.717596706,1
2.860801971063956,-2.33567644,-0.46470943,-2.747851949,1
1.439424724601582,2.508459313194904,-1.319776023,2.150050060794725,0
-1.246690617,2.464620969863491,1.5237714215807037,1.8294406610486318,1
-2.891960666,2.7768621424441555,1.3600259524219398,-1.171493428,0
1.9763679891530819,-1.31087281,2.2365230373967675,-2.324517658,1
1.222115864764774,0.24419085986946198,-2.420793179,-1.54863703,0
-2.925575782,-0.187392207,-1.192408435,0.5901449057865529,1
-1.216573154,-1.200485331,1.4591591923896203,-2.711142984,0
2.417369971151923,2.1135832463470887,1.0068280993584393,0.559329421,0
2.3538149888379136,-1.888018923,-2.526185027,-1.562938981,1
1.7674696722011412,-2.7919784,0.49684101050093776,2.9726250971478594,0
2.1341765630252363,0.12867413426153673,-2.618154544,1.9882410863142592,0
0.5938710490632633,-2.310402018,-2.436856291,2.457760916619554,0
1.0152015776284706,1.975720795900533,2.2738734016936037,0.4306341122899333,0
0.10467811053024789,-0.417435538,-1.098320473,-0.392424235,0
1.6432779343809383,0.6115405860907894,2.3551397397290765,-0.339719914,1
0.6425374723125241,0.7878453185519323,0.5501829738379529,1.2158026385130984,1
-1.57539919,0.074182665,-2.374651183,-0.692932034,1
-0.073997588,0.9133455572728346,2.703186315517221,0.6039063992901355,1
1.461563497059359,0.037596357,0.8046241882579879,-2.574406703,1
-1.473650515,-0.828881441,-0.16503987,-2.726107527,0
-2.159855415,-1.339114153,2.8291961454063035,-1.011917957,1
-0.107753651,-1.823413724,0.6646804264546096,-1.315900707,0
-1.758044529,0.099435771,-2.966965205,-2.954015804,1
-1.685587145,-2.779671825,-2.351845475,-0.966836104,0
1.815514077478877,0.43229186,0.076006356,-1.239067061,1
2.590522316596898,-0.617909753,-2.477443399,0.7023990967068077,0
-2.316969639,-0.928661143,0.044471632,2.245335148111055,0
-0.038720518,1.2135525961899853,2.9569010339944217,-2.211065281,1
-1.351610847,-0.632543546,-0.469030929,-0.533873548,0
2.445666015339329,1.2841958668011388,0.6474312845442225,-1.143763693,1
1.9427423053277684,2.7303630689099334,1.927189695301359,-2.990609369,1
0.8184082211004422,-2.693187711,-1.454356678,-2.642851798,1
0.6227727176963267,1.1195394809556412,-2.313074172,-0.696966702,0
-0.262580946,-0.785681869,-2.273849997,-0.486313259,0
1.507068286850509,-2.573954013,-2.518919916,-0.871372249,0
2.6503542697135503,1.0114358803374843,1.0720197400353886,-0.828480055,1
0.5619647472512304,-2.939212896,0.8165762784572532,2.479721685,0
0.6754408100689151,2.2421915607980702,1.3438383327965626,-2.276649502,1
2.4147198437150506,-2.601336934,0.20380483528658289,-2.147177257,1
-2.929760336,-0.467794439,-1.229755754,-0.083997037,0
0.4631993204073046,-2.737565566,-2.261980229,0.3518543787025523,0
-0.940995881,1.3750409252966875,0.913749892,2.073626177939441,1
1.154956960015352,-0.420413536,1.037799734366594,-1.347712954,1
-1.162119007,1.73391096,-0.321482902,1.790282043110115,0
1.9345342420096703,2.145374025967703,2.499811415047244,-0.414088677,1
-1.08679909,0.49319247956468315,-0.772965459,0.606445001,1
1.233515175862948,1.1304301109528208,-0.752682678,-1.99883879,1
-0.416823969,-2.144435136,2.3405822111028503,-0.924735236,1
-2.073241517,-2.847313441,0.8749343177189055,0.8214139047284594,1
-0.956375001,-2.569728667,-0.542226631,-1.13269503,1
1.0627238384100561,0.6346754967161421,-0.812437631,-1.692644674,0
2.928215796933551,-0.275990273,1.1296454146814225,-2.156682195,0
-0.086461802,-2.834779681,0.032730707462699904,2.784104442706214,0
-0.694759722,-2.766023925,-2.814265254,-0.67207944,1
-2.039850381,-2.859887422,1.5372816837010612,-0.248861947,0
-1.264531368,2.4004990980988845,-2.303166239,2.7355129737319155,1
-1.116199696,2.330422033852088,0.6176572588767693,1.9602441584489245,1
2.9040789792627857,-1.269567373,2.766812912445558,-0.663108631,1
-0.686928572,-0.957677374,0.2484456440855114,-2.075129741,0
0.3222689121480671,0.2502288744600243,1.571410876,2.0018997716255136,0
-0.357351898,-1.186000504,-1.443990616,-1.83225698,1
-2.654114507,-0.945312127,-1.378513847,2.7985043151984446,0
0.34625295750026375,-0.916337766,0.4828056059621759,-2.164819792,0
-0.335737505,0.7574059285263832,-0.066613009,-0.589327196,1
2.9630903333981893,2.2818885728935623,0.7404357489566404,0.4162641670936966,0
0.7239628789475043,-1.792127353,-0.62917354,-2.763242803,1
-0.146723775,0.2581475037459793,-1.633501583,2.7841730829930826,1
2.4567276656234522,1.3328594127354352,0.20031977259217548,2.2198149578861095,0
-2.216085937,1.7430587656493097,-2.251075116,1.765263975296433,1
-1.34539459,2.2625434861091334,2.664252562952387,-2.107224184,0
-0.22394637,2.885924268976111,-0.099555384,2.181285135087271,1
0.5323891327879191,-0.748020552,-1.285298667,-1.780661453,1
1.5707891482661829,-0.680756959,0.067652773,-0.04604712,0
0.4636741753987872,2.193462873747313,2.884436061500576,-0.554494749,0
1.9651135326378188,1.5871667679283057,0.44117370873343953,2.736282861671599,0
-1.797152907,-2.344414738,2.1237718017325324,-0.3651011,1
2.0818131252423626,2.358541231,-2.625254438,2.3007885779163644,0
-0.310085668,0.062594934,0.7595550665592614,2.5582956403805204,0
-2.885303433,-0.13893919,1.1263322545833638,1.336241746189371,1
1.1551945892226474,-2.193389224,-1.20362647,-0.847706847,0
1.8266232460770304,-1.327440766,-1.735770217,2.744688114228577,0
-2.946820289,2.9869251340918694,1.0609277931443737,1.9708157966947022,1
-1.232283622,-2.914108334,1.4272171113691803,2.0048675820040547,1
1.4428567917211144,-2.142898276,1.520567533541815,1.6135366926458463,1
0.9512430940203291,1.5966955967735172,2.075528638066393,0.6816246854247505,0
-2.468371716,-0.074233142,-2.534103992,-0.554741814,1
-0.557361065,-2.603940935,-0.907076796,-2.334011407,0
1.8494112600553327,2.6861281557868244,-2.566101148,2.7306912437502087,1
0.1354595960204712,-1.202605932,-2.538827548,0.003745608,0
1.7670932669444923,1.2425188636001891,-2.698643931,-2.562588988,1
-0.582760304,-1.228257036,-1.605694062,-1.313973007,1
1.8208964597813075,2.5753683217911236,-0.569383833,2.4366660127949826,1
-1.071025793,-0.141378082,-1.643826013,0.8428562530550638,0
2.8738866910488534,0.6209585762602718,-0.853115495,0.8869046759431702,0
-2.262475929,2.3319544815923923,0.018503704679018185,-0.303901548,0
0.5151887307211149,0.7487031767364147,-2.569345163,1.0957033273404146,0
-1.548409918,1.283715795039539,1.9352087663051805,1.823751045315122,0
0.3150058044473347,0.12101935386450702,-2.142744232,1.6520769024188136,1
-1.371543717,-0.019827463,-1.294355442,-2.197029822,0
0.7773461813504197,-2.674007791,1.491871405,-1.094479228,0
-2.999191842,0.066774835,-2.718888549,-1.342982653,0
1.2418589247342968,-2.62386227,2.036030954136014,-2.977080464,0
-1.519056785,1.4454243369124287,-1.102379102,-2.388645672,0
-0.838596487,-1.377640282,2.056271413,-1.119912494,0
1.7335948306560436,2.3512328688644084,-0.397095483,2.459658863126352,1
-0.736091676,2.7844704989406495,-2.464262853,1.1221155990194562,0
-0.037115757,-0.674107167,0.7962712724916052,1.2231425498059867,0
-2.973820382,-1.998281468,1.278276303805912,0.998312481,0
2.7962850307720633,1.566226741504698,2.704636246388028,1.2152430092088418,1
-1.211686748,-2.367810466,1.6909431800696133,0.8648953288554955,1
-2.710883926,-0.839697205,2.740798892905717,0.002406874,0
-0.403625184,-0.253802369,-1.746703656,-0.787756975,1
-0.781120464,-2.685869879,1.6054057711075096,-0.500973409,0
1.933079321,2.102088006719372,-1.728035672,0.9441208930207714,0
-0.166309175,2.2809404275289102,-1.705555925,1.0668792018602655,0
0.6465127335163352,-1.228191135,-2.180394578,0.9098385628636594,0
1.4315847487939841,-1.106235937,0.8689956241338828,-0.629214554,1
1.2792412996957063,-1.804708351,2.341290015817046,-1.275542421,0
-0.793284073,-2.651448288,-2.330926726,0.095171416,0
-1.39444394,2.0128813544531665,-2.911839668,-0.725435708,0
-0.975926719,-2.884034214,-2.253789606,-0.51814395,0
-0.042812493,-0.574261516,0.18562607047256297,0.5707900494340894,0
-2.940457073,-0.215429043,2.780995445,0.11419368077729253,0
1.0652536047537193,-1.128816852,1.6439482689165752,1.6375288912566903,1
0.12777628592483392,2.8560829396752814,-2.246698711,-2.898314011,0
1.6209492705425763,1.842933224189295,-2.278756625,-1.406503002,1
-2.89468582,-1.240148335,1.638851243512029,0.10776316627547367,1
-0.911426441,-0.769564231,-2.991878246,-1.201196835,0
0.8787524498275827,2.8451666628981425,2.082364961903397,-2.858430212,0
2.391363628049036,1.6991904797917554,1.6822567414258822,-0.252025446,0
-0.611968242,-1.182505627,-2.605830846,-1.630587819,0
-1.52037819,-0.095537582,1.484666439580164,-0.15714103,0
-2.652933303,2.7467388059292235,2.6563459145646737,1.7111372588904503,0
2.947967409385323,0.26689399680157777,2.7766101015192364,-2.546369756,0
-0.80591551,-1.647712392,-1.825001495,-2.155182307,1
0.7344818493959799,1.6879311344838301,0.46979039652216414,-2.118223742,1
1.8667426196008252,0.8157282429823711,-0.671005763,1.0447817732163776,0
-1.440570125,-0.928846749,2.5049150587919415,-1.256972966,1
-0.180070391,2.3408468243760883,1.2463281016051653,-2.626780643,1
-2.116181734,-2.952950455,0.7855307413749806,-0.313959448,1
-2.194350895,2.7476047263406222,0.1779583436737191,-1.548640235,0
0.003621427,1.0777219964106468,-2.542564692,-1.35177711,0
1.8417929453039612,-0.242010778,0.27946285219376943,-0.403103987,0
-2.736600344,-2.005501321,-0.326750168,-1.744887208,0
-2.700125828,2.061897984310942,2.887155174984695,1.7588572439804366,0
2.1227095302280024,-1.548137218,2.763761853079199,-1.818445773,1
2.7085788621709934,2.9689157637957067,1.2703368344762929,2.886862390750931,0
0.4172386774026222,-1.442749301,-0.378024686,0.5613656122727155,1
-2.561510628,0.7340595877034763,2.8870670205737667,-1.859354101,1
1.7555706977302998,2.4473927626777163,2.662209556921325,2.7608136264326832,1
0.12875783232883187,2.8638474479490217,1.5438612428066332,-2.029971383,0
-0.138599361,1.3099870522320236,-1.515958105,0.8436911012933241,1
0.9996028742797156,-2.023801537,0.3905118747165375,1.6297614658716464,0
-0.006626013,-2.927381299,-2.945769186,-0.857823936,0
2.5571644105906923,-1.627939322,0.8061821332301227,-1.667544776,0
-1.069980062,2.088252537608904,1.3731686536196808,-2.427604336,1
-0.427787874,-2.824981418,-0.11465912,0.9746040702064085,1
-2.288984258,-1.266690367,-0.612980247,2.5171861479362985,1
2.9595300925377845,-2.730532206,1.5660475409723524,-0.769655602,1
-0.645250883,1.5255898400821364,2.510558592872452,2.7055715670152907,0
0.4627355162299249,-0.857273044,1.725294515152676,-1.4939917,0
0.38444417300110656,-0.848529231,0.9397864422472564,-1.557606523,0
-1.850442326,2.509434520052622,-2.389177902,0.035747446409589934,0
-1.674883302,-2.76642022,-2.78388709,-1.948669367,0
2.2006221270360014,-1.305127536,2.7027550234517745,0.48973375793516105,1
-0.380314861,0.4805330080167276,0.10019031135760681,1.5526575225439512,0
-1.305023604,-0.88169765,2.364565815199504,2.6787390789024332,0
2.3553493649188475,-0.483312036,1.682193018,-0.1419856,0
-0.014760887,-1.771919346,0.5467818195510987,-1.883184613,0
-1.010611806,2.130181209719611,-1.757545145,-2.573050289,0
-2.585954444,2.644707123018647,0.041522628,-0.543527569,1
1.8652714860475106,2.0149555674630957,-1.006853801,1.1617083448427712,0
1.6267368951113195,0.9279041211957271,-2.090429551,2.2552985011023416,1
0.23456731641605222,-1.305165442,-0.448630887,-2.774573458,0
-2.232799193,1.5932805030951656,-2.999930191,-0.500605029,0
0.13506108651353088,-2.67219348,2.8384689778339975,-1.643248013,1
-1.174807682,-1.176344926,-1.617500027,-2.991157067,0
1.3760687645279779,2.8010729987957124,-1.6542391,0.9782831508205345,0
1.451377961752291,2.090552274543148,-0.464224818,-1.182414566,0
-1.048229196,1.2757279985910772,1.9006767990338158,-1.910316193,1
-0.774353951,2.4116411804949003,1.8401611181684352,2.909150416574855,1
1.5254895580924845,-0.640828794,0.5438270039678264,0.9660855254839218,0
-2.529265102,0.2669817546231905,1.2559249708356575,-1.996072176,1
1.6837903045533427,0.5026366830846696,2.7133307141855676,-2.745466211,0
-1.408043175,0.6093232757989444,-1.220640527,1.2865449844274535,0
1.5540316951315862,-2.384904216,0.083126785,0.053343334,0
-0.784315379,2.597549175418033,1.965037919239327,1.1832562914578206,0
1.2859598144099849,-0.229703137,2.525967126579455,1.1675725635197125,1
1.3738863699348984,2.1701454227240715,-1.355570464,1.8424254232002184,1
-1.828556382,-0.927948287,-0.986337274,2.871152810334843,0
2.1392233424875613,1.2070191695415584,1.362340569692341,0.37243676641542667,0
2.682544002651115,-0.022447483,-0.716893741,-2.021787978,0
1.7172339135663481,1.4066635924535484,-0.693869769,-2.848839516,1
2.033983966308064,-2.931492099,1.2221986777743057,2.8215426583563428,0
-0.374032031,-1.59015957,1.2292260602602898,1.9027688520935104,0
0.27858189646708365,2.8022116515368776,-2.68998767,0.02877359,0
1.3107236839353007,2.1758428268950736,-1.924466329,1.800020890582088,0
0.3162424543112716,-0.620677908,-2.209709829,2.1917745534534747,1
-2.056360751,-1.141272845,-1.259726808,2.2284842051451257,0
1.036217965253388,1.7800883831482341,-1.497192607,0.7492445976419937,1
0.4304758988624924,1.9969822607296264,2.4365223628875636,-2.927059371,1
1.0441195143527562,-2.688985205,0.29315199046413554,-1.274203626,0
-1.159340403,-0.882248979,0.7277546942976607,-0.995700206,1
1.396194303541682,-0.572835687,-2.589880798,1.7025590549046434,1
-1.285450052,-0.403398722,1.112663299331409,-1.005263057,1
-2.660486063,-0.756473718,2.6666914961658206,0.8504063837913494,1
1.0288748920032411,0.7936929218258388,-1.806047166,-0.489996815,0
1.5056387901799093,-2.391762615,-1.332883343,-1.342085349,1
-0.407886434,2.882212446,-2.59498472,0.11220596628356994,1
-1.923811908,2.8240592724584648,-2.320178972,-0.578393986,0
1.4273099090076373,1.2273265681646714,-0.463628179,-0.920854992,0
-0.614325729,-1.414342421,-1.768002368,-0.101761815,1
-1.388797464,-1.275230011,0.9405363808473424,2.8112239901993537,0
0.6218232033562505,-2.538123198,-2.546498317,2.708539325073396,1
-1.216255258,-2.447598084,0.5942675229022893,0.7418926697415964,0
0.8910289207121291,-1.395587833,-2.909335895,2.7900922167268316,0
-1.494641726,1.0561577283152852,1.2397792192722576,0.6600445024769144,1
-1.122555635,-1.373422477,0.5860096962162187,2.196573801670149,0
2.6804023735403737,-2.364565174,-2.071028324,2.668417552698478,0
1.419211370008755,2.297962948978638,-1.784204195,0.5255152266564114,1
1.2068375665048414,1.0806713126818357,-0.551089855,-2.90763065,0
0.49755634082557876,-1.481390765,-0.298474523,2.7454860905029044,1
-0.605788094,2.0388096399865603,-1.868756366,1.034762988150173,1
2.8620417266336613,-2.388641395,-2.950080347,-0.398503244,0
-2.444247102,1.4903060980573883,2.487291983091353,-0.395874164,1
-1.447730147,-0.393580086,1.3406869071000056,-2.945675031,0
0.5367239369081833,0.6797501093242744,0.826129481,-1.54786752,0
1.2843163402687603,-2.451651082,-1.804377981,2.2648202799268917,1
1.4323389043593977,-2.917526676,-1.509742438,-1.713561102,1
-1.375162032,-1.514641378,-2.624842226,-0.2463569,0
1.3964008487169908,0.6403903483046185,1.0372300115884787,-2.513104929,0
2.708944261060723,2.0309510030581492,1.8305419109739764,1.9379028302506054,1
2.596263048796568,0.26552379668218595,-1.798307893,0.7007016471152472,1
1.4572889620076337,1.4275043601241526,0.12869414500128062,-2.589247684,1
-0.773322369,2.524599650780144,0.5066934585445564,0.22999165953428058,0
-1.386878914,-0.789306481,2.3720765349190156,0.9987782851610145,0
1.7243221605139976,-0.273927462,0.7814833167369475,-1.509698348,0
1.2327649817009174,-0.434391998,-0.344726911,0.8959339474612902,0
2.617683729,-2.61596192,1.9484594240820456,-1.245701338,0
-0.336483273,-2.868520027,-1.193723533,0.015787456,0
-2.662943536,-0.053425624,2.5626637731505637,-2.367640691,0
1.586644368453026,-0.54197368,0.9310422871460284,-1.438580412,0
-2.043046425,-2.037224314,-2.577048326,-1.886119771,1
0.9853163099338094,2.290143671061048,1.884754113546971,1.1108058592469048,0
-2.33740882,-1.264875322,-1.141158748,-1.500258322,1
0.090033958,0.21332288927803544,-0.858684149,-0.877265048,0
1.9713335874364883,1.7357570899181134,-1.15322501,2.482730663239556,1
2.716890102015036,-1.039544748,-0.873450307,0.033804921,1
2.6467248752020414,2.2579165988538694,-2.384592224,-0.64361554,0
0.32022713849863127,0.018794835,-1.836821592,2.152900627008928,1
1.0616446979810243,2.0274502491108217,2.152585676096833,1.490135121994438,1
-0.364736393,0.6632805300925471,-2.037807563,1.0418725048494464,0
-1.924480466,1.163697543060941,-1.622411035,-2.294692199,1
-2.008293059,-2.988047189,1.3124377071211812,1.3944062943502749,0
0.089600099,-2.031823194,-2.498673975,-2.885226201,1
-2.005510938,2.34513321,-1.55077895,-0.874372037,0
-2.367927093,-1.665832172,0.11534742468123049,0.6465160985739153,1
-1.527886115,-2.653607045,-0.653802785,-1.594779774,0
-1.682676461,2.759176816280732,0.6978029155543446,0.34127065903257536,0
-0.505349379,-0.426333999,0.2454300230284847,1.178578842216643,1
1.2128765770909764,-1.969836554,0.000676512,-0.52825143,1
2.2231617976163047,0.7885135273102586,0.1950243984958906,-2.307632147,1
0.6338273359404685,-2.296776566,-0.976760547,-2.142948211,1
1.1524418821462135,-1.762487317,-0.648843761,2.374048665712672,1
-1.7741017,0.046830384,-0.484370033,-2.891255754,0
1.7565486814368771,-2.585724562,-0.154469874,0.36406976963369964,0
0.7705587396875222,1.1317897758472535,-1.480365699,-2.94012734,0
1.340661974129472,0.21393959608547153,2.016706219243493,1.928330177404166,0
2.0599570067272985,-0.08943204,-0.998229625,1.7493492155482198,0
-0.292235322,-1.899346822,2.1298441173688456,2.2953592606340836,0
-0.202141463,-2.545801636,-0.67304346,1.8212259567756206,0
2.4106441712773723,-1.779163545,-2.598158328,2.264102718797032,0
-0.663570366,0.2505657856053798,2.8083948723045538,-2.600611633,0
0.8899080447125733,-2.555367465,-0.747186429,1.8228872711606803,1
-0.399166603,2.983094123417702,0.35435570967961283,-1.073027084,1
-1.679332045,-0.896876794,-0.764800357,-2.587717934,1
-0.782554803,-0.214568882,1.3364265134328281,0.9403769083296476,0
1.2525939313749257,-2.949817909,-1.693995603,0.9701057303991387,1
-0.096063791,-2.968119146,1.8269678545909338,1.6368574397420241,1
0.2905149779613758,-2.601220045,1.5990902971955077,0.5022815263881837,0
1.6917598629477553,1.5104819543750425,1.8180124317470225,0.10804839842774872,0
-2.158052891,1.0269448402781318,0.7228427103118236,1.453519123194523,0
-1.980713964,-1.830148801,2.3424571033159705,1.4998667907124243,1
2.449370932201937,1.552291926983524,0.5829318359418112,0.9247964221672422,1
2.3347675436400595,0.4728405270716429,0.7943479459703244,-2.061139704,1
-0.156472679,1.2983826717485938,-1.37434381,-1.786474917,0
-1.117039151,-1.550996232,-1.710524178,-0.450894943,0
2.447031083301205,0.04235788,-1.872477715,-2.538169984,0
1.1769368708275518,-0.703207413,1.9309856795121556,0.9570646118446211,1
1.7774487032482114,-1.368323763,1.1541535347663485,-1.415628092,0
2.6344108767017493,0.8182456892002463,-1.052929199,-1.382928826,1
-1.85444049,1.167845753362367,-1.687706322,0.5718195955649343,0
-1.412189838,0.9718136687632115,1.889638371243235,1.6681514588679187,1
1.5651079855846906,-1.873665566,-2.469690318,1.1936929709243138,0
-0.789916717,-0.405922642,-2.813105443,-1.442541304,0
-2.797941577,2.275114635607486,-1.539619901,0.3440230174380483,1
-2.766124076,1.0010843478339488,-1.061835925,2.387515121745995,1
2.3287091336042147,-1.04825629,2.405765374142807,2.976946040992673,1
1.952493984743688,2.069228086531374,-1.505947583,0.4602143931465381,0
-2.596464516,-2.430492379,2.993355672199744,-1.040164503,0
1.4891034722930785,1.8399903181608988,2.148139626043375,2.9857697844129394,0
-1.551021088,-2.757895039,-0.532850892,-2.219515981,0
-2.865444665,-0.837439037,1.702429506451418,0.3970841473504252,0
-1.123332065,0.926052033,-1.607890918,-2.913711324,1
1.5861203186185637,0.7424585091840545,1.573815747,-2.7663719,0
2.022717766983913,0.7171572002178199,0.3803721042758408,0.7476842886871893,1
2.1865994812101848,0.5216190393534426,0.48570227932907617,2.944074942394595,1
1.540381002411408,-0.346237167,1.2443820001975663,-0.66461717,0
-1.626747225,0.5811112613265568,2.5690925886837093,2.574837120092776,1
-0.948568331,0.16606479733016988,-1.730184609,2.973786656993301,0
2.8867074472076144,0.8970535782446838,1.8264843580648407,1.2906009677022006,1
0.5589493142368092,-2.679912018,-0.271413945,1.0487178130044637,1
1.0651896833021084,-0.761264289,2.6501519199481836,-1.995857807,0
0.002156677,1.1453038593049367,1.1828148353508556,0.8918337406128933,1
-1.348270719,-2.062760588,0.8156419609602654,0.5958126968366262,1
-1.923863938,1.2308348734233796,-0.26896805,1.0065635496189174,1
2.0242024786209036,-1.981629429,-2.885130792,1.6746155183747202,0
0.6581845509156956,1.197837418,2.0289298499318553,1.816865608947003,1
2.7655208815729484,0.2156104731127093,-0.069026204,-0.588676801,1
-2.077853743,0.4356433972921345,-1.337924854,2.5278450732778524,1
0.49914482566258567,0.5570410830486612,-0.870452035,-2.688063888,0
-2.809537408,-0.459989135,-2.492607731,0.641081733,0
2.285838033837944,2.2974888991123326,0.9542724607933941,-1.732609011,0
2.177980988153232,2.3165606118792486,-1.82007849,1.4245565146240633,0
-1.280882706,1.8158418741175781,2.9834273994216165,-2.819843968,0
2.3841951947455913,0.7357832015919481,2.840295714988927,-0.209942895,0
2.0843275834282426,-2.625635588,-0.9883257,-2.597900773,1
2.852058800874423,1.9018434436310203,2.115284527475823,2.627791388603365,1
-2.489379083,-0.686414445,-2.573790666,-1.735241391,1
-1.623805338,-0.185356734,-1.388626995,-2.394131359,0
-1.995053465,-2.116346619,2.8384607874737897,1.5557550415108414,1
2.806568791617372,-0.361557081,-1.32978911,1.7897591832551196,0
-1.042476492,-1.203699758,-1.604964047,-2.221926131,0
-1.461221634,-0.868081509,1.0439652488743825,-2.624610947,0
-1.736958362,1.8541418417500584,-2.118468458,-0.944129121,0
2.1879535311488407,-2.070448133,-2.503578986,-0.09277203,0
-1.185482932,0.3804501869031247,1.8228293429008513,-2.177109071,0
0.4841945073257099,0.033052562339183744,-2.135527284,0.7439909131738944,1
-1.358157493,-0.072994089,-2.506366054,-0.242495657,0
-1.161219192,1.9342872671121256,-2.658127638,-0.48835635,1
-0.249411455,1.3500364577947126,0.445725451,1.003274023165086,0
1.6622957139105363,2.173217841949133,-1.11674702,0.2281362321834175,1
2.0406484706351993,2.9367067857903386,2.337115866262579,-0.771196424,0
-1.829000897,-0.063644776,1.4498487110162532,-0.044585575,0
-0.10091482,2.029382526490803,-0.831577326,2.1587680488698737,1
-0.559171194,-1.030601366,-0.276060533,1.5746817520492105,1
-2.243987833,-1.821484705,2.7086689539785516,-1.947050236,0
0.4063639075863277,0.4758867999716272,-0.062253228,0.8684714914609115,0
-1.621039645,0.31597360666048946,-0.766960469,0.9700035577751343,1
-2.15265874,0.42526450103685765,-1.888377868,-1.328141621,1
-1.687741198,-1.902973321,1.9542657093640017,-1.285754594,0
2.5627426911866955,2.819559152071145,0.42756282,-2.141993264,1
-0.75271054,1.7863935800892836,-0.795655628,-2.47789669,1
0.3407094655691276,2.070725108976209,1.7755583228610146,-1.949261159,1
1.0365876864748005,-1.676974419,-1.690754793,2.244430639831111,1
-1.501986284,-1.420515921,-2.996079655,2.2240142047531055,0
1.7555688792548079,0.7639736105440678,1.5015945836330538,-2.087708595,0
-0.250058432,-0.892683676,-2.437340842,-0.083217089,1
2.524437902055812,-2.759645286,-1.251234519,-1.754754383,1
-1.571120078,2.4506073112762516,-0.191585675,-0.202203522,1
1.5634538547316943,-2.073046776,-0.076407875,-0.420088715,1
0.5814641432799368,2.9973462195026315,1.6166933644922823,-0.612805782,1
1.965318313644282,-1.97574982,-2.817217882,-1.773309765,0
-0.957530663,0.063484545,0.690774843,2.463634303286531,0
0.059124057,0.007653868,-2.698541941,-2.790530684,0
0.3069597714982324,-0.370928321,2.035082369881792,-2.035922492,0
-2.850170027,-0.305767392,-1.575128659,-2.70231376,1
1.3475897210857735,-2.330442,0.6499170000466301,-1.313701499,0
-1.959023698,-0.721490862,1.808674657337722,-0.647438539,1
1.5046178952663345,-2.247082219,1.6366285179904745,-1.578400051,1
1.0643587793332365,0.3946893290459781,2.574868303270124,-0.676064892,1
-2.603008867,-2.885067087,1.9611513658365185,0.14841382596859276,0
1.6514643110096952,-1.5934464,-0.929497527,-2.819376767,1
2.7689539474446727,1.0072074402048807,2.5992305265558375,-1.407021555,0
0.668781667,1.0709998097558273,-1.094701798,2.0886554100937804,1
2.682968777401487,2.309130706176026,1.434401855636235,-1.335211922,0
-1.310303747,2.7801619226762275,-2.938293024,1.2962998394528666,0
1.2374769753315729,0.7361372456987847,2.940653076521195,-1.128723385,1
-0.960168817,-2.526363582,-0.343211181,-1.433708843,1
-0.939679787,2.007430741533766,2.612907081164974,-1.885601568,0
-0.764946411,2.571783372692364,-2.629149236,-2.445836831,1
-2.023254065,0.5712770047612485,-2.097166374,2.8084582887044007,1
-0.319712836,0.009107762,-1.520048305,-0.174238485,1
0.9714817958220694,1.507062821724256,1.5232084962594783,0.46734667616452974,1
2.426158649963144,1.904447083836656,1.5422886881917526,-2.66636687,1
-2.958732227,-1.725316337,0.9811415634807137,-0.532815067,0
-0.585562444,2.307521329377682,2.373377088791033,2.455051584321515,0
-1.116731541,1.1463348764355707,-1.370200912,-1.856341002,1
-1.892205256,-0.947354275,-0.420254281,1.9856950263304105,1
-2.280653439,1.409555084369365,0.18872948513583232,-1.272327944,1
-0.043082493,-1.200347581,0.5764917314298357,-0.396936463,0
-2.013566826,-2.300501553,0.28017409243278113,2.414478199716621,1
-0.936253881,1.398000643335739,0.95196813,2.5893294858568865,1
1.925886103794845,0.3996315534327781,0.9421829894046438,2.3903187995042092,0
-0.602887292,-1.039231765,-2.935133498,1.9593064451487852,1
1.8058842024201898,-2.373272891,0.46114428679620145,-0.216109811,0
-2.287745427,2.8834093623643415,-1.711824675,-2.596594919,0
0.5690842770114575,1.4332000627981962,-2.805339324,0.952305832,1
0.19375125570872687,-2.380409947,-1.964856738,0.40784578389648285,1
-1.221854319,2.6298943719078967,1.9124413769043045,2.9014032390819784,0
-1.441974966,2.8183417967878626,-0.412596781,-0.914887228,0
-2.697902838,-2.683408453,1.1520675356799277,-0.252426033,1
-1.640870244,0.6838218379513958,-1.48285129,0.46579052606653537,1
-0.844747518,1.9413133596709145,1.9241769646006759,-0.135897611,1
-0.895085344,-0.824641221,1.8342871540093073,-1.030923103,1
-1.745643758,-2.491869949,-0.199841275,-0.107207406,0
2.0454522624174434,-1.672567821,-0.714052358,1.850434433362146,1
1.9417416644938408,-0.692333544,-0.24525586,-1.180284655,1
2.5953292705158724,-2.288137406,2.602496538,1.103198711012059,1
0.18943291612038715,-2.804045635,-0.146422849,-0.55351137,0
-2.032687128,0.9384576210039413,2.8269054442097143,0.3731328663871505,1
1.2885196586636747,-2.589297285,-0.493998025,-2.301849089,1
0.6767750132190624,2.6308929492849273,0.9706663948298311,-2.53918171,1
-0.87200277,0.3039802766451092,-0.580753463,2.001864062851034,1
1.8880260282599348,0.6709861206193288,-0.759252329,-1.467981757,1
-2.364754091,-0.870613899,-0.520964897,1.0549375506244418,0
0.9489589457854408,-2.579351162,-0.628444107,-1.909326797,1
-2.059123768,1.963812898423475,-2.7485087,-0.484902745,0
-1.990778065,2.275981294070844,0.3422430796502107,-1.611716182,1
0.014563722998258477,1.3889181582186954,2.7487080535166024,-1.677323975,1
2.317090632776071,2.605824685004942,2.4985232671923976,0.8124861411714592,0
0.7789239266082459,-0.580736201,1.5143872938227272,0.1877641101055918,1
1.064628427369767,-0.429252577,1.3889787842588346,1.9468291056272946,1
-2.12138246,1.9975782934453683,0.2417791907418434,2.0679954545413457,1
-0.412189762,-0.725757088,2.4903643951033345,-1.492984395,0
2.0652739517168586,-0.095876565,0.084572655,-1.149190311,0
0.43825320371409404,-1.048732822,-2.764383515,-1.368008368,1
-2.96172574,2.870128722,2.7944832589184845,-0.629068215,0
1.3702251260378757,-0.92516341,1.026558942515856,1.8325802582758746,1
2.680537468153444,-0.598726345,1.699787897736286,-1.404429296,0
2.941993823,-2.845382407,0.6211728390067259,0.9570358899079627,0
1.128273342444773,-2.277674527,2.631178700838783,-1.912900326,0
0.7365204194390467,-1.663943525,-1.156701498,0.27875125036874593,1
-0.496839489,-2.038646394,-1.974381585,-0.491131271,1
1.5436978696530046,2.387787881086731,-2.495234026,-0.641376555,0
-2.398526618,-2.900445116,0.9703120958637399,0.6146966517995267,0
-2.021885317,-1.597123001,-2.857753478,2.009683234166422,0
2.8481435762913083,-2.187242779,-1.611148717,2.2104571436816043,0
2.558782787737109,-0.482235703,-2.696265166,-2.763648998,1
0.4436991964140624,-0.642629347,-2.828085435,0.4995143538753406,0
-2.93218478,1.7242317488956376,-1.161403064,-2.758451982,0
0.5301133258989199,-0.613893513,2.842802480142897,0.2651919750222129,1
-1.348564914,1.2566331878038488,-1.371047985,2.425459748445391,1
-0.751668177,0.2992113766572313,-2.696561377,-0.443272572,0
1.9941812379659698,1.8338928321800516,-1.654088647,-1.643525574,1
1.9038318732794206,2.5823905210159532,-2.427834472,-0.299648163,0
-0.975274326,2.2241307327446362,-2.498850512,-1.733244345,0
1.5148100255189663,-2.692236906,-0.044787716,-0.347357792,1
-0.993592926,-0.632566108,0.17964352158139762,-2.03179585,1
0.43197526970155664,1.8325939757999183,1.5609655787409542,-2.076600572,0
-2.104503182,-1.390953794,-0.833551642,-0.549266512,0
1.078183301000072,-2.659917407,-2.791963775,-0.648536622,1
1.1829821528278828,-1.839387942,0.8490268875375104,-1.441031172,0
2.3165166528810985,2.3741396655996994,-1.216276774,-1.620037476,0
-0.532176168,-1.556810489,1.034303059750222,1.9563881072897136,0
1.038552785467302,1.9461026834960968,-0.618047027,-2.062098176,1
1.4277056843855531,-0.837152969,1.0276249513747953,-1.376136348,1
-2.512622191,2.9554907729265807,-2.062790952,2.9305259637808865,1
2.8636795953986836,1.7629086234482383,0.9565377724919855,0.4668423015065084,0
2.1966092722670076,-1.26336287,-0.193912725,0.7163398161990115,0
-0.532857145,-0.435081275,-1.018291995,0.38539090010721644,0
2.103447168090696,-1.790829732,2.606598232520648,1.1345259224893782,0
1.9396392760801806,0.33714415578007007,1.6771002085443811,-2.902797616,1
1.9102825486772108,-2.759166845,2.3394802581771748,2.9517764834318596,1
-1.235595227,-1.738088662,1.592180183148244,-1.481841954,0
2.193374299033221,-2.382944447,-2.244268822,2.8749093306036935,1
1.0430333896200281,2.0813233465737166,-1.054023736,1.0589024971236265,1
0.5654509638515832,0.618900721,1.095194757226329,0.4521550387745914,0
-0.425625784,-1.344463834,1.6114879854792123,-1.64236542,0
1.154125836926485,-1.600003064,0.7519810197267232,1.4824696027741737,0
-1.687716667,-2.640340195,-2.214157542,0.6359818036261529,1
2.096678437354413,-2.730019073,1.4049075542498777,-0.952088124,0
-0.12882978,2.5731572990733937,-1.008170972,-0.207978396,1
-2.917905511,-2.51040768,-1.448450453,-2.832886555,1
0.7882519562895061,-0.441609859,0.2888712163681322,-1.952116885,1
-1.224407823,0.9829468491163507,2.7918163417823987,-2.697499358,1
2.3423059251315967,0.46128720786725097,0.3835174005337425,0.001671211,0
-2.583635485,-2.46073889,0.6054720339545163,-0.954248571,1
2.503608399466084,-0.560456776,-2.140311248,1.2883130010122166,1
-1.239879471,0.15282184413535926,1.1869967130310197,2.401584667212422,0
1.7531471688100568,1.0581664072363441,1.077799094370862,2.675547864192519,0
-1.225055415,-2.993327435,-1.368272644,-1.692651722,0
0.971007511,0.802269599,0.5607682962283427,-2.902539341,0
1.3726683267038844,-1.058817525,0.9903359340397868,0.339470571,1
-0.943614447,-2.192542397,-2.433486614,1.9891099986733414,0
2.510385252489348,0.8987282805857975,-2.379395311,-0.587836699,1
1.3736352006309431,1.6789253040604084,-2.290688266,-2.999815687,1
1.2728222752836302,-0.860422944,-1.47311201,-2.922615181,1
0.24179644056899807,2.106904413,2.745789877635527,0.39446970367973533,0
0.086767966,-2.489661687,0.2932368092555988,-0.720125526,1
0.6428116853014618,-0.667641913,-1.558205259,-2.430208349,1
-1.110489332,-2.420130994,-1.938618295,2.9240169514772756,1
-0.335378659,0.1912305990300993,2.241711172423292,2.973413402944127,1
0.49628669606808895,1.8748429262650301,-1.038353854,-1.165536255,1
-0.583777674,1.035043576041895,1.0931501355305926,-1.108563392,0
-2.200740455,0.7943775387930514,-2.230044827,0.47095504937598065,1
1.1605327683378537,1.2036689783667098,1.5208326639575809,2.237156529393987,1
-0.000246048,1.381495137177427,0.7150364121950203,-1.880160361,1
-2.845862131,-1.292751686,-0.341797762,0.702635667,0
2.0997559830192323,-1.8225257,-2.246701261,2.7808796848459654,1
-2.351732644,-0.129053579,0.5133823727598115,0.24824652544462955,0
-2.483807058,-2.657838516,-2.367099435,0.5135261032356748,1
0.26606932580592657,-1.597555248,0.8266448510735493,1.9204050123338963,1
-2.750526241,-0.011220339,1.1358624726161413,-1.486128438,0
-1.153374568,0.6818274179363026,2.3876117606624216,1.8595465218173963,1
0.4987813145975011,1.3813303065434948,-0.811065179,0.8457931685925466,0
-0.202910453,-1.860383181,1.2104296432635433,0.33878782409293207,0
-0.848270508,2.468035140471784,-2.874395293,-1.105361093,0
-2.658711613,1.5991638973297633,1.2126447246827556,-1.011886688,0
1.0539774132424382,-0.624376643,1.537522748534606,-0.274898024,0
-0.526321633,2.6083794929298056,-1.494725401,-2.27731596,1
0.5072586795567489,2.8159308737050734,-0.732964718,-2.627779418,1
-0.964168396,0.035589926,-2.02846196,0.9486133083389525,1
2.9864963340612034,-0.289563144,-0.87162866,-0.595774999,1
-2.30912293,2.2996416085573426,-0.511046067,-0.676353531,0
0.958141638,-0.347799474,0.8894008128470761,-2.631322259,0
1.8823400623333644,2.6430237172764155,0.8925923169563159,2.7273955731528643,1
-2.091406114,-0.135502863,0.6108404036726833,0.49041988452712015,1
-0.591229325,-0.971493544,-2.239055865,-0.649545297,0
-2.024035109,1.4061940589533108,-1.747014387,-2.648608168,1
0.3141968269034061,0.5713783963164096,2.2314783676830334,0.4618896745060912,0
-0.927114878,1.8180712891579232,0.24167335912452614,-2.524318292,1
0.3951033618794799,2.4481112725299745,-0.622124247,-1.222045189,0
-2.139183258,-2.091326868,-0.403371094,0.5740789449691772,1
-2.516307569,2.637411534150994,1.530801704671175,0.5197435097019758,1
1.970632025633945,-2.518879459,-0.138966734,0.7805587611699805,0
1.9719174367097354,1.7008173602956065,-1.337584502,2.6452810173552255,0
-2.253924951,2.250801711726913,2.8256414976277116,-1.937078861,0
1.3323963852227116,-2.758286887,-0.567463049,0.097699795,0
0.48387135545780424,2.615623489491357,1.0335041237651676,-0.112332293,0
1.858050217595336,2.703196925726454,-2.867603108,2.895127633536232,0
-2.483207166,1.886320675612568,-1.317991485,-2.206922053,1
-0.360866162,0.863739477,-0.71428893,-2.67260755,1
0.5967668379522997,2.414419656664048,-0.700707804,-1.702003334,1
-0.344535924,-2.709823734,1.9229255068816489,1.9580448657011207,0
0.5280027805777703,-0.881382666,1.7987001866746999,0.32812214873020285,0
1.9555938513000974,0.7887527554981237,1.7064328392767836,0.591377959,0
-0.515153591,2.7476751595568256,0.24668294927306844,0.6305371112432301,1
-1.677074164,0.7539047365636589,0.4296458968976631,-1.890969612,0
-2.642477416,0.6261559182886263,1.5821536161019232,0.14040822553204935,1
-1.639364248,0.9991318601582098,-2.51936564,-0.348997771,0
-2.01979945,-1.893245694,-1.786236305,-0.679757658,1
-2.693098766,-0.613239354,0.070244683,-0.10023429,1
-0.703295398,2.034879648424515,-2.128039845,0.034180463,1
-2.627751498,-2.573065927,0.44319509806257784,0.39611054932692547,0
2.268201077066742,0.3472420539604393,2.758746122429101,-2.70783091,1
-2.411953891,-2.735604831,-1.888338898,0.2476206656500688,0
0.873433089,-2.726489052,2.6758253390735955,2.052992259902286,0
-1.220325107,-2.536874819,-1.980677561,-2.238333517,0
-2.260297324,0.11137013199440382,-1.524915345,-0.851161701,0
2.937032000305935,1.1058854935520683,2.693884002282008,-2.14466067,1
-0.707163151,0.32839081969412565,-2.539451629,-2.974875338,0
1.0226060027815054,0.850917101,-0.53526714,-0.062135544,1
-0.507341996,-2.855969731,-0.987770363,-1.937506468,0
-2.409454865,2.7403226033360983,0.5961583502529937,1.371937705419616,0
-1.10781754,-0.641117223,-1.578456037,-2.418205974,1
-1.925810175,1.7850842717789153,1.0652748311026548,0.2815732559128614,0
-0.149460763,2.534605701936747,-2.563590313,-1.316395121,1
-0.900372879,1.6945548732767275,2.955087720971828,-1.555976911,1
2.2458440048224837,1.9837365625907477,-1.652055614,-0.604004519,0
-0.541962784,2.8693240111593497,-1.914648592,1.7949478266286922,0
-0.994843715,1.3852220746569621,-0.479933974,0.47015857869924016,1
1.9956706399567867,1.8249933899033053,2.198539101238201,-2.642296048,0
1.1523033182384692,-2.16007574,-0.505088592,0.29153049032813083,0
-0.583563092,0.11767005481804471,2.9791578527917153,-2.188696118,1
1.052736272018553,-0.623994202,-2.201941207,-2.04757942,1
2.695638637473701,2.277608980270572,2.442251762490131,2.949196654964319,0
-1.75010766,-0.867363976,1.0153141795492004,-0.097184761,0
-0.4896628,-0.853132504,0.5626837916607133,0.4535605718404918,0
-2.031252996,-0.169560975,0.32083065725909954,0.4217216323883428,0
-1.739356843,1.4536283535137207,-2.848805431,-0.871008867,1
1.6812758912138008,0.38335752633241427,-1.433025405,1.169718716058286,0
0.4043456649364403,1.777461656738323,1.4101511171389403,0.6606475322174079,1
-0.070933948,-2.200907246,-1.432001893,-0.485403162,0
0.5957957220383321,0.082247131,-1.270892844,-2.961213853,0
-0.022564669,-1.286244069,1.407649804,-2.856322408,0
0.5089668678347454,2.6488454250363924,-1.953544397,-0.170103055,0
-2.451468049,0.7540914735681157,0.3031900835773538,-0.555806855,1
0.12826212884244725,2.379447950814061,-1.822234186,-2.86461293,1
2.169989308194606,0.4627024943274387,2.343950732771054,0.5816713404790352,0
1.8609665397582145,-0.42195982,1.499159587729613,2.478248801339136,0
0.4327377823332377,-1.915289097,-1.38721431,-1.808132539,1
-1.518857834,-1.161507304,0.33080272051913084,0.5279497767829966,1
-0.441001517,0.6925246789250128,-2.510550446,-2.473270578,0
-1.969023238,0.1084649882420683,-1.716031928,-1.300293579,0
-0.598122983,1.8711967440622788,-2.916827185,0.8962729214197345,1
1.0132591862441123,1.7919346821398197,2.596517634361879,-2.879172906,1
-2.077297767,2.3170277643359585,-0.248888627,0.38754383360078126,0
0.9781632223388845,1.0743996269738245,2.590442419899049,2.981696504470018,1
1.320944765585642,-1.276672745,2.278514413766062,-2.704674513,1
-1.613514883,2.384314304782289,-1.462850913,-1.676093642,0
-2.171248241,2.1546705458814994,0.000349555,1.0493592183249287,0
-1.565601696,1.5482425260672992,1.5600332697725907,-1.124411851,1
-0.535904202,-1.741858335,2.8593661399374257,0.8736154623504699,0
2.6072632842930936,-1.179686738,1.6913454779813382,1.5951518633084518,1
1.1499339111992493,2.7938338516008026,-0.638667983,-2.215696058,1
1.030253155464365,1.3758588028632373,0.4503634407528878,-1.759092641,1
0.026735650016131984,-1.126861581,-0.435200831,0.8713114550679837,0
1.4712884561450075,-1.606651855,-0.568047836,-1.385030574,1
-1.808210317,1.7003233199750305,2.4555161666219547,-0.778606886,0
1.507673546242601,2.3819717361864665,2.0767452631813894,-1.903119669,0
2.737751289080168,-0.739941357,-0.964556033,-2.625412036,0
-0.082958075,-2.345918306,-1.508761074,-1.098344269,1
1.8529579409501045,2.252931902375379,-1.185202095,2.1521887274674434,0
2.1433856242187463,1.587905702309241,-2.119829316,1.1419370814043734,0
2.670144387483413,1.0952428726029426,-1.010298905,0.003475905,1
0.87435026,0.063422452,-2.28028235,-1.127615732,1
1.8143761833217953,2.168508276573105,-2.176199804,2.714320514392348,0
-1.027064293,0.973882432,1.510950875740087,1.8716774078273009,1
2.674498213355581,-1.122482712,2.151038727309327,-2.209878579,1
1.2302454381215568,1.451866377083915,1.0663394472079224,-1.486111583,0
2.2382588820912197,-1.98684922,-2.678191251,1.304789943671473,0
-0.147145709,2.094588119752056,-0.699617154,-1.990328469,1
2.0186531548192184,0.29345778984043003,-1.864825246,1.322303991518675,1
0.066681831,0.6258778934419187,-0.234609971,1.9722539029080384,1
1.977376294098299,1.2563329309463178,-2.367591736,2.033123171424413,1
1.026077883197459,1.182144996025797,-0.822102958,2.2756773369420404,1
1.352229601409145,-2.324457201,-0.553331794,2.318282172,0
-2.71681979,2.768499717852297,1.0749754099173767,0.7882558658602594,1
-1.376644461,-1.507249268,2.6523493169315726,-1.210365275,0
1.653031780313996,-0.641269211,-2.164475575,-2.935708214,0
0.26554402209150485,2.854672911293596,-0.785182837,-0.856845996,0
-0.935450293,0.12326302382915078,-0.356010699,2.2794877603620867,0
0.033124750340941755,0.046547029,-2.169770432,2.896437245462316,1
-1.500162655,-2.559815595,0.978877494,0.5721982209412362,0
-0.509126076,-0.466846597,1.7103835262785871,-1.825724159,1
1.9215199136693384,0.8924826833701092,-0.486181357,-0.2518283,1
-1.460116757,1.5126859961818493,0.077248454,-1.074872744,0
0.5763006945657017,2.974406712307938,-0.388426322,2.524148404671717,0
-0.92989896,-2.671603758,-1.774547362,-0.48782914,1
-1.682190428,-2.998637771,2.4900092264851637,2.063276467385574,1
1.4537533889216832,-1.993112426,-2.277818543,-2.594371503,1
1.3441751326375275,2.572847764127312,-0.416785075,-2.285155968,1
0.074356924,-0.907008555,-0.751050454,0.7279837449342437,0
1.3123086795732144,-2.336378407,-2.786458615,2.9659818161142892,1
-1.603629907,-2.677016851,-1.860748025,-2.766252922,1
-0.649134632,1.814410706707946,-0.952533301,-0.334899559,0
1.0535206414046332,0.05336442,2.1686741161279457,2.1962140502745395,0
-2.940535827,1.6682778388991952,-0.235598399,2.9330432478219786,0
-0.100607545,2.921375672329785,1.5274161672344198,-1.508370692,1
0.23036987572174628,2.9528138368714965,2.1451836465115424,-2.415798637,0
1.2382319808599762,-0.926522485,-2.958106429,-0.579114186,0
-1.59147347,1.913215623122829,-0.976016347,1.965142163722902,1
-2.996412367,-1.1530851,-1.553008714,-1.598595834,1
-2.590880281,-1.877254378,0.33329741931371926,-1.251833563,1
-0.495631306,-0.738798718,2.2554295499993673,2.431793994063093,1
-0.04225817,-1.019064298,-2.359195776,2.7204172762925705,0
-2.638638331,-1.214098335,-1.211602793,-1.077592283,0
-2.01427894,1.6989685855421826,-2.265012828,0.809439955,0
-2.25692384,-2.576786174,2.456577022115259,-1.859227402,0
1.927500927358226,0.2677852266428147,-2.532860882,2.7326891486284044,1
-1.518232998,2.157872072115639,-1.987139965,2.1236572928511173,0
-2.920627123,0.070682739,1.616655476529341,2.6087731049567005,0
2.4552128172389223,1.917749217,2.329148097967824,-1.804681885,1
-1.294894226,-1.26618885,-0.737676414,-0.640075978,1
0.2673319479280529,-2.04072142,1.1474799827159359,-1.994600764,1
-1.138149107,0.020070783636924272,1.7786433691408643,1.4368153994323638,0
0.8732061384631336,-2.065360437,0.2822720736934663,-2.475320989,0
-0.735820939,-0.518900818,-2.761131363,-1.356071403,0
2.7338968035989364,2.721795646978137,-0.886037674,-2.741399346,0
-1.925430364,-0.646693239,2.686678187815379,-2.152805619,0
1.5810950620092736,-2.347904764,2.887545464347661,-0.710301005,1
1.6514072333943357,-0.944453503,0.7660132629528524,-1.847903492,1
-2.123873884,2.628384837408788,2.505883667426601,2.324813641277294,1
0.7526007009995608,1.8496092672976694,-2.585778379,-0.991265749,0
-1.117781251,0.8138719317156795,-0.864253359,-2.10895931,0
0.5788024524812623,1.8863035240144885,-0.707259033,-2.206387709,1
-1.819870816,-1.575100169,-1.200614442,0.8567704230378546,0
0.6056729072263138,1.176479169402235,-0.824988093,1.9439859112798699,0
-1.775474033,-0.185755515,1.8056323292485814,-1.919048114,1
-2.340821318,2.3021038061279384,-0.942422023,1.1032207494541915,1
-2.847908374,1.1402813304566974,-1.103392131,-2.665554878,1
0.6588765692887022,-1.555177104,-0.679156548,-2.516515126,1
-2.117020493,-1.212136587,-2.461442997,2.4649575881178913,0
-2.963717741,-0.096838687,-2.260515251,-1.153925463,0
2.556357358909593,-2.02983268,2.794993918309996,-1.765233738,1
1.4493966508009777,0.2800635893838703,2.3068723655805545,0.3239595330187859,1
0.20735531493785198,-1.827251998,-2.002623828,2.4989349066930853,0
-1.032970807,-0.76750647,1.5589419505703308,-0.967059105,1
2.7123746798340163,1.427566613992802,0.584575455,2.285370963268515,0
-2.70236455,-1.457623847,-0.209781995,-1.638128763,1
1.4634311238129118,2.515248186322351,-0.45737928,-0.947204399,1
2.769304392825397,-0.330885403,-0.065709597,-0.890100766,1
2.457290838,0.41373289969110427,1.5730475230898682,1.8708403101053186,0
-0.948905748,-0.397834012,2.0908306464375883,-0.82046789,1
1.763610800711108,2.645953935446623,0.7392622384080418,1.4497637247113335,0
1.8305838722468089,2.070237893379855,-0.629679973,-2.692419245,0
-0.588742373,1.042537378704539,-0.297897685,1.493778905162391,0
-0.858105423,0.8084648466241773,-1.881481171,1.4962166198697417,1
0.27417581287815507,-1.775613669,-1.248532959,1.4916522514909945,1
-0.104392586,-1.703811358,2.803627142221786,1.290750118901327,1
2.742808995238777,-0.437369728,-0.149397956,2.387731297110115,0
0.1502960414723078,1.2436734714340032,-1.486962735,-0.319641188,1
-2.259300805,-1.764119785,-2.994339508,-2.76440969,0
2.863702939061576,-1.545877829,0.9798642570240119,2.0345981927976693,0
0.30396275541938556,-2.081132999,1.3686986240169983,0.6015084605974983,0
1.3875035360842505,1.6184797371425228,2.852462206108471,0.4413796801602601,0
-0.950153324,0.8907873414014222,-2.589355745,2.384383909929518,1
-2.283713932,-1.032942973,1.8944722837567252,0.5838742699842712,1
-0.638186878,-0.159386044,2.127284359213082,-0.959973684,0
2.217898108873028,-2.471193414,1.6607906232517848,2.0852857983284183,0
-1.909094083,-0.417920806,-2.007001352,1.239624773965307,0
0.21208660836994042,0.8119400802499261,-1.821078198,-1.729524828,1
-2.751016047,-1.067594789,0.3584679680020497,2.147609483983973,1
1.0015646847520845,-0.38762206,2.7187206863648266,1.3154712034549911,0
2.580991217,0.16552783963299422,-1.446574351,-2.683039882,1
1.3565091089031025,-2.272182012,-1.18334923,0.19482544730338436,0
0.3864995266784863,0.6034991819228162,-2.002468018,-0.721575571,0
0.7031653627018004,2.8189131878027087,1.365786826198132,2.535622542563747,1
1.5732723498850625,0.5503018133544026,-1.847859785,1.0001139113550783,0
0.7402773957594424,0.6148150227435987,-0.061284792,0.17193962393565343,1
-0.993344837,0.11587615585381883,-1.814664566,1.8310463841622608,0
-1.885338272,-2.490202261,-0.382523842,0.9498446370363709,0
-0.37369905,-1.339475208,0.3490271033426442,-0.917985988,1
2.5972061407597984,2.5358708376214327,0.014230919832572742,-1.032696036,0
1.4227944837398345,-2.779722339,-0.151385964,-0.982059634,1
2.5232153106153277,-2.927981836,0.3168892543100945,1.443981486399756,1
-0.089892075,-2.487581819,2.834768340167413,0.10806258825658777,0
0.6851174659140682,-1.580341304,-0.099011489,-0.425103048,0
-2.550624948,-2.363037879,2.024835117712647,-1.561080287,1
-1.830250371,0.029468708,1.6124827881750772,-2.628320889,0
0.46084751782953504,-2.284737343,-2.781233695,-2.683536287,0
2.0049846492506482,-2.292165098,-2.729091814,-0.372600677,1
2.0639608316521487,-1.425549741,-0.469724295,-2.760464805,0
-0.305528915,0.46567848382280186,0.42544232251286873,-1.005439847,1
-1.106800916,-2.360258286,-0.799210076,-2.403031987,0
1.5995756682723101,2.797645786489115,2.820446740000241,2.1904265962523635,0
0.6047528960377146,1.2051941834632798,-1.288765184,0.7846225210357236,0
-0.266102703,-0.107895961,1.5466593622509475,-1.308489866,0
-1.09176233,2.547850747,-2.662654231,-0.08619421,1
2.4768048024471705,0.662178047,0.2784424452727925,-1.501534925,1
-0.940347066,2.112290494828158,0.3553087906107488,0.088453163,1
-2.402521719,-2.903831061,2.782111132122295,-0.738082996,0
0.6192783725970257,-2.521709561,1.0986857143382789,2.5954002522357653,0
0.45399151798451776,-2.243308066,0.4903291648408601,1.5980832786279144,1
-0.561500781,2.2790264876488067,0.8920977201441866,2.395493509735215,0
0.7410318674840233,-2.212272168,-1.141849733,-1.78923031,0
2.452958986301174,1.5624004037248955,1.0583902134600365,-1.194202082,0
-1.895731368,1.5387065279334706,-0.155052325,-1.645262687,1
0.6997318689916505,-2.757996887,-1.042978475,-0.188658032,1
-2.112249995,2.907926865545037,-1.745415812,-2.21788122,1
-1.778790757,1.6143667989583452,-0.446966044,0.39249563851522806,0
-2.873945058,-2.793412149,-0.325046701,1.899931459209741,0
2.3114332722453916,-2.479760594,0.23017861260613692,2.4793781176756227,1
-0.672163474,1.9773949885702118,-2.197826074,2.612366938006792,0
1.508539905187816,2.6480063567214103,1.0597034013150388,-0.819576408,0
2.629087035148334,-1.346599342,-1.006964868,1.2048505080104421,1
1.5918977971523178,2.576420903094923,-1.771185546,1.7879882113153442,1
1.4312763203817802,-2.617232662,-0.676661153,-1.303407258,0
-1.173057454,2.8976812773282052,0.8566644808795676,1.3060569467609975,1
2.859705823890055,-0.736789305,1.8110410107168358,-0.39281422,0
2.2172020308898786,-1.916054752,2.6861170623856774,-1.68736975,1
-1.042676958,1.5371534046406827,-0.637469151,0.6492682605986797,0
-0.332558994,1.454219622538691,-1.630012486,-2.649252077,0
-1.200423615,-0.154148011,-1.991879687,-0.871216262,1
-0.60010189,-2.655648938,0.49984348910522725,2.306060567827725,0
-2.089542522,0.5868480804090841,0.9884352294650776,-0.483991917,0
1.2065855241856198,-0.535610739,0.027823727864609182,-2.955881733,1
1.1503206848081327,0.9680560736683468,-2.769594736,-0.790499356,0
2.8741910447500043,-0.475580625,0.011672430791050292,2.459580948958312,1
1.3035712551945382,0.4924207867453414,1.786828088046435,2.1861975987358395,1
-0.25867157,-0.14934981,-0.683694386,2.800236840110763,0
1.1829975257421026,-2.500661603,2.1777577398781105,-0.116640355,0
-2.587476561,0.29830353097986606,-0.497014326,2.2664964291757492,1
-1.776032378,1.9587876569530973,0.34613214711271656,-2.672338181,0
2.831071807952908,0.075691465,-1.254738875,-0.183558948,1
2.1471467011049334,-1.170581254,-1.843941621,-2.225572518,1
-1.21284361,1.6802885222402608,-0.170241809,-1.635110378,0
-2.002890002,-1.003623141,2.639546237314253,-0.941839724,1
2.928744455727812,-0.088617265,-1.92501649,2.3468405507610566,1
-0.237867761,1.2580280610271464,2.9022694992549107,-2.698947898,1
-2.419832641,1.3227404487765373,-1.30904998,-1.894191618,0
-2.763828721,-2.868919728,1.6469136187187452,-2.193399436,1
-0.193676304,0.6353808910768981,-0.429889197,-2.837360086,1
1.701009015527453,-2.936920653,1.5713393662649038,2.359826962728736,1
-0.402960474,0.2132548385867894,-0.138099644,-0.664748288,1
2.3245472122221615,2.363601064019943,-0.985101812,0.6904185240881882,0
2.561445372875185,2.772350993648109,0.053754242532285446,-0.283051168,0
-1.327834104,2.753231239,-2.143114173,0.478977456,1
-1.304698395,-1.325950258,-0.570188476,2.992757614893927,0
-2.670202159,0.4712509092211885,-2.504567052,-2.07287502,1
-0.362622349,0.062760788,-1.44724555,-1.101257215,0
-2.478197878,-1.180681297,2.7993506362832647,2.66824429,1
-0.990730259,0.42512361767256923,2.457572346665666,-2.962897064,1
1.8641014220255512,2.6902173167335137,-2.452045594,-2.031313884,1
2.7644778166281325,0.22524086184207803,-2.914820193,-1.454208007,1
-0.300337954,1.1574534661486062,1.3989622688207977,2.9725290775527364,0
-1.274932804,0.22932061121085123,0.19994128715763004,-0.566128443,0
-1.985028637,2.864739379103055,2.119903119999517,-0.01000183,0
0.6194725361041789,-1.636433679,0.2627224223504814,1.1698207987288551,1
0.09100217,2.9417110235096473,0.6680499374863569,-0.774157724,0
1.6329121656950285,-1.977224931,-0.692905118,-0.918246298,1
-0.409157429,1.6906789555723574,-0.094961807,1.764086701595776,0
0.45893341883919536,-0.947583392,1.8598724621008351,-1.570261977,1
-1.653702121,0.027017544329014598,-1.434904524,-2.94547779,1
0.8897851637928094,0.066562929,-0.326893113,2.8018110877098916,0
0.42719510377748193,2.180589466736307,-2.163298583,0.41523877877656634,1
2.2078777603854176,0.49863454367938775,1.3080850687620096,-0.767738593,1
-2.445302898,-0.252598229,-0.633123655,2.2023610942736838,1
-1.536028186,2.800405365210649,2.748828718826977,-1.514210142,1
-0.911688267,2.3733344452433105,2.7997333253766445,-0.339365383,1
-1.074017726,0.15656408,1.1266152381944092,-1.359152908,0
1.418839047714437,-2.690055857,-2.704233043,-0.682273769,0
-0.879160848,-1.106200708,-0.053881424,-1.075598506,0
-1.846452489,-1.143182705,2.849425637,-0.533319498,1
-0.331723339,0.45926993970684027,2.9000446104853594,-1.550392341,1
1.087692663194603,1.2959081612503445,0.6439465007583953,-2.468529962,1
1.0612336549654593,-2.615431734,0.5768558972993816,1.4374870633304564,1
-1.734180656,2.0497320452566443,-2.817877167,2.062877181949837,0
-0.238025696,-1.69447236,-2.19733113,2.7198430054942353,0
-2.564006475,-1.80543948,-0.913065915,0.7214090937667228,0
0.26880651165659053,-2.246139046,-1.261632098,-1.567489373,0
-1.718742873,-0.533133981,1.224188715549941,-1.695282407,1
-0.799926722,-0.654495439,2.8587391766124615,2.727998141274413,0
1.8008254965124557,-1.550046475,-2.591776115,-1.098575174,0
-1.399232703,0.035554800878363046,1.6663674604067582,2.149937633273148,1
2.0691845124630515,-0.841946633,1.123406060764097,-1.122994815,0
-2.634566741,1.2093915936176538,-2.941034685,-0.544904475,1
-1.023724384,1.1602652311131143,1.5974728365622735,-1.175432184,1
1.8697620866691214,-1.236499437,-0.32204184,1.3621111620848039,0
1.1575213753487317,2.9242108338732002,-1.649033855,0.9739074812374939,1
0.6580914496546644,2.4905907269401792,-2.06182715,1.510788981521598,1
0.4096116976126103,-1.352004781,-0.153390515,-0.997340418,0
0.47588041673076553,2.3340036648879954,0.41582990647321205,0.7903345099595045,1
0.11248708268825691,-2.693006961,-1.602848659,-0.047989623,0
-1.138588298,-1.909418413,0.024797052,-1.063141239,0
-1.451354141,-0.216087495,-2.200294452,2.566474398452444,1
2.2062125875154344,1.2457235144432115,-2.362717034,1.6552635268181586,1
1.8477439686541137,1.6065877062860263,-2.316204677,0.8634477424065885,0
2.0059487744963915,0.4641204073180063,0.878444251,-0.249819123,1
0.1722439193043157,-2.79373885,0.8337781318397077,-2.511316723,0
-0.389912434,-1.244069414,0.27256770127027874,-2.199501987,1
1.1498604118399092,1.7700692215708225,-2.019873302,-2.374121476,0
-2.126907103,2.2627653713910103,0.169135571,-0.196434024,1
-2.359729085,0.897336041,2.207997551370539,1.9691152159407181,0
0.7563282538848077,-2.5483277,-2.325617837,-2.704146077,0
-1.455124701,-2.186031197,-1.439711758,-0.689651666,0
2.657896704426814,0.6622563586901524,2.0098427140977737,1.2621090042739933,1
-2.324981217,1.415522438243693,-1.349406711,0.8346470819682379,1
-0.954228158,2.9860335795879553,-1.418691123,-1.325217175,1
2.584033533,-2.852133572,1.180133927239181,1.3519583444152685,1
2.018271464462396,2.846635863830852,2.8536115149399146,-2.608339455,1
1.9310359365174152,0.8778596019442881,0.8840528062385471,-2.22990044,1
0.901122999,2.8948954836074865,2.4709114172366817,-0.365216035,0
-2.76031216,-0.82623906,1.9583418696033315,1.208994608790996,0
-0.243938066,-2.669390789,-0.438631633,-0.185850362,0
2.5713331973648152,0.8465166214929569,-1.1300825,0.15190958670432853,0
-2.603668153,2.8354094138984207,-0.839640588,-0.132795871,0
-0.868296155,1.0950703806972006,0.9733929499775584,1.2919338631748136,1
-1.391140622,-1.105989113,-2.248492613,0.9330598310766756,0
-2.761217236,0.5860940131407544,2.218175309109803,2.344992889737801,0
-0.305773438,-0.244177871,-2.538184902,1.0245901526582148,0
1.9275565222370732,-1.532069672,-0.47219471,2.033036020591622,1
2.262722805973728,-1.540920118,0.3034238072481852,-1.845041096,0
-2.388727415,2.466723008351745,1.9230450253926552,1.5602094108190432,0
-2.707402087,2.062372756261545,-0.371735545,-0.94562926,0
0.27885816615225867,-2.451880544,1.5398792961143926,0.49461046132977504,0
-1.880459419,-1.870606801,-1.894508091,-2.657985675,1
0.5267906962301088,2.042089065531049,-2.895010716,-2.70597213,1
0.4366216601216748,1.9169741123163142,-1.039566657,-0.902313607,1
0.5780789849806558,-1.354722665,-2.840349804,1.4113711086095764,1
0.7538994776487185,0.4845359943339549,1.4501047739509385,1.051385025372225,0
-1.764708071,-0.885113718,-2.24333915,-2.220857919,1
1.0571744781392356,2.151600641894989,2.7763955031668344,0.7700827052966663,0
-1.89539206,-2.366097927,1.8771058292205467,0.47253885815999563,0
0.7097101260823191,1.6887725325282554,1.2196633663947098,2.006749517,1
-2.662716567,1.4851238204790285,2.1051165439325725,-1.283189745,1
0.8426836439595169,-1.115027617,2.7478263988947242,-2.799458565,1
0.47875706299773046,-2.000978718,1.273321231062952,-1.944658299,1
-1.587700429,-0.033775134,2.4890096999812688,-1.729713767,1
-2.134559873,1.5538609911241839,0.003717194,2.470710674290628,1
-2.120312657,0.8755673581382357,-1.602725123,-2.059437428,0
1.1005764909436229,0.5621077194523991,1.5289647501739871,-1.143224541,1
-0.312170062,-0.567169942,2.9045367837990854,-1.24650626,1
-1.23109657,-0.872710747,0.38756448774192886,-1.486063534,0
2.4917396422756433,-1.405886611,2.3748943893611685,-2.379149618,1
0.9393762143979139,2.4419131106294625,-1.98750337,2.809961761,1
-0.282699838,2.674290650646147,1.0609202617802822,-1.190478781,0
-1.87018485,-1.177589723,-2.441895544,-2.136792202,1
-2.372037358,-0.462338738,1.7734702575455188,-2.151698675,1
-2.218077401,0.8605736971039848,-1.816902108,-2.414339771,0
-1.998908531,2.542388375260657,1.9288275166571447,-0.875612626,0
0.9349246039643568,0.2236540420082287,1.0627455808953838,1.096026914776556,0
0.7724040903599576,-1.403391789,-2.765961475,-0.266599308,0
2.3458433081442234,0.41698355111145524,1.9943462502114473,2.949746057767369,0
-2.018302775,1.1506658348518943,1.0457614422001473,2.879732684149671,1
2.9136044037168016,1.1200716703447764,-1.538311248,1.7913350287835943,0
-2.357825195,1.6841958250297724,2.4611767448681787,-0.702999631,1
0.7838117698984828,-0.419143607,-0.37340967,-1.137774665,1
1.5727777227019475,2.617059384999031,2.644505155406767,-1.951312291,0
2.2484618979393964,1.4245886485627324,-1.482975596,-2.596292322,1
-1.392016399,2.4732494206891538,0.7990720493746339,1.3263279653872306,0
-1.457085893,1.316328933448922,-2.831270962,-0.748071925,0
0.7605200912539871,-2.123420607,1.9380214466816081,-1.589812207,1
0.9136866769106775,-0.568817145,0.5762615728658833,-2.355296684,1
-2.8985232,2.4573865642818067,-1.382219947,1.9180620166827547,0
2.996101802833201,-1.731412452,-1.408975553,0.9771587258079943,0
2.7926918076037275,2.4948860891444635,0.01725312,1.7706616951603475,1
-2.185524881,2.8646291052240738,2.7861194042159187,-2.017626253,0
-1.203461251,-2.399070015,-1.369694407,1.8957347364912396,1
-0.730106357,-2.469618197,-0.946646851,2.8883000054476806,0
0.7781015715552178,-0.503034322,-2.000768919,2.917060783702169,1
1.9250940555787723,-1.311136185,-2.579587826,-2.660246656,1
-2.277731103,0.4846115016865298,2.5725805272329545,-0.019539432,1
2.057672894737183,-0.324680281,1.2515012746069516,1.391236423719005,1
-1.956217765,-0.832703646,0.8238129392281435,-2.575820351,0
-0.830758873,0.20879679768715498,2.977346958267832,-0.152798624,1
1.896340542685941,-0.40759629,1.7783443357182538,0.5724888097206504,1
2.3195726490143898,-0.534344686,0.6258265189288732,0.7801120837129645,1
-0.495702349,-2.134127738,-2.438643559,-2.899970696,1
2.2412055854712882,-1.581150527,-1.730959504,1.4162124025563934,0
-1.079903321,0.036268154,-2.024933608,2.7584743287718156,0
2.109488400103424,2.1827377377900197,-0.559357509,1.574167282243037,0
-2.136743068,-2.948285984,-2.880162405,0.5196104244273627,0
-0.267630569,0.10809209345111848,-2.955221157,-0.463880282,1
1.3084089672051649,-0.343837788,1.3933152378733338,-1.601886214,1
1.8788520268903532,0.530587443,-1.735421403,-1.579677145,0
0.7681827874172225,1.9796375592746607,-0.506233308,-1.450197425,0
2.202069641463602,1.0156097505050097,-0.311487076,-0.072598828,1
-1.774461192,0.7608157803890636,-0.847544937,2.973871060046095,1
-0.118898908,-0.084686363,0.3951107244640313,2.5005360187124808,1
1.8049085991585017,-0.293219581,1.3121955958367764,0.5174129926845699,1
-0.045797708,-1.846105363,-0.216382419,-1.525088478,1
2.489052899109928,-0.987559119,2.7135840872002337,0.1983317405682672,1
0.7892662720569619,0.2576426669359666,-2.223716298,-0.745072686,0
-2.405123326,0.7377242651002902,-0.318754829,1.6679098294256214,1
-1.677177114,-2.012603649,-0.562006614,2.5595122993102866,0
1.262530890074471,-0.486458251,0.10363301852586337,-2.494721933,1
2.907455378256678,0.9984438281695134,-1.287575589,0.514850365,1
-2.343105804,2.7950200128455016,-1.951290073,0.8881819083312852,1
-1.527273225,1.3053682958912143,1.6609282034416868,1.040518373468596,1
0.6869967615311552,2.354814564,-2.528239734,-1.014511405,1
-1.510275122,2.9280837723925295,-0.663661322,1.3956761954423929,0
1.1083509832860274,-1.727512575,-1.566013919,-1.312292619,0
-0.53323633,-1.594049606,-2.882091104,2.2763583408431725,1
2.793658988285305,-0.950577678,-0.968958723,-2.957449123,1
1.0815041299822443,1.9526393744917723,-2.120350198,-2.042001904,0
1.7404994998286263,0.6977444901248679,-2.730836654,0.7352819427736899,0
-1.146493663,-0.787649067,1.6183885097812816,1.8656111560356639,0
-0.597860239,2.6829176160381287,-0.561223692,1.6310162113806594,0
-0.096736413,2.385193959132504,2.446567461901072,-2.475499153,1
2.618959987861354,1.9532090491224938,1.747864285876001,-1.794531962,0
1.8307152525279893,2.100796408110221,-1.265097993,2.7135604701739426,0
-2.700839122,-2.100544481,0.22548682830908584,0.45475482673385814,0
0.8709004998054204,-2.898185224,2.762200647732781,-2.732471444,0
-2.141628284,-2.915912895,0.4011505997645681,2.5936013035258334,0
0.9956829964827856,1.9359448108825639,-2.920312779,0.25209179087835665,1
-0.242622135,-0.006192335,-2.566720888,1.1066121664158448,1
0.019322489,1.5908930991675838,-0.088256196,-2.103710183,0
0.8895417244669321,-1.965681827,2.234367380128889,0.678697434,0
-2.056776699,2.774028344887241,0.11019278001192401,-2.562609289,0
0.7609974264904036,-1.480806558,1.8221607112638143,1.906932441397144,1
2.873684135127971,0.011217186147022495,-0.270258722,1.5208536326788842,0
-2.205176062,0.28149308275874496,0.27748560078510565,-2.463161263,0
-0.492095487,2.1197087914032116,2.136921731967962,-2.40457401,1
-2.455674704,-1.423827138,2.2485963753239613,-2.22658449,0
1.3199808157646773,-2.393006282,0.7388271224869523,-0.863596205,0
1.7334837777952021,-1.597857307,0.8352109763397593,-1.585904793,0
1.281961698672923,2.2420682073644924,-2.239189205,2.199574131573021,0
0.5614515264857873,-2.237337055,-0.434748868,-2.034838239,1
1.202087333199417,1.5532088065076977,-2.365220878,0.036839116,1
1.887750336155503,2.616978249305979,0.0811072,2.7016753416684427,0
0.2141338227361791,-0.634857032,2.0892187713173733,-0.042103737,0
-0.168584937,-0.058125064,2.080710011218472,1.9916492501283125,1
-0.578880045,-1.000200841,-0.048431856,0.43663505842265415,0
-1.569976736,1.763730508293544,-0.081103406,-0.995726709,0
-2.359074042,-1.566929038,2.695687030535902,-1.169401879,1
-1.986844264,-0.23596325,-1.15747354,-2.789044498,0
-1.061128696,0.26465174363681143,0.3102742321198013,-0.860646473,1
-0.316183462,2.793107509408598,-0.735909137,-1.45063912,0
-1.539197736,-0.253412324,1.5571208923016648,-1.764070895,1
1.255776762844608,-2.87310106,-0.486402132,1.6551903912167214,1
-0.967602265,0.38242260867239697,-1.770124603,1.4519723467570333,1
-2.68632538,2.1152558692530024,-1.810821681,2.2463881902499843,0
-0.884824552,1.3361014468469197,-1.084648213,2.4354700274078853,0
-2.240177247,-1.928881264,-0.041819249,-2.508369366,0
-1.824118892,2.6625982932720866,2.858937966887323,-0.742444024,1
2.539716126083614,0.26894805404059063,-1.381545205,1.2143923264835923,1
0.953410839,2.9347519146524004,-1.409716276,1.0323570159704127,0
-2.68785747,-2.318123768,-2.97648975,2.9967640863580387,0
1.8136421828848661,1.7203380884012445,0.058356451729077996,-1.199597503,0
-2.092414293,-1.291951567,-0.744172668,1.5378605818817643,0
0.23797073341891473,-2.535098241,-2.891825946,-2.386006923,0
-0.537007718,2.5991575022941102,0.8244148872553296,1.810955399253091,0
-0.201752433,-0.830003501,-2.349597764,2.255598133,1
1.698960174167417,-1.991291414,0.073563383,-0.075751152,0
0.7505493161191716,2.677121363947567,0.478628651,0.24130360067171175,1
-2.698062402,-2.622555144,-1.875919252,-2.80517537,0
1.4601173734200739,1.3399818239637789,-2.183662593,2.016473404771686,0
-2.071283791,-1.192946478,-1.506138605,-0.766157409,1
-1.472017405,-0.066294441,-0.555552712,2.919416944675959,0
-2.664441899,-2.146911742,-2.683044637,0.7550471698942545,1
-2.672944336,2.018638424,0.071631784,0.16204574748920209,1
0.3695670462731653,-1.975117762,-1.813858181,-1.087096063,1
0.5609784949311085,-1.739293344,-2.302009637,2.8207013185105936,1
-2.868109111,1.8161844320161293,1.7282108974501327,-1.216715317,1
-2.186240304,-2.12622812,1.1845897034231552,0.8568395465170422,1
1.696474045508321,2.624887034394628,1.1515641795995517,-2.064890781,0
-1.539344299,2.0531623852386875,-1.744163545,-2.564866098,1
1.2196803242535026,-0.584841867,2.520240315275421,0.901530427,0
-2.457486133,2.6871394035219645,-1.448656418,-0.976725058,1
-0.586437518,-2.692654222,-0.020907467,-2.260089054,1
-0.59417804,-0.895741272,1.6370405005590198,1.819023069796387,1
-2.079522706,-0.800692876,-0.759881034,-2.091537336,1
1.790721030307143,1.2433699700125391,-1.857709282,-0.799668548,0
-2.365169851,0.7692395825582636,-2.271768453,2.9156050117495065,1
1.6840924481271742,-0.658568702,0.47138359367612637,2.4680508972984523,1
0.32459568237495695,-1.953009082,-0.727779867,2.0588691901784726,0
0.8652780959377075,0.9043463060028021,2.2009289141309347,2.3638383447750275,1
2.5187554306766176,-2.43090484,0.2647560117786054,1.4430571273099115,1
1.541561070762083,0.6402972118200232,-1.999275989,1.784523323649986,1
1.3206680010896745,-2.483185371,-0.217141052,-1.956135603,0
-0.975137726,-2.891513447,-0.59802079,0.2992615269372627,1
0.717495557,0.9809420707722607,2.0177478786147596,-1.707222556,1
-2.277109065,2.109223031387554,-2.060323111,2.8485604880171715,0
2.0552293763918215,0.005259635,2.8885285495321513,-2.415739625,1
-1.181605433,0.8293464902436689,-0.899958789,2.570235311884751,0
-2.606243471,0.2964709923657871,0.5451976043706868,0.9163687426633444,1
-1.46600266,-0.812601435,2.062083177989866,-1.830343386,0
1.961207083040172,0.37593253741645416,1.5731250671644927,1.281644197580829,1
-1.754931028,0.4128764186032372,2.2063389168305543,-0.407302579,0
2.7995446213399005,-0.286709399,-2.14328618,-0.66339192,0
2.7102144383432227,-1.081674904,2.208588959202377,2.287504090091339,0
-0.898880854,-2.500454052,1.3473474549529092,-1.130926206,0
1.6975416855454348,-0.34407091,-0.088399546,1.6674564404912209,0
-0.705820014,-0.341235928,-0.742857187,-0.795956908,1
0.15567946140875666,1.8527966670069045,-0.829390128,0.1455283232264204,1
1.0243639526556052,-1.383363322,-1.334863171,2.600478762140729,1
1.3412074399865315,0.4631200573398533,0.8863203265236717,-2.824203341,0
0.7086177933701814,0.057053239,0.274498079,-0.843457039,1
-2.511156614,-1.839964598,2.704468279,-0.547802626,1
-0.199901065,-2.683741261,-2.774602623,1.3030886822805456,0
0.22856798472666773,0.052235905,-1.541252817,1.4685043897795333,0
-1.990580525,-1.860391538,-0.235726972,-1.282320827,0
-1.515222113,0.8714258673199899,0.9058304713112673,1.9471024187995756,0
-0.493748598,-2.561489454,-1.35800169,2.880032779180901,1
0.5775514513962126,1.258422508806122,-2.955853022,0.10923439309512517,0
-2.774828055,0.4153812725486876,2.524625097816452,2.8105147830024473,1
0.2433160523335447,-0.250771168,2.6701025654909643,1.0416589919801709,0
-2.610604323,-0.205646534,-1.558529889,-0.181174071,0
-0.267206568,0.4928688168884521,-0.859377058,-2.014377303,0
0.022316607539737632,1.9812173060745728,0.984073368,-0.969792804,0
2.613138136553143,2.473245427495093,-1.743909604,-2.763494489,0
1.4478522501045736,1.9656615680949194,2.807187395708132,2.3390183645298643,0
0.603208609,0.1803140352742849,-2.832953692,-1.520061319,1
-0.24231149,0.7710234005014067,0.34351099991046397,1.4558159380901436,0
-1.321398415,0.38971564591483965,-2.47114654,-0.518006859,0
1.500964997727606,1.1604051205742643,2.9438564230330737,-1.332653244,0
-0.010864205,-1.022817517,-0.356381316,2.141700779216329,0
1.1052544511309197,2.294647148,-1.77893335,2.240166707048628,1
-2.641426355,2.3315956826229147,-1.025557323,-1.1124742,0
0.07253146,2.644141126339391,-2.713311812,-0.88661415,0
2.139431932100014,-0.623673135,-1.805058614,-0.451234912,0
-0.686684991,2.492497208800221,1.5716062544585823,0.030693334464038102,1
2.9302234003294263,-0.208334812,-2.650573015,-1.426354069,1
-0.383577119,-2.058584255,2.6853907579442584,1.6010933869066388,1
-1.390276797,0.5448272011074948,1.3286949426574317,2.6476735734407875,0
2.289812095052464,0.091153357,1.6479157187581057,0.372868523,1
0.3162233402732406,-2.31154825,-2.243174052,0.17720169013474463,1
-1.38683073,-2.873778585,1.3370352234012737,-2.80508042,0
0.5716610466243273,0.2351627647638863,2.812888143466827,-0.094721164,0
-2.618391382,0.31012780683877006,2.0465770236966083,2.981095706,0
-0.417940958,-1.078207545,2.4399197817119935,-1.852547226,0
0.6925734901975598,-0.565713455,-2.75350581,-0.916269154,0
-1.408628865,1.1165469236609216,2.692742986151509,-1.391716876,0
1.8687956349100903,-2.667841098,0.22872606023887876,-2.576699618,0
2.6041979467838363,1.5981076833443417,0.947699467,1.9433782897479857,1
0.8851187734209791,2.8136663830457467,1.2837476871886295,2.5479516574934804,0
0.10279135206382817,-2.297613522,0.16906632853810244,-2.238763032,1
0.5549608750584305,-0.105041637,0.7354523869966902,-2.939718114,0
-1.83095705,-0.052017409,2.7030213695348095,-0.698345758,0
-0.453767844,1.2881765340397333,0.622756544,-1.206443099,1
-0.535101627,-1.693801207,2.7961287547812512,-2.216193711,1
-0.768979293,-2.844966167,-1.669323048,1.6828268302809297,0
-1.792948606,-2.519619585,-0.153280921,-2.940184592,1
-2.491403073,1.8457552173778504,1.6288400691576381,2.4908329224293766,1
2.1270926154644973,1.0990533794389084,-2.686002856,1.6970917079199452,1
2.0730648650433627,1.794492874631727,0.050874211848156214,-1.602588968,0
2.071979854,1.362976858440831,2.8845670463331095,-2.065844413,1
-1.646012502,-1.729211101,1.755238606,-1.878556221,0
-2.600041021,2.9913648395137713,-2.851096731,2.0114643609531937,1
-0.807798951,2.0496927585468914,0.3277229472668699,2.4097873769181604,0
2.5571579184877598,-2.945410912,-2.547526944,-1.497847623,1
1.0158924981810102,2.3296331790690363,-0.240348292,0.6418386976455928,1
-1.869000883,1.829801003290112,2.8039686681208185,-1.388406403,1
-0.03104429,-2.483303337,0.35481993877781015,0.016700651,0
-2.133381095,-0.347602721,-0.995372087,0.1309852518311363,1
0.5139260125727949,-2.949026528,1.5660358976973319,1.2780857511704449,1
-0.802281683,-2.682384387,1.5295952387103018,2.7310509628687942,0
-1.559090424,-1.058852318,-1.897122663,0.4616167400690383,0
-2.070951632,-0.862836339,1.1820780836055782,0.3606958980560906,1
-0.681224614,-0.478502389,0.372665296,-2.964811633,1
-2.528940789,2.287548407,-2.532726065,1.2408215772630307,1
2.5202289846543158,-1.375898374,-0.777051378,0.41352843506829773,0
2.290253817831508,2.6514335235625213,1.4373794886676086,-2.480281435,1
1.0149249332091053,-0.538177669,-0.175794003,-2.705109658,0
-1.853627164,1.7430816452018867,-0.276247002,-1.19002655,0
-0.695885556,2.1263970799540814,1.4939941044297411,-1.366107617,0
-2.294988959,-1.48801067,2.5245387063284017,0.4895330270985321,0
0.20088125246869737,0.5783615981547694,-0.803830406,1.842642121917077,0
0.13971749580149861,-2.299512583,-2.225609251,0.2211548790157103,0
2.619421308425035,-1.14988727,2.217247013,1.5845735194732757,0
-1.513125343,-2.78195551,-2.388916409,1.3709636030846415,0
-1.801981572,-0.772374477,0.010194996038548787,1.3528090107009767,0
-2.32061266,-0.561801568,-0.089562545,0.24496238382923785,0
1.9101638483713002,-1.96993083,1.8469887109597334,1.1572705661799132,0
0.3352248851937558,1.1971672224154313,-0.527893566,-2.169614484,1
0.9945914415922039,0.14803384011373355,0.8362488032566531,-0.972007314,0
2.4411994640390153,0.5242192114534614,-2.487585094,-0.301176056,1
1.538136328461806,1.7648073703936342,-0.032417683,2.3684854249878065,0
-1.393989377,-0.536407817,2.3915814634138206,2.377540298829473,1
1.1142766129480854,2.1538832827333207,-2.467360398,2.189969857246658,0
-1.076280561,-1.930010925,-1.563780982,-0.492188952,0
-1.492847972,-1.076594484,-2.190129084,-1.222939407,1
0.43370288725200723,-0.348877751,-0.919687433,1.478712773142684,1
2.361059828359908,1.5407353374143824,-1.007995787,1.4666530070253216,0
-2.088118905,-2.218092071,-0.926237778,1.846214214264342,0
-1.521910517,-2.620479547,-2.209742789,2.1524698111774807,1
0.8026997084837255,-1.48079302,0.3317749519690878,0.16547773455210235,0
0.9326158706439678,-1.600874673,2.1864179231663865,-1.143788628,1
1.1647899238574215,-2.903252122,-0.764057221,-0.889741092,0
0.26090657149808694,-2.563582429,1.7407882423566496,-1.693315189,1
1.0622268892920612,1.8192727394645587,0.37126173744907875,1.445299240331913,1
0.9711618732900331,-0.866821217,1.853151234201392,-1.231791781,0
0.42727750650910323,1.4723864348492368,-0.726264541,-1.183394354,0
-0.243923939,1.907780966094922,2.579530578873989,0.27050047715934067,0
0.9687972319419114,2.419641733433485,-2.408718892,-1.607528533,1
1.2534000375094951,1.9424667714737982,2.142174169983468,-0.509356939,1
-2.463960586,-0.373311136,-1.615592459,-1.25282127,1
1.633605341025035,-2.546837484,1.9654873048842125,-0.433985485,0
0.5763835866035705,-2.462086613,-0.97584553,-2.461794486,1
2.7692623372866576,1.8435698959575024,-0.242203474,-1.65838471,0
2.600730631499113,-0.932420426,-2.03409341,0.37898633072372956,0
2.6626447220688965,-2.977018257,-1.57125094,2.630685842462446,0
-1.973484199,-2.32053929,0.4211232947988268,2.171062939768979,1
-0.137341094,2.9673855401071485,1.0750301972279566,-2.555550557,1
2.956992790091852,-0.552634579,-1.275584797,0.34727510146731344,1
-1.174154449,-2.481254957,-2.991429942,-0.302499882,0
2.021180533359553,0.4338911137804593,2.995243793660645,-1.278920126,0
-1.317269611,-2.041503239,-2.01561847,-1.288880424,1
1.7570402716411628,2.434540743818687,2.850523018246088,-1.606262075,0
2.287785274,-1.030469464,-2.322956733,2.2201495531209936,0
0.8166338078617112,-2.011614624,-0.421012455,-1.276453831,0
1.4207674122611822,-0.279502616,2.9356796706383097,-2.671530106,1
-0.869908403,-0.108598997,0.018801328489918667,-1.104385066,1
1.3754414945854077,2.2484824409338486,2.632315811867178,1.8305602607971574,1
2.1034811838395964,0.30327180371997287,1.9553293585608875,-1.178976545,0
-0.609127427,-1.098521917,-0.195675987,-1.286522303,0
2.769668653526681,-1.122932232,-2.411732771,0.16090299630248062,0
-2.657405529,-2.336741002,-1.683663665,-0.213898501,0
-0.400494406,1.7981511720167473,1.436847923,-0.442090236,1
-0.997774755,-1.101187296,1.6439705237640538,-2.687565563,0
-2.923070103,1.7732663515598883,-0.137121744,-2.214713169,1
-1.586604392,2.5950237185842955,2.1570178537493874,1.258710301343835,0
-0.106648618,0.12194175714831434,2.851467211703752,2.7946226633057227,1
-1.708385725,1.866627397831909,-1.816544003,-1.718775133,1
1.0565582049874607,-0.569993408,2.589266442639121,-2.465941591,1
0.069153845,2.5111291826587276,2.424681962877031,-2.06082472,1
-0.800173799,0.7147284002801775,-2.043630691,2.808133032274432,1
2.4884959723659623,-1.998298926,-2.273067232,-2.487549103,1
2.456661984219787,-1.838257141,-0.502290429,-0.306891806,1
0.5940662652814055,-2.569587938,-1.639448296,2.5889423215135565,1
2.450460643611417,1.6877438844341537,-2.883592526,-1.037959389,0
0.7677524120574466,-1.348858729,2.457520170322664,0.8033367709946511,0
-2.568559696,2.4540335330142184,2.7465999490573356,-2.53372549,0
0.19416140916788915,-1.179814307,-0.642965541,-1.922092692,1
0.4684326120744755,2.747876119493344,0.018435601629654297,-2.502512512,0
0.7200080008644503,-0.958662033,2.135551137547787,-0.39193111,1
-1.842962346,-1.853366264,1.6125850843269625,-1.40647441,1
1.6034003649553377,-1.764676135,-1.069881788,-0.207078165,1
2.659175098160704,2.590388548522948,-1.758768747,-0.850685753,0
-2.103603669,0.059910476,-0.236504696,2.4045609747043946,1
2.5800322667464357,-0.698595654,-0.049572342,2.3774174948767985,1
1.840246846470369,-2.978062132,-1.079642615,-0.469354548,1
-1.621702298,-1.802570305,-2.77329296,0.8602183504185632,0
-1.424938257,-2.685916929,-1.614124137,1.8114837170167597,1
2.10893509,-0.101602529,-0.503575978,2.8671221610106903,0
-1.796612042,-1.707844303,-1.248796938,-1.96345609,1
-0.723806411,2.4650053619385233,0.6920870437714459,-0.528320708,1
2.6064647674272887,-2.709214605,-1.738342933,0.39533163061055365,1
0.693315739,-2.762654961,-0.581767453,0.8949237889852366,0
1.1884232784204096,0.8288394150976157,-1.076620654,-2.438879258,1
-0.437325321,-2.227473376,2.685741951124003,-0.148974804,0
-1.096444954,1.5978244267134007,-0.012308445,-1.139795856,1
1.871806454,2.2029129060067323,1.0380489977320622,-2.718213466,1
0.39793728099919257,1.579769472,-2.180981927,-1.627975492,1
2.2949706304088187,-2.879269669,1.5163628269558558,-0.157360245,1
-0.319367047,-2.957420805,1.916389385798957,-0.841050596,1
0.24459378780325736,1.063804118013957,1.2157774586274943,2.7358803529564337,0
0.18803971941965436,-0.601682694,2.7222217589502478,0.8526614101531269,1
-1.211097862,-2.241214528,2.055327008791088,-0.826910383,0
0.9628183281865867,-0.175101484,-1.806421321,0.6101196517227905,1
-2.635901586,-0.519945241,0.2796896379820262,-0.383718155,1
1.4920330515059455,1.9675497272718747,1.6274584441990685,-2.767122313,1
-1.835227377,0.2196450555826459,2.6089322426628074,2.0097406503127013,0
2.05520705,-1.180750837,-0.423312618,-0.175764316,1
-2.0557705,-2.813591219,2.681417396763101,-1.555724486,1
-1.560306578,-2.499725677,2.5710465116626713,0.47842268963863166,0
1.0022211427521235,2.469461323578315,-0.926278987,0.7290438668285049,1
-2.767203272,-1.879364831,1.9874748305396555,1.6006101380300146,0
-0.896143851,-0.739136233,0.20132660132147695,-2.998553972,0
-1.552533984,-1.750609148,-1.49710232,1.835435055200648,0
-1.321956861,-1.850872068,0.025580764758188934,2.193870218236391,0
-1.551901777,-2.528782543,-0.861571585,1.4859109473898666,1
0.3041432681687679,1.9007602174460843,2.7575528856554037,1.7559748605097028,1
0.6228184730625204,-0.039950472,-2.759585482,2.9059318728842474,1
-0.699113265,-2.086630716,1.0002531323787407,-1.294270265,1
0.5146696255862855,0.5206074470675475,-0.325621075,2.0167116932702562,0
-1.410197631,-0.30820445,0.2261527715458289,0.9817483246037977,0
1.7038311030335365,-0.631156303,0.8762816645795759,-2.096334282,1
2.5958886032548714,-0.701647161,1.3771285318586308,-2.877953509,1
-1.768877143,-0.077504734,2.2695148063940795,0.16353089970406298,0
2.5792228937632746,-0.097218621,-0.05730542,-2.281519269,1
1.8159374649133184,-1.518207525,2.3976749362338907,2.464945321982377,1
2.659860671244898,0.121382935,1.0625627087018659,1.6710952803699808,0
-2.213912288,0.6057431699849833,-2.794212592,-0.0146035,1
-2.07094391,-1.902462444,-0.8097146,-0.405377,1
0.7390345471931234,-2.553429489,0.022150567424668033,-1.904249218,1
0.44385105019045135,0.8244276735671008,0.3402555393171234,1.4297730628698462,1
-0.986344535,1.5906395497987855,-0.40339751,-0.09489301,1
0.8886127635664285,-2.889849696,0.9239653285214899,0.711510894,0
-1.140917299,-2.485234291,-2.454387301,2.5393424819113717,1
1.135675927355023,-2.237384317,-0.859660984,0.5548979634095783,1
2.013430230543892,-2.738034428,-1.580201211,2.3384939417722803,1
-2.945006699,-1.791605383,2.754145055837796,0.6804110791330267,0
-1.4299718,-2.598053434,-2.830851957,-1.531529522,0
2.2889149175334627,-0.504518074,1.322000214995958,2.5097102122797468,1
-0.55175723,-1.852335774,0.10270758514151712,2.448502122359127,0
1.8262464848262034,-2.60502094,1.1554368004654911,0.43138513475372253,0
2.444779058078553,-2.265111499,0.2042166792279394,2.2767761610713535,0
-0.53985728,-0.108030494,-2.577235934,-1.331138157,0
-1.052960105,2.6707346924693214,-1.303995837,-0.234787588,1
1.0278265413856786,-2.026899766,-0.081345677,1.4312342368554454,0
2.2011312781623964,0.7575556479745602,1.014321091901687,-2.242299164,1
2.674658983478083,-2.204555535,1.648037623,-1.411102069,0
2.6015588622075096,1.3197572362168772,1.522882277870214,-1.685644962,0
-0.34176014,0.7068791675357184,1.6198417092396058,-2.376243745,1
2.774191899,2.341324023327336,-1.377908457,1.9365614581939923,1
0.10994353823894087,-0.229161111,-1.113395365,0.4858115197895545,0
1.3793347062215862,-0.53440257,0.7753151580497528,1.195877526931822,0
1.266730902091715,-2.688203411,2.158486834110402,-0.250480111,0
-1.42550351,-1.549412955,-0.101915323,2.3209892368137552,0
-0.72991451,1.498354481,-2.419087614,-0.143659787,1
2.9501168423564135,1.622626816754022,-1.736829069,0.008648842,0
-1.598251418,-0.542634436,1.6805041424097888,1.6273488917424217,1
-1.631397733,2.533339908929161,0.5554090965889609,-0.720454254,0
0.011613484685163655,0.630427521,0.35934319107471246,-0.081569787,0
0.029596824536400668,-1.941528537,1.8763974258280758,0.25056192,0
-2.21352083,1.5969426094966677,2.594663870264105,2.683841395421773,1
-0.785893606,-2.186898759,0.11039775979839117,-2.324344624,1
2.6039245110757037,-1.898522236,-1.48340484,-0.560180839,1
-0.701013189,1.7679773543873338,-0.262099077,-1.97539044,0
-1.396740627,0.054680311125132164,-2.115276495,0.6699340538760845,1
0.3944838393068757,1.288213898293546,2.6262276922762062,2.473527366606934,0
2.6764537084129882,-1.531706418,-2.21060816,-1.186339797,0
2.370511036597888,2.832320847740929,2.155949706422856,-2.339893673,0
2.6845679883587588,-0.459851836,-2.944138255,-0.345637556,1
-2.723584982,0.2632675269667053,-0.968675835,-0.159390398,0
0.6790221644587024,2.2128065749069217,0.9714094588315714,-0.395706789,0
1.9165671220221903,2.433492825438793,-2.281440201,0.19159786531674872,1
-1.292928242,-2.717632813,1.0112801706839125,2.1766246647553533,0
-2.022584073,1.874481945743403,2.1203744012216497,2.486042655998901,0
-1.408289465,2.423718391139335,-1.076023472,0.31402808073301713,1
-2.696955175,-2.73671347,1.3222392763932174,-0.333120132,1
-1.462245748,-1.857519024,1.0197209451553082,-2.997590736,0
1.8353470151811253,-2.524502363,-1.851062311,-0.682581628,0
-0.090847562,-0.870029305,-1.07572701,2.7834960724391307,1
0.8494780874603656,-2.859402268,-0.418944549,2.2500521984638215,0
-1.191262882,-2.432661931,1.550308629539507,0.6360829916164876,0
0.42187504695902334,-2.678540642,-2.157005941,0.7352963772786829,0
-1.753056951,0.024420478,0.2692901161763608,-1.298956858,1
2.690550933248957,2.054784641013451,1.3342410457967908,-2.532036802,1
-2.363219884,-0.043311925,-2.035719905,2.869592781176845,1
-2.048878596,-0.075192987,-0.815273659,0.836318529,1
-2.225781547,-0.418101432,-1.351769803,2.3265091480301283,1
-2.756485727,2.482364964038755,1.9979648313180025,-1.214575701,1
1.735743928062628,-2.812718638,2.801193301760362,0.15956965553873603,0
-1.180313844,-0.824500724,-2.601567879,2.9360970842522356,1
-2.764248329,0.929442739,-0.343584434,2.6934973091322902,0
-1.524001558,0.19252094362806815,-0.105862749,1.217198664300608,0
-2.591938608,-1.83726522,-1.712611079,1.428904529050138,1
-1.865167822,0.440950583,-1.708537077,2.1697497005038704,0
2.653112726937831,0.11095784965344269,-0.886146695,-1.59565335,0
-2.701313991,-1.388999543,0.9254146796719072,0.20170158785526482,0
2.6642476696855644,-0.622336425,1.1631800539703674,-0.064063515,1
0.075457296,-1.393354112,-0.270295339,-0.175290018,1
1.2398551304936039,2.643839995116683,-1.024072335,-2.746797189,1
-0.022229247,0.2667679928950113,-1.989356693,1.5627876376564007,0
2.909574651,2.674648302050766,-1.817363767,2.252179439404564,1
1.2269618184701088,-0.276920617,0.2436659659483742,2.097601049894749,0
-0.119190362,-0.760755785,-0.040515042,0.4747788242102944,0
-1.865534077,2.4054463816019442,1.0451216929776832,0.7996135040249337,1
-2.403022643,0.6250436290355506,-2.274236027,-2.527813949,0
0.16386537385435984,-0.583286796,0.5328616209373394,-2.464666992,1
-0.414101623,-1.95127971,2.9226005155446995,0.36690127461104627,1
1.1246211656452036,-1.047490316,-2.431566511,2.855225177,1
-1.282445788,-0.457150889,0.89918353,-2.851816214,1
1.8615547831037214,0.21946914017172148,-1.330696878,-2.630352088,1
-2.025009507,2.370203153120621,1.1161453436153463,-1.50058967,0
-2.60639541,1.143691874319818,0.43444635580659074,-0.572882853,1
-0.818331305,-1.699114344,1.0176675392251058,2.824008166763223,0
-1.945708525,0.5826997200930202,-0.454889666,-0.31986767,1
-1.475116319,1.9508092539685142,-0.088466375,0.26043511318958457,1
-1.171434523,-1.909149206,-2.484537671,1.2847148455494954,0
-1.82259431,1.1404521251327866,-0.657741324,-0.505351194,1
-0.184935023,-0.793748951,-2.396280137,-1.14220914,1
0.9824061641636304,0.9947064088132258,-1.282654157,-0.239384241,1
-1.839316632,-1.737767511,-2.86171747,2.380479299446468,1
-1.73576001,-1.634796738,-1.322391404,-2.23555157,0
0.8355772990881771,-2.549142281,-2.194785442,0.8685403595405572,1
-0.962036277,1.247686960207134,0.34454846802085193,-1.463872962,1
0.9049677029359682,-2.302357918,0.2184622984801825,-0.37711137,1
-1.392758503,0.6240299864370007,2.228001554041695,2.993428199,1
0.6465766124605468,-0.571764754,-1.648757399,-1.457423464,0
-0.123270131,-0.796333792,2.4828871357496656,-0.790227194,1
-0.759332453,-0.698792925,2.019721262205948,0.9047299250814111,1
0.6850131019133561,-0.995141866,1.9074250609946368,-2.769816832,0
2.224783034028679,0.076499399,-0.610498591,-0.016996316,1
1.0044931832029862,-2.923407441,2.2293111387494866,-0.319562848,0
-0.942200882,-2.170526606,-0.363207754,-0.022063372,0
-0.578119833,1.0719605629613822,-0.474620827,2.7685054670794402,1
0.5956651069415511,1.844867613911454,-2.343864581,-0.616252242,1
-0.978913791,0.4168943288195508,2.166681120368554,-2.529970693,1
-2.564551212,2.1019062489455935,-1.722899484,1.012519526698882,0
0.25726879416483106,1.9973615693233766,-2.249466541,-2.221302206,0
0.34091016166984556,2.678271920150225,-0.51001345,-1.038347398,1
0.6401359391873149,2.5826916032701863,2.021566997067742,2.972901664,0
-2.864588501,-2.322851132,0.6568065801997323,1.9234586360030983,0
-1.288533946,-1.564733472,1.7218547962872055,-2.661708877,0
-0.783704115,0.034855335553978684,0.36209204610194057,1.371690940756661,1
-0.870925659,0.676106068,0.5122525367457378,0.2856966039224824,0
0.8428997588532732,-1.443304974,-2.492107478,-2.284369968,0
-1.652505704,0.001187613,2.0426565032761204,1.207760052530305,0
1.734243625212283,-0.894146256,-0.57207755,-0.637908684,1
-1.848760894,-2.632700051,0.5454965569633607,2.9353001005235164,0
-1.99902177,-2.719891081,1.677190090943598,-1.48448396,1
1.9778628321175704,1.2236200022070927,2.6740412223048278,-0.546436585,0
0.9718190367038049,-0.210871315,0.783532184,-0.302406564,1
-1.868206521,0.047384496,0.17150520862465424,1.8636230895609662,0
1.4131242347614874,0.9827497436486645,-2.319677427,1.3236977439822901,0
0.001830938,2.3645972166369553,2.519225604783257,-2.669060456,1
1.923849362126873,-2.773815657,-0.796982246,0.25379985372647473,1
-2.111395208,1.477882875414461,-2.949871775,-1.988405709,0
0.4847809791208544,1.2863253722237538,2.499858616163497,1.2329799116077433,1
1.0306756215291957,-0.633953122,-2.992293447,-2.279044448,0
0.20732726853623484,1.0507793150665181,-0.495310297,1.3840740691703415,0
0.13117377199307256,-2.554942826,-1.847902494,2.0399893394636575,0
1.3494764797466372,2.3685719220749704,-2.294656505,2.941335207690443,1
-1.743559716,-2.929320742,2.984537634321325,-1.313556687,0
1.0081167150753592,-1.939906115,0.48137119319485056,2.424209918727356,1
-1.078912995,1.021523856266155,-1.872578467,0.7487723923123513,1
-0.981297889,-1.732750448,-1.120907696,-1.926953589,0
2.411496647027297,-0.616878682,-1.52832417,-0.309552954,0
-1.076782999,1.4665155228799556,2.8273194713129666,-0.37179806,1
2.1662003998334427,0.39517844135771707,-2.056586009,1.1437364524880493,1
0.080606983,0.9036391395126206,2.3381244754299892,-0.357392576,0
2.4070657393041337,1.5040140856899296,-0.068370445,0.6193328139477821,0
-1.046513205,2.901583798432645,1.0041069783023762,-2.736918885,0
-1.040268566,0.7398866025543449,-2.662000333,-2.856694852,1
-0.299854563,-1.003858922,-0.370208352,-1.423840141,0
-2.011693518,1.1348601418820259,0.087426698,-1.799074733,0
-1.082463442,0.5508474459799553,-2.56662391,-2.115281944,1
-2.560526375,1.8739039962847137,1.5144553992720553,1.5198775912755424,1
1.2979520608561685,1.0163125420192154,-0.138048508,0.8536689810426896,1
-2.769830671,0.7287865359407073,1.6672662332212633,0.002150162,1
-0.854920029,-1.335439591,0.8568123009724946,1.1568071917794525,0
2.2258055991752554,-0.945995505,1.6186338443135133,0.3681349451360276,1
2.2970189440684745,0.1668726497737243,0.10577897038780337,0.4672624886454546,1
1.4958921308546067,2.7881428729707656,-2.558619875,-2.679392386,0
2.6253020244440313,0.1792537531092364,0.6894180874016165,-0.10545839,0
-2.438055284,1.6085362705119994,1.4833478705315208,-1.129780071,1
-1.162564529,2.0270482854331107,-2.565856454,2.286630890139395,1
-1.460029861,0.5579084865329635,2.615965074010666,1.0687350092198784,1
-0.513421125,1.1372052534324908,-0.936122182,-1.336449502,1
2.980099667608078,1.5047413870787265,0.868319864,-0.868262141,1
-2.705035025,-2.813658744,0.3250875326927929,1.5721963262343062,0
0.22427514266313064,2.0447104316346874,-2.799440801,-0.799487541,0
-1.577577653,-0.316362191,-2.565741641,2.7247898494264353,1
-1.660467594,2.5338466529015085,-0.44464107,2.913144799531308,0
0.3243503007612647,2.5849971850548448,-2.967906068,1.4894328370854009,0
2.4183039186150923,-2.161676598,-2.42324489,-0.452564357,1
2.6020734367976104,0.2543193611426324,0.16473878233039319,-2.15324329,1
-2.995262933,1.860840544472767,-2.474552622,0.8030989124119436,1
2.487698727091149,-1.748088521,0.991637017,-2.52780854,0
0.6225308630256778,-2.016409674,1.4157213630910679,-1.192612231,0
-0.219653947,0.5965832521657299,-1.972359536,1.4498269117057259,0
-1.184157956,0.974231159,-2.050301696,1.128705955238102,0
-2.230871563,-0.447861022,-1.516763558,1.4902514965690958,0
-1.427789973,2.2903038383723775,2.350921268439677,-1.821352109,1
0.6830756700463456,-2.47369415,-0.650777402,1.2799303770076333,1
0.9565394810994974,0.7482040164396477,-1.304754818,-0.731850303,0
-2.382323132,1.3141369226016062,0.023332780747641113,1.2525937940739276,1
-1.506338851,-1.053370628,-0.994707976,-2.845545542,0
-0.953712763,1.8198274411082007,2.3837909744984316,0.10930989381556477,0
-0.266989829,-2.815052288,2.2752260255122962,-2.921938719,1
2.6685004812612707,-0.064702508,-0.948393039,2.545310609,1
-2.853654041,0.48854936921452286,0.29359514699602585,-1.684077593,1
-0.426675412,0.9135840356626215,1.3627871812915648,-2.995698848,0
2.6211205805460915,-2.012847766,-1.598517395,-1.419159326,1
-2.773079181,-2.261687258,2.918099537664972,-1.108699576,0
-2.308193458,-2.358052433,1.3167598060198316,2.127411984195845,1
-1.458286203,-2.874542926,-1.661459889,-2.660905855,1
-2.37963038,-0.410951281,-1.620489775,0.095675271,0
-1.47903748,2.6432238066176854,2.435663807557587,0.40083663006279613,0
-0.873456048,-0.713118708,-0.528886301,1.3654759328096642,1
-0.290166027,2.1403796790353846,2.6645687155821873,-0.98432308,1
0.36416688825408094,-2.429660779,-1.797185713,-0.5192054,0
-1.762783705,2.259362944732305,-2.050282464,-0.266035071,0
0.6341954427592542,1.1511834489650665,-0.701583782,2.2145944123483714,1
0.40991490646755313,-0.362953317,-2.596556196,-0.211863189,1
1.9244150448943813,0.6872461093278925,1.9929747223747096,-0.035929976,1
-2.289229769,-2.918160925,-1.18068272,1.1879428289867544,1
1.7415594236501626,-1.225482992,-0.026076475,-0.473286573,1
-0.536863294,-1.611907721,-2.18177337,-1.819868651,0
-2.668005677,-1.811215549,-2.944794614,0.7635504038158696,1
-1.101747556,2.838868268561452,-1.837697695,-0.925028578,1
-0.852953048,-2.949291024,2.0352477182367537,-2.808033239,1
2.6410790083754483,2.3524461065617235,0.21313149651578112,0.2615734494677522,0
0.9226675377369382,-0.677699928,0.8833337003871327,-2.731389668,0
-2.675714236,-0.256617482,0.2977338066362094,2.326905842014914,0
-2.372036197,1.9358875631633357,-1.739715976,-0.635498109,0
-1.100385391,-0.599068363,-2.097027012,0.021420446421329675,0
1.809855538988204,-0.350795938,-0.056318545,2.0926055116878857,0
1.236348687828185,-0.057273549,-1.453826111,2.3095604810698003,1
0.4621224101433503,-1.673114339,-1.385281484,1.8187985336174757,1
-2.735126627,2.9525531221729207,-2.217889922,1.7764111523816242,1
-0.631348099,-0.0467029,2.2839034647874676,-0.522532862,1
0.22496252203940692,-2.704202026,-2.985915157,-1.531200762,1
1.0834985575126037,-2.27241064,-2.317428247,-0.534236352,0
0.8870222316493592,1.2724319534875832,-1.929295955,-2.522471116,1
2.6423822036732654,-1.436001705,2.120078985652343,2.1809487027769094,0
1.6351355505752672,-1.98699836,1.9308087555252023,1.615503355,0
0.5803379406373024,-0.976787789,-1.424948374,-2.268664728,0
0.058542401,0.5115652530590791,-0.843966057,-0.147845594,0
-0.818913256,0.8460363439242076,2.4075552467793795,-2.016478428,1
-0.711547141,-2.154788376,0.749662622,1.3732230569315744,0
2.591476395584735,-1.326768442,2.7012672351925815,-2.620423969,0
0.6180831801875293,-2.657203684,2.3626451265716693,0.17885434242032439,0
1.0160901045767767,1.9894435554627155,-2.098136265,-2.768450628,1
2.2732868754771127,-1.110400635,-2.226126552,-0.189232577,1
0.5898364541761127,-2.814176379,-1.35062605,-2.803200754,0
-0.477987665,2.370600174397466,2.895914468961415,0.8222853210217651,1
-2.030173837,2.4350963399958347,0.097486939,-2.077504127,0
2.5303600167099685,1.544814304338618,1.3902316363389096,1.2550842227664276,1
-1.797961073,-1.73395985,1.1297579905635295,-1.681663499,1
-0.367969819,1.6920109535636483,1.703715108587046,-0.280429365,0
1.7531396296514705,2.031730777188341,0.9286545077055615,-1.629444886,1
-1.355929318,-1.110953068,-2.299175354,-1.361042278,1
-1.742884654,-0.268027501,2.4506252872335894,-2.373118099,0
1.3216075436843733,1.1236980264787668,-2.425474808,2.535434429,0
0.41083321294091757,-0.817646873,1.539231501,-1.45580725,1
1.1610590222779225,-2.761732755,2.036448225655632,-0.310974918,0
0.8201574861476502,-1.672573081,1.062442275950688,1.6334416553596594,1
-0.160720879,0.7063615443707656,-0.262044457,2.3645482155470727,1
-0.012784917,2.050852254172913,1.8081123496214913,-0.536971072,1
-1.619493049,-0.563507205,1.957304254651321,-1.634204785,1
0.14661807514649627,1.8365804877644845,-0.879135149,0.8532578220161842,0
-1.526210556,-2.344323328,1.766305350557138,-2.40618826,0
-1.37171163,2.1306565319846404,-0.921184278,2.8382720970849666,1
2.878406008643158,-1.390343877,-2.754130667,1.2303797052322745,0
-0.294080984,-2.395482936,1.245136913868257,-2.812950545,1
2.221180142953453,-2.168084825,-2.236128728,-1.945966212,0
2.7615981509523992,1.159016161523076,1.8082292127818205,-0.614190086,0
-0.982123635,-1.593095959,-0.11611183,0.310972401,0
0.7906490619165325,-1.457288976,2.6919244854179443,-1.981449011,1
2.7939190485984735,-2.910863265,-0.113245849,-0.999792971,0
-0.305259516,0.42398747388473446,-0.386465052,-0.510918898,0
1.3963404924798395,1.115257650518788,1.9996276922150873,-1.500246113,1
0.6571710585243817,0.5111687123571231,-0.781573135,-0.083654749,0
-1.11730714,-2.148933614,-1.717192736,-2.366918122,1
1.0984174511407447,0.9643643586549091,2.703638229479237,1.378070481883448,1
-2.687724967,2.305471043573725,2.176050977674355,-0.340078075,1
0.515178303,2.8564699948351127,0.1938261830889978,2.4319309702565386,0
-2.501767453,-1.853688788,-0.355470339,0.5085408500238282,0
1.8973671111768011,2.9295726908591213,-0.666891021,-2.715506183,0
1.8070290197719494,0.6262843144968486,-1.808742847,-0.03102926,1
1.4538614732023465,1.6224707224118626,-0.002289528,-1.168712819,1
2.842455492230961,0.9801756657389573,-0.550574884,-1.317220655,0
1.386617898021373,-1.546899326,-1.969740066,0.17900333377242195,0
-1.260075644,0.7734308695416905,-2.292367951,0.9296466274039297,0
-1.300220832,-2.998542393,-2.238383654,2.6016922670105647,0
2.204127834692147,-1.598345808,1.670231427272947,0.6514295590438453,1
2.8254282686992163,-0.758366043,1.0887636751030279,-2.618785665,0
-0.622515919,2.782905967129083,0.2338852467007233,-1.27272298,1
-2.278374221,1.2211700410891826,0.8691362605783608,-0.756367718,1
2.7056481111950053,-2.866783122,-1.17765689,2.526416917797489,0
-1.07438737,-1.486482997,0.20532245958748385,1.9428104995232278,1
-2.381119435,2.658124257874417,1.7704372870869847,-1.912498467,1
1.272047767188976,-0.690247664,-0.586231932,1.6997405546331983,1
2.776708847884393,-2.240064763,-0.476218579,-0.114350351,1
-0.742129098,-0.820865258,-2.686387995,1.1132317233757396,1
-0.382713497,-1.831237184,1.8962010138124104,1.8153644889097675,0
-0.081650231,-1.209296033,0.8285563547787143,-1.271087185,0
-1.583952418,1.3830879241579597,-2.758048562,-2.431389174,1
-2.959270956,-2.082340881,-2.586059948,2.974814206679511,1
-1.26714018,-2.104391924,-1.554022452,2.6167534292408074,1
0.12096133814637433,-0.811091422,2.2403487474553163,-0.630058377,0
-0.98994858,-1.756304865,-0.733219057,-1.099893864,0
1.063823755788846,-1.262503772,0.4631984785353689,-2.60464701,1
-1.85226506,-0.55556837,2.621695523452173,-0.736488086,1
0.9844447271990049,-1.469476665,-2.237798544,-2.6487804,1
-1.167519009,-2.054033839,-1.955937312,1.5645558503217005,1
-2.904971574,0.34686075441260655,-0.723231716,0.039299999,1
0.3769814232876172,-1.119793833,-1.229346839,1.4004110960094343,1
2.227661928726943,-1.844510205,-2.414287437,2.3867748383521556,1
-0.900627218,0.30790434397688493,-0.842741133,-2.245185982,1
0.5359898696863681,0.15084511061777794,-1.782038645,-0.288785732,0
1.7816850240938749,0.5425566186473478,-2.418496038,0.2881289833748104,1
1.216429795737521,1.7562204346845078,0.7747054718056008,-2.084051013,1
1.2610395995409638,1.0640510764890987,-2.853438702,-0.529513994,0
-1.002298518,1.016472386,-1.703185126,0.545231538,1
2.479235770885034,1.7868142332516461,2.528746417299182,2.8710358015961397,1
-2.935979238,0.7364476582648654,-0.522963613,2.1591269420107304,1
-1.489111788,2.8861769346904573,0.6822478172624837,1.761224413372986,0
-2.486402683,-1.899252691,1.5504220382052196,-2.868080868,1
1.9012679153626966,-2.916305888,0.9427130343676398,-0.809436479,1
0.6689691163151945,1.1761884419346824,-0.945148685,-2.352225311,0
-2.582124794,0.5336161353752873,0.12393212240466944,1.4532060547267953,0
0.05841306,-0.46532526,-0.611476931,-2.841318584,1
-0.98665679,2.856120945146966,2.2413334573625328,-1.023731598,0
0.5267724303982328,2.083780473212964,-0.352353979,-2.892252817,1
-2.552937229,0.062356328,2.816636254,1.159257253313207,1
-2.574502851,-1.863834745,1.627938859,2.0486385597374683,1
0.7061675171315454,0.8665390177788996,-2.829975298,1.971181557489051,0
1.729651249024978,-1.445789135,1.252060319793042,-1.710872361,0
-2.758019034,-1.793180744,-1.928226739,-0.97351202,1
-0.489303017,0.051233349,-0.139476747,-1.375952364,1
-2.824975989,0.6306097334229044,-0.625531021,-1.207967056,0
2.201646256983074,1.4804598467889587,2.1465932902346534,-0.030103232,0
-2.214412487,1.1773286167276344,-1.76355732,-0.352621985,0
-2.609995266,1.951850414537894,-2.244356154,2.4185850422958577,0
2.1853836135693427,-0.212503413,1.4662092258239436,0.7166704429089199,0
1.818453854026469,-0.409169395,1.7148509054661005,-0.225259098,0
2.6457947270567628,-0.081767395,-0.224284368,1.710431169381076,1
1.9294661505650277,0.32693468592702457,-1.921213119,-0.193450614,1
2.808435017,1.517917158235111,1.8669756232747936,-2.803047007,1
-0.192843224,0.8797268019453321,1.9801961017684482,-2.704358079,1
2.1146333138512388,0.29040562045147045,-1.816116177,-1.096468701,0
-1.308422689,0.18515420573085484,-2.689885921,-2.048783049,0
1.8761582602546945,-2.204376056,-1.599622383,-0.279776366,1
0.10272532867998274,1.581662877684952,-0.31600544,1.739187726213233,1
0.710077842,-2.321401563,-2.06201137,-0.377797647,1
-0.618663641,1.4612656178237673,0.48442283878411097,-0.671201514,0
-1.975438299,-1.638977386,0.45300611081435394,-0.459367171,1
0.089565053,-1.975935388,0.977437514,2.1152324451358027,1
-1.452362959,-0.050914645,2.853163974125411,-1.000549557,1
0.5702780695425673,-2.458825799,0.6360900148766593,-2.46220936,0
2.7554126119429325,1.2939759124338686,1.7289587288142387,1.2246261646298215,1
0.5383742164587946,-0.300523313,2.1502402785663746,2.7410140052583785,0
-0.005782963,2.589210294931572,0.4999974599311052,0.23030512137859915,1
-0.273103602,-1.744273431,-2.977682035,-1.550962639,0
0.058339029621390814,-0.720240286,-0.309088632,2.8838893173842974,1
-0.898365776,-0.286902364,-2.198906692,-2.712253605,0
1.6524570875549678,0.42409905,1.5642288362633696,-2.100823207,1
0.43097262709614537,-1.478145154,-1.631629099,-2.930843916,0
-2.217955659,-1.144391331,-2.298727436,2.9151506424656253,1
-1.148204109,-2.21805632,-1.805506123,0.5262193700488589,1
-2.615738857,2.1746047808469413,2.768998075422884,-1.519515476,0
-0.299428388,-2.867193294,0.8442613483633288,-0.516443652,1
-1.379649203,-1.758977336,0.9241384659525629,-0.502697814,0
-1.922044266,1.134654488920944,0.39043369822016194,2.1520323295769774,0
-2.295144607,1.713999611666737,1.0411007209035539,-2.309934379,1
1.168924379230324,-0.350716267,2.669908713335058,-2.150331896,1
0.8570003448944279,-0.708119727,2.740888023545267,-1.020150628,0
2.7731154569508014,2.4089151066044945,-1.377700588,1.8212506609585661,1
2.9736252108210355,-1.484021987,-0.379336984,0.12108441940055803,0
-1.230413185,-2.908410962,-1.679224535,-1.308378694,1
-0.338401792,-1.97338513,2.2395261401500353,1.2294667963880164,0
-2.488797135,0.9005547068395883,0.9219388584337223,2.737327041861766,0
-2.981874772,-1.512405301,2.566748876251893,2.5928034923896988,1
1.3235185162238245,1.594579926,-2.451102252,0.083255009,1
-1.610502052,-1.912691738,1.8618197947399953,-2.18977118,1
-0.188090178,2.6314694375161984,-1.885007667,2.867960542429408,1
2.9657279145663544,0.3337029280944175,-1.979143559,-1.103370672,0
-0.453043004,-1.144054654,-1.316186521,2.833378255298145,0
-2.079811036,1.3999674523011736,-2.997538263,0.5770960164142611,0
2.495658023724314,-1.272395435,-1.886844148,0.9100787692705619,1
1.2756084437903592,1.1281831137118878,-1.08409872,-1.486785587,1
2.7355127997722652,2.539797049619577,-0.256100341,2.0771631969262403,0
-0.286059134,-0.453665892,-2.059422314,-0.441563661,1
0.22450163159884173,-2.864974035,-0.335321969,1.6881373103712018,1
1.0802763382456195,0.8109419331836101,2.4573325706232154,-2.891807941,1
0.34228551715340494,1.7240930904582425,0.24801229620760346,-1.056626685,0
-2.182496609,2.325378430897148,-0.175425646,2.2686911819142086,1
0.5151127345990099,1.0451526996900045,1.8255669262707004,0.954933268,1
-0.611670956,0.081800304,1.8182731480552796,-0.758098222,1
-0.671271259,-2.425859304,2.4875066113304865,-2.45378211,1
0.8892550646913353,-0.520833127,-0.566283658,1.0773110194361033,0
-2.597437604,0.5622346977086075,1.6321907158341284,1.9692765473195655,1
-1.976817664,2.384514300469042,0.9368765510846533,2.2911288049240968,1
-0.088315697,0.25220007058321237,2.514229662172027,2.399457260128031,1
-0.31103476,-1.35352421,-0.640977393,-0.673414029,0
-1.27879875,-1.388522374,2.1663776188783164,-2.580828476,1
1.0656670925975646,-1.963079691,-0.93296464,-2.630741795,1
-1.380158179,1.6105264267034531,2.310091947283552,-1.670837089,1
-0.218712964,-0.178055712,2.241451834558405,1.5767943172548327,1
0.07846331,1.0244832028306403,2.0841303234562005,-2.942766276,1
-0.582659814,2.443459003662472,1.4418781850637084,0.2570482460044481,1
0.17786716221080034,-0.913379414,0.12312320184908732,0.9322991967807193,1
-0.489821769,1.2849188783530439,2.167393363562315,-2.071890911,1
-0.290717863,-0.551879452,1.1247888242983688,-1.500795208,0
0.8415054897136578,2.2649354503889283,-0.491210401,2.4660942,1
2.9589824336008705,-2.3634477,-1.601680872,2.702278508892559,0
2.749966119,-2.413756348,-2.910008998,-2.03339986,0
2.9760767,-1.9200023,0.015285640332138861,2.0905063585830668,0
-2.877590336,0.6269338935507571,-1.337847307,2.174009498638389,0
-1.299233104,1.1205343216914532,1.0453177946843812,-1.671038707,1
-2.791204801,-0.544502557,-1.264841088,1.8538664976822519,0
1.802185130732072,-0.257856287,0.6390733519393135,0.6255570959215513,0
1.9629488905657402,-0.449985515,-1.347319921,-1.409790491,0
0.21715367569322463,-0.305110784,-0.359275374,-2.453175965,0
1.3116224441411735,-1.717579872,-1.818278219,-0.523450078,0
-1.63332995,0.503149604,-0.771219964,-0.306529664,0
0.22301592962417338,-1.778786865,-2.065490263,2.2825314172416284,0
-0.397657783,-0.527438342,-2.786327098,-0.012142184,1
0.3250183296660003,0.3530452257279988,1.242187015937306,-1.93510899,1
-1.486661195,1.864382791382476,2.683023701060364,-2.184403516,0
-0.014102673,-1.714942484,-2.63956099,-1.046979971,1
-2.137874249,1.2595984406054779,0.20235248202866662,-2.136993174,0
-2.94455047,1.8489422941452762,-1.942833563,0.6372998533245959,0
-0.978468522,0.5129156298902133,-1.106078238,-2.478362636,1
-1.662299949,-1.871648601,-0.431883885,0.9497027005569443,0
-1.41716355,-2.927580388,0.11362418558854159,0.6345569361538326,0
2.777222964010858,0.5368248185594808,-0.172964644,0.44040975538622273,0
2.567403779172162,1.9702688736098777,-1.0621276,-1.576473818,0
-1.424198326,0.026526238,1.4642967073714672,0.019315243097772772,1
-2.593221625,1.3414842026398857,1.8358207720257234,-1.263012809,1
0.9847544357001023,-0.440448594,2.3347161343646565,2.071353348964439,1
0.1525919898578536,1.1490332748815666,2.300098206132624,-0.02569794,0
-1.120495557,1.521996827457487,-1.679602471,-0.668813112,0
2.1943634226407625,1.3465340416158904,-0.577133969,-1.711532986,1
-0.864189655,-1.295375105,-1.943464272,1.4599974813939403,0
-1.487580679,-0.274995179,-0.684843319,2.892464271813785,0
-0.653446535,-2.520105103,-2.461045485,0.5445223281183891,1
0.5961813104295937,-0.487446057,-0.408937846,-2.676404503,0
0.099279062,0.028436852282109903,-2.102704089,-2.376963683,0
-2.258565056,-2.393830521,0.6582491732205589,-1.821104086,0
-1.491419087,-1.958567135,2.7470118266910184,2.1277047789110126,1
-1.617030976,-1.034602236,-1.740642946,-0.048744243,1
-2.882336805,1.0282080533807747,0.13894889890584983,2.3918335698066198,0
-2.013643894,1.8246554763667895,1.7517660868002949,-2.236912865,0
-0.608644655,-1.979084153,-1.471676997,-1.420522951,0
0.33741836415463666,-0.531534409,2.686396824037832,-2.241779148,1
2.8421528091011927,-1.616168159,1.6372436182911185,-0.966180443,0
-2.141511627,2.1473351114774397,-1.146834605,0.9531324253610531,0
0.3986621105197594,-0.169462144,-0.025083164,1.3934274845537251,1
-2.473362515,1.0090839717474314,2.374872608391472,-2.653270818,1
-2.156079965,1.2997916202121882,-0.376310111,-0.578708275,1
-2.178200193,0.040620244,-2.240728133,-0.140277262,0
1.5816917937699397,-1.450413853,-0.115282991,2.9520958163810143,0
1.1199025401242233,2.0481406278311916,-0.510914361,1.6071655387551314,0
-2.756944962,-2.262532905,-1.781576442,-0.588288452,1
2.0744692699545793,-0.922403695,0.9277271610927773,1.2558857688209004,0
0.5170941245300487,-0.856548191,0.46232005028126544,-0.946406443,1
-2.496757569,2.9568238691160866,-2.236905278,-2.565909697,1
2.2711844952429354,-1.188992035,0.9017818444410457,-1.025965622,1
-0.651274375,-1.427322168,-0.941735965,-0.535797596,0
1.3224964145540579,0.069217165,2.661391302941862,-2.748717637,1
0.018409935792169208,0.505348733,2.5211819164456433,-2.705048858,1
0.44099750961129613,2.1217795711677425,-1.548433631,2.2577540911436245,0
-2.885739544,1.3947277748023783,2.5986793270119186,0.9431859698403731,0
-0.365824536,-2.730713901,2.520682879935773,-0.178222664,0
-2.826019534,1.1389264279725717,-0.108976479,-2.253928095,1
-1.714369144,-2.613055917,0.4457612382514413,0.7321768755120557,0
0.03445379,1.9026127980156895,2.1660529278480816,0.6937463800987596,0
-2.923461122,1.1713779344864141,-0.492004698,0.39334489935832195,0
0.8944836121133064,-0.898580314,2.5025910310307653,-2.1961508,1
1.0290708436862248,-2.97384252,2.5479066324310846,-2.324975201,0
-2.430694619,-1.001954202,-0.758602284,-1.714199566,0
0.5107299655627484,-0.342515412,-2.794946466,-1.082087626,0
1.862597481439023,1.1382092091712117,1.3492251214792823,1.188701544501141,0
-1.134161872,-2.402016468,-1.365196896,1.9907118011109555,0
2.8828247866984267,-0.036917912,-2.94179787,-2.159731127,1
-1.067516548,0.47151209155769847,-2.549438125,2.660143792,1
-0.80949796,2.4755053075489384,1.6831308165421301,1.5326236350934863,1
0.6403174786933921,0.7607029023110679,0.8280194112974888,0.7723283221534927,1
0.32236938839016727,2.9184841108973334,1.3937434045541766,1.6616783303551266,0
2.2347768905020455,-1.706161424,-2.497175045,-0.10263338,0
0.084484174,1.9750906796995062,-0.337298524,0.4251181532658763,0
0.16242563108075014,-2.770783297,0.6912893795814838,1.9682597146455132,1
-2.054996712,0.5659904035595744,0.5616632666784862,-2.014890216,1
-2.259218558,2.8803116578589085,-0.637684982,-1.635469628,1
-1.972052733,1.0056102814994103,0.6566717839636729,0.8613127379245049,0
-2.471963835,2.3612075009906217,-0.664401619,-1.119783561,0
-0.225831317,-0.659603606,2.181462018834875,2.5755658511873527,0
-1.179280701,2.1836148447597292,1.6891387771984032,2.584846034068571,1
-1.525498127,0.46175490072587433,-1.352732492,1.9445669429062455,0
-2.968054857,0.38891497731837665,-0.964779412,-1.063897758,0
0.8694379431895021,2.108906695883963,0.6551723483599572,2.1190378718803347,0
-1.412417329,0.11701112858988694,-0.296780766,-2.930130603,0
0.34087285884444096,0.9691459448770496,0.5514864265144204,1.4176793927005287,1
0.4280371707184627,-2.599498471,-2.301326855,0.5788474652637143,0
-1.350124848,-2.522129226,-0.422383539,0.32593558850193194,0
-1.02752407,1.322602213354668,0.8626236486074679,-1.003089833,0
1.5292351734513634,0.8921702551982129,0.8246722723074127,0.32056620472240827,0
-2.931661991,1.1790431008613345,-0.743749253,2.6556582609519337,1
1.9079086264632323,0.5261668171878733,-1.486908109,-1.77769564,0
-0.957690974,-0.140592339,-1.22360694,0.089576972,0
-2.007777447,2.866276877,-2.35245267,2.591664837926232,0
2.481468068416169,0.15216289091698787,1.3494616310165064,-0.383710212,0
0.7802074652546294,-0.956544375,-1.193045881,0.469378717,1
-0.011221955,0.4772182148998865,-1.280036512,-0.798253009,1
-2.496612236,-2.686341766,-1.479257222,-2.554518844,0
-2.377351748,1.8775704323636226,-2.766757818,0.9536567636084565,0
-1.364653507,2.2292740842487584,-0.090046293,-1.166541244,0
0.10583361413660697,-0.708251886,0.38580638801898104,-2.31280279,0
2.9819430168753067,-0.446664734,-0.910616162,1.2612590898975888,1
-0.816603561,1.999645830172546,-0.274375654,1.3173504795926094,0
-2.355280701,2.076715113330671,1.4143079206686586,-1.729699329,0
-2.128283942,-1.102245908,2.856423516191426,-1.459010553,0
-0.263236746,-2.819878646,-0.616634823,0.4279200925986162,1
2.7187476750477906,0.10041626964038652,1.9146439570661267,0.2827658554134036,1
-2.755289919,-1.109950349,0.45329704698661955,2.7035637955867458,1
2.154782159,-1.629866315,-1.67934102,-1.792962197,1
2.5349933778150184,2.115996918610324,1.649300593517692,-0.643589315,0
0.026284225792601035,-0.214009531,-1.479611355,0.030168277,1
-2.817020713,-2.209137759,2.319537577013678,1.510078602188539,1
-0.462789546,0.1029021737032636,-0.780006684,1.4446792029640347,0
1.7051230753924775,1.5797111412189544,1.3356703490066977,-1.772973968,1
-0.972180125,-0.18092739,-1.015242051,1.5296412009499738,0
-1.023878855,-2.170607479,-0.605757288,2.8794865966942815,1
-1.644711522,0.6729519536593744,-0.402161701,-2.573852594,0
-0.072740364,1.212985971889875,0.079319855,2.2326363824794866,0
-1.2663779,-2.482504972,2.619393669948037,-0.730821903,0
0.45843330872180044,1.752018756781176,-1.054118017,1.2969872290656674,1
-2.187486901,-1.252237517,-2.131736183,1.8673833504081472,0
-1.664104589,1.3044213324312617,2.659790383473915,0.16663325441326204,1
0.2401751535641261,-0.233798591,-1.04465914,-0.146069814,0
0.6168451936005566,2.9159494330239557,2.6265873559093453,2.1729177497587306,1
2.334783214,-0.1929049,0.9446659630647889,2.3704003376172853,0
-0.64229541,2.770574870072813,-0.505283628,0.6064959923592941,1
1.2588282796342316,2.7035520784556297,-1.532302356,1.476785869431854,1
0.12489351686449313,-1.388657156,1.659641038778343,0.31333368104307935,0
0.9658429238980548,-1.062593589,-0.112356289,0.7041255059284026,1
-0.570535114,-1.809764761,2.769842953891824,0.06880524,1
1.4035222217262033,-0.533716839,-0.869209416,-0.557014209,1
-0.544820137,0.2650806956517213,0.2608192198881789,-0.017077105,0
-2.19128529,-0.023547129,-1.985376597,-2.243185282,1
2.5958743040470065,0.6297000788862253,0.9569403487475059,-0.589237978,0
2.453885351489185,0.8275829374779926,1.6150192171415245,-0.788625186,0
2.760071284914753,1.9227677409498902,2.123690778087262,-1.966834395,0
-1.374220753,-1.286240402,-1.374544661,2.1324489726257276,0
-2.808691229,-2.543400066,-1.356510776,-1.800762152,1
-1.608842317,1.7876591355197995,0.37875956335228134,-2.965376032,1
-0.424063406,-0.552690439,-2.316328383,1.0568507316087423,0
1.212583130276947,1.3253593143125864,1.3708256733515523,-2.999683038,0
2.723524823080333,1.885252602327978,2.4238901795357117,-2.906140228,1
2.6031527747144363,1.8587311721286284,2.023314857752192,-2.440275692,0
1.432668173511586,2.7595001378525463,1.0712840485089643,0.42336842774763905,0
2.6737780664939823,-0.34237727,0.595761398,-0.141970239,0
2.597077328161795,-2.543491639,0.006718205,1.1217146483126301,0
1.7514392305334212,0.49811188466481804,2.453506464728724,2.651948681,1
-2.614084661,-0.585776763,-2.85924587,-1.023500056,1
0.2212093078236128,2.4647695830596934,2.0793259347924167,-2.23500164,0
-2.441817752,0.535604033,0.19270783475269582,-1.401734151,1
2.396718507323011,2.5641984567693203,-0.58433137,2.3418153426811212,0
-0.696306634,1.4209009909782004,-0.144346695,-2.264501061,1
2.5676052074221296,-0.27542044,1.4069222419344216,-0.796957113,0
-2.886714729,-2.396817848,-0.022683123,1.1397861427581741,0
-0.991588041,1.1729307550659023,1.1918135365917362,1.2236154439669846,0
-0.044868876,2.4893169007290243,-0.064820892,-0.298408839,0
-1.803715086,-1.154069476,-2.745993045,0.8012117616970214,1
-1.508785536,-1.175068473,1.624887129985927,-1.036672901,0
-1.546824648,-1.985653505,1.6491504130917356,-2.221762452,0
-0.277477438,0.041580696,1.1243394761142875,0.7997008939979731,1
1.8643240376710484,-2.731491396,-1.221355651,-1.319195287,1
-2.123898566,-1.264930477,-1.141408115,0.1313067715648697,0
0.9822268735575364,-0.713396918,1.316821387880287,-0.983007969,0
-1.258297936,0.24712833514214605,-2.857701838,-2.521265258,1
-0.492182738,2.657476268350539,1.3290706790605418,-2.471240583,1
2.077908076685242,1.3938046236490855,0.6656791542159191,1.921757763655064,1
-0.575340914,-1.670993695,0.072140335,0.29305053356084265,1
0.2299582320594724,0.39044274888063146,2.6922295094350845,2.4134737385773883,1
2.2543022193536366,1.8085008654517631,2.660568643591712,-2.40903215,0
-1.409260431,-0.029664326,2.079206958740431,0.030994269136394692,1
1.4882084360495327,-2.166240569,-1.485517122,1.3906565702260343,0
-2.011595947,-0.891864392,-1.410802453,-0.900829835,0
1.2499442944678218,-0.792916913,0.3315799356476412,-2.400408738,1
1.8301061594077668,-0.780668246,0.8912049542000546,1.3523376099709958,1
-1.742034467,2.3080499097200997,0.6973455096417176,-0.427649149,0
-1.905988899,2.653805627,1.530409224789751,-1.751852624,1
-0.973735352,1.8580455485284393,1.1740659792920338,1.5947057562943456,0
-0.352793387,1.2988575758530017,-0.681037663,-1.732422498,0
0.7960622090481597,2.8560835535927653,-1.136394172,-0.234182447,0
1.0440082264191215,0.24903769273492715,2.060566774254296,1.570456238817096,0
-2.650216777,2.990527403542644,1.5144147223168032,2.1834198977646793,0
0.9071862725720781,2.1377107682805736,-2.32570215,-0.913572987,1
2.2585256616269564,-1.790068732,-2.530547409,1.728713639671314,1
2.0129169338597777,-2.024086691,2.1260758966962925,1.1206067735830176,0
0.12049609929950345,1.981501157,-0.484504504,-1.836036263,0
-1.29088394,0.030984109759888856,0.18798475603905462,1.8334849586474018,0
1.7481163419140069,0.48819934322744896,1.6847129001928582,-1.84935925,0
-2.699612837,2.2418029358082006,-2.546673037,-1.519869422,1
1.171913697746307,-0.543312374,2.2578838194930526,-1.212121232,1
-2.92877192,-1.196066157,0.46845029510898994,-0.744369748,1
0.20923653455253177,2.259588713010112,2.4749103253822113,-1.404155612,0
-0.22715716,0.29486409144870684,2.6946747413294823,2.9917039149863083,1
-1.587556507,1.3618792280748924,-0.731813627,-2.951350819,0
-2.944484865,-0.236603955,-0.069990522,-2.864581821,0
1.1215645006458148,-1.235979668,0.3593586092156964,-1.194485561,0
-1.997194111,-0.556957568,-1.606359811,0.20880586151500857,1
-1.807028818,0.05043586,-2.055728911,1.0258482569147098,0
1.5236261066485444,-2.337634595,-0.193185528,-2.574769796,0
0.5890946732520144,-1.413574212,0.16574674103224707,0.10476605630574731,1
2.5461260771628025,0.2944993354123371,0.49799087830989386,-0.590081245,0
2.694477619096901,1.6631154566376578,-1.287568258,2.065257514657392,1
-0.405621839,1.9720028612015632,1.9373284097610117,-1.866778879,1
1.206846788301462,-1.256142184,-1.21504398,-1.221911539,0
1.3534094853596894,-1.621043749,-2.994564989,1.2914211208957989,0
-1.972891537,-2.373105628,-1.574903276,-0.720596866,0
-0.144562035,-2.732579756,2.823439995764163,1.2963783205173485,1
-1.060835608,-1.087816456,-0.308744704,0.7574689365781975,1
-2.1217616,-1.866421117,2.156607497001305,-1.462470457,1
-0.718830012,2.227631105700702,0.9788869763989352,-0.949728724,1
1.1021972743477244,-2.881900708,1.413855960068192,-0.077903757,1
1.8790928837067673,2.727825912,2.554731297,2.455590260732045,0
0.073019736,-0.839147315,-0.209788052,1.1393760198801646,0
2.3039866612271203,-1.758082182,2.5091589507702183,1.891081391819334,0
2.8731360910694077,2.281510639690123,-1.320376022,-2.364264532,1
-2.326553568,-1.252660089,0.6851023439072357,1.8259219565830351,1
2.395501841889388,0.7425203062153969,-2.966212124,-1.882099341,0
-2.401642777,-0.820053147,0.008105962,-2.739616929,0
-0.909132145,-1.924921952,0.8824209975532433,-0.214365784,0
-0.028094118,-0.433849272,2.736118262919402,-1.711589249,0
0.099985559,1.4161042101920156,0.3410664788073756,2.5741253143008063,0
-0.732189866,-0.217945165,-2.468866109,0.6539946663115712,0
-1.270728189,-2.038145763,0.2671877574270485,0.19386158027946365,0
-2.544770153,1.1892927209668365,0.7426331439051173,-1.865896304,1
-0.183390827,1.3219374988713595,0.17661444324765885,-0.627065543,1
-1.065969252,0.6623631998643216,2.634652189861443,1.0304690428649002,1
-2.551524578,-0.235890159,2.3449447890637654,-2.433225445,0
2.933254273,2.694416361872528,-2.530353116,2.600479923,0
-0.821204458,2.0682550024551754,-0.489699974,-0.354869324,0
0.8054585458652559,1.646864516,-2.797265094,0.5589359731628054,1
-1.879602035,-0.924302893,-0.912188003,-0.185637959,1
-0.995181529,-2.355833289,-2.126227569,-2.799372087,1
-0.178505488,2.726686169117931,-2.305948658,2.677586958018492,0
1.4001690883925608,0.8249928176049792,0.8716665319413774,1.9603658903776928,1
-2.358480814,0.028525941393250598,1.1825468295645507,0.5209226704413821,0
1.9966744261397675,-2.566369746,1.1442062369949957,0.20416638230830664,0
-0.725034816,-0.958350107,0.7249957966451572,2.345972247865589,0
-0.022944443,1.9483389844615209,-0.587061709,-2.385633223,1
-2.630965581,-2.691993772,-0.719099148,-0.976573495,0
1.3076221417354166,1.456929009509195,-2.694876187,-1.673260423,1
-1.354428899,0.2856719048568568,-2.132908657,-2.196352684,1
2.662733335247748,1.825217443786686,-1.916070587,-0.560593153,1
-0.866268004,1.746024444392444,0.061277499,-2.232901578,1
1.4339523789374633,-0.618672131,-1.422454514,-0.747008268,1
-0.013460618,-0.941306901,-1.548565364,-0.608987827,0
-2.884962536,1.6349870765778833,-1.974330639,-2.736572318,0
0.9221921574304752,1.6436167729420337,1.8829747895570588,-0.038944904,0
-1.767790892,1.4233660634989604,1.198278462926023,-1.522375595,1
2.420446535176758,-2.373771252,2.8961294375479536,2.161486865864788,1
1.1273918728744512,2.632499329678997,1.3338670099422467,-1.857258018,0
-0.347063171,-2.570981854,-0.662055466,1.4496181184232517,1
-0.681339894,-1.018234947,0.5721343350618713,2.2332271739933702,0
-2.714500845,-0.687177392,-2.050555549,1.172125504391218,1
-2.365652637,0.9888465514814673,-1.282914775,-1.806499118,0
2.618115346949912,-2.88885254,-0.373336369,-2.870238045,1
-0.098441711,0.006284267,-1.070025172,-2.207029335,1
-0.741674774,1.0335776395953964,1.6943748518667547,0.18450361432885387,1
0.5390063666385334,-1.796301773,-1.276018001,-2.02862634,1
-1.5042279,-1.650679319,0.11669271834742556,0.37613253474437647,1
2.6696845249290266,-1.826576117,0.8500542609689754,1.9035556139251373,1
0.36144878269831526,-1.469978085,-1.42469862,-2.764481682,1
-1.167334641,1.467622074,-2.714893457,-1.684228305,0
1.2373949911906914,1.6959093769372595,-0.26808954,1.1884460308718934,0
-0.672286988,-2.04052053,-0.611103039,0.47980692121885715,1
2.688319691117342,-2.587494287,0.044364563,-1.026481331,0
0.049870166,-2.856147316,-1.121847872,1.9192088851620301,0
0.3236504031278251,-0.296505043,-1.28684957,-1.211744863,1
-0.701391398,2.013424259787362,2.8032792408496103,-0.368067712,1
-0.639882968,2.079304654919177,-0.438568076,0.3121090337739072,1
-1.614350012,1.4610152146744513,0.19192990962469114,1.8542073014420497,1
1.6843963801720179,-1.70997139,1.2938133033465746,1.800326447708228,1
-0.923356555,-1.964345323,-2.984207067,-0.294578081,0
-0.885403611,0.32945900295245334,-1.871753444,2.1579932859988507,0
-1.453468706,-1.641422369,-0.115715661,-0.006893858,1
-1.709488627,-1.36883564,-1.981768565,1.3107610699390007,1
1.6205341875244912,-0.226029015,1.2845221361101045,1.4156123516246728,1
-2.170346834,2.7970681490072202,1.9261916825785859,-1.773099233,1
-1.883009786,-2.246033127,-2.169728625,1.488970794172177,0
-0.182074458,1.697605036439203,1.4775293661012325,0.6276762810313299,0
1.1181996394720777,-2.889865654,-1.129334119,0.826933076,1
-2.943930279,-2.802138338,2.111327894822299,1.1041491701524304,0
-1.407781601,1.127777040712254,1.7547400148355798,-1.159234301,0
-2.783775735,2.596674748126407,-0.92892097,-2.36110942,0
-0.048858772,1.6108067739848027,-1.670116112,-1.383059699,0
-1.543710079,2.950038316990069,-1.815577598,0.4531213017967439,0
2.551587849941786,-2.118620587,2.8251251872062015,2.684863406373747,0
2.3074319223495756,-1.712660872,0.8043303360658998,1.5653488377674414,0
2.916167569178578,-1.917457068,1.596155397115779,-0.96719298,0
-1.946241207,-0.471738353,1.7630154728916985,-0.210901178,0
0.225138601,2.9709564612007275,-0.605344203,0.6924045282554392,0
-0.80853479,-0.643286122,1.1738445206724482,2.627321856569301,0
0.2541537029539285,1.6103995736926793,-2.464760647,-1.733051775,0
0.012789845517194642,-2.879929658,-1.482870127,0.1044077389497966,1
-2.91023281,-1.412722283,0.084184917,0.438895488,1
2.5545101583318326,0.8720737395036471,-0.511585185,2.582107062798407,1
1.7092979003267654,-1.799946473,-2.214945832,1.0548698144563975,0
0.35929899346190286,1.738041682756534,1.4328303004721192,0.7512692031450903,0
2.918293029773353,0.201538381,-2.321365461,1.9696413888959299,0
-1.488879826,1.663812889,2.742642576000309,1.1807730837860477,1
0.5761809656988066,-0.237682946,-0.813540804,-0.881971494,0
0.8182362342575438,1.5076387016264752,1.071102416906486,-1.809539393,0
-0.036076919,1.7498404330983774,-0.145775531,0.21973967841296282,1
1.6268162890249327,0.967591838,-0.543930475,2.3724762671653137,0
-2.024597588,2.9730986915419484,-2.286884529,-2.910300173,1
2.3401134068925877,-1.53027895,1.3781977646803254,1.8660922495924162,1
2.153918346192701,2.9495654139850007,-1.23576174,1.2614600515635548,1
-2.30760085,-0.559144252,2.0878301598755424,-0.794051724,0
0.5465722832136843,0.022640662347804152,0.8757091866722702,2.837366336,1
-2.665586841,0.4437691050097783,2.178172675501709,-0.11170373,0
-2.528836884,0.36323611450062554,-1.007556655,-2.070349288,1
2.094207079700838,0.12959707794672948,2.599658474,1.8360990276184141,1
1.1578307626420044,-2.96984698,-0.43305926,-1.81508231,1
2.464787466293206,-1.952496092,-1.28363969,0.10102060640699495,0
-1.419818286,-1.740811936,0.5945959506165144,-2.466422863,1
-2.650993448,-0.766528229,1.3239867270471741,0.3288405496436879,1
-0.462741189,0.3945093853474946,-0.807291092,2.616878012592677,1
-2.670570655,1.0403488741790117,2.3476959889665032,1.823308252,1
-1.895753791,-1.224441906,1.3022876322426278,-2.494376645,0
1.8711701989955039,1.3134416676287417,1.377639895412056,-2.398551778,0
1.306563268897385,1.078908751,1.9855349449311035,-2.750424262,1
-2.861335989,-0.761957401,-2.107270297,0.3503068654213317,1
2.504093409040493,-0.651121618,2.069702263635625,-2.998554753,1
-1.988912139,-2.817458762,-1.031116917,2.4491375741790167,1
-2.418287258,0.6384586604628022,-0.291024365,2.630809274194875,1
-2.264885145,-1.727832897,-2.822748188,-0.396388502,0
-1.333002603,2.2194356033419256,0.6296448791865306,0.6845444278542101,0
0.19146418128781484,-2.448897977,-0.329887898,2.9970311382510992,0
2.011375745076089,2.360754325002695,1.9393581554789971,-2.381749839,0
-1.635310476,-2.981270092,-1.178939251,-2.348355586,0
-0.163239928,1.0627649314434118,2.247031770228462,1.4953029905453894,1
2.6315135746710308,-2.676610258,-2.926920988,0.968028683,1
-1.263885539,-1.478993903,-1.014677474,-1.381223653,1
0.068618438,-0.359109317,0.074571308,1.0362816690026175,0
-0.677216946,-1.492153877,-2.002796779,-0.903155283,0
1.450838851477032,1.540229460668817,1.0014323201052617,-1.595830948,0
0.5285174751281865,0.42413796946108784,-0.094402811,0.2998739183031853,1
-0.049256204,0.39273819644464947,1.2930357277267728,-2.342230834,0
1.4977545128941419,-2.184683099,-2.60023201,2.8564781173288054,0
2.7419506132226488,-2.63738073,-0.340479351,-1.88253037,1
-0.087930617,1.9810634579975241,2.703670648457342,0.8055159207092242,0
-0.876565997,0.6199533938675903,-1.127992163,2.4589418449923617,0
2.222402778635022,0.3493905016779659,-1.051206508,-1.239661947,1
-2.799492032,1.8949251061517716,-0.297700722,-1.04920243,0
-0.17333787,1.9124279427279118,-2.252314754,2.145935929450964,1
2.3850530106501235,2.680247490203329,-0.615072045,-1.697157576,1
-0.758155089,-1.002527423,-1.943076525,0.6436000206089276,1
-0.140255037,2.1942059539440217,-2.807342517,0.8632075653307583,1
1.577693271069367,1.5569194151298422,2.3164438025731506,1.3742024569769642,0
2.566860369886178,-1.004060401,0.019256500509258423,-2.91552202,1
-2.958254476,-1.559240277,-2.395156817,-1.438731792,0
-1.937740233,-2.828879851,2.455824878436296,-2.950661212,1
1.4164928660225122,-2.087112678,2.4733777319975996,2.3567756375393145,0
0.9234068782155438,1.0334048988036306,-2.967965148,2.909229396681612,1
2.2669956214548863,2.370637354380552,0.9554672223052316,-0.931278428,0
2.361891894542885,-1.250898431,0.3762692600532169,-2.401614166,1
2.5317337807965012,-2.155377253,-1.650619166,0.34880494876929014,0
1.5845580012778893,0.7161078356177937,-1.607196523,-2.994341745,0
1.5429034818446352,2.9112439554665626,1.8594787218365427,-0.238760291,0
2.4226035683946394,-0.540913961,0.14960450546080528,-0.137221396,0
-0.314256764,1.6511446157634344,0.16061344361695173,-1.099697268,1
-1.451050994,-2.773516098,0.4991709712982759,-1.620231508,0
-2.111196468,0.922979783,1.0872555469292928,1.5129293535459958,0
0.021461378031548684,2.3643276312233192,2.6180565203893664,1.8442256387549367,0
0.8135608920491233,-1.177674278,2.897669529721327,-1.355182997,0
-1.784058468,-0.347075317,-2.658956576,2.870966788030745,1
0.5306013384985491,0.3417125499850515,0.9347776793983193,-0.017858113,0
-2.807618897,0.6738677330423806,1.297043261738584,-0.499505636,1
1.543773432427157,-1.637992204,-1.672340454,-2.031498074,0
-0.768031441,2.0820722123345012,1.9674723728943864,-0.703054752,1
0.5347124158814194,1.3248978988494935,-1.552759352,-1.991153485,1
2.832575959273866,0.7053438792577111,2.888494331001983,-0.973464077,1
1.2181901998447895,-1.664378181,-1.432798972,0.071412728,1
-1.082291247,-1.994270617,-1.422715788,-2.785509633,0
1.2265417288649196,-0.047300057,-2.434541602,-1.969836041,1
-2.384792771,0.6755568496552589,-2.434737818,1.5256939982112963,1
-2.876934484,-1.503745272,2.344000055351443,1.3111879087334763,1
-2.562190002,1.9267566269110787,-0.041789271,2.0806981630129755,1
0.6044386467023601,1.0909981921971523,2.9610093623742486,-1.605986724,1
0.7436734485683303,-0.23807166,-2.763288282,-2.913176151,0
-2.284628533,0.8945504432312887,0.40297852748035323,0.3205773669823646,0
-2.808859425,-0.184182022,2.547736907055171,-0.614448784,0
0.749534819,1.6789120537388609,1.703551674851326,0.1156804943716283,1
2.147711672414018,-0.65173144,2.332159289,-1.558637002,1
-1.318701558,-2.681276255,1.7734910192536972,-0.497668583,0
-1.625300317,-1.609258334,2.408399647375399,2.0034996027662215,1
0.32118531214309964,0.6966648024943263,-0.154046577,-0.650000743,0
2.4928612873099887,-2.246323779,-0.489319262,-0.932628552,1
-0.011095678,-0.254208753,0.11333718990648833,-2.160486137,1
0.078849009,-1.545487117,-1.894011906,-2.610994687,1
1.5759153525368452,-0.435348475,0.7598620998705501,1.3655600598284598,0
1.0758999918813208,-0.176995685,-0.672608826,-0.744240542,1
0.840292782,-0.03123387,2.0947934879310637,2.2482119059602725,0
-1.976637732,-2.182598091,0.7824055562159971,-1.192645512,0
-2.888575687,2.3318560161777304,-1.638595397,2.5756839101148543,1
1.3046067052695216,1.5759209394689062,-1.791231025,-1.594833446,0
0.12760652294439456,-1.967400884,-1.167409844,-1.071225132,1
-2.0422204,-1.768903,1.7313110520495396,-1.996824873,0
-2.829255649,0.7761296557736306,2.855898716,-1.012717112,1
-2.288065781,0.4223239522051845,2.438125266573877,1.7043706789708732,0
0.7350952104762962,-1.10966102,0.25128103965731974,-2.452530952,0
1.073672546,1.3505761133859053,2.790189737459513,-1.437615848,0
-2.889261486,0.27365078656290365,1.240743026380887,1.7424448552979275,0
-1.837566402,-1.429482786,0.075545552,-1.01639514,1
2.1630689195246706,-0.157439078,1.7974718646120174,0.4837185628941225,0
1.6385408497026717,-1.003962081,1.988499731581867,-1.352566107,1
0.27659284801974504,-1.715957321,-0.14684087,-1.090948743,0
-1.399779416,2.801910108168225,-2.039555367,1.723955024744372,1
2.9049897568992895,-2.880591098,1.1941644842525703,-1.482529167,0
-2.757073054,-0.582662526,2.611306861,-2.929409434,1
0.5273141515786901,0.008378872,2.2403049862262847,-2.495989713,1
1.089156179319902,1.0806581905996637,1.0144801011736995,2.654006969610222,0
1.938525174041283,-2.748163643,-0.173502896,-0.612281663,0
-1.139116673,-0.291979649,-0.69483489,-0.405996601,1
2.8755711936518544,-2.468202152,2.533385219032379,-0.118579719,0
0.742453473,1.9810977997061627,-0.837221825,-0.417468551,1
-0.542889118,-0.751613865,2.5531759298813697,1.973579347158072,1
-2.346000061,-2.351259885,-0.432782911,-2.40805574,1
0.7145585716267178,-2.137850356,0.13423958380080636,-2.956680318,1
-1.10042191,1.0631443420359323,-0.095766359,2.8696169159939284,0
2.2446227763972644,-0.845575326,-2.727080751,2.073757800690113,0
2.467405861888029,1.9237643605142205,-2.232300354,2.9874908064737262,0
-1.448494671,1.3452294768502204,2.4482092580143293,-1.585877314,1
2.4495513280623964,-1.143110525,2.858479334304337,-1.312439878,1
2.720614948547011,-2.678732095,1.255632070018878,0.19266680302202221,1
-0.132737537,-1.659034114,1.2335747386589517,-1.855143051,0
0.3170507759086094,-1.480527822,2.7337282786881367,-2.828212837,1
-1.801630319,-1.546136362,-0.515593045,-1.603618549,0
-0.051905458,2.2347931395512344,1.2723805284550247,0.47977188321066633,1
-2.465980932,1.1639526503356539,-2.001514294,1.7182043157701878,1
-1.499659449,-0.49770763,-0.897178786,2.1528834880491408,0
-2.240733248,0.39386929430873163,-2.147630343,1.2287750167931204,0
2.4304687667668867,-0.392354077,-0.071446438,2.5645370188965737,1
0.12594833189614274,-0.074409372,0.4699746162258247,1.1353784181777113,0
-2.358699749,1.9266631664490959,-0.386969835,-2.565908941,1
1.717096015189279,-0.73830017,-2.397795029,0.8026742372595033,0
2.2807881206018497,2.3265210564839176,2.745980848853839,2.2062327586001285,0
-2.987154484,-0.718553002,1.9112554794330183,-0.802481964,1
0.6092910382782368,0.6379016842471921,-0.809848176,2.4268435636877257,1
0.019370072316705844,-0.211294764,2.9850824739713753,-0.038997816,0
-1.929610488,0.078416537,1.8841004131195804,1.6611619613896886,1
1.731490590650826,1.2481427039874706,-1.474693026,2.172504515041389,0
2.3606607922575904,-1.83508382,-2.217266181,2.853629811534672,0
2.209943781902208,2.359416883,2.3182583077463708,0.2501209442023704,1
0.8784104199947982,0.27217711280184975,-2.692761905,1.473018512116636,1
0.0319922,0.8862544487413784,0.01583883,-0.049132066,0
-1.969265343,-1.327717709,-2.046883848,-1.826002226,0
2.8378642825218297,-2.081319325,-1.384377454,0.5435379464315098,1
0.6610714574198511,-2.076155222,1.7623045547112737,1.7112172074769498,1
-1.576093775,-1.268002184,2.6279271927569816,1.9540286758768683,0
1.186782198375143,-2.506600671,-0.490415515,0.35581123246096213,1
-1.875532272,-0.310640507,0.6061552649321396,-1.035739919,0
1.6856689137029228,2.0426974898328325,-1.058343183,2.031942926954743,0
-2.378540603,2.026374591735938,-2.08349741,-2.502437085,0
0.8506524266460671,-0.168375805,2.4473436024769963,-0.820864823,1
-1.277086419,0.004409437,-0.264322885,-0.933431723,1
1.1624477921899716,1.5573710034834498,2.1179038141808197,2.837139628262057,0
-1.400062847,1.296560894939769,-0.634450587,1.062491831706648,0
-0.144109858,2.962638617,1.3734128147444995,2.7149478026059466,0
2.009817296887114,2.4174060669802264,1.8865151832880498,-0.245045218,1
-1.48926928,-0.778078947,-2.878582604,0.14395900478800305,0
0.030346802,0.15150278898292946,2.8441873498323833,2.468724020729036,0
-2.02972333,-0.786704871,-0.456262923,-0.836802493,0
1.7909757816234784,0.14422601920552136,0.432598902,2.118081353927553,0
1.8355689204921521,-2.206730863,1.2834875045018057,-0.387383227,1
-1.232106582,-2.699887075,-0.076502638,-0.867379916,0
-1.490921762,1.1680303775817453,1.616912323893522,-1.531262886,0
-2.70331538,2.092516203,-2.940241553,2.622674963528832,1
0.7657192438962355,-1.068920189,-1.521132543,-2.945966014,0
-1.587171498,-2.173630191,0.6729973243388736,-2.000726468,1
0.171779025,0.5406985340668249,-1.21174981,-2.789610306,1
-2.776476716,-2.841916007,1.4347480028192772,-1.091941771,1
1.7778011158059819,-0.409603057,-0.282011395,0.077295615,1
1.2781887382506234,-1.358982805,-2.270475903,0.336344011,0
-1.038134261,-0.345052118,0.8816802500238321,-0.035245553,0
0.7216729026050572,0.26520001268176685,1.4387782316165953,1.2356197062697198,0
0.2051393508517152,1.0734181251582413,2.2413576136356763,-0.406372273,0
-0.523421564,1.585473725114281,0.49532302225196423,-2.573959319,1
2.352672094146488,-2.815301387,1.4903781372584586,1.5527648562258776,1
2.7186665116915822,-2.67519355,0.5811411647069455,-0.432956576,1
-1.016202271,-2.458088638,0.3759247180278553,-0.125755646,0
-2.372673251,0.6749370425825001,1.427718721517631,1.6036698063218893,0
2.4322391295745645,-0.543175549,2.7184366117328214,2.192576430496116,1
-1.220990574,-2.044301776,-0.387663623,-0.588607752,1
0.454315832,0.5003173939664878,1.4999219062798517,0.059339689,0
-2.371064154,2.1497480133186366,-1.141412501,2.8277847618395526,0
-2.292839348,2.7495070333950196,-2.453929159,-1.613783172,0
-2.720520347,1.2306788798339694,2.101792419430751,-0.395573509,1
2.571132450254578,0.5417944305335975,0.780042813,2.072515210204619,1
-1.21919877,-0.874405672,2.435711515167866,2.405780976232583,1
2.858896657205225,2.4110298986500265,-2.235767784,1.942345716821924,0
-0.540969131,2.9448081356756273,-0.166314214,0.32301649501332363,0
0.17864949154079124,-1.069577821,-2.549867467,2.3739073824115113,0
1.8160548751577208,-2.162839317,1.6606096281004374,0.7550799963036603,1
-0.545137272,-1.475873105,2.158372701013395,1.201129555764318,0
0.2864394568148212,0.6574112033907848,-2.453602908,-0.156481435,0
-1.837798243,-1.749697926,0.9678237737212001,2.4675369110057286,0
-0.577460337,-1.753504362,0.8924816234199255,2.2271222781019064,0
1.489912806734945,2.212543383219523,0.21932802606479607,1.5112574662151452,1
-2.159612644,-0.910352308,-0.662705013,0.067774477,1
2.5744581615409423,2.245779361333046,-2.192847046,-1.963262089,1
-0.854156702,-1.255536805,0.6886257189375735,2.416656286587269,0
2.7737492500355208,0.9216177152113589,2.0289552084065203,0.1512132013847829,1
-1.750038319,0.1481304725608643,0.33049560862590655,1.4547453852813392,1
-1.680702062,-0.790137707,-0.815835185,2.756637574446989,0
-0.336330238,1.530563803788879,1.5048682882466338,-1.406734891,1
0.4312181362303926,2.3658173599118886,-0.148813683,2.6707050440552766,0
-1.713250624,-2.555045365,2.348723238868496,2.086087188,0
2.9555392556030684,1.0763609286745561,2.6201275600028975,1.9616941505046652,0
2.066557998720521,0.41484942272560943,-0.705812412,2.6073484352596914,0
-0.407296946,0.23291620349801434,-0.323314157,0.3889098837611824,0
-0.176969526,-2.712194649,2.2922891160461916,-0.333637087,0
0.5336618910440922,-2.164873183,-2.979672912,-1.528259438,1
1.2275161928001017,-2.404832819,2.4533246423188073,-1.709864584,0
-1.772438314,-1.91095223,-2.916109722,1.630832810869408,0
2.250207187471551,0.6849762156971932,-1.87080011,-1.288332018,0
-0.144439816,2.7260757097398045,-1.515891769,1.389875423519328,0
-0.36331066,-1.21291591,-0.264504378,-2.572759695,0
1.7921242255821745,-1.540188432,1.3524727391578226,-2.589909771,0
2.7305913369941166,-1.841910088,2.2964524572424825,1.8568392576926067,0
2.8071595444884956,-0.132656034,1.3643837630757094,-0.775736058,0
-1.893790572,-0.341544402,-2.005505908,2.8922677367183036,0
-2.422521053,0.5352703407157224,0.7587831315243356,0.22847725724432522,0
0.9731153142710012,-2.30291535,0.33011114523174623,-1.276724573,1
2.64105638,1.5724299206383545,2.835086892958456,-2.774663582,1
-1.289200949,-1.82746448,-2.933072476,-1.546045619,1
1.0726559011225731,-1.613466467,0.054020673,2.3269086897899918,0
1.1625475220944512,-0.632225581,-0.765186367,-0.265585116,0
-1.937751354,0.8040046044959288,-0.815083085,2.114192095572262,0
1.5393159603468973,0.6630789845529605,-0.814786664,-1.74040901,1
1.6569111846337368,-0.081545406,-1.651499771,-1.82895231,1
-2.007594573,1.6629671772335701,-1.626076888,0.15985358115118498,1
-0.290721834,0.4776653953697032,2.262929402227165,2.206484340490384,0
-0.293543569,-2.907802496,-0.441337166,0.6371612245448421,1
0.34658855458837046,0.9080166348012328,-2.075545605,0.8792105926843954,0
-1.904090288,1.5031438841804938,-0.96547432,1.259372600288721,1
-2.712806407,-0.552839846,1.230207133579997,-1.638776902,1
1.7717222687833356,0.784678399,0.5253706328987899,-0.878706875,1
-0.105291178,0.5840958058671184,-0.165227317,1.1898799436433602,0
-0.397818401,-1.78636091,-1.716397303,-2.965177387,0
-1.194253707,1.4935058428711177,1.7649762530256572,-1.785194747,0
2.754263981228446,0.014416760880760382,2.5018724941110158,1.2405916911697865,0
1.3346005381344783,-2.489738272,-1.680053239,-2.947111,0
1.2967658428604247,-0.933370269,1.719915096458081,-0.96638268,0
1.9160025137931669,-2.215810478,-1.959761059,-0.954740762,1
-0.549075667,-0.907783135,1.5818821951393192,-2.418291644,1
-0.892697882,2.0234399970927566,-2.599217536,2.6540610460281444,0
2.917901053632077,-2.468590957,-1.252364866,-0.765596004,1
1.6583482119163566,0.5755608727004029,0.8661942029554042,1.545058936911036,1
-2.292126003,1.9992567414615738,1.2337188250808637,0.4640503511782219,1
2.3384120086983398,1.201838123302843,-1.789800224,-0.421527714,1
-0.035742798,-2.668694239,2.7278250801603345,-2.228536435,0
1.1847676033603616,0.037386217,-2.846206501,2.548484855,0
2.111020852913599,0.1455475674230131,-1.626345983,-2.270262656,1
-0.819645123,-1.467430314,0.040147206037792316,2.7984557767405738,0
0.4497209593778484,2.339586335340588,0.9052730249746634,-0.14852084,0
2.1276453764002277,-0.171791339,2.211769023062166,-1.250539383,0
-2.227121557,2.1318867861776303,0.5244909827560007,2.3345543894937606,0
2.626963241954299,-2.678229658,0.005815811,-0.750212706,1
0.7551503824207026,1.761547183213941,-1.316458704,0.34079030623902984,0
1.2523714794293976,-2.193413503,1.884401435707601,0.6366575991178385,0
2.6972246226819108,-0.962826485,-2.351124346,0.039007206,0
-2.48513537,2.8171591399440405,-2.76789025,1.521023406643848,1
0.15061438885346412,-0.788276085,-2.604947013,0.7330015450416463,1
0.5113219763457315,-1.314700362,2.461330208461873,-1.175339956,1
-0.301647536,0.2625747355119339,-2.398608731,2.592970315281794,0
-0.752783085,-2.515324717,-0.676252958,0.6012152825554842,0
0.081916031,1.1672518442236441,-2.667096348,-1.292756338,0
1.915383461040614,-2.520637873,2.132915728175745,-2.448623448,0
2.006725289350177,-0.835269594,0.6732543795432946,-2.082677306,1
-2.60298767,-1.704370776,-2.232877093,-1.125564614,1
0.086299479,0.5325567813900571,1.7392086442784578,0.9374393594901518,1
0.6525499507773178,-0.529307835,-0.15714939,-0.512875024,1
2.0529961803682983,-1.619997285,-2.965674411,0.9079193833574357,0
-1.785226898,2.3406908178588557,2.1542779782399366,-2.539635768,0
-2.361669568,-0.028970447,0.655335977,-1.350549975,0
1.3007863001962239,0.5694961255132291,-1.051055342,-2.847771072,0
1.5009016877911066,-1.711478005,2.006842461,-0.47825844,1
0.46246465579059226,2.2376923824540116,2.181738006,-0.770882549,0
-1.746666644,1.6508764663715683,-0.401518778,-1.847748039,0
2.426552053902901,-1.811374835,-2.845156991,-2.878320157,1
0.7338921387255857,0.9700503643051821,-1.13374977,-1.079934065,0
-0.96303651,1.080951280553272,-2.651197254,2.574698116147954,1
-1.664873735,2.9980392314525535,-1.970863837,1.6292787438742646,1
-1.65952473,-2.51491919,2.249599946103893,2.152507555145352,0
-0.578577645,1.214376855242561,0.3423955961035028,2.1177366820424925,0
-1.109664184,0.1420343999939111,-0.087765773,-0.876565042,0
2.3487303873382332,-2.004732452,-2.102948163,0.4614572119365081,1
0.94496538,-1.832284474,-0.655695346,2.679383057872462,0
-1.520295464,1.010164212704364,1.440896362185545,-0.311227803,1
2.625155920557498,1.4199404113127425,-0.252452521,0.4160112106565639,0
1.1556806605506038,0.5531410825753094,2.2721855029564555,-0.858668026,1
-1.20068556,-1.716966663,-2.773302192,-2.741916214,1
2.2203311586556964,1.070358878435444,0.9631944926189169,0.6878569136093162,1
2.095314868164629,-0.118398446,2.222464971349802,-0.843329843,1
2.5602450260345435,1.191941880487441,-1.456937184,0.3845095301317505,0
0.19818336892953337,-2.17260707,0.5474574345036847,-1.111286258,1
-2.685907399,2.691936946239389,0.848942214,2.261513591225082,1
1.0563360300795193,-0.858097847,0.076128434,1.0544805620830626,1
2.7615139512086255,-1.477983245,2.2498623517447065,2.5444668317656163,1
1.0224930879537393,2.5875997644080266,-0.612728475,2.718097056242657,0
1.216697262995849,-2.747965395,2.441236990914317,-0.093163146,1
-0.238038091,0.39879963587780587,-2.103692719,-0.185003709,1
1.9867633003064746,-2.907105245,-1.362497038,-2.985272481,1
-0.505732145,1.369893062962408,1.7926309746877713,2.671138566762039,0
0.651027678,-1.4722388,2.5448876948201935,1.651894523282257,0
0.4465708980188672,1.1738412943136156,2.5458981300445753,1.2743641708375302,0
-0.789752954,1.2781692137345804,-2.758331024,-0.681506629,1
-0.562061809,-1.998970593,-2.861487117,-2.19971258,1
0.9277289747823305,1.813732898182125,2.9292209563618448,-0.921818981,1
0.5962753335666102,2.622869800890731,-1.997749312,1.3058735180564565,0
1.5298723988949794,-2.466146785,2.1674963110983905,1.8786302826650632,0
-2.799581961,-2.453493511,-2.705238637,-0.991538809,1
0.055733944079556785,0.1940863677277731,-1.393999441,2.4695813193616445,1
-0.790423261,-2.726699064,-1.198637331,0.18665653526493298,1
-0.550669064,-1.356944885,-2.212060501,1.9149870005773781,0
2.9768714527451507,-1.022747199,-0.710273735,0.7082251480617421,1
1.3106488484132477,-0.647822791,2.4295771018908914,0.3600239353735102,1
-0.297659542,0.8800365189594306,2.7168230894950387,1.7673137665302328,0
-2.759921217,-1.006140536,-0.17673189,-1.112894567,0
1.2011253649827394,1.9576148991754865,1.388070571,2.935999720969652,0
-1.364714113,2.2499369701465284,1.5997359910469173,-0.826927455,1
1.4047472619418118,-2.375544261,1.7360008940433138,0.19398361552261578,1
-1.246258964,0.9346638107050809,0.8497199922864542,-1.743082664,1
-2.817615511,-0.398264479,0.4170712160665273,2.259631670223591,0
2.5693007738855664,0.1728313089405984,1.5228209026112696,-0.364180366,1
1.4764929394373585,-1.77119085,-0.773611591,0.8053679928816888,1
-2.891052206,1.3347678620337238,2.013213007609001,-0.605150033,1
-0.312345497,2.107693273299186,1.6539278119562004,-1.271103066,1
-1.056143361,1.0732693943435798,0.3791885546889673,-2.026622573,0
-1.140420545,2.3998996612719248,1.1290466203335807,2.915845906113117,1
1.6020751798846167,2.651846592861541,-1.702868557,1.6289092489015546,0
-2.878694879,1.0245601302692036,-0.184306331,-0.919439568,0
2.1744261137585346,2.125606155945184,-2.866189771,0.657030735,1
-0.793006654,-0.506033991,1.9922444353126556,-1.140961371,0
2.6582928638257206,-1.922197042,0.9763345402090664,1.0326304020825887,1
-1.486829031,-1.051496346,2.0087909554796424,1.5708315297297144,0
-1.025424718,0.2037392816096033,-2.629918222,-1.747524706,1
-0.085076647,-2.484157588,2.059994129351625,1.3080372606458877,0
2.661802023890969,1.1608014357841627,2.6424082335731134,0.32707533414578993,1
0.6013116663718163,2.8618263277575657,0.852774881,-2.815280587,0
1.3428166597831392,2.4328121528244937,1.7734814987659595,0.5029996357525359,0
1.0278210785610984,2.941150736,-2.456027469,1.0034689717994372,0
-1.299613833,0.8405423795170206,0.6457414553036327,-2.079259007,1
-1.759520126,0.729777468,-2.230620316,-1.408914749,0
2.0114732864280143,-1.037450964,-0.071639062,2.6468420108750417,1
-1.637105467,-0.662243896,0.6387466532612738,1.5320335770238334,1
2.409920320276231,2.4928379254410906,1.6598404462357372,-1.63001498,1
-2.85114402,-0.697356418,-2.150706894,1.2623258846297887,1
0.9667835209543005,-2.73617015,2.019562674785707,-1.507540402,0
-0.406637547,1.007602412734455,-0.423487279,-0.352273183,0
-2.606232028,-0.591338704,1.589087359319901,2.491058023119587,1
-0.519017178,-0.458485039,1.2157626379419124,2.6566320066316598,0
-1.397634359,-0.359134761,1.775839461313807,0.6581614162442309,0
-2.336481936,0.7663964133735943,-1.879522292,0.061295604,1
0.17461960596263104,2.257220173349909,-0.225034356,-1.323345467,0
-1.614201911,2.245511260106017,-1.973934873,-0.444788635,0
-1.87696131,1.6398242406862522,-0.15376416,-0.893137857,0
-0.833402156,2.113285240337877,0.32264372576662836,1.3072071067875815,0
2.382231097504107,2.4104500562438522,-1.028945674,2.7147075788783113,1
-2.850744708,-0.738986634,2.374793145053049,-1.352178721,0
-1.361511298,-1.18426629,0.6738803090815333,-0.370003346,1
1.3604090181200554,2.3694638553879948,1.045196249657164,-1.773199679,1
2.5960914141630127,-1.41304276,-2.100634228,-2.460196327,0
0.3803024439969933,-2.317425225,-2.167344695,-1.199817116,0
-1.310081942,0.6254370619928538,1.900471676836089,1.5680979372173542,0
-1.425093272,-1.528137012,2.794749180641806,-2.95058255,1
2.278323198361295,-1.801628885,2.6837059385386066,-0.946156291,0
-0.357889357,1.242723683666286,0.5260143088395619,-1.092364022,0
0.3229854952069413,1.3842413061773176,-2.745990325,-2.932804168,0
-0.251598366,-2.208980293,0.9860657487882865,-1.715685263,1
-0.402893359,-1.813974379,0.2909015144947471,-2.303679244,0
-2.861358883,-2.693210171,2.7255506490918595,-2.146282688,0
1.2508695188210108,-2.592442775,-2.351037887,0.053257508456008296,1
-0.210774419,2.7094818566392176,2.6690127181244243,1.6776518552547905,1
0.6126109807640985,-0.270238096,-0.862928794,2.6825252818533327,0
0.6174528685481135,0.4744351661159669,-1.608593269,-2.719813093,1
2.6711314785572666,-1.117588447,-0.34446586,-2.312160338,0
2.0215459794557518,-2.834209003,2.0039445725945786,-2.158289923,0
2.319384675786912,1.3786358240169445,-2.011978425,0.3949079571568088,0
-1.124062114,-1.930601407,2.155093196,-0.578863401,0
-0.608737714,-1.980679951,-0.701605943,2.2297010779731012,1
-0.821227737,2.7096213749987283,2.6778533952503247,-2.130608044,0
-1.936132479,2.1760444219913353,-0.643434486,-2.973756106,1
-1.356769082,0.585773959,1.7955957957598079,-2.199668297,0
-2.336751813,2.532555921,1.5068902069354957,0.5386776046684707,1
1.615120739975568,-0.426873832,1.5507344838547592,-0.769182052,0
-1.535432565,1.3740805277578119,-0.481966247,2.888262625957169,0
-0.903088906,2.530364523186396,2.5977752914024768,-1.548882318,0
1.7893270895280802,-0.401552969,2.505148363382088,-0.299254364,0
1.465822304024197,-0.198195545,-1.633195466,-1.803899226,1
-0.447412834,1.532967942085289,0.6304289110846009,1.1317757394032597,0
-1.306041896,-0.111387924,-2.73362841,1.9051944957487237,0
2.939352973439248,-0.558725624,-2.934218081,-1.981244163,1
0.9151612665025128,0.6724759092231549,1.7271883175132636,-1.476695934,0
1.5817914932828039,1.1279041291420189,-1.063113014,0.272928888,1
-2.116357149,-0.284612979,2.287184037333846,-0.472851721,0
2.0374002388525323,0.5415201915581664,-1.848739721,0.48663746818737863,1
0.035899975,-0.608151989,-2.282217363,-0.499748017,0
-2.563425743,-2.407385692,-0.504500802,-1.167711108,1
2.553265955173341,-0.745765168,1.5471487324326008,0.18148515819745636,1
1.224514011854013,-1.439304102,2.6514298370299745,0.18053098148654367,0
1.987944427711498,-0.809725839,-2.398731906,1.0422698863250925,1
-2.95344211,-0.148242141,-1.843188584,0.764253027,0
2.876519238827113,-0.213582562,1.9049895391540002,0.046705122,1
-0.024959813,2.5825409590726665,2.339795212480089,1.7148027911278465,1
-1.22246548,0.27005049434364325,-1.6566166,-0.336499812,1
-0.094721605,1.989840241015985,2.3761701919499583,-0.512279626,0
-2.89377333,2.1706430387361273,-1.954327929,0.7312917833423613,1
-2.850174597,-0.602961148,2.9157618126920983,-2.395838393,1
-0.457841088,-1.157100299,2.430528740329586,2.2160406474441308,0
-1.573807438,-2.512873278,0.7628303643667049,-0.981787729,1
1.0325063436363786,-2.807281464,-2.199604589,1.1182333966358602,0
-1.725776068,2.1455260545744093,-2.648454674,-1.707108103,0
2.9913614909104123,-0.401543384,1.217793981267861,-1.904021707,1
0.6592124099132262,1.3566364102165114,-1.113140185,1.9733826718552665,1
0.6205054708336997,-0.665261942,0.34585436005895165,0.4605650846155456,1
-2.006788244,-0.583605781,-0.939416472,-0.594583665,1
1.5666635309115478,-0.104769555,2.6418969194355864,-1.23794152,0
-0.50577853,1.721740862874249,0.27614755992450135,0.2821688785466865,0
-2.679959022,-0.608402024,-1.375597605,2.996010736986692,1
-1.149869576,2.306979208763181,1.0574024102428652,-0.954501545,1
0.26120627024474175,2.043215279695163,2.3002097881854713,-2.03763675,1
-0.962561153,-0.988660919,-2.747731224,0.589426559,0
2.1289203179531277,-0.710553673,1.4402156699050623,0.7662024816044397,0
-0.746107587,-2.153641203,1.2559431166558035,2.1273910136474425,0
1.115126954408951,-2.892729096,-1.702602634,-2.583120091,0
0.4223165974573604,1.538866073042474,-2.336524878,2.0300269235603112,0
0.33305387037289913,1.1398140728503492,2.828411091651877,-2.497914071,1
2.407344137866735,-2.243383824,-0.64224716,2.108632177986686,0
2.4375254204272094,0.038230041,0.5646278296525509,1.248884007591343,0
1.996552010716285,-2.270932983,1.8604158493753662,-0.112343097,1
-0.296259449,-0.456601488,0.055269511476255584,2.670303320367621,0
0.2892226367529096,2.7190652295788356,-1.918259216,1.3448158729957989,1
1.873437231652483,1.0747729880091716,0.6415336813592423,0.3888766865170936,0
2.165582895472176,1.9298795829870006,-2.266267673,2.091525942185269,0
-0.515588283,-1.47781902,2.2186114080835555,-0.407851202,0
1.850188141,-1.419578328,-2.976424071,-0.027244843,0
-2.39863046,1.5262557331494584,-1.343549184,-0.33812612,0
-2.477798609,-1.280044509,1.6889414595514314,-2.090472529,1
0.8829573667617443,2.5045551168270066,1.079020558546322,1.8661301357533606,0
-2.346170224,-1.495609044,2.3672331134435467,1.2906336817085355,1
0.8373229582638668,0.9826004167302003,-0.514796674,-2.73266021,0
1.7066492524243744,1.0722794172921226,-0.163173215,2.398557692209545,1
-0.98304201,-1.234069535,2.2367779504766574,1.781925928553913,1
0.089878864,-2.215591563,-1.709571171,0.9373679424528398,1
-0.689752573,2.018839149995827,2.699730055993225,1.8338215516495096,0
-0.734727462,1.7321185753885446,-0.891349959,-1.997399473,1
-2.799640771,-0.685699723,2.421355822183691,-1.566080473,1
-1.76092101,2.8189247114462415,-2.849975323,1.7146929023625255,1
-1.071780266,-2.775072259,2.5068152412575015,-2.162146019,1
0.3106757023541724,-1.355674755,-2.608843187,-2.700465086,1
-2.306659807,-2.571797917,1.5633486931195373,-0.086602786,0
-0.942647452,-0.489786539,2.5736804134357403,2.464510876428883,1
1.2940588807354612,2.3080942645301263,-1.082111834,-0.713344044,0
0.682273091,0.7417556837835848,-0.109800972,-0.596052909,1
2.9170818696521703,1.9267417567063463,-0.390118813,1.3637548634374106,0
-1.38262984,-2.398984043,-0.885413847,-0.582163199,0
-2.900777253,1.8887520098153763,-0.844839586,0.48250899468088226,0
-2.556220876,-1.950019027,2.3381623519653596,0.6521251672968047,0
2.7017043010229136,2.992500206347902,-0.768839308,-1.207181616,1
2.150136330954581,2.991668562224725,0.777847405,1.7708443350691336,1
1.690475152891647,-0.867961751,0.44562228154252326,1.9983416475852813,0
1.1286832575663333,-2.873017116,-0.979765987,-2.13314582,1
-1.602166728,2.432936864947954,-2.778640267,-1.681195728,1
-1.142583887,0.701304432,0.204610141,-1.690383103,1
-2.014553597,-1.579211792,0.015177760209933666,-1.372933286,1
2.685615009646333,-0.216808671,-2.647223901,1.3755984350197998,1
-1.026928271,0.9209335923494852,-1.322433777,0.42446245039991926,0
1.6329150288447885,2.5680524506473237,-1.433237133,-0.990858294,1
-0.214401478,2.563049026415933,2.4083211408639427,-2.460730319,0
-2.208421045,-0.026944936,-2.360284363,-0.92651476,0
-2.109687731,0.816242131,2.696972590434971,2.980402621766289,0
-0.748553205,0.5940758226876737,2.1376059211444876,-2.295227563,0
1.1373864663117903,-0.54693803,-1.763123038,-0.583478288,0
-2.544238278,1.1724428915358347,-1.483543988,-1.13156613,1
-2.273512211,2.187954683,-0.039334324,0.43288126671840166,1
0.4165960985691277,-0.537041313,-1.844820507,1.4707964909903994,1
-2.237662408,-2.376757258,1.260870226,-1.746977877,1
-1.159363492,-0.148635198,-0.3038921,1.2514747503899954,1
0.740590761,0.8663769736911942,1.284325983932744,-1.244323635,0
-1.066000129,-0.372013513,-1.155226962,2.909627214,0
1.8843115585285783,-2.01207187,-2.966435065,-2.743300391,1
-1.535619294,-2.314252285,0.20002868935543283,2.1479713363641517,0
1.4205013254793641,-1.706345622,-0.604204464,0.047365257,0
1.861235097020013,2.034729618636989,2.458309871446656,0.055471503,1
1.1656484786151777,-2.329197773,0.39173375972389257,-1.507849143,0
-0.40969869,0.8043030498403163,-1.458084373,-2.686889653,0
-2.938596862,-2.867042787,-2.949901575,-2.337869661,0
-1.563067713,-1.672670915,2.920779565,-1.163963369,0
-2.2354753,0.27337526500654796,2.147744732,1.068362260726051,0
-1.223507465,0.36969695874872954,1.2891358452024546,1.3686269542064542,0
0.9992307317861329,2.224862548653708,2.2206327500646257,0.4736193564420197,1
-0.420861785,0.8494217733905991,1.9092720082227785,-2.966087371,1
2.9519820540891066,-1.902637366,-0.178506086,2.232178409,0
-1.649757606,-0.139228657,-2.204506919,-0.629542048,1
-1.937187271,-0.818233507,-0.759214699,2.9590247375899965,0
2.968878175822633,-2.311282328,1.3558126759700837,-2.689527122,1
-2.818847908,-2.367996635,2.792913942047604,2.6451812873681844,1
-1.836433078,-2.029965987,-1.556789481,0.093281964,0
0.4182277922124591,-1.670439417,1.5397367285396708,-1.142680984,1
2.532787953176462,0.9403362387403833,-0.381892834,1.7394720102170727,1
1.9074877562799886,-1.257110366,-0.961712737,2.615730922,1
-2.01155377,-2.747097498,-0.275668064,1.8072594014617733,1
1.6300086378644743,2.5171837734769955,0.19920398621424162,-2.399611971,1
0.5321338460160963,1.6703736861192695,-2.440031278,-1.964055593,0
-2.926256033,0.5619154766808623,2.3204063516754267,1.0239798960125972,0
2.8922405255458923,-2.621798085,2.4180065109089774,1.8844097243200846,0
-1.114550877,2.8411593110235103,-1.272373511,2.335828342969311,0
2.2844914624451365,1.5459456996178353,0.38082284287711143,-2.279983502,1
0.19183040697898956,-0.859222466,1.7533021989321105,1.5487752389810696,0
2.4636750442356314,-2.911019025,1.8546193009382765,2.630772318748013,0
1.7358026946489007,-2.218833241,-2.512325371,-2.874928561,0
0.7724713549684261,0.778035911,2.921482285309274,-0.611740955,1
-1.008562291,0.7465495631063548,1.9536520350455637,2.6206436971380107,0
1.8187449970742318,-0.439956116,0.8094854118723847,2.1377959602967014,1
-0.05634187,-1.699880138,-1.981659362,-2.999053533,0
1.3094279698877056,-2.333416747,-1.536965402,-1.212742011,1
0.3622791608206102,-0.612256336,1.048043952138971,-2.666168044,0
-2.256364834,-0.004730979,-0.978211273,-1.225119823,1
-2.597831526,2.3743150484880085,1.1509115167503046,-2.270291059,0
-2.609724254,2.849235200587458,1.0870353026370294,-0.495263573,0
1.2103862445347087,1.5379907188809545,1.679773214332676,-0.132736166,1
-0.420703451,-2.933831494,2.559342690851028,0.6198472703336586,1
-1.781076377,2.517620517,2.4895914106217782,2.935104986196576,0
2.244339378833873,2.9867063269203884,-1.531882871,2.0534975111954044,1
1.9381698527745872,-1.614357845,-2.409374706,2.8765230820655976,0
-1.223852691,2.225350742806836,-2.975237072,-2.873851157,1
-0.204772148,-1.567711896,1.1390477006157855,0.393385953,0
-2.535085215,-2.024230222,-0.67170438,-1.886375616,0
1.7533340834635718,-0.503578587,-2.439408799,-0.093942586,0
-2.454970914,-2.226376167,-1.562341008,2.157166231484939,0
2.547675193997831,1.9575463759924148,-0.995536695,-1.365321353,0
0.2949341447414353,1.3311189631986737,2.960236728961049,-2.210575729,1
-2.704248006,1.166135333971626,1.9933547010234332,2.078092679198539,0
1.0707812944629644,2.724094824715122,0.066028581,2.4828887900172747,1
2.8068728219491383,2.082944742018647,-1.14144862,-1.822706093,0
0.2887203898909103,-0.281911498,2.266550053156398,-2.399809974,1
-1.453559632,1.5107936671122513,-2.43008013,-1.075413516,0
-0.677067636,0.7355627793761399,-2.051204126,2.163626942098257,1
-0.314746587,2.502130271283339,-0.192780518,-1.349758446,0
-2.149027028,-2.977529432,0.1929449099090137,-2.357059818,1
-0.649633418,0.5356305674225199,-1.345884619,-1.948654246,1
1.6483297356560502,2.6807470336897232,-2.397357493,-2.066458054,0
2.760075943516312,-2.773294669,2.8657940193028333,-2.972133101,1
2.242011933907988,-1.156048914,2.631533149063779,-1.098328268,1
0.9258379292043362,-2.519804581,-1.546021131,1.6420760788755047,0
0.17211512207291824,2.5678143707222683,-0.42749155,2.218874194883538,0
-0.306267375,2.875489672211912,2.7590062883932607,-1.025179767,0
2.3155420225008196,2.0856682452938955,-1.735917616,0.7457424046996182,1
-2.563906106,2.0202643235007702,-1.952724699,-2.575111792,0
-0.598685427,0.46153283159786085,2.1295017513586263,2.845455153130419,0
-0.363044925,-2.637318462,1.4946934741552242,0.39103953734362484,1
-0.312651931,-1.144386727,0.014391167061214016,-0.967922373,0
1.5420712064841613,0.26336217895584646,2.2610866449246716,0.26126348789665244,1
-1.57042552,2.106551293392867,0.34331426958026334,-1.758953771,0
0.7410468597373328,-0.85369941,2.0664336737523943,-0.280201568,0
1.358648149,-2.426782754,-0.623853922,2.899448618834392,0
1.8507617368628901,-2.040355186,-1.333415703,-1.021105147,0
0.9021933629726742,1.5419685569379329,1.4971596528474587,0.059244338,1
1.864923227028907,-0.377531503,-2.256716608,0.3866510499228797,1
2.713808308,1.7579619083550675,0.4722038861534541,0.8808339620945818,0
2.5833721622134362,-0.429943233,-1.011635166,2.8634493900026943,1
2.180658801,-1.061738492,-0.217316416,-0.509531226,1
-2.105425928,2.7469159428795544,-0.574125413,2.251974495827448,0
-1.863862634,0.2872248638233188,-2.856231689,1.5853229030538518,0
0.485483389,0.7535375008185161,-2.689674705,-1.733770019,0
-2.554014766,-1.266514105,0.764634046,0.3971159059042515,1
0.6728989296803416,0.2955076282673659,-1.361827226,-1.532955016,0
-2.177641899,2.0944252494209525,0.6988761512474668,-1.880933925,1
-1.936743721,2.238213609,1.4563851825799157,0.9563944794322286,0
-0.558815355,-1.428146614,2.876704578676943,1.7834374501368009,1
-1.189324661,2.0853887776709676,1.553591691688089,-1.217516701,0
-0.440682875,-1.884279328,-2.333685334,1.3365721970381808,0
-1.394928856,1.920356194477522,2.973652269086557,-2.540281116,0
-0.161789249,1.812375355864818,1.733705379247401,1.5599829499858107,0
-0.906030388,-0.276880466,0.5698101440488212,2.8436435014395434,0
-1.034716374,2.538863326301146,-1.383858491,2.9344467928422278,0
1.021582120965551,-0.218931118,0.6803425683816293,-1.364812986,0
-1.354956855,-2.318672737,-2.315698214,-0.913969551,0
1.5771328673782303,0.647827006,-2.384492638,2.1134191498554653,0
0.6082057619403987,2.765133460708679,1.0211128044672453,-1.948950818,0
-0.157299826,0.8909855852832251,-2.830411794,-2.910538415,0
-2.223581996,-1.49001339,-0.422705259,-0.075357157,1
-2.171834346,1.0403494746949846,0.57682837,-1.233215407,0
-2.918040699,-2.534112508,-0.649831347,-2.076153893,0
-0.739082363,0.7690956270621307,0.2834245672757012,-1.612944701,0
-0.937065052,0.6841871906919037,2.165130168260692,1.5192806324332633,1
0.3204001610004896,-0.82624201,-0.809692335,2.2765038615863764,1
-2.764538544,2.927895866521566,0.9862524651093736,1.0868261944343427,1
-2.772012976,0.633175649,-0.091331639,-2.365326559,1
-1.332467935,2.341886737281907,0.2999304951957176,-0.519500549,0
-2.563907065,1.2847291644138341,1.2171049403761955,0.6842616418353815,1
0.061575877323895245,-0.397293587,0.5596265579279538,-1.59962729,0
2.6475543850658863,0.5327671750813776,-1.132845334,-0.301920895,1
1.8341087332613544,-2.030303636,-1.242986265,1.0770481364193323,1
-1.107064761,1.7550100911687956,-2.217279077,1.5761170227276509,0
-2.589889711,-2.924444324,2.389341112992973,0.4880353015937917,1
-0.889038617,-1.604432178,0.7013146995648967,0.054013101,1
2.949586653179911,2.8992959199224746,0.8101473968496578,-0.342776963,0
-0.053154185,1.0948743974211714,-2.390552735,-1.029887557,1
-2.548366554,-2.559835443,-1.824964549,-0.088480472,0
1.708645926976736,-0.087024653,-0.987140337,-2.505882058,1
0.3017731390987777,-1.372388481,0.6896050675028844,2.863126435,1
-2.332114071,-1.727247608,-0.161432771,2.811682892075577,0
1.6308586576199735,2.3893751589769803,-0.997710909,2.9522308426715673,0
-2.383003104,-2.682162564,2.133615762324169,2.5635892212419176,1
-2.456487855,-2.31943544,-2.800955053,-2.372954624,0
-1.743481099,2.8204597134600053,1.0071613334380825,1.6713181531112529,1
1.6568364221491327,0.21044249867528775,1.7849338662781031,0.5748451943398178,0
-1.112723414,0.36666065261040437,0.20105151680708078,1.9407183225559237,1
2.890363304289954,-0.533744607,1.5803440706481577,-2.401421976,0
1.6609882166897316,-0.771498528,-2.763659023,-0.820522929,0
0.6638565055298686,-2.284498994,2.5442069545815276,-2.53396552,1
2.5800403189989973,1.2428251076141184,-1.021726948,-0.655497914,0
1.4448561883964652,0.608826605,1.0298575287296714,-0.665012301,1
-0.073119109,2.939204904,-1.716462777,-0.492862881,0
-1.249060875,1.5906690626390994,1.5840757539943242,-1.245327234,0
-2.5116581,-2.93140394,-0.435296801,-0.537974434,0
2.930339271839178,-0.181187546,-1.461489783,2.3473766461888044,1
-0.053592302,0.5950538112634671,-2.425987737,-0.702501556,1
2.6653420468427207,0.5370323050525525,-0.932988869,0.7540030837895584,0
2.4624665374686963,-1.356056397,0.030700311,2.7521439234705323,1
-1.96562314,1.3179835535802695,0.6868860492178941,1.078050786843809,1
-0.892682216,-1.116723759,1.1052580235302223,-1.706740289,1
-0.482071531,-1.870952124,-2.950170953,2.8203441602284167,0
-0.409782128,2.816097686518951,-2.158058881,0.5242006767449165,1
-1.794155803,1.7404447617796484,1.7022179325658513,-2.324357106,1
2.4723867172583347,-1.832222117,0.6778640495361623,2.9138017205262248,0
2.2943792085981833,2.7393835713670143,-0.944407373,-2.366546147,0
-1.86991876,0.00296937,1.7593780696399328,-2.099078135,0
0.9583891935645426,-1.058534376,-0.952787566,0.9715063809475577,1
-0.198003483,1.872199758155963,-2.064488942,1.739689618602231,0
-2.614588512,-1.835676719,0.9368982870189924,2.1295539390664278,0
-1.483922234,-1.036850365,0.22272448972043968,-1.730563161,1
1.8669375695250334,1.6418198700345652,-2.128249728,-0.217021609,0
1.6489665999277285,-0.976022813,0.798640936,-2.698721271,1
0.6521325631759076,-2.08408212,1.9834999506867081,-0.867303219,0
-1.310676824,2.0453338602689097,-2.699135862,-0.620347204,1
-0.779978757,-1.291197755,2.470525992008862,1.5055703611003333,0
-2.616461015,1.2881246966097244,0.1637947987727637,2.405207366409475,1
-1.122326296,0.44497199765749773,0.004531648,-0.062634563,0
-0.263367603,-1.766223147,1.5342595349543569,-0.291983804,1
2.751097650015634,-1.435149437,1.0964630377622466,2.6443024778346507,0
0.9807499380965554,2.2276374457043673,1.964885758542037,-0.839293707,0
0.6007436396369794,-2.062431961,0.2131552961735972,-1.617468169,0
1.4624208897146733,0.1683505313527478,-0.532635824,-1.387217423,0
2.992190891047721,-2.569736875,-2.738635917,-1.696455597,1
2.826434751766918,2.875429009919907,0.9295664086328159,2.280640003238428,1
-1.716229615,2.8322525650597417,-2.143290899,-2.393248871,0
-2.326730765,0.4387675396353883,1.6858464043083146,-0.799996933,0
2.8673759267167593,-0.393479171,-2.097308695,-0.204199511,0
1.0742229925346392,1.993354683026272,-0.24739026,0.5616409562950047,1
-1.395931727,0.875499158,2.915831663702062,-2.705678564,1
2.3191840242310064,0.3736950166051365,-1.487408043,2.729338260055547,1
-0.099874182,-1.00985849,-1.91101423,-1.533286738,1
1.9970942495486552,0.686460056,2.4794737169298964,-1.608189287,1
-2.273168557,-2.963474814,0.047172226,2.9898415822919286,1
1.1697916129118333,-1.149632448,2.261151498,1.6903335959277577,1
-2.907509004,1.9011628832461351,-1.196839457,-2.101959212,1
-1.642014962,-0.188521174,-0.450792438,-1.266676204,0
-1.966690067,1.573384737853016,2.940658702409502,1.6667494825181421,1
-1.224378194,-1.531146232,-1.694004744,-2.179829553,0
0.30798329815380754,0.6324022317200653,1.2330159639788238,1.0812802256020078,1
-1.246000132,-1.018133968,1.089087212654027,-0.903314155,1
-1.724260862,-0.753983078,-1.367495055,-2.470123673,0
1.980833413659921,2.1186683349422175,-1.681498199,-2.611366803,0
1.4329646241070773,-1.730828245,-0.639387063,-2.615188487,0
-1.642382491,1.7574136699778151,1.826378681491211,-1.757491051,1
-0.984516929,-2.194569485,-2.554964218,2.9530302866904563,0
0.9335637074690353,0.2525790551899125,1.5929910024317975,2.0404629581263443,0
1.8402886082683647,-2.900763304,-1.879152611,0.9294318127069863,0
-0.745443913,2.894895906366642,0.9924287558295242,2.7392934523752395,0
-1.79132111,2.183742168690138,-1.071886165,2.9373888494268403,1
-2.053867968,0.098038913,1.7570672030227321,-0.404145116,0
-0.191495639,2.9181347730344465,-0.448151098,0.6244326035943812,1
-2.672762036,2.0532604812615602,0.8890082938772608,-0.575879383,1
-2.90298276,0.5500129235610234,-2.924053029,-2.992778317,1
0.6965913728961279,-1.865897596,-1.848674702,0.9196293949964622,0
-2.677816872,-1.119566631,-2.103408587,0.4810582187792032,1
0.9705909283643752,1.3268151215942616,-1.468612698,-2.46450149,0
-2.527898058,-0.443090709,2.6750664543762905,-1.693625795,0
-1.459550392,-2.394667187,0.6334216433635813,1.0792372436830497,1
0.8575872489645597,2.1667814582686873,-0.08144499,-2.193257755,1
-1.263569216,0.9745798405281105,0.6787318424493591,0.18601877845777492,1
1.0977865121321226,0.8243451022397963,2.287949337,0.5160982648697798,0
1.6716081522033388,-1.507757064,1.0690955075344082,2.413164710296054,1
-0.685606033,1.6746251240318797,1.3487358071726128,-2.642842819,1
0.48904985774443377,-2.218863905,2.8039150333835465,1.8684450162039372,1
-2.341657193,-2.269488014,0.5668431294757137,-0.930664955,0
-2.790564846,0.24984904699831834,-0.672929402,-2.393541046,1
1.8115223535358957,2.4904605916728357,1.5395636040847798,1.9345338600976643,0
-1.701056596,-1.418562294,-1.748834758,1.5903805881933835,1
2.6875024736069824,1.3010232404034152,2.2888005892773364,0.8321945692990353,0
-0.674040597,-0.44543031,-2.548071407,-2.811256829,0
1.1728536251344641,-0.369426648,0.3132904083277772,0.34596748573449787,0
-1.33574512,-0.144644935,-0.17543867,-0.669436673,1
1.924052300406423,-0.293015978,0.6218671470359269,2.3731207222849564,0
2.197401737153535,2.342533222674991,-1.379970021,-2.79010507,1
-1.433599201,-1.327755926,2.4561619603498084,0.8954563970278238,0
-2.509776242,-2.187728424,-2.065943247,0.7825304890135389,1
1.4124841530420182,2.157863463392377,2.643819304837459,-1.789772656,1
-1.141365092,-1.558062716,-0.847430595,2.4879906445424966,1
0.45067540163616915,1.4291513839469943,-0.059284583,-2.82685252,1
-2.614827084,0.2275381876073146,1.312734208920154,-1.708016835,1
1.3314574439538243,1.8639946409010744,-0.52861513,1.4785153970646299,0
-0.575820298,1.0701037767301198,1.5839822959172585,2.951559709848665,0
-0.927620028,-0.533755317,-2.006279644,-1.77556165,1
1.1603700155902663,2.502273540926856,-0.63237029,-1.920933319,1
-1.289403004,-0.269689771,-1.256098024,-1.598525501,1
1.4159069325424776,-2.952930473,0.23538316401889858,1.7626008421785233,0
-1.402630282,0.6197490636721041,1.013400633711707,0.9301481784305397,1
-0.324902195,-0.920532073,2.015544438166881,1.5506757419991857,0
-1.07246896,-2.381884833,-2.569154727,-2.434344133,0
0.4972161671522568,-2.690026945,-0.97843875,1.5191982114853761,1
-1.233911001,1.5798484630807792,1.4728022292423315,-1.525037204,1
1.3729330805564732,1.486659829632604,-0.615276446,-1.737477098,0
0.12762484135121444,2.528385528001178,0.837700395,-1.962465014,1
1.0965415484011194,-0.436781836,0.5491727841322378,1.4043842101386472,0
0.089684109,1.8839038474398517,1.3329334758997664,0.69044004,0
-2.095243105,2.015694665,2.615433511918896,-2.178209257,1
-0.070553223,-1.446667548,1.5271398445533872,1.3297778160281997,1
-2.154689277,2.262163627569823,-1.914161616,1.7835541538886446,1
-0.258117842,-1.030366239,-2.050564424,-1.994314463,1
0.9713433282054016,0.30258232768272286,-2.26748747,-2.323812837,1
-2.566136551,1.4626040842412644,1.2712925113757354,-2.649414055,1
0.3616204535818377,-2.491943069,2.422474624,2.442704515080795,1
1.1893979388787805,2.557133529,1.8687181824821435,1.9712314555622967,0
0.41824710341959914,-1.163644811,-1.693205309,-1.036799868,0
0.7709725805343721,-1.964060785,-1.44815858,-0.191634823,0
-1.601699409,0.531862018,2.539056170737979,1.4885361942187583,1
0.9985596848934781,0.4963288559026724,-0.072312544,-1.880616842,0
2.3682627325611936,-1.508783988,-2.452146735,1.500091075372171,0
-1.946306794,-0.768624003,-2.83029043,-2.177592345,1
-1.960778215,-2.673539233,0.9399417397370708,2.022046774818703,1
-0.760107562,2.2474588603092043,-1.719920553,-1.047657459,1
-2.095578042,0.7233551725139917,-0.480782455,0.6797000810513918,1
1.570049432365101,0.274218096,0.7657821294107272,2.611501886365998,1
-1.205614142,-0.845016368,1.3062201702560214,0.6678331023323203,1
-1.928802573,-0.74311614,-0.192971921,-0.483660972,1
-1.93035115,2.546580550705574,1.5739125701638548,-0.111865007,0
1.0803661698410192,2.3836960328131305,-2.182955146,-1.497761696,0
0.2562074835398702,1.7940622281141518,-2.782470627,2.904108901178163,1
-0.270560383,-0.844613156,-1.243653373,-1.953859754,1
1.7494434535801675,2.732484988476579,-0.518131471,2.7145241685207377,1
1.9427856926102045,-0.113693235,1.0441570747567965,-0.390094925,1
0.3523404492753146,-2.651721978,1.1775808518031985,-2.683052133,1
1.9025096815178966,1.9496815767633446,-1.577536275,-1.058023314,1
-0.112137729,0.5799774415948891,-1.27587803,0.5549184277915504,1
-1.213277561,-2.667055674,-2.984834701,-2.393093652,0
1.7535042009841089,2.7685878743000227,-0.438202804,0.076103721,1
-2.118910986,0.3061881160809419,-2.132070588,0.6672859871929804,0
2.5995520054851227,-1.825808764,1.5873823083426117,-2.858985463,1
-0.747016552,-2.335508953,-0.88514735,-1.958778482,1
-0.760170059,-0.494863163,-1.196453263,0.9397316968387748,1
2.513112307553458,-0.596427755,-1.845941061,-1.375663451,1
2.124004940978214,0.42983833962088713,-0.269933806,-2.102179671,0
-0.30163615,-1.32904798,2.658978767120095,2.304420656494388,0
-2.496584749,0.099920936,-1.649649927,-0.535337463,1
2.261087989508739,0.16508711933126907,-0.99470824,-1.752669875,0
1.8019491564389352,0.7471080921860827,-0.191607237,-1.695093877,1
-0.994521755,2.759060560431111,0.12053962563500598,-0.595804313,1
0.12853225408994362,1.6739310353976524,-0.959346381,-1.927763274,0
0.5096167100342868,0.9912246208864031,1.2763080177512975,2.2919255445967774,0
-0.772955276,-2.547870623,2.7500915017856533,-0.389928435,0
0.7395450580387877,0.9978319387697536,0.27908225220722116,-1.768454822,1
1.530858300696849,1.822511846,0.3178535161046385,-0.068633036,1
-2.316370901,-2.496290031,-0.962610927,-1.134923067,1
2.7219387057796274,1.7017364546605789,0.9595457715543594,0.10588853410563015,1
-1.995794816,2.8707400331057036,-0.749755811,-2.358446385,1
-0.037206626,2.2439880696784993,2.3237460106639762,-2.934204504,0
2.3177744685083983,-1.371094695,-2.766165816,2.0867416221772466,0
2.1832005359292497,0.5773864790541001,0.446602544,1.8787216357285166,0
1.7178573162616786,2.340632840656225,0.316484686,2.8058825563968526,1
2.9768809856000304,-2.30073234,2.0972625573247328,-0.001066454,0
-0.67460197,0.6784338592962902,-2.664206656,0.038766713,1
2.2253434201599998,-1.719230903,-0.441660631,2.636885326289253,0
-0.428616973,-0.849794206,-0.356780111,0.11671659910533805,1
0.7919480647888131,1.8041568055003872,-0.287386765,1.904885610540842,0
0.20232396811248377,-0.969116938,0.9477049687164851,1.3063335284609483,0
0.3482938537769251,-2.660310161,-1.980702749,-1.288213675,0
-1.304246364,1.0405248014812232,-2.88990803,1.5340906622971193,0
-1.407945151,-1.139868923,0.16745896766354562,-1.704446394,0
2.306827881453165,-2.487787324,-0.333705826,2.0965336167293396,1
0.6950633665274148,-1.246022905,-0.475438753,1.240166282055088,1
2.8395644601833965,2.3588323102766005,-0.94540315,2.9891872757271454,1
-2.978972019,-2.834221465,1.943043091027163,-1.803223879,0
-2.63538439,-1.577111561,-0.443399076,1.3833976226004285,0
0.7460131593072328,-1.574272695,0.019622689,2.5572846323914122,1
1.890046661902546,-1.060861291,2.8935873681341775,1.2517224026107856,0
-2.625303866,-2.78903572,-1.989552306,1.3671352083008808,0
-1.897566445,0.068920615,-2.440439279,2.525316946981171,0
-0.936236318,2.4487923393637843,2.6692538514632655,-2.963228116,0
-0.215188877,-2.852063666,2.452156597817435,0.11044526840745483,0
-2.550335924,-2.33833963,-0.698945853,2.6414051572373367,1
1.157454909408485,2.205713197134795,-0.801260122,-2.740717803,0
2.8459058232264844,-2.896962056,2.6859099184865336,-0.787935457,1
-2.93945757,1.1349433903470496,2.883241824188125,2.793754337025555,0
-2.034377933,-1.912513164,0.39323348771796063,0.8238289585699468,1
1.4365074819951937,-1.913697837,2.754042520586607,0.8324355377354271,0
2.0822815132233288,0.24039429170503102,-0.514338914,2.8630974395699758,0
0.49272822491901636,2.201241496795074,2.719754378,1.0521277620519554,1
0.2936320711120497,-2.978934895,-2.759882156,-1.794892704,0
-1.883949409,-1.471447229,-1.170392174,-0.839607039,1
-0.47677386,-2.406801969,-2.745828408,1.0436666944381408,1
0.22400894905846602,-0.335134787,0.806639647,1.966076443221243,0
-0.433842545,0.8467167903118762,2.7214333430109523,2.037746975169364,1
-0.443995137,0.8683010268884579,-1.937574469,0.3631331093705392,1
2.887969746830657,0.10989069121513362,2.5658297951408837,-0.555990477,0
2.9930689631077874,0.47532021136534697,-2.746386035,0.5205287801483287,0
-1.352563826,-2.805112068,1.925119828,-1.345622178,0
1.779291324278991,-1.270694502,-1.834041877,2.8436134446265644,0
-0.830128033,0.6082572686589627,0.6598889568868294,0.36284089304101075,1
2.4881744611272882,1.0466464282012105,-0.577601975,2.174282307145644,0
-1.913622605,0.2654205456625047,2.703302231662538,0.7523857792824762,0
1.9018107028492572,0.9213643532711568,2.0362251812273424,2.666927279071462,0
-1.362469635,-1.982033512,-0.096055498,1.2111745609452953,0
-1.636852481,-2.975391297,-0.942389305,2.813156012806731,0
1.1698047636350797,-0.592047336,-1.844543416,-0.863461957,0
-1.9809634,-2.362165072,2.4404542354353236,2.9859020302528414,0
-2.015313362,-2.672864647,-1.021613357,-0.230044915,1
-1.771072518,-1.191450529,-1.794775586,1.6455634105947077,0
1.2754676594835646,0.8097090945658905,-0.676692858,2.4542456478854158,1
2.817195249,-1.958164124,-1.661924152,0.15378616800221767,1
-2.452496584,-0.381309607,0.4907475886662609,0.1324414268239984,1
-1.014548502,0.25467483646324096,2.7528057255530864,-1.763895574,1
0.92898815,-2.739619835,-2.601501573,0.3109693453415101,0
-2.370364918,-2.865919269,-1.970922014,0.3890950259974466,1
1.220045727113595,-1.785128615,1.009556623249047,-1.905142013,0
0.6807445597875428,-0.528241921,0.9227970560017003,2.970316514875484,0
2.6269017913953716,-2.974309453,2.3126325861738346,-2.601055229,1
2.718279517,-1.309045925,-0.707791018,-2.450170769,0
-2.32636345,1.3604433913759175,2.6659934144897495,0.6644909697258568,0
1.2951000931608663,1.5718184675829212,-1.423114353,-2.728622214,0
-2.988763536,-0.896104302,-1.551214631,-2.62609365,0
-1.922830245,-2.25300661,2.489270283704222,-2.158396719,1
0.22589078392607487,0.5586357306729877,0.26093674625180263,-2.405661395,0
-1.087209829,-2.692378005,-0.625980515,-1.868406412,0
0.36979519970627894,1.1568503630946037,0.19271916122823907,-0.39457982,1
-0.675999475,2.0501506085820225,-1.68379161,1.405310037173213,0
1.5448939484407145,-0.484799956,-1.216196405,-0.176751084,1
-2.440716445,-2.724419807,-2.330380803,-1.877129811,1
0.025060922028258048,2.0948198169667327,-1.586146008,2.610972064480668,1
2.729447453610021,2.753427629071231,2.0253764080579426,-0.817049755,1
-2.563896534,0.41291239059896956,0.35208866362340263,2.0998546026575733,0
2.975946305676631,0.048943839,-0.928775814,-1.884589731,1
-2.971201051,0.054682154933274774,0.3331120002155745,1.9496308789043848,1
0.027461807,2.498810091996339,0.7685008594286131,2.042017429326499,0
-2.110189591,2.1320167818138884,1.0508631266630903,-1.978601805,1
-1.861418651,2.5590037142653284,-2.806707837,-0.22479034,0
-1.11914826,0.9904646399905683,2.037776325413952,-0.837731271,1
-0.438587476,2.891506707008485,1.7034990580752165,2.3832247855907482,0
-0.367426676,-1.595542776,-0.528819208,1.296551506989081,1
-2.343417571,-1.377185366,-2.720184597,-0.40591357,0
1.9646744158776794,-2.85201787,1.051941160842996,2.594975247082438,0
-1.578432831,1.1618090443658886,2.8506114066012023,2.7736683609147796,1
-1.590424842,-2.398013681,-2.110304773,1.2122140108928532,1
1.3545532527196533,1.0454193697691938,-0.983529674,-1.981338361,0
0.4845665517135185,-0.097917325,1.3730048827338202,-0.351839528,0
-0.968161832,-1.239128536,-1.73117808,-1.405521743,1
-2.431017367,-0.918857934,-2.780581126,-1.881516917,0
1.4806226677165748,-1.047186068,1.0094221018640628,1.3013050535836639,1
0.4871120563926814,2.7521864481923908,-2.8713608,1.4319159035288527,1
2.752719863642448,2.173630376117636,-1.992643849,-1.039078162,1
-1.965288961,0.6078501828882246,1.2731278918769533,-1.097557384,0
0.2370394439057728,1.1455234204271703,-0.4719611,2.1240931827327554,0
1.6292996117269025,-2.612006737,0.726751795,-1.588046694,0
0.3451095880036519,2.741330655797798,2.2743720273135004,-0.572901581,0
-1.25091685,-1.593565534,0.19508921853912042,-2.31450928,1
0.29565004876949175,-2.991998163,-1.056902216,-1.680394117,1
2.827312739764692,1.363453917419874,-0.902079717,-2.442929481,0
0.10080356814374403,-1.719312712,0.21857727539014693,2.012174125073355,0
0.6947553126083124,0.802730517,0.24618173437686863,2.5635937957884547,0
2.591416107,0.076339206,-1.165443077,-0.242477965,1
-1.880652527,0.8180658919085362,0.000554015,-2.380197133,0
-1.814113313,-0.122208263,2.3255339443131504,0.39834432378658446,1
1.0892100012508248,-0.965828702,0.4284683582654054,-0.315721064,1
0.954779476,-2.696546604,-0.040198703,-1.224044249,1
-1.042889632,2.7655045893483683,-1.903831124,-1.132528485,1
0.059355454,2.1781616888977418,-0.499979501,1.4631916853290265,1
2.1382445892888144,-1.139901865,-0.643498899,-0.860662658,1
1.9971348517075267,-2.733918828,-1.149473467,1.0764513455707796,1
0.3926609973920563,-0.382263844,0.23968936332830637,-1.814492485,1
-0.41570027,0.010217905058094168,2.407134732,-1.434989023,1
2.2069710129895954,0.8654484049558917,-2.877955014,1.3477880213963616,1
-2.786688735,2.9842867608828785,2.2358201261471873,-1.215937515,0
-1.455532619,-0.711353507,-0.862998208,-0.76597309,0
-1.090340723,0.7268004410899884,-2.014418018,2.075887754676079,0
1.8744149041878924,-0.141100753,2.116379791671285,-1.51712958,0
-2.894607266,0.7152475501789382,-0.252543558,0.4029872777752237,0
2.396036454110418,2.8195534413956604,0.8067188385336181,1.5843335391146303,0
-2.497149399,-2.035706491,1.3992288297178597,-0.411807262,0
-0.324208378,-1.14835391,0.6441383008664627,-1.889009728,0
0.7614976758833736,-1.957206857,-2.617043792,-1.017853868,1
-1.613157948,2.3339498313379945,-2.670279277,-1.940317845,1
0.29231763349829665,-0.113596855,-2.72488789,-2.956485432,1
2.928407651766899,0.9530082021530291,-0.807563215,-0.177406514,1
-1.400699277,-0.930757298,0.894266804,2.2968707932042243,1
-1.895219862,2.0421690323119126,-2.270660223,-1.710046658,1
-2.776948272,-2.155128827,2.5038188727843034,-0.24336752,0
-2.534004829,2.758361028233768,2.273953846551901,1.5280951252088473,0
2.600836751685347,-1.679223475,2.018215758060518,1.139947178125837,0
2.218555497,1.7814693944557787,-0.921029621,1.6463912221035333,1
-1.425262182,-1.028447022,-2.352565697,2.6104596958828123,0
-1.25397982,0.12373479102871077,-0.652002981,2.759568723501009,1
-0.989704974,1.6712749285361337,2.1324969277870807,-0.386361015,0
-0.730969113,1.4864749255957683,2.4773758818374043,1.5295903984334291,0
-1.637241806,2.3298464846262323,-0.674509995,0.4573764706676058,1
1.9886137157562658,-1.869631396,1.7070608140653185,0.5769767874640648,0
2.360049850965649,-1.968177589,-0.475906578,1.9970585572010249,0
-2.884609779,-2.326791799,2.9433912765404084,-1.317634928,0
2.8532591623437202,-1.904810694,-0.833433342,1.5172166670214242,0
0.9466704434290709,0.4867343995743334,0.17939505483004536,2.0606426619884415,0
-1.590308623,-0.345174438,-2.067286247,0.5756495743842263,1
-1.496733454,-0.996947614,-0.1724957,-2.839376486,0
-2.448372384,1.1155753242493178,-0.426180116,2.1887413319993723,1
1.168032021865197,-2.95139435,0.7002739846028092,-2.437650804,1
1.6855990787429658,2.9490461296710118,0.18719276544906904,1.0966770011647817,0
-1.576115035,-0.374413537,2.1365719934183023,-1.995462314,1
-1.406786366,-0.327397948,1.2734933510640838,-0.744696271,1
2.5663936786980237,-2.433257692,-0.775174815,1.2537247405705312,0
-1.644079406,0.938478805,-2.014698251,-2.664118291,1
-2.2739057,2.5799086988048083,0.3105052976373077,1.7780746528778941,0
-1.004072995,0.5559518873126796,-0.030287198,2.674427756413764,0
1.4854478163246618,1.3832557889794739,-2.721880383,0.29801801402214645,1
-0.198051277,2.567053599637167,-1.455948071,-1.38099928,0
-0.531922507,-1.53978172,-2.224896493,2.1444890799048046,1
0.34965914642349505,2.1681763137394006,1.9868085924221752,-1.307745871,1
0.28642466594564375,-2.500693784,2.4915113041845505,-0.57442371,1
-0.637942897,-1.183467776,-0.236017532,-1.489443681,1
-0.750886363,1.7996822915092912,2.005533021511031,-1.174905134,1
-0.185913417,2.2429186576803133,-2.683960009,2.334869771974713,0
-1.684893926,1.0712354652862555,0.4953101783076015,0.3176444891355126,1
2.156161348516928,-2.390567138,-0.917831848,0.22951647806859388,0
1.8677331236762384,-1.7013415,1.8175790482456575,-0.602169105,1
-1.866516861,1.5539186426608955,-2.454606591,0.088604244,0
-2.616745297,-0.861492869,0.6064607940383562,0.3366932489232788,0
-0.572067493,-0.425712036,-1.63938268,-0.264704469,1
2.719529134325006,2.102717506702742,-2.128602786,-2.821315276,0
2.6011458762997837,0.16049849928448578,0.22702693889584635,1.6843079742391343,0
-1.111866157,-0.108554587,2.8119774788804257,1.0328921215944433,1
-2.077529808,-2.200639512,-1.77441145,1.6002700465243054,0
-1.227737977,-2.87166692,2.665046181033971,-1.981719502,1
-2.942650883,-1.577210386,-1.589827277,-0.467968495,0
2.522338989000221,2.2751095066745872,-0.25863267,-0.53460057,1
0.3300545188491073,-1.539275928,-2.686890048,2.6353448170272404,1
-1.879806091,-1.809595625,-0.165238027,-0.050319931,1
-2.889394742,-2.112271567,-0.731071089,1.1023841610632346,0
-1.629489259,-0.461913323,0.344070388,2.331554967739752,1
-1.043576986,-2.198650405,-0.064366645,1.4803296101043726,0
-2.340841458,-0.45189905,-2.893289152,-2.79864491,0
-0.102279821,-1.210816211,2.070643794032473,0.6129258367587256,0
-0.27640223,-0.552387774,-0.016527119,-2.757367013,0
2.356760139,2.9898189344037505,-1.911077251,-2.277702211,1
-2.138535219,0.9661623494062028,0.9686450307046481,2.0875449736704654,0
1.5109583305575196,-0.30186196,0.6771321693919132,1.1297080222080478,0
0.076418822,-0.146094093,0.8705846738559195,0.3448472938539222,0
0.8636538320154621,0.6771286437801831,1.3151793630819277,0.8568210526972564,0
0.11845491862360369,1.0907808677063189,-0.303108209,-1.549972644,0
-2.991490679,0.35978488287505916,0.5439313596518458,2.832293788654286,1
-0.831129995,-0.635200543,-1.789202512,-2.576794229,1
1.6368269571704435,-1.501913614,0.6534291661802278,1.126638213272889,0
-0.172579876,2.2581126781631493,-0.337230954,-1.290548262,1
2.3760931377697343,2.1693857054997387,-2.015760318,-2.84423389,1
-2.460086662,-1.280715609,2.8335588104502643,0.35109691896495043,1
-0.760429608,2.3322965676764777,-0.281182011,-1.10856823,0
2.6473171724739446,2.097105997156068,2.0620102525166457,0.073708458,1
1.7366303928927298,-1.923879844,0.43933774533746206,2.9030755370852743,1
-1.254249417,1.7661139754860509,-0.057129557,-2.761165901,1
1.5781163868940045,-1.988585134,0.7888414027965007,-2.486014836,0
2.681204384975789,-1.249656677,-1.64121185,-2.225181576,1
2.6760131600342865,1.2714224546478308,1.4499653323085315,-0.003572632,1
-0.151633288,-2.339872542,0.3590465735039503,-1.518501029,0
2.8628719968024345,1.7794856400908845,-0.522047639,-2.091952448,1
1.7119901468327043,-2.267677398,-1.863997479,-1.730876894,1
0.34134383,1.7223399239421973,-1.114110728,-2.491981114,0
-0.212769219,1.4886614469596129,-1.670016941,-1.680452712,0
2.6833621640802647,2.724922362715067,2.942794392369459,1.8459576094486803,0
-1.870894985,-1.728110875,-0.958648551,-1.091204812,1
2.739166494468055,1.734443897290162,1.3440527529693238,-1.884220656,0
2.4571533561739773,1.9672222770370427,-2.018148952,2.2270219917658345,1
-1.366514782,-2.514781525,0.9409338390852602,0.9228279563059836,1
-2.430407943,-1.086889146,2.956886773533231,1.0705600020524209,1
1.380450999619975,-1.722496286,-2.527307574,-1.338589862,1
-1.506609689,-1.592735396,-1.843474069,0.44853414393242597,0
-1.031379145,1.9220700902851826,-1.896315493,-0.212237575,0
-2.918052981,-0.109906065,-2.664970675,2.866341071235862,0
1.7435527719024773,-0.05933114,-2.480475851,0.5546726447424857,0
1.5525825042112649,-1.855696482,0.40925004472494475,1.8852653902972083,0
1.6094866658778981,1.8179521072029177,2.275940549218319,2.626092612956821,0
-0.566873069,0.4126146151372634,1.743957156273665,1.182838883674699,1
2.9731213695862726,-2.917934093,-0.869200708,-1.313832442,1
-1.426104899,-1.664821305,1.2547430448913746,-2.49144316,1
1.4496530036600301,1.1605550520976404,-1.495175205,-1.482997301,0
0.7731635120670131,1.5730266329020672,2.258913678524193,2.1128373831268545,0
2.7892979649831187,0.4883093720190672,2.451933368042158,1.8510796395624647,1
2.3680057458840817,-2.930240392,2.7954179511948656,-0.158819023,0
1.789097937449057,-2.236775284,-0.624353425,-1.371236022,1
-1.250047377,-2.26046628,1.8345829952580424,-2.944546113,0
-1.124967258,-1.953536741,0.534233644,-1.474485584,1
-1.446009273,-0.069971136,0.9161342360455542,-2.272171773,1
-1.946931285,-1.516951532,2.8424892847077636,-0.617085,1
0.5939405437861591,-1.550743124,-0.057242849,-2.555284954,1
-2.791547124,-0.187598839,-0.608044275,-2.178718082,0
1.1256085735244028,2.9574209453955866,-0.626119073,0.7473518155043668,0
2.777855654186914,1.989209834681251,-0.21868666,1.4249369067595161,1
-2.231189758,0.072623133,-1.325638337,-2.033017873,1
-0.442314562,-2.213912673,1.193910649046913,-0.262559736,0
0.18686779538798293,-2.121744368,-2.161370033,0.5004926115607446,0
2.910058486976678,-2.422496501,-1.285611429,2.216754699227325,1
-2.566367926,2.255314328201708,0.1457159002485069,-0.550399356,0
-1.141916614,-1.217297051,-1.165184505,2.308818485761175,0
1.3427713810487134,1.0183380469869032,1.7924948937120044,-1.457312022,1
0.7082568724905345,-0.239602566,1.6946498112011605,-1.144463337,0
0.8590717012193743,2.2932744709038806,-0.587097143,-2.600267476,1
0.096304934,-0.924165073,1.0333522832830493,2.7061975484916365,0
-0.086350092,-0.202858619,0.9275088011487616,-2.379014978,1
-1.478962866,2.5138759530023913,1.0196556801825976,-2.919335736,1
-1.772247165,1.0970235961733943,1.586395215375445,2.039157436044251,0
-1.24693918,2.5861715776653753,0.31768136146735415,1.1792341343273574,0
0.5804331766794477,-2.263559672,2.7786879563092786,-2.262746521,1
-1.470708262,1.881767281337881,0.7115817690066084,2.0288949922581416,1
0.09441713,-0.738040588,2.531072997,-2.782486095,1
2.136781322118275,-1.615093289,2.092417966523807,-2.164820319,1
0.4813137821432427,2.328647514068832,-0.158762119,1.479400042820357,1
1.828029707,1.4189652523006746,2.551978421,-0.318994617,1
-1.961247365,-2.713133618,-1.521240782,-2.140814977,1
0.34769244860688264,-1.890327977,-2.766397756,-2.784061027,0
1.98941699,0.5486995886581489,-0.851488189,2.3653682564414815,0
-2.578820332,2.881932436366956,0.6977507415267663,-1.899214476,1
1.0744145938618113,1.580287558701376,-0.4239433,2.1697956374732845,0
-2.095605556,-1.326974499,-2.43904583,-1.734732956,1
-1.567627129,2.5057991455302613,-2.531341867,-0.435509279,0
0.19439212336147804,2.392158322812965,2.986177311967281,1.5203286895190153,1
2.824745943414177,1.7226067952152428,2.7792158458284995,1.2436243556667312,0
-2.521419447,-0.588478878,0.8795837028148226,-0.895688943,0
-1.359696491,0.46439560279854586,2.6010112602146096,-2.790108759,1
1.6153872212486267,1.3363636682677624,2.783720552329722,2.5842673339952613,1
1.573395372265157,0.12245258809559179,-1.774394681,0.27141430995344606,1
1.5921119635179224,2.374015275827359,1.7382720552632946,-1.828398389,0
0.5981178853683566,-1.006959243,-2.944765996,-1.798674385,1
-2.3206761,2.056314741236811,-1.448962487,-1.291812187,0
2.7596194307933057,-0.725479662,-2.942486159,-1.29692311,0
-2.284202516,-2.38314863,-2.535076259,0.5595568210522637,0
-1.863913658,-0.832543236,2.1721062967801004,-0.453971161,0
2.4941481003098254,-0.01237168,-0.606980311,1.5023335625442096,0
-2.560949407,-2.463129702,0.911842284,-0.078355721,1
1.7424915019152616,2.497625024061189,-0.669798734,0.5784601595078778,1
0.004179767,2.8896639338545977,1.9865064441395708,2.470426249664121,1
-1.473959475,1.635158538975566,-1.40716065,-1.747544799,0
2.665596957933305,-2.8841735,2.792332221980578,-2.104428618,0
1.9166284907596092,-1.344464682,-0.895786035,-1.699453732,1
0.5130842548864778,-0.911426715,0.9443582369679793,-2.906116092,1
-2.613750699,-2.402033084,-0.486037888,1.8887770359598566,0
2.329067462270296,-1.53113556,0.446218345,1.6101899561556028,0
-1.26702342,-0.54595358,0.14384521611428358,-2.190750922,1
-2.844106238,-2.083165144,0.7611217275212003,-2.558290431,1
-1.861821811,-0.972876686,-2.532779614,-1.849804373,1
2.467618733901066,-2.884205207,0.9205915450461726,-0.693546415,0
1.035892436594227,0.5321503221804273,-1.659007474,2.083256925440331,0
-0.048357704,1.9352161134808306,-0.563924783,2.9081133234914347,0
1.622936151007778,2.7957012306754407,0.085958873,-0.157853206,1
1.5327228559515476,2.281747578080581,2.784874775193348,-1.052688564,1
1.7922274430558334,-1.736126414,0.2734460804726715,-1.92091111,1
-0.915615829,2.5881502032387553,-2.123455801,0.7944053708111789,0
0.557725638,-2.275569884,-1.044125737,0.37788902709159444,0
-1.876928346,1.8037419384768922,2.832939057208499,-1.7114436,1
-1.878528211,-0.270389569,1.4865916628401932,-1.310396339,0
-2.880720548,0.24732376819736368,2.7396034066038455,-0.652338868,1
-0.479192675,2.813410302684227,1.16764567,1.315031537052751,1
0.37621203222640576,2.8476552651794496,1.1331989065533365,2.3701965096310165,0
1.1962731943993266,1.4106949490423757,-1.257534467,-1.179127812,1
1.697907897456175,-1.219762265,0.37662042480918956,-1.503886135,0
1.9019002848544169,-2.336991893,1.9766798385699866,0.616378803,1
-1.878542791,0.2522123130367091,-1.305006979,-1.059195992,1
-0.89083175,-2.620084518,2.9157701064085044,-2.810792231,1
0.9749812391056705,-0.772634113,0.8760617456801936,-0.862510481,0
1.0425038775531519,1.3754130568101646,1.143315842397869,-2.316228112,0
0.9413594079281076,-1.320074703,-2.827191777,-0.511015969,0
-0.398741383,-0.1969552,1.2289449923442977,-1.146937145,0
-1.108316921,-2.636686463,1.1209272959537753,0.4069565483975035,0
-0.903449324,1.2311338735041275,0.2241464953612633,-0.184530325,1
0.067947262,0.818088752,0.9600156274475968,-1.266253085,1
-2.15553982,-2.060194913,0.8363453154180096,2.2372397146027563,1
-0.54302233,-1.982879038,1.5396149897631277,1.9949368465166915,1
2.2834946587257994,0.6409885734823995,2.164371356328508,-2.907510249,1
-2.356585189,-2.444543598,1.2756281055283978,-2.582509299,1
-0.021813765,-0.163758608,-1.135778859,2.222431019652599,0
-1.977400789,-0.885223294,1.6450290001375745,-2.817466114,1
1.037702401478212,1.8983863581694234,2.593607033029003,2.257779843,1
-1.083695299,0.5181848479377154,-2.536239041,-1.452779979,1
-2.434665728,-1.108876259,2.251123280752374,-0.916998962,0
0.3713886180085586,-0.399714911,-0.246500854,2.817432311019349,0
-1.22307319,0.7639468171390282,-0.479623983,-2.633122914,1
-0.06401501,1.880059974,-2.407482188,-2.582448916,1
-2.078210878,1.5864006683358367,1.3439723048684282,0.39010661343666353,1
-0.190641575,2.329954888215733,1.600186943000895,1.871653507810831,1
1.8795738081039257,0.8563029284733483,-0.251912254,2.1880665155139027,1
2.5560445056195036,-2.85716374,-2.69067076,2.7524597814506233,1
-1.337036317,2.2402166378965127,-0.667229286,-2.285399654,1
-2.517340799,-2.060952606,-1.500640831,-0.068889876,1
1.2089874033947012,2.918391459,-0.35095954,0.10910965405865891,1
0.1308942082995337,0.23660613292761656,0.10644394262677359,-2.94735147,1
-2.989651067,-2.414002091,-2.390660379,1.2293814537287764,0
-1.770503805,2.3682846285336776,2.5716379774621174,2.855360027375392,0
2.6344878293221203,-1.368670068,0.058661068221074864,-1.947270179,0
1.837257931034599,2.3305902308645763,2.107733035785089,-0.399798308,0
1.5520433081206857,-2.414524983,-2.758531376,1.5194184858525652,0
-0.447868354,2.9732955884374146,-2.416474705,2.1337660892114023,1
-0.120101607,1.962901173023262,1.9027636930208693,2.4959520081724644,0
-1.212899932,2.698796120772018,-2.089998238,-2.508187334,0
-0.410306896,1.9699378118510555,-0.159473216,1.9757200651830846,1
1.3781208347658316,-1.743429683,2.693289749396783,-2.635312988,1
2.389678245,-1.173339306,0.000888499,-0.465888764,0
-1.968992658,-0.851118802,-1.842393382,-1.776681147,1
-1.877658984,-0.065895718,1.7875882050678928,0.4138202025674458,0
2.359239531305051,0.8192669314603451,1.1360406937956267,1.0056433783620191,0
-0.303244841,1.1360329332004966,-2.581753521,2.1591088314939793,1
1.6668728606635046,-1.528620251,1.6081947255244948,-2.924144392,1
-1.696520565,-2.609176568,1.6813614997073678,1.5352449070703234,0
1.881816142810984,-2.97310984,0.00739636,1.229017185104019,0
-2.067593228,0.8987443650757481,-2.495339404,-1.912044863,0
-0.14521911,0.9213909160866125,-2.124785238,-1.888660015,0
-1.773321798,-1.567795172,-1.640676909,-0.629105349,0
0.9227379050203375,-0.371809301,1.6558434524993286,1.3156110356916884,0
-2.240838516,-2.70695026,2.267649383997637,-2.521013601,1
-2.109964916,-2.867200347,0.7700181917919227,0.4942233789500916,1
2.9214219986115335,2.3215943779030326,-0.534940935,-0.770484955,1
-1.218887794,-2.08555848,-2.17149806,-2.206297752,0
-2.315311457,-1.556927746,-1.159988218,2.7694738262334955,1
0.4708395060113144,2.925574647079686,-0.765198313,-0.254240204,1
-1.052528045,-1.902674095,-2.141011753,2.670475186846991,0
2.9208640907925343,-2.730543021,-2.097924752,-0.458855446,1
-1.881999142,-0.816717638,-2.225421901,-0.26092946,1
-1.369832303,-0.888569665,-2.434124091,-0.431231696,1
2.899545665769419,-1.027001719,2.2585756490546105,2.059194849742111,1
2.7123505097832634,1.7406570736025664,0.9575809623528899,2.1395066653647454,0
-2.546131916,-0.223016057,2.935537431690353,1.6176009077683933,1
2.772452268223338,1.677806136800875,2.2492918046528647,1.2391777938191462,1
1.563012026503439,0.13906805903700414,2.545426204884798,1.9502334637401697,1
2.0633097939937937,1.0380546057783135,-1.172520317,-2.786221228,1
2.6139307764572672,0.5167220928329814,-1.211142173,-2.105189353,0
1.9771389930045284,2.0191211666854727,1.8870478087831888,0.8704961518007175,0
-0.803907674,-1.175578291,-2.948671379,2.001645352129442,0
-2.475403815,0.7845299882446057,0.024449681040530358,0.16013615355810717,1
2.560277072,-2.810309932,1.640353347772634,-2.68768561,0
-2.771078364,-0.421093811,-2.621548954,1.734863707757472,1
0.17737856189002343,-2.825767304,-2.756995881,0.6760111784368763,1
1.8366709059504291,-0.373202812,0.3274840292137462,1.7989767242994095,0
0.663037044,-1.651438574,0.6783121552168714,0.7696767543912815,0
1.4046418852867602,0.7252451253408072,2.8154527827482276,-1.816270148,1
2.706544077402458,0.23003694210009762,1.0317368429694724,-2.403230415,1
-0.716544352,1.616274878779036,1.241466090593942,-2.759163671,0
0.2795655809834674,-2.470330842,2.975138575068974,2.3837795311997674,0
-2.873516037,2.1518974734157847,2.516577603350446,-0.878710665,0
1.317009930286595,-0.347377523,0.9313949074580643,-0.958095574,1
-1.06464458,-0.453396667,-2.126593448,1.986833786612296,1
-0.907812628,-0.599102677,2.3643276762128673,-0.020257116,0
0.2655234561051776,2.7389887486625906,2.3203582988699356,-1.983199747,0
-0.16070982,2.827777364571273,-0.765802211,-0.770561349,1
-1.829818609,-2.314061315,1.4418287445358908,1.6201828122090989,0
2.8140777810179998,1.6405092654321782,-1.539885036,-2.75930053,0
2.9126243062179613,-0.957295827,-1.128170745,2.435731258496295,1
0.5105993912699169,-1.710772957,2.3345774562974375,2.96016513,0
-2.479928633,2.173509769814924,-0.656905814,0.14443467904022622,0
2.4888958545898845,2.840275174650703,-1.427016538,-1.722895374,1
-2.516900648,0.37078711597282776,-2.918373627,-0.528610214,1
-2.5596959,-0.568645302,-2.760406864,2.0113035636526133,0
-1.741566036,-1.030147738,2.2202879796383517,1.4775963679932307,1
-1.68576983,-2.568603488,1.2940426611320373,-0.655784696,1
1.5964799947093269,-0.328231366,-0.923985522,-0.292767551,1
1.4913539140240601,2.4133217192422443,-2.70139682,0.1446692473617306,0
-2.802987425,-0.18954273,2.3116969745814018,-0.830458401,1
2.594702526483859,0.7836508299036566,2.6049320627580386,1.5429997524751178,0
-2.379389,-1.613091795,-0.634977272,-1.979358708,1
-0.030530371,-0.171791066,2.7375551881642872,-0.397632703,1
1.713760825727987,2.651463269108879,2.261932985843913,-1.747994253,1
-0.023820634,-0.913561306,-0.600847829,-0.835159043,1
1.9581552610500248,-0.287165669,0.14216599346812941,2.894684142282448,0
-2.640124367,-0.072254161,1.6443702416766968,-2.093028251,1
0.6691895676886435,-1.563211323,2.2044246793474054,-1.037402008,1
-1.025623099,0.5891632711073611,-1.898622551,-1.290668167,0
-0.500208899,-0.878172821,0.1492633080334942,0.5978408644137976,0
0.4000047225009875,0.9250098719515938,-1.1535029,-2.241442637,0
1.5648452485864626,2.104682295784092,-1.457962607,-0.557448263,0
-0.008584698,0.1999610565176182,0.9569410265259108,-2.7503806,0
1.3288624964041018,-2.628173958,-0.190268594,1.9660268134151648,0
-0.29270812,-2.105461507,2.9102030700357577,2.3357127724455795,1
1.6278817993500843,-0.530930383,-1.896925639,2.6484670885110075,1
0.19410675910283404,2.1141327623249104,-0.947429965,-0.988270098,0
2.9132428840442346,0.13099829096909854,-2.155827457,-1.681951932,0
-0.108334324,-2.745174537,-0.224796088,-0.486354948,0
1.6760175919169216,-0.870348213,2.895292569237596,-1.915380484,0
0.5459201098088093,-2.461804218,1.4031839039638925,2.968522128371829,1
1.9148318265097934,0.33422124432180755,-0.091551856,2.0101797676010813,1
2.6158445082643453,2.935239154788558,-0.620764635,2.945504848767074,0
-2.064442487,-1.478701344,-2.465903252,-1.369568901,1
1.6076253097080668,2.117546149070698,1.6733558706154303,0.7863946690061776,0
0.083799075,1.252225735281879,-0.654998704,2.047850108998211,0
1.0631405638607125,1.1868281909664509,0.21561595877442752,2.3113739052670352,1
-1.487911598,-0.71311408,1.6658554180661342,-0.043506623,1
2.3352840805451454,-0.921604081,-0.784018987,2.332414736319752,1
-0.213778079,0.096747505,-1.003417708,-1.339980347,0
0.9356922650303519,-2.280956031,2.2756358470974556,1.675218820590647,1
-1.855510418,1.1641196749473925,0.6157975277138092,-1.892789696,1
-1.360778964,-0.546080978,1.1954564114728434,0.8323404529020357,0
0.19340908606018736,1.6104632586842058,1.5476264376369961,0.7071549243735351,1
1.7219405003089516,-0.994419751,2.2874971699356337,0.6894605148116444,1
1.9341810828745833,0.2776746287417038,-1.68937053,0.2544607720698515,0
-0.773330017,1.1849942162225666,-0.14523725,2.0166768295661264,1
1.068435074,1.1072665981879437,-1.697067999,2.9054985989477427,0
2.050051255628933,1.7340293073641675,-1.018708649,0.21378991708339168,1
-2.177380872,0.23085585997623603,-2.124664521,0.31822706393760747,0
0.8923312809294339,-0.658824197,-0.00873073,2.253920326047515,0
-2.348621132,1.750397357997917,-1.975472694,-2.779752103,1
-1.886552384,1.5902591398229386,-0.56924356,2.2351231010770913,0
0.14824524709359466,-2.866497888,1.3002816576115608,-2.338602548,0
1.7362778007715463,-1.991384701,-0.927321685,1.5676285777521617,1
2.7253881448585293,-0.771396296,1.976401321193615,-1.855246407,1
1.8430786212149464,0.9449643555375062,-1.843538957,-1.184976238,1
-2.209374668,-0.702197934,-1.778108153,0.8639877217828413,1
2.9670306253233525,-2.927945021,0.24551887972379216,0.4419995852940586,1
2.4852527380848715,0.036032008601625254,0.26220851786950483,-0.170083192,0
-1.386574173,-2.663825201,-0.548053907,-2.684451173,1
0.3029548167955065,-1.156238141,0.20161440915256712,-2.194218214,0
2.595779794436158,2.367127461299609,-1.860020945,-0.9393343,0
0.6809566311118775,-2.425882756,-0.872593073,-1.493326279,0
2.493100372,2.1150638177352317,0.47899644760118276,0.122078021,1
2.584354767272383,2.5945666978728923,2.8159807521099625,-2.247726695,0
-2.036653135,1.0604201920793201,0.24860685965906937,-2.889204571,0
-2.628149784,2.328482293552831,2.213224773236318,-0.856374468,1
2.3463037015832082,0.5620504463874108,1.8354338821134117,-0.435413573,0
-2.319610036,-0.397637624,-0.256201212,0.305665163,1
-2.366503723,2.9484111782976683,-1.535179075,-1.808685579,1
0.1608175131356191,0.22324907636933178,-0.361075573,1.6313528779515272,0
0.099926404,0.6581727308699046,1.3424783124467137,-2.849849391,1
0.4238650952702687,2.3051668273702157,-2.895667542,-0.568907377,1
2.557364701,-0.881073586,-0.247627055,2.889248358265877,1
-1.804056846,-2.608468865,2.1565355451678263,2.210792047274211,1
-0.167532992,0.085243047,2.014838217707016,1.4313569886947706,0
-1.409105987,-2.89863987,-0.121799025,2.1534739565738485,0
2.3750080601409724,2.7373571824569236,2.2773794256766875,0.480261332,0
-0.332366405,1.6490990792045945,1.4389298061935785,0.22886058048872648,0
-2.476035765,2.556488080721513,-0.266384775,-0.819997309,1
0.7774043710126302,1.0430277670018615,-1.735872498,2.021633068859737,1
-1.260377438,-1.879896445,-0.561600883,1.3833604853847916,0
2.7927490706388207,1.8556875862285995,2.6420902660211505,-2.156365176,0
-2.572939207,0.34622857144002683,-1.258215102,1.968329837815637,0
1.0319272284139567,2.8243689839147663,-1.471245866,-0.085295314,1
0.007442865,-1.564939231,0.5405603969280466,-0.340284084,0
-0.319670664,-0.823580112,-2.898423885,0.13257142148873413,1
-0.988512986,-2.992080786,-1.152337754,-1.328230001,1
-0.639311081,-2.208888062,0.046102947810506834,1.1546421151087802,1
0.781113414,1.8225296854151436,-0.287950272,0.11455038203836931,0
1.862411645,-0.433792975,1.2095960993975812,-0.392385788,0
-0.493582833,1.5612337471749616,-1.950978507,-0.968484168,1
-1.65496634,-0.845340342,-1.617751066,0.47643378651992796,0
1.7890248157070712,1.7196783673074112,-0.812994213,2.932562435,1
0.5631261882348046,-0.603598189,2.013235675448553,1.379244075855845,1
1.4956520209446262,-1.823163902,-0.190054156,2.1709687849476165,1
0.024228045772543894,1.1007164605263018,0.5276023982055875,2.054140726310292,0
-1.292634961,0.45285166731818904,-2.260591992,1.141264660196807,1
1.3918070301162722,-2.742976073,1.0547457817679105,-0.511859075,0
-2.255418743,-0.480554714,-1.834602422,-0.506642807,0
-0.693965832,1.4303498216163444,1.6452933489981527,0.642171926,0
-2.863878947,2.586133674425964,1.1173996805786857,-2.7948273,0
1.912997395284707,-1.798403072,0.4753271374266408,-0.20019378,0
-0.480967306,2.3382823207463854,-0.375832251,-2.547935295,1
2.679832363289716,2.5232113874377653,1.1065961374895927,-0.192644831,0
-2.442843162,1.7444887114648573,-2.547132513,-2.588394091,0
0.22430305463620837,-2.039230559,-2.953618396,-0.461319414,0
-2.17669661,-2.036907508,-2.538536168,-1.769437478,1
1.2929050786463367,1.8535638433067483,-0.284798136,0.039322895288505855,1
-2.804069792,-2.584102432,-1.454593646,0.26339052427888543,0
1.437306892409958,0.6300183680281983,-0.64723287,-2.290055562,0
1.684639409323136,-0.81728369,1.4163240868967382,0.077873051,1
1.4319723213709512,2.443737368715431,2.5261770963228116,0.21064068000362024,1
0.069050189,-1.405929207,2.614798989175748,-0.252484997,1
-2.234452564,-0.403770512,-2.237680499,0.015190105542450372,1
0.36765308913727335,-0.973465431,-2.570096315,2.661021213799435,1
1.6401186809005779,2.033286483030726,-0.798789634,1.564986180116703,1
-0.087762629,-1.79349907,-2.253459739,-0.929694784,0
-2.174687331,2.9896138572244118,-2.704866059,-0.353138404,1
-0.287438866,-1.196208429,0.42810939424167227,-2.100137855,0
1.703474283523402,-1.005313691,0.5480555387918504,1.2938354164017563,0
2.3342527061409672,2.014724618713201,0.6498541686213573,-0.669640918,0
0.019228020449783667,1.6124087602728157,2.2652732553568384,-2.377308431,1
-0.690862425,1.6566995904810033,-0.410089424,-1.006633416,0
-0.532063819,0.617068481,2.998830864802809,-0.042045425,1
-1.74903315,-2.022920548,-2.745901515,0.3529034095099286,1
0.26743254893300517,-1.768596439,1.1719764387154026,1.446642249778085,1
-1.445410768,-0.935401416,2.9428300340835403,-0.754413193,1
1.564810030536611,-0.28364744,1.7600689671658554,1.6141394326958878,0
1.0065361511912139,2.1286700777734753,2.6353109692661114,0.47989992271250337,1
-1.575186557,-0.60822623,1.5498342810797592,0.9053009107432173,1
-1.933209969,-2.692562753,1.097769561252389,-1.493525856,1
-0.001978538,1.4804806350755655,0.376000684,-2.500184501,1
-1.886518579,-1.684030896,-1.452814478,0.39242035170302536,0
0.023794679,-1.78103977,-2.594670939,-1.971406773,1
2.9062878757116195,-0.188718301,2.204073028212675,2.0925148,0
0.069117345,1.2401262507632609,-1.843487938,1.1303802295614496,0
-1.365692524,1.9923725805249042,-2.497655201,1.6388320373116647,1
-2.400378561,2.2871354213658535,-1.174772891,0.9263601889834483,0
-0.074986328,-0.802181128,0.872650999,2.685137883307428,1
-2.752381516,2.513117135298626,0.6544899301260809,1.843885804614314,0
-0.696750279,-0.168942151,2.213104510806984,-0.510912181,0
0.20795740049450995,-2.878830461,-2.048411965,0.8501190478487985,1
1.3018614063832628,0.4956056207069963,-2.140139782,-0.327567429,0
-0.869431402,-0.026031936,2.221974207324566,1.655168631951911,1
-2.496062992,2.3418551866473862,-0.169397093,1.4631728693159909,0
-2.159764612,1.0243171542422882,-1.582043894,-0.369714617,1
-2.89882278,-2.090336172,-2.447517041,-1.561534962,0
-2.39989146,1.151460159717372,-2.825760587,0.706443004,0
-2.155753015,2.670968743067381,2.5985644386591256,-1.646981385,1
0.6865277893381769,-2.831968083,2.590731258307045,0.13792384915025835,1
-2.740661091,-0.945000042,-2.538903229,-0.642333364,1
1.0195580529679384,-0.180660552,-0.697666952,-2.285057727,0
-1.530365726,-2.399140274,1.8449923899399643,-2.188561032,0
0.5722401992933612,-0.943557518,-1.644129692,0.8368106369526225,0
-0.257986144,-0.599127196,0.5571120293533296,-0.052394229,1
-1.179094749,0.35436772659150995,1.0169914593041671,-2.839841048,0
-0.204769627,-2.653900292,-1.881567516,0.3630524044678385,1
2.197133491593484,2.296834075130909,-2.580335939,-0.485369482,0
0.49803889802730783,-2.117580573,1.5925933004686303,1.4654115506234326,0
2.420046082240768,-2.949083927,-1.699894536,1.9631202854719305,0
1.0234803049616126,2.3663391221909444,-2.656922073,0.5817837942986568,0
0.41427944936204497,-2.785953502,0.081132461,0.6571218678595452,1
-1.852240955,-1.360022501,0.8420840777864225,-0.190194314,0
2.1480819454099613,-0.945709404,-1.40004205,2.909195642069056,1
2.466814621,-2.82604353,1.6243716918393956,-2.337991357,0
-2.835088831,-1.357826904,-1.383924726,1.915912574081788,0
1.2640034756570113,2.8896565639920855,1.269077401870911,-0.49046668,0
1.1935659656713007,2.9967544031184126,1.2608512953751685,1.5700881358819094,1
2.6301900911415563,-2.318092432,1.2287057606863616,2.104835747804694,0
2.726271601325358,-1.734184262,0.023574046345465227,1.0833290858668914,1
-1.515193623,0.6028371795016443,-1.454527305,-0.999257877,0
-0.350887821,0.17514059247940184,-0.30380477,-0.040826881,0
-1.208467462,-2.046209436,-2.715900136,-1.824127665,1
0.49166184903469823,1.716692686818794,-1.984514415,-2.348667853,1
1.4957421632955015,-1.169050017,2.708996635364115,1.2859078236622388,0
-1.039463717,-1.262743513,0.14219031762785406,-2.52513199,1
-2.293940924,-1.944852712,1.6483415598273616,0.083144156,0
-2.936597263,1.0410991648326542,-0.457858928,0.06511419,1
-1.71530254,0.31069337036462175,2.8749194385089316,-2.559331854,1
-1.296495602,-1.542014443,-1.508704135,-0.727761855,0
1.9086587084650048,2.477152139786324,-1.786709475,0.2576996276886767,0
0.8213938329928818,0.13096484618306947,-0.395541635,-1.848146965,0
-0.070683845,-0.592711034,1.7733801750136182,1.5816261549779709,0
-2.196007913,-2.468885685,2.4489236593650183,0.21305033378698646,0
2.1468056236955437,-2.651093277,0.15909369912978155,0.23655908745741794,1
2.164212195252899,-2.414340011,-1.557326618,-0.560770117,0
2.195048852519653,2.6332998904234017,2.9563477175617674,2.7551609187511295,0
-2.964349465,-2.713749951,-2.114359085,-0.906827419,0
1.9795081859217518,2.355937172012883,-1.878993562,0.7179849097182522,1
2.5041719103916593,-0.217609584,-2.378738568,-0.253118099,0
-0.745230586,0.46594797639604213,-0.368047894,-2.895924439,0
2.9639864004820264,0.2612414263834255,-0.158215467,2.727704229024324,0
-2.064837794,-1.864574385,1.848088494376701,-1.43501352,0
1.7953626377491618,-1.370799103,-2.800874219,0.10208834332029593,1
-1.819881395,1.5470777575948267,0.8471977993928888,2.541616007867507,0
1.6979301435944159,-1.915344271,1.800949419988778,0.8504222688841399,0
1.0137098505637496,1.9935773158208923,0.44294441513364147,-0.203978914,1
0.8198462121523677,-1.212255426,-1.904417213,0.6995270284274784,1
-1.596909785,-2.520509344,-2.996674892,0.6499164084004025,1
-0.827107299,1.513865824040736,-0.74894161,-0.083979311,1
-0.557490163,0.9034487466560766,-0.863165028,2.782605899653854,0
2.616881919591181,2.088167415943688,2.521801623436488,-0.305161869,1
0.21858238073695269,1.4525555553494662,1.1768755496312462,2.3440715736328244,1
1.2979861635401715,2.987308249370763,-0.908965201,1.997986453436507,1
1.1858089369959854,1.1483186712901112,-1.044986431,1.7136107545381352,1
2.4022561340855955,-1.688709231,0.7529810227002249,-0.647191025,0
2.937288715769262,-0.127003105,-1.630078957,-0.708854249,0
0.9230303388997574,-2.543463772,0.6216115213274254,2.5873485550733886,1
2.1021767259471025,-2.59395878,2.9603392724344086,1.1923615422232743,1
-2.026315054,-2.925503465,-1.972304182,2.0290555241144315,1
-2.87016405,-1.601116178,1.5438335720092526,0.5166632153888107,0
1.6964142621611513,1.4769030229607276,-2.696391677,2.355068514564909,0
-1.637808994,0.32035464137858227,0.8657289391666732,-1.988230735,0
2.8573875402058464,-0.071064263,-2.654143826,2.6235722686670417,1
0.5176070591596087,1.1951591878882581,0.15105473960534432,2.0084277286618057,1
-2.801199227,-1.389729808,-0.182109862,-2.540378302,0
1.2354400159599495,-0.638019516,-1.363992058,-2.979726919,1
1.318981870499722,2.002855853,-0.629756786,0.3853078622001931,1
-1.633880244,0.7331858776807985,-2.92717525,-0.068136617,0
0.8652328910441538,2.5091506393784044,-0.711985097,1.5911412178861788,1
0.5861221796610048,2.562072677550484,-0.609733946,-1.085427961,1
2.3228519921648623,-2.704533592,-2.181687642,-2.505573392,0
2.058659739458416,-2.93635546,2.1699429329822886,-0.292393228,0
-2.975848327,-0.590128937,-1.879194954,0.746402925,1
1.0761527395298796,-0.074834578,-2.756882847,0.9367728262032111,0
2.0522327016331268,1.3219456639584086,1.9797475137319118,-1.796942859,0
2.333327637938895,-1.066839296,-2.919571114,2.0603498779744243,0
2.650927614,0.9333491845040927,-1.611380217,-1.489533214,1
-0.200442759,2.3869864776085166,-2.102414063,1.9558420175009221,1
-1.252183148,1.8515170165745873,2.5216271856092316,-0.435036768,1
-0.809696075,1.8133279138278109,0.17689729427636403,1.106694290779183,1
0.7369754217670774,-2.082666926,2.0687421617373705,-1.825349332,0
2.5936928644246846,-1.496572251,1.403285839642452,-1.292067639,1
-1.093287548,-1.139988883,1.4873535241565001,0.34089070781635833,1
2.297714735084983,-1.155763685,1.1519551323404658,1.517691597978664,1
-2.091107322,-0.596463856,-0.103095034,-0.865875661,1
-1.067324424,1.1185193639858513,-1.704801614,1.2563444715067726,0
2.610265178344383,0.39118512706650677,0.6686054204368443,-2.586403787,1
2.1868614217069693,-1.287313277,0.6903069931713892,2.8746730184688136,0
0.573015603,1.3482569247862655,-0.328082291,-2.637804939,0
1.7855960969387308,-2.790006952,1.2039469733271249,-2.862470561,0
2.173831419460024,-2.054183785,0.085628973,0.5829042268988838,1
-0.254727556,-0.955419064,-0.193114223,-1.131505477,1
-0.371265918,-0.846522054,0.39722894104287176,-1.572455027,1
2.9319393294840754,0.00521972,-1.835027536,-0.137599503,1
2.1984907771489457,-2.869159241,1.0773247146437326,0.28780678076356825,0
-1.982652034,1.904858635829524,-0.786692266,-1.237187827,1
1.9687511511414062,0.8311502771499875,2.389554502048947,0.7793022220271961,0
1.4449059475926918,2.0186753775576776,-2.671562185,1.656293753216282,1
0.6822388910974606,-2.582953221,0.051467531,-2.505251532,0
1.415683210339334,0.27901028338729805,2.721441224473784,-1.901187771,0
0.6362007151222704,-1.730507193,0.6843899083643903,1.3358982141651392,1
1.3338259759772315,1.8904439440956597,2.1213013677499006,-2.536369642,0
-0.940397058,1.1227351221588346,-0.008482276,-1.855944319,1
0.31625742100018783,-0.555386083,-0.659770334,1.8585223046139827,1
-0.554409997,-2.841272967,-2.651619967,2.137464250149722,1
2.7636048600751275,1.130456018734245,-0.813790235,2.631601894768365,0
0.9768185182544151,2.066001295196026,1.5951138242220555,-0.725164105,1
-0.127786795,-1.883207074,-1.247915397,1.6687539677191303,1
2.363870351298649,1.3467625395084708,-0.20895782,-2.480944386,0
-2.658312308,-0.754046612,-0.217069687,0.6547237332797815,1
-2.961062872,2.938337342797838,-0.8163667,2.0885679828067287,0
0.2098002339924263,-2.217363273,1.7853933152071315,1.258962449519256,0
0.16461650957536822,0.087318548,-2.475122365,0.9350936914432446,1
2.4674709345257986,-2.440530485,-1.418931296,2.4138478406525925,1
-1.293936541,0.923662033,0.20890898965886517,0.5779656300231721,1
-0.505266591,-1.200051177,-2.708799296,1.4656856357649852,0
1.4765607731653603,1.0243544404723393,0.8618027287177235,-1.537697207,0
-2.865930397,1.8522923813126386,-0.053168786,-1.158971216,0
-2.388408559,-2.623670455,-0.906799669,1.828422388601643,1
2.512342496002983,2.3805081876783882,2.520005008497929,2.446352058776056,0
0.16334851,-1.683506169,1.7882794970209224,-1.717722151,1
-1.396756339,-1.600474069,0.089894422,-1.069034951,0
-2.075063702,-0.280959529,2.243443432711002,0.42331712969983304,0
2.2700136353255225,-1.82476689,-1.998156758,0.4534627541905216,0
-0.220026591,0.9610358498817413,1.7677607461606897,1.5078437739130592,1
2.6535670419513666,-0.610461545,-1.761679547,0.30547583968731473,0
-2.335541279,-1.26689326,-1.752671668,-0.620617699,0
-2.33270055,-2.808949533,0.9407640277801907,0.6614938697388291,0
1.2501536162319669,0.9623186416280638,-2.314231913,-1.253526712,1
-2.222840341,2.0578344122913794,1.4814219321331397,-1.790837982,0
-0.952144557,2.7996899535852853,0.5649561472779085,1.8069335838069431,1
-1.412453791,-1.739682479,1.703501573,1.1152347313886413,0
1.0858675752705818,0.31580749097516314,0.381470057,1.4141850318375226,1
-1.379985113,-0.883389205,2.2298206231203306,-1.146808794,1
0.2778574282757944,1.2158367840401043,2.999548960999059,-0.388252011,0
-0.43144274,2.0555302766020045,1.8330186675591795,1.3864552904072909,1
-0.220622176,-1.056365279,0.652382896,2.257339758789845,1
2.3026647492515195,-2.34900993,-0.429898297,-0.211668263,0
2.865692205142519,1.0679880914555069,-0.556521496,-2.843652684,1
0.39231096059517556,-2.423544146,2.0066997440865784,1.5151119634221724,1
-0.236945041,-0.424735323,2.3840337934126126,-1.269249897,0
-1.505880227,2.6351845969545726,1.8554750205208954,1.9237535584031678,1
-1.828837114,-2.140224051,-2.843822701,-1.577750946,0
1.6451429502859485,-1.559769487,1.374619701569257,-1.488550408,0
-0.628245012,2.8989737394684507,-1.531129612,-0.741776236,1
-1.193476917,-2.342250082,-0.060635147,-0.72785602,0
1.1693225148436808,1.9055672817092777,0.2654982869738314,-2.806821467,0
0.7135341374083293,-2.66765562,0.6981379415941493,1.1101796956151304,1
-1.813394234,1.9160768923306257,2.4665107894442917,1.8785217846829179,0
-1.169344859,0.5198580746738068,2.4888908951473665,-1.076011643,1
1.920166934,-2.943149212,-2.978119783,1.5582699620338047,0
1.568685492762727,1.7338631271137626,2.580161027328974,-2.292562129,0
-1.60809009,2.422349522242845,-1.936582813,1.0933756054595039,0
0.182778,-2.500837939,-1.288418028,0.12223329864580723,0
2.1141007001030045,1.2452309376880422,0.7312989687295985,-0.02380266,0
-1.207896097,-2.284530532,-0.545543793,-2.828889037,0
-1.733664664,-0.405099745,-0.488368886,-2.734227414,0
0.5343609211517477,0.2981055351194173,-2.531374176,2.658978314762636,1
-2.403703326,2.129004907424017,-2.998141609,2.293686570272299,0
-2.881681607,1.546872191352696,-0.829855132,1.429300800817919,1
-0.589528767,-2.574552466,1.6050401723721848,-2.572483888,0
2.532722615767308,-2.694155785,-0.124048333,1.338206585104774,1
-0.640521211,-1.696599152,1.5545457683761619,1.7057682287323583,1
2.5361699037262033,-0.743009337,0.037510407,-0.821229343,0
-1.457509069,1.5061977692256514,-0.96208893,-0.431103348,1
-0.577958054,1.2759673538804748,2.506773756664079,1.0005363678442638,0
-0.170504423,1.6752306884333006,0.8458279447328252,-2.636337857,1
-2.426018481,-2.772498336,-0.259102043,1.9551206060337893,0
-1.121500984,-0.695038901,2.456862650207344,2.0214206718999286,1
0.990288674,-1.399177307,-2.297751104,-2.903647064,0
-2.357935964,-1.244421338,0.310740381,-2.615999503,0
-2.18263333,-1.913515786,0.7918925578998373,0.6947387938807466,1
0.3045943582329178,-1.496991452,-0.773281853,-2.419861702,0
-1.641236377,2.3862313588354827,2.8781504786149705,0.8859575138417681,1
2.500939752140521,0.8564514024085508,-2.800821083,2.980575509918454,1
-2.40628619,1.095850808670364,-1.482982782,-0.648113323,0
0.8756051088056296,-0.381075904,-1.496723646,-0.993322879,0
-0.950711298,2.7559434270492824,1.7916780955407061,-0.248707371,1
-1.801074478,1.866096661575936,-2.05690517,-1.737226697,1
-0.803919649,2.282089175,-2.209279988,-2.266594843,0
-0.03615007,-1.341536753,0.41236764988895924,-0.290179892,1
-0.390245362,-2.328162177,-2.153701859,1.926471465,1
2.315296425430466,-1.591898803,-2.319236991,-2.679499968,1
0.6497856824513812,1.2921192750012338,-0.763140065,1.078055204943837,0
1.2777528933571567,2.6120536883814323,-2.610758173,-1.846249661,0
-2.588844074,2.2079636000166634,1.7555229602014109,0.4478524237310344,1
-2.49801954,-1.360125848,-1.213680912,0.36445917609250245,1
-1.451736636,-2.562240817,1.3845738111197967,-1.20551873,0
-0.285754938,-2.23400019,1.8152898203674779,0.3931912615443456,1
2.4095137572591767,-0.027170622,2.6485540309072784,2.3512092262879563,0
0.4587591387554033,2.603360629,-1.061467516,-0.806147024,1
-2.727132292,0.5352054405831184,1.33154382,1.6411151414526186,0
-2.101102284,-0.335045566,-1.938820727,0.9727640931254928,1
-2.052321765,2.4249821037364496,-1.616192126,-1.251586402,0
2.105437932905998,-0.249194339,-2.856024325,-0.032482493,1
-2.492739988,2.912068312123864,0.5286694227336142,-1.460804294,0
0.38230607728570654,-2.53879738,1.7993478256129025,2.5519683231849823,1
2.246666329236957,-0.949454386,-1.045391282,-2.789474333,1
0.9084021522055004,0.20942870513876954,-0.243921772,2.4457857200082422,1
-1.992726594,-2.9420024,-2.560101287,-1.659771373,1
-2.800286704,0.017062263858813154,-1.115457269,-1.917101952,0
1.5005044496919728,-1.773292043,1.1256306059627592,-0.904410565,0
0.070966564,2.603202239107919,-2.775890191,0.001587045,0
2.126537761965709,0.52784549,-1.338776898,-0.613913189,1
1.0815937723714475,2.3448713658828186,-2.753601758,-2.570767069,1
-1.049690858,-1.603321893,-1.410414683,-1.672380008,0
-1.825049707,-2.216256199,2.6037247907714285,-2.134863217,0
-1.773577351,-1.522405656,2.5980892387825234,1.5342848016065087,0
1.7381965818930887,-2.371450443,2.0178592500940304,-0.550841509,1
-1.423061843,0.45450050112186346,1.9330974349004038,1.6719129064494567,0
2.3399848954867926,2.568793116092664,-1.571267571,-0.456852635,1
-2.912228765,2.2759299555903603,-2.072567091,2.1688488740561658,1
-1.023676068,-0.79119846,-2.765206473,-1.038727261,1
2.330182096807585,-2.846715593,-0.562035162,-2.811602221,1
-0.774459449,-1.964156155,-1.48668964,2.265590238968514,1
-0.383704676,-1.357212052,0.5360302677032864,-2.147358241,0
-1.443650355,0.2774878056173309,-1.574861749,1.0747664244052402,1
-0.051052186,1.631934421528145,2.6894672143348117,-2.305170664,1
-0.99200994,-1.082705623,-2.092902484,1.8618188240008244,1
1.559272224,-0.093447175,0.22662466676765725,-2.642735172,0
0.3330441139622735,1.748049144117818,0.442965442,-1.408161779,0
1.0052896340060231,-0.83106942,0.26923970571441114,-0.07460782,1
-0.712949994,1.3132678823648103,2.3032566719152907,-2.968724889,1
2.6016991153822033,0.069090816,1.204391282179591,2.133747397055263,0
-0.197377846,2.009844440189342,-1.934281083,-2.044994793,1
0.9448282131369212,2.2208580333104226,2.3545570652162358,0.8624427502634795,0
0.1529353812559049,-1.011641474,2.8800024935959883,-1.08182588,0
1.4651166433895586,0.1918907994300043,0.6510740551520802,-0.639116696,0
2.788938752833487,0.4300939565956261,2.6267257827527395,-2.954451503,1
0.4360234991467258,1.3031213383516285,1.4704810269733084,2.429861290690088,1
-2.973590346,-2.998019044,-0.166419235,-2.82423777,0
2.8471953219742474,-1.667608953,-0.164011624,-2.63317422,1
0.1322904970275509,-0.720263249,-2.732039827,-0.9892544,1
-0.651383879,2.939528948,-1.752684768,0.268677692,0
2.923893295191772,1.7521152476408108,2.9602050052925337,2.8097898879610153,1
-0.062762747,1.1782550992233949,-2.337341238,-0.35310705,0
1.854111253600185,0.032011926,1.2161941969033911,1.4745079799056615,1
-1.479185153,2.2541962376553926,-0.241065415,-1.738889378,0
2.1924952907306627,-0.493087163,1.5018746302783184,0.2881984333295575,0
-0.708769487,1.859258490231416,0.5068195898676784,-0.656627385,1
-2.342412778,2.3726718826002475,-2.787182488,2.1791240902083375,1
-0.840230851,0.836032581,2.533198343014112,-2.089760307,1
0.4017028538328611,1.5865971742211524,1.5455029963143438,0.1537914875970241,1
0.7484367594387482,1.5451619647970674,2.0461658265444704,1.5708785812551822,0
-0.875970341,2.980358406346399,-0.392983838,-2.853211783,0
-0.82429829,-2.233302273,-2.271344306,-1.310789759,0
-2.679747035,1.131073130457379,-2.556066695,-1.780262667,0
-2.442601713,-2.620993615,-1.393490007,0.43139380596221955,0
2.7881133386810504,2.253339926097638,2.255603552671949,-1.943597784,1
-1.410556839,-2.541640099,1.6708100394911103,-2.581102191,1
0.3401740249251195,-1.512746566,-1.539326196,2.944350331485631,1
1.540678841871225,2.0216361497463007,0.43189611206407585,2.2260857243624947,0
0.8729432349981172,2.677042228778072,-1.311968484,0.5719172746973702,1
1.1407880876213525,-0.64237617,2.278247894,2.878818978624926,1
-0.037383052,-0.656156071,-0.168372429,2.1164204743915898,0
0.872810553,-2.731365765,0.2530194626742892,-2.896199264,0
1.6712122260204323,-1.030126359,-0.167955107,1.7920686354457924,0
-2.721307096,-2.048750786,-0.612237741,-1.620449019,0
-0.972591445,2.989048427,1.952486625442864,2.3034108897606513,1
2.6223278013946523,-0.954384718,-1.217538253,-1.595625045,0
1.9807014678487356,1.0773111737111094,-1.582968105,-0.738037025,0
0.040270584,0.16884034364252187,2.332366371310288,-0.716603202,1
2.4511441830030742,-0.351794638,1.4782360487541233,2.5815259199103364,1
2.445454223779598,-2.658282796,-1.76577423,-0.138567447,0
-0.41067426,0.8453499890232425,2.668254304952473,-2.325571732,0
-0.288848009,-1.845533773,2.364645590387685,2.787481114809917,0
-0.127789909,-2.375938214,1.7117680003360398,1.1828481029543942,0
-0.87197504,2.3244448438137812,2.8549913386962427,0.34712309478117254,0
0.39436746806575407,-1.214918969,0.5070362158998849,-0.362146077,1
-1.186853838,-2.596888821,-1.483752842,-1.812872102,1
0.25225190732369374,0.6100201305815629,0.6514303458360988,-0.670913994,0
-0.472621598,2.005430578,-0.142603119,2.926639992822734,1
-0.36229662,0.8974856677070342,-2.697822006,0.9200395465128652,1
2.108558366490037,2.6547470311997774,2.9839236698386227,-1.306928126,0
0.4522203889543013,-0.295692087,0.382904883,-2.055282257,0
2.1368974355756487,2.457413660067526,-0.302030021,-1.317420831,0
-2.154999434,1.1025889486668268,-1.126608962,2.4572314194803315,0
1.0260748490692198,0.8741119510454443,0.3564126953894453,-2.725341963,0
2.591534614113522,0.7676249597967599,2.964371900298662,0.22413842863732203,0
1.2606653514372788,-2.662742653,0.7904170609404653,1.5878976695421434,1
1.6710857691153436,1.6206699133817128,-1.642304236,2.8523908656313557,1
2.9710927237496323,-2.546424749,2.6186785368705436,-1.263304834,0
1.1357044905057885,-0.971334476,2.8065259402387293,-2.39097685,0
-0.013519098,-0.431713248,-1.043859286,0.873203945,1
-2.213665539,1.2999745088021815,2.8835527428287238,1.8273522868117809,0
2.1601005174572725,-0.842179541,-1.050680361,0.1022901281407993,1
-2.725640311,2.6721488067391954,-2.137288962,2.4180782350085543,0
-2.498506668,1.9357495660713608,-2.088224845,-2.771210315,1
1.3169367015564521,-1.318408199,1.286976916706097,0.3305115028369183,0
-2.347155659,2.5927804398069823,-0.286114951,1.4066836667921283,1
0.006123432,0.6261688497672284,-1.183358446,-1.797838176,1
0.2554212204484072,-0.358686162,-0.659320719,1.0354031705677382,1
1.1430397920668156,-2.724479663,-0.967533035,-0.529412699,0
-2.418647033,-1.5845948,-2.690149217,2.9774525917021233,1
1.4193432178190672,-2.475299061,-2.878503721,1.3157268009136818,1
-0.364847006,1.7207802543874564,2.540856226910302,0.5958023340982352,1
-1.877349462,1.6931642162787153,2.734870459046247,0.4813877223597358,1
1.0919846836844016,-0.97515183,-0.710833832,1.4079269871183833,1
2.566626590440915,0.7739303233461134,1.739087450912085,-1.970189896,1
-1.728245458,0.19220812100034035,-1.940674847,0.8099704213255414,0
-1.250080888,1.7491957120013515,1.8486620796860604,-0.217275265,1
-1.91513619,0.8806497664915955,2.956722109581518,0.7355453876551401,0
-2.785351856,-2.896236145,-1.077828177,-1.825297159,1
1.878307242859849,2.0688340022160023,-1.448287372,-1.046131338,0
-1.582518194,2.4502952842275842,0.015896007733693374,0.9368222644921191,0
-0.50710748,0.7860851610271871,-0.68486774,-0.961929374,1
0.8068804390408815,0.5463724682939355,-1.238832275,-2.103909298,1
-0.788539837,-0.508814165,0.772106001,2.4871725818211825,0
-2.782891215,-1.538033925,-1.837704346,0.013766452162701448,0
-0.421795158,1.3742257429211309,-1.545504525,0.5669901944985511,1
2.3031435815997554,2.4640664395098284,2.752707628350187,1.639566912479932,0
2.435927438,-1.592814768,-1.814514334,-2.961071497,1
1.2410661445745905,2.6248031268824663,-1.87838793,0.8216614525612731,1
1.478758555330665,2.5656854108883387,0.8811613441033299,2.821762396492514,1
-0.931961154,-0.900428797,0.2580750600860737,-0.698988713,1
-2.99144563,1.390632150521924,1.5103022488709001,1.4818476281206223,1
-0.929876,0.13373683986703178,-0.840158891,-2.9037816,1
0.3746936476285123,-2.257436003,-2.519752055,1.5329944121807229,0
-2.942962785,2.7540506616523572,0.091532185,2.898098584236891,0
-2.652014565,0.5011772931954797,-0.904037784,2.060894956885715,0
-0.832663589,-1.437074526,2.145318763,-0.75208145,0
-2.899000081,-0.658265395,0.9271336140656512,-1.473842767,1
-0.408074445,-2.65970917,0.5285567490837435,1.5377695431623621,1
-0.520124632,-0.478604203,-2.470305008,-1.788354813,0
-2.071948181,-0.109873388,0.1755332457045009,2.6936407877055597,1
-2.560610974,0.5992078389302828,0.15899116396944812,0.097398588,1
2.238955724296959,-1.766769176,-2.755360354,1.0336290458051547,0
-0.929055215,-2.894460503,-1.491755956,-1.144039355,0
0.7010302607054522,-1.964485236,-0.521673912,-0.105147333,1
-0.244575652,2.8436446000006903,-2.726974573,2.705809118714396,1
0.49162328396419985,1.7743662898190298,-0.417644292,-0.276972712,1
2.2759589940949416,2.3756069777514126,-1.567866711,-1.804548728,0
-0.022588957,2.401662163,-1.06586944,0.9120876920347878,0
1.2489101264436062,1.672047989364935,0.38354674752577944,-0.58526893,0
2.8020959327938373,0.6679845198171162,1.3713912697996253,-0.930102926,1
1.0196950860184808,-1.453214027,-1.529418495,1.2883332108565586,0
0.12836841757761075,1.0996596625343384,-1.383369056,0.5923400463403823,0
-0.336398102,0.5817617210731676,-1.254721607,1.2927057818947434,1
1.8355761969567936,-1.440501157,-1.196276641,0.9669256183145576,1
1.1735110458212645,1.2245981063847005,1.0961910286550207,-0.643153698,0
-0.630877954,-1.471094258,-2.058997801,1.1554642763814336,0
-2.440867284,2.6267537207206892,1.9601178220287085,2.1450344397435366,0
2.4400128876911413,-0.548370176,2.080204340102406,-2.051632198,0
-2.870149232,1.7093483679831012,-2.551220112,2.9311480039555295,0
1.048778577609336,1.5206982614526332,-1.525176862,1.0431923635181288,1
-2.740680376,2.0269543195416055,-1.982255442,1.1841484010026235,1
-1.653116993,-2.589280983,-0.111037929,-1.984282738,1
1.3766639299592986,-1.57460494,-0.945164663,0.4046355075868373,1
-1.290190335,-0.732071303,1.893730626,-1.924740903,0
-2.506790463,-1.029853289,-0.453739398,0.255955693,0
-0.765457823,1.7394702013368306,-2.764083074,-0.409394771,0
-0.706464512,0.8854709448411544,2.797657511384376,0.06225244,1
2.9212610816503233,-1.186503631,-2.814791205,-2.006020995,0
-0.629250691,-1.101996545,-2.417675214,-0.404039354,0
-0.97130537,-2.264284677,-1.223297216,2.3186163321323434,0
-1.187706807,1.283732539,0.672282478,-0.436913026,1
-1.565846179,-0.785911804,0.5526432808262567,-0.895480712,0
-1.710621399,-2.301223507,2.278601627457392,-0.358122145,0
0.7512499304575804,-0.057537833,2.23539911,0.28160911468926475,1
-0.115311492,2.547605942530276,1.318137576272127,-2.330700556,1
-1.933773233,1.7227371776366516,2.0151079270797254,0.2711449745417789,1
0.32673136719983553,0.7915977771086671,-0.365305354,1.081194740903424,0
-2.349112455,2.7676754542043183,1.500928943,0.7870452240540415,1
-1.102067658,-2.034267075,-0.543942217,0.9694604434443508,0
0.8022584605386656,-0.70415307,0.6797183629987789,1.8824897734052852,0
-2.842291366,-0.296273712,1.551331370800746,0.27686682278026353,0
0.9088565275744198,0.10005835563205245,2.9512472680938657,-2.672270781,1
-0.053731069,-2.451500705,-2.041286627,-0.701769897,0
-2.066759451,2.782122995739906,2.680738660350954,-0.983342123,0
0.8384862722260773,0.20251992356271664,1.8935218830946114,0.7646736589016534,1
-2.998485273,1.5790463136584325,1.4810887277767089,0.058336233,1
2.417513839398323,2.4506772341424092,0.1434700602263832,0.647929387,0
2.9791324315480345,-1.207078591,-1.052296546,-1.903356584,0
2.3752016349472083,1.4669303396955975,-2.366142907,2.8906041071877944,1
1.385770248966696,2.103132657629847,-2.711095265,0.029765513653005726,0
1.191589720362236,0.25767950743104784,0.9998847941956646,1.907244381542835,0
-0.753977622,2.092012053712258,-2.022503371,-1.37468367,1
-2.73992628,-0.813439132,-0.720542731,1.8316235832435055,1
0.9187840217379359,-0.379664651,0.9126838717424892,-2.683299897,0
-1.918370784,0.7616871314505298,0.8482009153518133,1.6448079522445624,0
-0.582001446,1.3353245796969375,1.103881995361137,2.780360270219094,0
-1.709218641,0.31007738251583694,0.6105866526628159,2.9918873096053247,0
-1.792895147,0.13930811980375335,-0.922888154,0.15535781147399863,1
-1.607228387,-2.714325729,0.43539272338613344,-0.984874105,0
-1.90835159,-1.056386604,-2.704318791,2.7026534045406194,1
0.48688749,1.8886120880821489,-0.461290815,2.419888005397114,1
-0.100090671,0.44367193320401643,-0.04923612,1.3996697752059095,0
0.3999364656123743,-1.370406459,-2.126762812,0.6367463332978662,1
-0.064920231,-2.42414582,-0.626295205,0.088658532,1
1.9613594029535397,-2.543393665,-0.909027911,1.9359367362623123,1
0.8905435906294725,-1.260250069,2.0720107321358547,-0.040238517,0
-0.009888652,2.8595240352023055,2.682699019418271,-0.8488039,0
-2.156525228,-1.045999606,-2.817100438,-2.87539268,1
-0.626867182,2.646118936183405,2.228144047393247,0.068657004,1
0.3913582870249841,-2.96439902,-1.706993065,-2.851355238,1
1.527237196172325,-2.126125224,2.2142826148609016,0.8599458820547294,0
-1.623487941,-2.053678098,0.7657482055383187,2.4050218816939406,0
1.3101613134862902,-0.90872009,0.5243015716118826,-1.135429828,1
2.9948974006719533,1.4930351307711067,0.6862898385405218,-0.460445143,0
0.7089137415573439,-0.950303625,-2.826810963,-0.629468866,1
2.582884917479202,0.7578065686431952,-2.496265782,2.3099616803701553,1
-1.386750904,-1.537383042,-1.217454187,0.4632134167557447,1
0.2681285606038597,-0.051517472,1.305221181075762,-1.100773612,0
1.6923871294345867,-1.94806993,1.6957247344620558,0.9828606315016968,0
1.0992498572855194,-0.110679617,1.0020091960851882,-2.521217721,0
2.1093067022962035,-2.666716599,-2.107550941,0.46073825098341814,1
1.436468732740149,-2.542490614,2.5245888847339186,2.841645892804191,0
0.6357010380462662,-0.112539268,1.4483698336784983,-1.029855886,0
-0.040413395,2.4969061608864074,2.733932551449201,2.562414696,1
-1.425311598,-1.605185759,-1.214012964,-0.352133326,0
-1.114995523,-0.754723226,0.7238217127245572,1.5751540625638558,1
1.4133491896075023,1.8865414024749114,-2.806893581,-2.713597262,0
1.736297764131776,0.1984729339477913,0.46884404257272205,-2.684478839,1
-1.468117193,0.8301258293128662,2.1550913406640566,2.5019003830884152,0
0.002516975,0.2728453964291857,1.9982977864139455,0.22574760448412778,1
0.10115115322390444,2.4305042265657217,1.7395963263352803,2.454435158167767,1
-1.690517671,0.1462529199321403,2.0548327715601475,-2.333113035,1
1.7679729257637709,-1.9021597,1.8487125299119267,0.6720056253412086,0
-1.840584051,-0.159874924,1.0914309987646291,0.8031174053012542,1
-0.436516823,2.396199173525561,0.1155804869270658,0.035203791,0
-2.62649646,2.532722338785822,-1.937300588,0.1700681606193255,1
1.8214056084018608,-1.707280338,0.1642397398250468,-1.555890545,0
1.558169986799471,0.38604700723890417,2.135855162370861,2.3673480172642973,0
0.8924008946723885,1.3523474769536667,0.29532059932118226,-0.693427602,1
0.8887075381250078,2.4497317409239727,-0.499917717,-1.113539842,0
-0.669378369,-0.387614219,-2.558633826,-0.009348957,0
-0.034114512,0.5306629658431392,-0.823079817,0.6786455757335386,0
2.269297861645218,2.732825942970986,0.501673297,-2.744454276,0
2.8154159836026533,1.2351723653775375,-0.984218109,-2.117053794,0
-2.139488327,-1.993533563,-2.72656487,2.4129251319174694,0
0.24460939696401773,1.1997564762830235,1.968651055609845,1.7492460379992014,1
2.295633742373049,2.8035277351497108,-0.365576312,2.702012800010343,0
1.3397396900568985,-2.575990858,1.0906987272740727,1.1202999576290917,1
2.435163382755163,-0.762407205,0.5094690016309071,-2.926874694,1
-1.007548547,-2.626537643,0.13123783658938182,1.9046859030417194,1
-1.761343847,0.16464627334667092,-1.775948181,-2.275869193,1
0.065980752,-2.525108274,0.5241277868279361,-2.811975236,1
-2.359710169,0.2999849129241472,0.5484444773934829,-2.826078419,0
0.4402607280093509,2.031015151941822,1.3338970637637235,-2.212889376,1
0.5548478853816894,1.0335150004452807,-2.776612789,2.1320860121017358,1
2.4376043837389814,2.102713640173551,1.9477888079346792,1.4697911907653598,1
0.8005921876917608,1.071762029929511,1.838371760009898,0.9749907501678274,0
-1.03363826,-0.744233387,2.3823448102337528,-2.897267485,0
1.1929234874656922,2.728665314551293,1.2373690197478417,2.9634719293906926,1
1.1252694331699846,-2.793821825,1.962059289881541,-1.292220528,1
-0.323656646,-1.127448505,-1.388675363,-0.411565778,1
-0.727491309,0.8000314910555364,1.8789072059250636,-1.217468081,0
-1.717673083,1.0013716252220535,1.021920395,2.406787435717031,0
-2.904325881,2.1182439726990596,0.1260130376901416,0.727812535,0
-2.451771357,-0.404310403,-1.636185557,-1.47464982,1
0.024570688,1.8747357024186737,1.4626855808691364,0.5459997545157229,0
0.2365091565208024,-0.436163741,2.836259841368318,0.36115532540539963,0
-1.47620161,-1.619455248,0.6681181846508508,0.13696516386557267,0
-2.953813182,1.9803922331746762,1.2247341253946082,0.970975738,0
-2.587316054,-0.827664899,2.612293564396717,2.1755354480481826,0
-1.286742373,-2.057646695,-0.305472257,-0.865017728,1
1.0933582602359468,2.798608860505918,-0.8219913,-2.626654964,1
2.3856840500543113,-2.772301619,2.716595382919998,0.9874765680542388,1
2.6501352506516946,-1.80204188,-2.755801228,-0.07074013,0
-0.296259513,-1.01104636,2.7459388463321854,1.9355023929685933,0
0.9694921282535596,-2.02285025,1.4059404493111485,1.362074728198344,1
-0.449590958,2.5487154582840823,-1.998132707,-1.395974626,0
-2.620653964,1.7727057490655245,0.7305563165723834,-1.110358166,1
-2.017118018,-2.75911338,-1.999526588,-0.280292122,0
-1.516938186,-1.446106935,2.2534582000062855,0.090826041,0
1.3755118387704872,-2.785734306,-0.809019866,-0.124983916,1
-1.881498869,-2.278850751,2.221822670999055,2.6365897625987795,0
-2.527159812,-0.905887725,2.749713768866842,-2.501029601,1
0.8618482372723575,2.833328225802033,2.8693420114882473,-0.172660015,0
-2.023505353,-1.78749411,2.337608370746368,2.470098025978416,1
0.6472778632413285,1.5970583968194685,1.4395875088224486,0.9709295879346422,0
1.9636617292316343,1.1124397382419264,0.20401383448499555,-1.578261824,1
1.4633288647117144,-0.159372793,-1.231249896,1.8116776544506523,1
1.1802816021181695,2.6240373787482003,-2.00735016,0.8951357078189588,0
-1.534563191,2.4214979118098503,-2.403003514,0.9369708386692635,0
1.7465143291681793,-0.870492958,2.7248284763028554,2.104384107516224,0
-1.232290202,-2.954753444,-1.220056943,-1.312137177,0
2.3397876450054538,2.802727069528485,-2.577360084,-0.172231029,1
0.2899919911787743,-2.442530032,-0.735013745,-1.097505496,1
0.2163381259625239,0.967145398,1.2209106629793993,-2.179469858,0
1.8776862116677284,1.0712521787445537,2.334449500480318,-0.303983643,0
2.363338576333149,2.1946447341364523,-0.369544006,-0.713140108,1
2.5968720898215407,1.2909884072306257,2.569472078628454,1.7818486733748777,0
0.655784636,-2.304883338,-1.251115965,2.8130544425903494,1
-1.083467408,-2.440470781,1.245320135515919,1.404025527262105,0
-1.287253678,-1.213968124,-0.186642087,-2.869266301,0
1.7359380621669818,-1.097467276,2.122578612011866,1.8157825296002024,0
0.9684121987126986,-1.050750797,0.09789937,-0.331024454,1
-0.966708683,2.0888177358190694,-0.098957553,1.996338586782879,1
-2.368689155,-2.153851268,2.863921831,0.5266107756365379,0
0.058618041,0.13893637886467003,-1.708387356,1.312223697011838,1
-2.491316258,0.4399422786181395,0.42461277951540843,2.4851305448010663,0
0.15709686062916184,-2.177623824,0.43651955548897536,-2.452034134,1
-1.777236988,-2.813348495,0.079761495,-2.492804308,1
-0.183633729,2.5976702119448642,1.318568478115992,-2.535529955,1
-1.654741127,1.0419745193606058,2.3682111661451017,-2.802488479,0
1.8747067903235646,0.370883282,0.27654795177835556,2.7468790965201473,1
1.4858676755806384,2.1007132083366713,-0.876026583,0.32618424497045906,1
0.6924340645666245,-1.070496358,0.4214887496843973,-1.580067723,0
-2.139745974,-0.756178444,1.435737772478622,2.497122888443325,0
-0.253715691,0.8569421296525901,-2.381777214,2.4267825513139725,1
0.41162528141960664,1.6820294857509417,1.766647205528363,-1.461116842,0
0.17504671909109693,2.7628785093658648,-2.462192731,1.0982993881773808,0
2.773584468211032,-1.196537352,2.168687528426089,2.6019452724496297,0
1.4825172563689506,-1.612030126,-0.995995687,-2.785144233,0
1.988719405472131,2.0976671190664797,0.7962618597971565,-0.884832892,1
-2.539133834,1.5183456594894569,1.359157161659537,2.4756151304334058,0
1.3831921260321733,1.972169653464011,1.4757277074239976,0.7841231298738984,0
-0.438201635,2.412703851853667,0.9058114314448189,-0.609868068,0
-2.499184229,-1.255770865,0.2623604089809888,-1.34618778,1
-1.672587912,0.1643610845270831,-1.981077925,1.8024603799506203,0
-0.093791092,0.44317664377590127,-2.115700394,-1.052541986,1
-0.5394619,1.849276983099018,1.620957138516915,-1.662135151,1
0.6970744896420467,-1.539261853,2.929482934141472,2.712743268785224,1
0.3795883231237229,1.1934154313648575,1.8085822932518703,1.325990520269423,0
1.1989721464945253,2.7513240476971683,0.5787366378436998,0.8178160309143339,1
2.095612502629087,1.0193452071504403,1.3975957321051347,-1.594987883,0
-0.772398455,-2.116191926,0.034592654008832824,-0.265635596,0
2.9829768856767416,0.6672519168932549,1.7186689391665402,-0.995911975,1
1.989271988056779,0.6905097989261004,1.1819539895906308,-1.233415332,1
0.2918303501734627,0.8042218404816519,0.534568055,2.4911622685473986,1
2.389635986955321,2.8259043472612237,1.0045680360419365,2.831484780754108,0
1.9948680001914534,-1.375007158,-0.435385983,-1.569645347,0
-2.974817035,-1.871707481,-2.975636482,1.319030768,0
-0.446794214,-1.124551638,1.5703253465711278,1.994920648,1
2.8517972318992797,0.8520815080514472,-0.230826249,-1.16841419,1
-1.666090745,-1.722444297,-0.544863752,2.9507181317275784,1
-2.994877815,-1.816764617,-1.869642106,1.3027169131937537,1
-0.885091634,-0.256435172,-2.108255217,-0.570017767,0
-2.380801129,0.19825972733149877,-2.412369808,1.7430502870389377,0
0.3996103052429367,1.3438072426411019,-0.48890168,-0.711052241,1
-2.410746666,0.1431336422569358,0.087012989,-0.191387733,0
1.4431101880946953,1.995026400194127,1.5047380496910492,-2.136805543,1
0.7323570556926482,-2.518061366,1.1677337246428587,-0.708965421,0
-2.205006262,2.172305141856767,0.684050034,-0.871650192,0
-2.815636922,0.22386155402166308,2.5393552709173957,0.5782789962141943,1
2.829903627716959,-2.18129329,0.4098306275690211,1.7887502880385764,1
0.15324438675429697,-2.453601864,0.4973160092833062,0.670427435,1
1.3722554908521154,1.567269090992843,1.624636129263643,0.9806663618337961,0
-1.705132881,-0.574585465,1.6567798356863914,2.7205619004048796,1
-2.526318211,0.21322006678316896,-1.124866372,-1.647636634,0
0.034864101118290414,0.6365360433392206,-2.941366611,1.6812394332071454,0
1.919292787556686,2.793064947407598,-1.916137601,0.567315374,1
-0.440247759,-0.991032891,0.3938007086250277,1.694298559341302,1
-2.861683299,2.8164006753971202,1.8592895142342645,1.5069222218734701,1
1.5623242930830212,-0.665635742,1.5097233050688823,-0.679378748,0
2.3922409774487585,-1.9366657,-1.245915455,0.30802525619445653,0
-1.084733785,-0.454576528,-0.045463864,2.138120092881052,0
0.1391535216521569,-0.825240908,-1.513583016,-0.547944127,1
0.094416626,1.476689143219418,-2.273707343,-1.670344871,1
-0.722075905,-0.837609569,-0.649511474,1.7611275878419477,1
-1.055073582,0.011389082415988128,0.7434421971473792,-1.606928699,1
1.3121723228852336,0.2826679184296861,-0.319313022,1.858704160429883,0
-1.539028445,2.299055823685939,0.36629241220022246,0.655049276,1
2.2503537850136563,1.9054961270960158,0.609372413,1.519126223089045,0
-0.400083059,0.2842665209984778,-2.62757918,-2.460852492,1
1.9765524251179922,-2.641970066,-1.983605246,1.774995953702649,0
-2.993124296,-1.305574027,0.504231947,0.5726995888157793,1
1.6629174493768417,0.035557527,0.056411217,1.3518634532442029,0
-0.00825322,0.650946519,2.386644409530306,-0.591293954,1
-0.689249574,-2.978706049,0.6805575691273917,-2.821368556,0
0.024890938,1.8254027341933599,0.2995264231179786,-1.382183009,1
1.7170105286962274,-1.381697976,1.3981906856753925,0.6615507311413875,0
-1.98002222,2.4308032490651144,-1.796137902,2.937522444844019,1
-2.956137068,-1.419099737,-1.800838216,-2.916039539,0
1.394207400883893,1.160554812597578,1.7541057861295828,-1.459808721,0
-0.333988998,0.95468113,-0.361388977,1.1839546219074943,0
0.8038404506426531,-2.312113182,1.6862587264618085,1.3240581545551091,1
0.9350063257044319,-2.069438362,-1.392021307,-0.64093781,1
-1.32042227,-1.633138256,1.8321460209706544,0.8293934781612142,0
0.3928327893015018,-1.644283735,2.5084593736118475,-1.852901765,1
1.7697055969480626,2.800036000231758,1.3625563753454166,2.957152651107778,0
0.9063067018676803,-1.695237938,-1.777083038,-1.052614294,0
-2.957219879,1.090190820497007,-1.387993292,1.8910993937565168,1
-0.844964097,-0.120261039,2.794133499362216,-1.546967262,0
1.3275245845784376,1.5307067358325028,-1.674011055,0.00598102,1
-0.898788448,1.6314374604005355,0.7348999141742247,-0.144101671,1
1.67617959,-1.58906658,1.5217312835061545,2.1922458725569456,1
2.2717295808454345,1.7020415581176227,-0.551914998,2.8908481363069622,1
-0.722438137,0.8317523946145542,-2.033554932,2.882693391818356,0
1.2239155311879797,1.520265271,-2.60533978,1.5805068853240307,0
1.6483405753236084,1.0306363581733793,-1.248542317,-0.061859747,1
-2.337393772,-0.170477601,-1.537056884,-0.905418081,1
-2.02439755,-1.619673794,-2.540588149,2.5194081986215284,1
0.18246412785242017,-0.619548172,0.2101752766127034,0.7697593708893162,1
2.531272760216094,-1.927842286,-1.226685008,2.8547360180646884,1
-0.77284208,-2.864630095,-2.114139044,-2.84196779,1
2.939538855,-1.326774906,2.541256541617356,2.9753176545582942,0
0.5990473268586856,-2.80082211,-2.510450218,-0.110465669,1
-0.562967923,0.6370638346906059,-0.366913142,2.6044610956289063,0
0.20843829248106616,1.1623563687746534,2.378911636,-2.118768745,0
-1.621592075,-2.356088037,-2.162169605,0.075503802,0
-1.072924446,-0.460962963,2.894938990764371,-2.059773913,0
0.24487242478845328,-2.40677307,-1.08902212,0.16515554204759164,1
2.679790475792027,-0.652630672,-2.610559823,-0.671031312,0
-2.125552945,-1.62006232,0.7085437389899427,-2.595456803,0
-0.211657462,0.6567695160645863,-0.468849646,-2.885241896,1
2.913116141417192,-0.797305396,1.6714631215996016,-1.046121047,0
-0.149899458,-0.669218144,-0.944764623,-2.868891737,1
-0.839874373,2.336939942,1.1423600315621023,-2.127462845,1
0.5469300277364351,2.3533851596932287,1.2002042457891324,-2.107893646,1
2.2069949804069804,-1.19073592,-0.275543134,0.1568565581348782,0
2.1030396262691715,2.589644970885966,2.577917266743336,-2.952274912,0
2.5313309135127433,-2.673678204,-1.405358059,0.089927128,0
-0.120445866,0.6282587633243519,-0.123322628,2.606254077842525,1
-1.556706911,-1.355851836,2.524427614158337,-2.539562918,0
0.6573649314288592,1.0904157123936642,0.033250341,1.1653912729388232,1
-1.963472124,2.1157933966292397,-2.159845863,-0.595125334,1
-2.548454392,0.27126647290440076,1.0184748445538352,2.647329810571743,0
1.436017175376005,0.24661749872490635,2.5957021030220027,-0.129378972,1
0.3672339185932163,0.5765911660205747,-0.540121645,2.030896143394945,0
-1.888944367,0.32905314222964765,1.3333995371231637,2.4238570312594634,0
2.3035103786056705,0.052441736580851384,0.858968707,-0.634573583,1
-0.190933423,2.4375947554382975,2.584223959154844,2.372484348402118,1
-2.169774829,2.1005041279838172,2.690182386128882,-0.832501833,1
0.11187773653001543,1.674571534877975,0.37246882539389237,2.960901130237497,0
-0.265719809,1.2836562672442655,1.7555468411792656,-0.035397505,1
2.1419028342682545,0.2769275472431785,-0.530095219,-2.353057957,0
-0.639518542,1.4036187283997048,2.527718470080644,-1.489923577,1
-0.868586896,-2.076234035,1.1443373653738131,2.761130580059552,0
0.8457133190890529,0.7024591800373576,0.3209395830026036,-2.469265556,0
1.3770229585763012,0.6122972612961046,0.9688606131377222,2.3928665581645294,1
1.7037647223661079,1.6854915129271566,2.5631026132760857,2.939609708777997,1
0.4876963917663577,-2.346710304,-0.245220553,1.7256068787698666,0
-2.833648051,-2.65867537,-2.597053306,1.386214549969865,1
0.006999771,-0.786612339,-2.366297728,1.3934415012353352,0
-1.073881137,-1.40805558,0.9139152093213054,0.3540653555810507,0
-0.825536149,0.8489248248335288,-1.372670878,1.7689815696259608,0
-1.624086298,-2.046973828,1.6946364569932495,1.2473521841875987,1
-1.904166146,-2.302525484,2.0303945309201525,1.6595908931801286,1
-1.036455758,0.9491844492802004,-2.255038881,0.042285954,0
-2.887618248,-0.650388714,-2.550943071,-0.149116919,0
-0.469910119,-0.33368984,-2.728012188,-0.830301952,0
1.5389030945994993,-0.78651376,1.2910317156574838,-0.783127658,0
-0.460563351,0.38335267697559683,2.7040916208424948,-2.34683732,1
-2.802517388,0.6477431028602707,2.694582533570558,2.9383387953282893,0
-0.095014516,-0.191510273,0.8697826244711768,0.3338085432298188,1
0.8045283456847088,2.2439965532273654,1.4778370169256556,-0.01873565,1
-0.228813246,0.8376104910786961,-0.265762293,-0.253323892,0
-2.902164589,-1.955615176,-0.06891816,1.9359207543022148,0
-1.32763796,0.13586059878689394,-0.930227491,-2.371176063,0
2.749790898427804,2.1280432215018106,-2.529045453,1.3187235748097077,0
-0.914520574,2.969098842370755,-1.185608881,-1.567569328,1
0.40734328983243095,2.0107569800592247,-1.844886769,1.2564166183159875,1
-2.631560501,2.5136084586629837,-2.513550503,2.485388258064975,0
-0.055156503,-0.311453323,2.839842477002259,2.9423050661893146,1
0.9010687557660719,-2.237284249,0.037020514,0.1749786057339744,1
0.086678569,0.4169510311200586,-2.887651717,1.2673636888230142,0
1.274365811717928,-2.307181349,0.42143665467480407,0.4101670946146476,1
1.094702521142401,-2.487613847,0.7590198435965783,-1.315488296,0
0.042017943,1.6399413162244603,1.2338756181780797,-2.286581894,0
0.5471087226964393,2.8146991856444314,-2.059383376,2.117442526352489,0
1.2152884833226612,1.6440198774585575,-1.308250037,-1.272666424,0
2.4361167346589285,-0.841007807,-2.621907656,0.6035802214767001,0
-2.251093986,1.7795774484474496,0.8504786550063441,2.248359031327249,0
1.709023498695812,-2.32731811,-0.713575941,1.6473614994875234,1
-0.49595116,2.834192909,1.4144426993606949,-2.9070005,1
2.279914149365018,-2.395171291,-2.156857655,1.4069544036663055,1
2.189811356582881,0.2180977673973361,-1.265701602,-0.892106728,1
-0.942664022,-1.039931377,-1.542541969,0.6532025677753985,1
2.402431911390403,-1.157505521,-1.879834215,2.0314659982285495,0
1.450699985,2.5850221893594627,-2.006881586,-2.134492115,1
0.24857636582998044,0.6866019290105716,-0.118959349,0.5937998179432529,1
-1.917721387,-0.122317475,0.9485553656380068,-0.403761305,0
1.0766840148995875,-0.292852317,-0.998402515,-1.178369717,1
-0.534587646,-2.861462264,1.0111508306766819,2.070633845881571,0
-0.872237433,-2.723801183,2.920653584313346,-1.417810467,0
-2.24027327,-0.781484952,1.431342244,-1.236500419,0
0.44821922351692667,-0.506640033,-2.293416046,-1.018277925,1
1.3492230342843996,0.672023384,-2.281329721,-2.020065542,1
0.8444001558446725,1.8804924859252132,-0.903153024,0.571864511,1
-1.976138467,-1.131741979,-2.878378766,1.6096556867971357,0
-0.593941081,1.8967534419237229,1.2502379761363578,1.9724655943708616,1
-1.286047983,-1.889347617,2.831434095910023,1.3039667222452174,1
2.004253607560022,-2.921199758,-0.873230278,1.456900143,1
-2.532103002,0.40403957741361385,-0.425563395,-2.894300957,0
-1.584146537,-1.291248066,-2.328840322,0.7892214584559625,1
-1.545612742,-1.334283002,2.3894315892008846,-0.197261444,1
-0.647231118,1.3432262298883035,2.457682781297473,-2.849781983,0
-0.310566921,0.6646881364676833,-1.088621411,1.6344463327394507,1
2.8288624216216434,2.6605641975016994,-1.404104764,-1.641970329,1
2.744943186127326,-0.248229075,-1.750213661,1.241981781782509,1
-1.293478057,-1.39651815,2.2754942584667086,-2.02512508,1
-2.613642321,-1.384881359,0.641672477,-2.26147288,0
-0.170431966,0.7640226625519189,2.0924219555590433,-1.620782453,1
1.9040779402967365,-1.590562433,1.0605992474378434,-0.415958571,0
-2.311912546,1.2855807769310923,-1.693424289,-1.940259444,0
-0.850062428,0.919741469,-1.596021127,-1.898030767,0
-2.940278246,-0.170141417,-0.428126584,-1.596793538,0
-2.678087016,-0.424464752,1.7292306664297872,1.2916927879630622,0
2.1647693391610217,-2.942503874,2.7985159008275904,-0.951526484,0
2.942386776551789,-1.484283236,-0.170781675,-0.876433941,1
-0.86543571,2.053692592489295,1.4785136384240323,2.9529086113802885,0
0.6810880963050749,-0.220460374,-2.459556822,2.9793685170831408,1
0.309183918,1.202864818140851,-0.559545677,0.28629424907541523,0
2.655466391357323,-2.001483372,-1.245764494,-2.087641633,1
1.7532954228286481,-2.627728437,-2.510210101,-1.209035323,0
0.085129086,-0.562351197,-2.731102136,2.7449493472257096,1
2.7172171221485026,-1.323862061,1.3891536916114893,0.4714524682993426,0
-1.57513983,-1.42697069,-0.053080954,-0.484578351,1
-1.252624031,1.845069577830893,-0.111222494,0.9290883743347669,0
-1.864358999,0.20104597509892042,-1.092143703,0.1584816623692693,0
1.6849550004655693,1.613479261,-0.874675932,1.1656627024778352,1
2.647739702365662,0.7540159795494388,-2.10953926,1.0782517756745706,0
-2.370573682,2.232662452758163,0.099962975,-0.689155582,1
-2.657960432,-0.715297592,2.4192400074947367,-2.874102022,0
-0.152111053,2.5869485466637343,-0.630954001,-0.430945875,0
0.47136033119471943,-0.222375999,-1.988389853,-2.888666766,1
0.6588699478722098,2.5248395220468733,-2.361815202,-1.734283684,0
-0.778623085,1.8524533741267177,-1.384438101,2.292326425672611,1
-2.670252752,2.645739727553609,0.36448246724258926,0.9526660709262273,0
-0.793862865,1.6919657130663621,-2.000602499,-2.706529048,1
-0.626898341,2.1221742838862365,1.5295610198261684,0.10293582293374826,0
0.4328264829921209,-2.220643042,2.044089051705493,1.721758097785182,0
0.9388223633216564,-0.202853782,2.7867556096770745,2.2741918312588263,0
0.8665829610877114,-0.769194014,0.7081336720890743,0.45264555918399196,1
-0.634548073,-1.15995617,-0.557935247,0.4434684362003871,1
-0.431190932,-1.418553071,1.5657799065648526,0.1888049757444774,0
-2.593949021,-0.790100966,2.309480743271961,1.5314191871997114,1
-1.060519296,2.6290989122670547,-2.54038255,2.767408223353133,0
-1.525769445,-2.945434918,-0.397151781,-0.846177422,0
0.23453403124076289,1.7806371634190725,2.0545848129026822,-0.592620002,1
-0.420925538,-2.110933618,-2.714714347,0.847289941,1
-2.613374247,1.4029807165287353,0.23454087013348524,-1.808502131,1
0.23713766107589773,-1.9020137,-0.367576755,1.7973618974533734,0
-0.22848424,-2.10780409,1.3429720909376712,-1.879389502,0
1.4312992462206564,-0.123886265,-0.277549445,2.1086102271448484,0
1.2516211460440125,-2.802535218,-1.222954112,2.2255239650993914,0
-2.890042989,0.2715206775718224,1.366954015043663,0.731136513,0
1.5631932126266186,1.3541510934884746,1.1521841709186802,1.9292391655539127,0
0.874144011,-0.585489034,-0.168545341,1.3003486960887036,0
2.2578361780007636,-1.366687195,-0.947539224,2.584436378174476,1
0.47107075445667235,-1.926229097,0.9821708334742967,2.9445729332362776,1
1.9407213868224007,1.4744468193084161,-1.751720074,2.256838708104043,0
0.15473306121327868,2.3357401324317335,-1.021033023,-2.627693684,0
-0.144144188,-1.380974371,1.2913757386577895,2.7426393171361942,0
1.1458449069093835,2.321603578255221,-0.281855918,1.6298444231718099,0
2.0582606200302207,1.2652537655012548,0.046663716,0.755196658,0
1.2030419740732814,-1.481493581,1.8574755654899082,2.701947234,1
-0.208564109,1.2064030986592638,1.4221554347421241,0.9734852851288816,1
0.2826906499718129,2.289887727448864,-0.306439744,-2.633382261,1
2.0673382542729613,1.0438876338993044,2.095551758997879,-2.168715345,0
-2.815482357,2.606247242295008,-2.113630165,1.857913992422711,0
1.9392596530838144,1.2522312032940182,-2.212426733,1.0043917473648456,1
2.3345194999611936,-0.446810131,-0.518898874,-0.342850143,1
-2.506368656,2.352153414,2.2150971838830618,2.9874559307417172,0
0.5110988489904806,1.5071498187083145,-1.783968562,1.005172909345017,0
0.8983970925443439,2.4072524150496744,1.9847563370344448,2.6307987757065785,1
2.2130008362096447,2.212163369393112,-2.61766004,2.075771716175735,1
0.6448703670187088,-0.717333289,-2.660912254,1.0660426486082804,1
-1.030789497,-0.19334241,1.0903706223308056,2.4706472821448573,1
1.9526214936299908,-0.296417225,-0.673301055,-1.561321567,1
-0.765439493,-2.333721676,2.8266330501885273,0.4435046637574733,1
-2.233164943,-0.883163944,0.28223486172393564,0.19731381984521779,0
-2.786979788,2.705046205374668,-1.347745911,-2.902891986,0
-2.541335946,0.48116941948786174,-2.173286876,-2.749651243,1
-0.722241202,0.7365671540411314,-2.328961171,-1.120033007,1
-0.49343597,-2.043239413,0.036443391,-2.488715479,1
-2.720889022,0.11901220293080872,-1.512618163,-2.427757153,1
-0.456524475,2.490844437104368,1.3451546799249297,1.8936954920821654,1
2.2314839325518188,2.8357664483785134,1.579479441085038,0.6504475316368783,1
-0.807444718,-1.910140581,1.1199592438997659,2.969699916731651,1
-0.195847892,1.342076208556846,-0.0294453,-0.40839946,1
-0.538166319,0.027748097590185594,-0.798626029,1.4926399309308467,1
2.24563216,2.2973118398711048,-1.633807719,2.375454832388945,0
-0.950692609,-1.144154007,1.3605363443894154,-1.171821959,1
-2.682201566,-0.758293366,1.3287936021500935,-1.038249478,0
0.777354336,0.9607166655787824,1.4024160703581368,2.3827827978656186,1
-0.404613004,-2.00140754,-1.086445707,-0.406996469,1
1.2833488159686786,-2.921267247,-1.105287699,1.6790554861159013,1
1.0251462199841725,1.390439841513631,1.8708646166351688,1.6994143132677735,0
1.0930989969166687,-0.362030806,2.9015899732689237,0.41443917354044224,0
-1.783384744,-1.243122869,1.161374736,2.5484373911967815,0
-1.927679225,-2.505921026,2.2891862882520364,2.491667873477006,1
-1.341723928,-0.736285654,0.9611279849871504,-1.020419875,0
2.2629522496203176,-2.354527784,-2.772106674,-1.74908276,1
-1.283473331,-2.322440452,-2.605857424,1.533646281010789,0
-2.014340605,2.4835331943978236,-0.792002031,1.023634858328073,0
-1.647587311,-1.558063389,0.4482552172054519,0.36385755087591676,0
1.6123753680724882,1.5468798341655958,1.024126587981966,-0.305216605,1
2.343842317683703,0.7354709413277924,2.941190942774143,1.9162189076061518,0
-2.734141133,-1.076436558,0.431254299,1.3288172272289227,0
0.3020189865716487,1.716782534773091,-1.304066083,-1.896527693,0
-2.676499897,0.4398824674291326,1.1315971240529716,-1.043101697,0
0.6815051091352595,-2.687056615,-2.404239922,1.2105286335509904,1
-0.791581769,1.028004186618034,1.9903267216795086,2.1157346248567013,1
-1.966994127,-0.082286566,1.4035603417949183,1.6438835776014624,0
1.7080558843732652,-1.630995994,-1.844791094,0.5400748096421752,1
1.4465147864293186,-1.085162907,-2.371769059,1.3004782974604652,0
-1.201813012,-2.001823654,-2.11365883,-1.110542715,0
0.5560683954824732,-0.849586568,-2.87602889,-2.418549392,0
-1.256980517,0.9582268928825513,-2.408909559,0.3639411210040908,1
-2.280684775,-1.730308036,-1.966868835,-2.596628187,0
1.027978904319541,-0.219578716,1.9863206453840299,-2.40665496,0
-2.1316024,-1.161253612,1.5951959216328486,-1.165447061,1
-0.549487755,-1.190378602,-2.518654249,2.6366017373771244,1
0.2912339524271328,1.726999129112981,0.9501425531117764,0.085525674,1
-2.46193046,0.8564012716218263,-2.067777864,-0.513700984,0
0.7746788608825819,1.6933740028327406,1.110271054251717,1.0292011743277731,0
-2.105746745,-0.92322876,-2.742526364,1.3168613590587874,0
2.7155158879045143,-1.415337659,-2.473819745,-0.146579539,1
2.1401893387654134,0.3118451716306785,-2.719337099,2.845633443167676,1
1.9718994597756039,-2.210435538,2.5307865390210535,-0.295870268,0
-0.768612057,-0.233680017,2.007431741225683,0.9568780697207147,0
-2.644509286,2.7456262266970253,-2.113295199,1.473407710412106,1
0.816819183,-1.874831712,-1.975607543,2.221965562228152,1
-0.481830459,0.9274590850448314,0.024426023140039277,1.3641211024557567,1
-0.12454575,-1.275720508,-0.819699774,2.154466166702056,0
-0.191791842,-1.719304007,2.6076323284635192,1.7796027389902616,1
-2.666003124,2.9936577718831066,1.169560178640614,-2.038400406,1
-1.576993912,1.1546728874492818,1.6785663316747321,-1.565784341,1
-1.458186877,-1.157275831,0.5881101890198206,-1.96910293,0
-2.374540807,1.0731845345130813,1.6745876387590206,0.005576426,0
-0.817003738,-0.407743719,-0.669552997,2.7599094494260514,0
1.6085394313148411,-1.751476711,-0.694865088,0.2640737481786588,0
0.6779151723821304,-0.190896624,1.8607598100717553,1.6056361167493902,1
0.030947511769000347,2.1265763206903827,1.5065371826543155,1.6714910923238602,1
2.7384046766004992,-1.401198353,-1.394111026,2.3337135341438406,0
1.6333582403140765,2.5592732486137644,-2.621219038,0.7665424635695794,0
-2.132229971,0.023383189755495692,-2.065518409,-2.231528946,0
-2.926989928,0.7814328742974261,-0.8458643,-2.368870291,0
-1.062973334,-1.986335451,2.6501689890099565,-1.079970685,1
-0.99627886,2.039148020397514,0.8865345677160255,1.2610296444180076,0
0.8160108239337633,2.6771777036913917,-1.757995011,2.934235450534774,0
1.9857370653390793,0.5338355332580531,0.9742297463774938,0.8929552590036844,1
-2.649622656,-1.691901009,2.7688253071484947,0.20618657315627598,1
-0.72987838,1.5722307803344497,0.1471136559348576,-2.921023371,1
1.4174255802907076,1.393305360317168,-2.009107727,2.7399605305452805,1
-1.656551211,-0.253503796,-2.311584232,0.6196939167035307,1
-0.74729328,-0.880959227,1.9618612633256838,-2.942629723,1
1.7876806253545352,0.4286913944884718,2.9165910808811946,0.5366593236254942,1
-2.667725195,-2.696128041,2.298917918230991,2.047284873066319,1
-0.924659547,0.708194905,-0.062451858,2.8029843308163134,1
2.699765405261349,2.9030340512446475,2.198692683805586,2.4573095446506077,0
-1.696327327,1.9860407339386477,1.2531426792256486,2.7767190529684207,0
0.4275709706557165,-2.488997,0.5843933471229175,1.1194855681277271,1
-1.678073828,-0.635319699,0.5910204843100795,-0.755365576,1
-0.750313697,-2.201480165,2.6444803384659963,1.5029663069705794,0
-2.992539367,1.5936797041329918,1.4387699559471523,-2.941614239,0
-0.782374214,0.640486142,-0.283496089,1.6679167123230432,1
-0.447250004,-2.076822183,2.8584937456429715,-1.547760043,1
1.306153863247994,-2.14106213,-1.025924317,-0.347834349,1
-1.846607973,-0.300242542,-2.057023062,0.35403923391534065,1
0.9822795151211636,-2.625394296,2.2267927264930085,-1.88915469,1
-1.647825448,0.9680990404983776,-0.187493637,-0.003626405,0
-2.231070093,1.8344149312584497,0.7023254766252602,-2.18770774,0
-0.756003798,1.862459596410181,0.41013027591972406,-2.348107325,1
-0.763337725,-1.543833609,0.10479332192235802,2.0601667732319378,1
-0.382397191,-0.399947818,2.432105413962222,0.45711247504363417,0
0.397146524,-1.428540649,0.6463364870227579,0.4554628045043785,0
-0.618891178,2.944173395395083,2.2913457896885205,1.4975177404608928,1
0.22407353047800305,-0.227641189,-1.890615629,-1.165575156,0
1.6437647989392614,-0.277506276,2.293617099417008,-2.112533182,0
0.050082576081818875,0.8817941041278523,0.10109073784755562,2.335361349509923,1
2.937379690974838,-2.30499205,-2.220270576,-2.218055319,0
1.0870625764231656,-0.763943427,1.3998879675954363,-0.567171163,0
0.765640328,1.619148034073361,0.2892954639295233,0.2370215427000364,1
-2.470594048,-0.535309543,0.2746629193496255,-0.228115046,0
2.4046920011305524,2.4391837927169364,1.9315042835325702,-0.748211548,0
1.3037949101252062,-0.628269234,-1.604438406,-0.942584139,0
-2.5742122,-1.009334946,-0.235546696,2.732885369,0
-1.119536483,2.4147212352331238,-1.626850345,-1.854186613,1
0.11397273859298984,1.0350682157844355,-2.734006495,-1.67360481,1
-0.265898001,-1.013973984,1.2757264760899307,0.066963576,0
-2.037845366,2.3667922758905426,-1.242565947,1.3867866537865403,1
1.6794946746324593,2.7789462015366126,-0.008955201,0.695013093,1
-0.990742239,1.0690757604723995,-0.219699085,-0.374085812,1
2.1328051746966326,-2.698986939,2.2917745669912115,2.1124190269713417,1
0.038197521,-0.058782875,-0.829155792,2.965042750090406,1
-2.332984003,0.541291414,1.0900895406745024,2.6059800493016665,1
1.6812209811405694,0.8630832168692812,-2.299126099,-0.757598899,0
-2.166950145,2.287276394793082,1.4977269333818573,1.5452207207833757,1
0.9135391066412648,0.042261222,-2.100173643,-1.02183068,0
-2.178505245,1.3494788571140592,-2.038627344,1.2126813010301127,1
1.1535323375754283,-0.244173126,-2.188628075,-1.111195043,0
-1.079441346,1.2023107988597603,-2.317541884,1.9744118772965447,0
1.5660437411154842,-1.882158491,1.3149862906733363,1.0110790888069303,1
1.4887248006655582,-1.866428667,-2.054458067,-1.581096084,1
-0.804769781,1.7619898862148071,1.427543625,2.552709553671199,1
-2.648222645,-2.930662314,1.1948329782047944,-1.324275025,0
-0.995526627,0.28081215548707306,-2.385521261,0.8561664992882982,1
-1.049115323,0.7962907458059498,2.004041478440315,-1.973332,0
2.5852385574871217,0.18412884637466265,2.5375665910438103,-1.753619507,1
0.6273759876254257,-0.576677296,1.6453331469360792,0.6354536592797784,0
-0.032907258,2.477912438586052,-0.737297615,-1.680118771,1
0.6486071211125504,0.7441706230368825,-0.365432271,-0.080339738,0
2.757320486,1.396114148380808,-2.336389491,-1.727219575,1
2.853459806613354,1.358793322761188,2.490270756867919,-1.176831216,0
1.4512011605195543,1.2840162511410682,-1.231860087,0.30489795270423237,0
0.7644906676217715,-0.113209135,1.963072239948076,1.9972142507879367,1
2.1036032898093406,1.820541414588977,-0.071499137,-0.711370211,1
1.988257702286223,-0.058791249,-1.521771608,0.044061194,1
-2.148901068,1.1497769435927934,-0.98447231,-1.436047209,1
2.739052477,1.6612859745498456,1.7224170163435897,0.7423318156751009,0
2.0350368630617828,1.554974886980288,0.5926422248016991,2.7667464111103044,1
-1.850430302,2.6602783139685062,-0.591371028,0.17039390040891966,1
-2.263564083,0.24064463353074572,0.6672405111491604,2.986209250851144,1
2.8511544664291595,2.7983837512457237,-0.909671639,2.947598992470261,1
-0.26713109,2.111017552571403,-1.702080186,0.034999077939613876,1
2.7960725767656323,2.6821883815405654,1.1024092669285608,1.7868859353183595,1
-1.94143982,1.3299512969049445,0.70830485,-2.450689585,0
-2.32104596,-2.349338293,1.3461416089790141,-2.149708751,0
-0.193606373,-0.858109165,0.30302484462130685,1.2388589233164167,0
1.108335223327992,0.093119495,-0.213990758,-0.613106429,0
2.1714596898262766,-1.014889171,-1.443805073,1.4598929619316277,1
-0.84141923,2.0819915985436106,-1.032667688,1.2116689474475288,1
-2.729345962,-0.686622719,-0.94061895,1.9000724356555398,0
2.8023324193698604,-0.23471234,1.9490176629225484,1.1981682057441905,0
2.8043159259821593,1.8666510860569483,-2.535131604,1.2796903342934174,1
0.21299829253424196,-2.901383652,-1.492122248,2.5305314701613577,0
2.556368236720518,1.7931027612038068,2.8906776196679367,1.8392713477452292,0
-2.938774876,-1.272993958,-2.816254907,-2.435352188,1
-1.686955098,0.021351277953134407,2.085192020772107,2.171800536942648,0
0.6972111513437786,2.569055634,0.00037396,2.3342162647992097,0
-0.275608462,-1.336649955,2.4984775086025657,-0.672389546,1
0.020424653,-1.026836205,0.977025602,2.9701873500362126,0
-2.846918707,2.399088036042609,-2.976443658,-0.814632713,1
-1.988359162,1.5440506840353079,-2.696334955,0.3209097215059673,0
-1.230443197,-2.197978507,1.6309092726158445,-1.695498994,0
-1.657948728,-1.349539289,0.5206005829681644,0.9579955901444897,0
-2.894384858,-1.548782183,-0.414174945,-1.008138287,1
2.3050239510653165,1.7262523853185128,0.7553412932329651,-0.971745504,1
1.2040340690769593,2.0618280770747663,0.5689822641539202,1.7067688013602744,0
1.4946297683984868,0.4304238669619336,-1.126900699,1.4746929480076307,0
-1.759221802,1.6769300788292023,1.8272801528551987,1.9328692774222382,0
-0.162504174,-1.845115393,-2.4016584,1.4601675029275452,1
2.3175683071788793,0.905030153,-2.135039638,2.6093786911054444,0
2.9346120872359176,-0.39972834,0.568951736,1.6633711200099466,1
1.4183387403002676,2.8067231516006954,-2.310701454,0.4843491968568343,1
1.1515885180385528,2.3405905451260205,2.2446577663089045,2.8679987613677396,1
0.072470724,1.9845652008793593,-0.436309751,-0.466116733,1
-1.479909813,1.9094237221153794,2.9148906348810932,-1.46194963,0
-2.663210472,1.8932546245140438,0.721380315,2.7581928033060263,0
-1.486564686,-2.573834052,-0.045346435,-2.487203862,1
-1.429259993,-2.244132835,-1.655206922,-2.363132083,1
2.723435996563712,-1.328623719,-0.336614484,2.3916708458053337,0
1.0639295277688463,0.7082248833706459,1.233379142165023,1.9729335426322905,0
2.2660156071105657,0.8558380239901586,2.3400436481643467,0.21238516455286138,1
-1.336254862,2.2804602533030662,0.24883696447852266,2.436825525403406,0
-2.758993116,-0.614905491,2.6868301101748093,-1.502099443,0
2.6492174762309553,2.723414767,2.292853885355166,0.38200827055979225,1
0.8816366944838308,2.217701990699215,1.6553824943351065,0.7805630967324695,1
2.893556447224216,1.1140598180021648,2.8528919546865668,-2.655669152,1
-2.166237776,-0.291246924,-0.690723235,1.6964090481421668,0
-2.036315841,2.8565710746689312,-1.109604748,-0.426457754,1
-1.351529805,0.4761817039592837,-2.648227797,-2.101934967,0
1.4747862205123452,-1.8809965,-1.586913291,1.7578934143490264,0
-2.44019293,-0.375157063,-2.861619678,-0.919155604,1
1.193888415664527,-2.459380322,2.3300077606725607,2.456994257644296,1
-2.370057749,2.944394618,-1.21482268,-2.495389973,1
-2.969597313,-0.548862625,0.7788599142367061,-1.006924501,1
2.0203041928477363,1.2996376533903007,-0.899030808,1.4058579996516283,0
2.642926421815499,-2.441424009,-1.163376239,-0.220044365,0
-0.012059233,0.2531738693164418,-1.196238561,1.0035578758940948,1
0.8705070211789785,0.4669290376296833,-2.31742967,-0.138192653,0
-0.862638675,-0.053769181,2.5311986130901563,-0.116811941,0
-2.916115249,-0.366979571,1.9238890802962931,1.6803655393090091,1
0.080340441,-1.501385923,-0.209468023,0.3822133165091497,0
2.9992286296448025,0.8650685410162637,1.1655895803756806,-0.051275139,1
-0.873062695,1.8777179018832362,-0.030406054,2.9681407797871504,1
-0.257276554,-2.591998298,1.0954688225404965,-2.720151294,1
-1.496990419,-0.877570483,1.4369015137279657,-0.034584442,1
-2.828124412,0.7010991076555331,-0.531382575,2.5310070598026426,1
-0.002626133,1.2538508756360338,-1.686789046,1.565841387189919,0
1.3257318629020336,2.4244902512478497,-2.79707015,-0.314995814,0
1.0749324164377807,-2.4290166,-0.536375597,2.652879618397172,0
-0.384393055,2.9124287008837886,-2.658965634,1.3069786568453479,0
0.4860974174896171,0.003238063,2.8250844089100564,-2.222097597,0
2.3759937100854804,1.1474424668196619,-1.44602356,2.4100148737937603,1
-0.424230493,1.8853639684384254,-0.666980898,2.105584964599446,0
0.8197747106702922,-2.153720198,0.8979789808171654,-1.851931424,0
-0.528464233,-1.978226494,-2.867903306,-1.728680763,1
0.2182321423447542,-0.110634193,0.008982573,-1.513878729,1
1.1109672036851173,1.2255797209220747,-0.852193047,2.287020530845046,1
0.8641392998132869,1.2782356515517908,-1.335960492,-2.996330189,1
2.192253672612657,1.9345463074788505,-2.260848672,-0.75536919,0
0.9680358503314954,0.9126651433123691,2.162102008851339,-2.15839103,1
-0.420361513,-2.416653492,-0.662428509,-2.909355326,0
2.389638390660762,0.1622639809720865,2.0988135648141224,-2.640571794,1
-1.635251337,-1.443720029,-0.679851032,1.8171982343852768,0
-0.680652758,-1.772078822,-2.610058438,-2.52304951,1
1.5602832357658647,-0.331182054,1.3570867320000914,1.0937227305821855,0
-2.187825229,-2.142672395,1.532052092604804,1.3276097609125035,0
-0.731815399,-2.53546642,-2.92741187,-1.271058303,1
-2.944666358,-1.619564273,-0.482995559,-2.271505408,1
-2.374333453,2.378624614,0.5128201741373353,2.6067341205766885,1
-0.925043017,1.0628696239749793,-1.771849952,0.710041904,1
-2.22248562,-2.987516165,2.5891908084574737,0.3293662570512561,0
2.5616439766922365,-0.997010858,-1.033283585,-0.596069989,0
1.2362459037490101,0.3948518051170451,2.5521294425947074,-2.847354593,1
1.2491756278352186,-1.018033864,-1.918598089,0.062373735,0
0.030382705,-2.177933828,-1.788623663,-0.551012011,1
-0.547131526,-1.094651162,-2.108729091,-2.973757925,1
2.8214103745681234,2.6609953782235616,-0.098097725,2.9703105196500346,0
1.0419259846934592,-2.586854774,-2.293690806,2.4966650632178258,0
0.7803132128977706,2.059101759944107,2.389617897803065,-0.312347932,0
-2.708844291,-1.870317907,-2.600568316,-1.867560926,0
-0.536802441,-2.290819137,-1.999600513,-0.325069308,0
-0.958974298,-0.194051255,-0.424967833,0.8668681558793008,0
2.6231372932551267,-2.352813969,-2.404439104,2.116836666545412,0
0.038380227914754705,1.5984301414106534,-1.707468578,1.9731754390053107,1
2.5430797451561755,0.8128980932789291,-2.364725871,2.3717688849380334,0
1.7549263642204282,1.5052666590869386,-2.779630867,1.7937751515418272,0
-2.172293937,-1.665682943,0.46280900921554524,-1.410115362,0
0.968089238,0.6484226861944897,-2.351102412,0.9360874775490382,0
2.5437294589495796,-2.033340569,0.5823721256573244,-0.948807768,1
-0.242329969,-1.277998926,-0.875216182,-2.82652906,1
2.8893104275033235,0.7487995324364896,0.004233543,-0.697707903,1
0.236247353,-0.719364008,-0.840552435,-0.21632075,0
-1.344101798,-1.9197006,0.33963538908176094,2.0565926169018063,1
-2.083030934,-2.803593956,-1.519129529,2.8783238607228654,0
1.9725484424600364,0.5751963211715792,2.5754934914588157,-0.328325299,0
2.8996836154510435,-1.222187729,-1.558165503,0.828289207,0
-0.731076192,0.7581932518575467,-1.17002689,0.7075095410279464,0
-1.345522436,-2.694167587,2.4728154115391003,2.299231211240773,1
2.824788895636032,1.2991630573284283,1.0963270664118179,0.35401842044898446,0
-2.244345502,-1.864588134,-1.263181868,2.3409381754403658,1
-1.962182852,2.5372390469273434,0.13671439830850307,1.2934178128384328,1
-2.33853308,-1.385798707,2.751111649088558,-1.403100318,1
-1.220869678,-1.814415691,-2.225558008,-1.600454151,0
0.8539613517047906,-0.267793599,0.3225350180273914,-2.265811027,0
1.812698683,1.7045682034790879,-2.870460533,-0.698909433,1
-2.587376388,1.7526346764897482,1.4236180987542264,2.411928565758936,1
-1.581576246,-0.262224701,-1.893072737,-0.772590393,1
0.13345950940130402,-2.680015261,1.289222464064311,0.2597601622264514,1
1.9737541032640404,-1.369316993,2.4199266316155263,2.9921655181826603,1
2.5157906302660464,1.6673548549989246,1.8742128172426842,0.4424654552675187,0
-1.859076823,1.0622441108863043,1.2765180123595892,2.912310841607434,0
0.24780789753793098,-1.37178591,1.1020351304370406,2.876254917998727,0
-1.93671655,-1.044012489,0.2512857226360863,-1.978712191,0
-2.866676163,-0.978101265,2.1922248090063485,-2.739189604,1
-0.426425646,1.5732046375564952,2.7190955814653117,2.9128523940265936,1
-0.468183716,2.702305766274705,-2.78748616,1.4755016279913375,1
0.8564762078016774,-1.502868854,0.043911004,-2.222677573,1
2.229582905709366,-0.852611487,0.7562668227942995,-2.047342282,0
-1.763010932,2.9517382248189126,1.5185183666479762,2.771831218644425,1
-1.224893009,-2.01262274,0.018410780872985644,-0.031990307,1
-1.950320917,1.3993174174884615,-0.829334793,-1.881808614,1
-1.008099633,0.38195219781009104,1.3588255930826598,-0.108654684,1
0.15356993897024118,-2.166324384,2.488145548249393,2.5723451879522665,0
1.1005595425080221,-2.894211546,0.2224452954199565,0.7753138325316815,0
2.9679253377486603,2.9764017311687807,2.145667411953344,-2.617014048,1
2.7196583446723794,0.6759674829119948,1.8053206228750769,-0.556842902,0
-1.081983173,-0.220535127,-2.118752922,-0.857603167,0
2.1457049986096717,-2.772297082,-2.094731719,-2.249303042,1
-0.581546744,2.9819214053451706,-1.959852419,-2.127104102,0
2.490334378656927,2.2923031017957944,-2.80655778,1.510235761,1
0.9327942088585774,1.6064448591162535,-0.032985271,2.948275310689773,0
-2.736917888,-1.593770482,-0.620724078,-0.301332351,1
2.528204416197112,0.3600261844635533,-2.729334027,-0.552822219,1
-0.501057526,2.7929456306267086,0.5951825461266491,0.8139064269536327,1
1.279518187507625,1.6202358940927395,0.8103064212149351,-1.576833893,0
2.244275486046985,1.392718802463781,1.451222910581735,2.9793404354084956,0
1.815159209179896,1.9749084189309194,2.7084330942609505,-2.093196001,0
-0.013635741,0.4834021415447256,-1.024345625,2.036420063367033,0
1.5745177298743407,1.3252984470487448,2.9828966385490006,-1.44371176,0
1.412743510052528,0.30842684943540366,-1.122064905,-2.036478776,0
2.3753030224052827,0.5727328962470719,1.9496030258447679,0.27206990400926934,1
-1.680137516,-0.974707121,-0.710766945,2.837608875022214,1
-2.96620033,2.9139961381470423,2.882769810658984,2.9769047431808193,1
-0.140470926,2.7828538177259974,-0.626404909,-2.842233356,0
-1.653916882,2.671777469624308,-2.91741184,0.27596481253785043,0
-2.546390467,-1.281620529,-2.471442896,2.157171726678339,1
0.546424258,2.4126387943098777,1.1301191972413704,2.826174787470598,1
0.059265928562439285,0.8322634905772475,0.45785291933433925,-0.094437423,1
2.0757561925380763,0.8671508140221613,1.8078735891328366,1.7181836196144795,0
-1.853729036,0.9009811951058619,-1.802111885,0.4999228694626252,0
1.0646081066778033,2.983410429525521,-2.816748131,-2.452545635,1
-2.537839822,-0.609832282,1.9295301689148818,2.0643379967228137,0
1.4218775743269099,2.381269450979686,-1.062840335,-2.471072134,1
-2.651081832,2.1127963177163176,1.3826177661221477,1.1916918360667257,1
-0.961941969,-0.720568868,2.7486811733959158,-2.617171535,1
1.6423904216267555,-1.142200058,-2.76567229,1.4554206644547367,1
-1.014528686,1.332885112456779,1.2459262987087207,0.20872125259869057,1
1.6642387752632928,0.48622994502746053,-1.280178883,1.4046918063865146,1
0.5348388952663417,-2.92363631,2.4098650666218564,0.27386170994588044,1
2.2117635928771904,2.296421033893468,-0.33020006,0.045959979,1
-0.505473674,-0.303379348,2.3708829538303666,1.7288640838074656,0
-2.240845942,0.6618466892405754,2.9754398423180533,0.5733042073949148,0
1.7152297535586332,1.6143688402870255,-0.898094845,-0.768904184,0
1.3444585307424193,-9.88E-05,0.4234242547823279,1.2774347421890253,1
1.6654501622343014,-1.370900534,-2.119237443,-1.24923212,0
0.045229951,-0.947152096,0.410176553,-2.679205655,1
0.05850247,-0.792090558,0.20800052935729418,-0.464799871,1
-1.294644896,2.4246474327458145,-1.891410069,1.088193453483358,1
2.5478682754944844,0.23201975811259867,2.258450931476892,-2.250891129,1
-0.037267378,-0.257848317,-2.951287158,-0.340455952,1
-0.785821462,1.0187923666476921,2.629978671459112,-2.48525347,1
-1.03514168,-0.335611576,-0.268887732,1.6488583250535225,0
-0.339626005,-2.837032191,1.260624567556988,2.3089781708740302,0
0.083428275,0.48665113019103234,-2.022381366,-1.676124332,0
-1.588978565,-0.415548151,2.568871325373853,0.1307086002893163,0
-1.847414129,-1.403473585,-0.695909822,0.7395538541567968,0
-0.359801082,-0.645330935,0.38837160239396873,-1.54899003,0
-2.526580364,-2.853514111,-1.492445019,-2.450447795,0
-0.981956169,1.6376012421585333,1.297765983,0.6655657367281727,1
2.1150014632768723,-1.307594253,2.3103225181797944,-0.604564982,1
-0.59464009,-0.567890318,-2.411433803,2.8529429899863343,0
-2.168959333,-0.954685653,-1.084198078,-2.551923403,0
-2.086439219,-2.730849983,-1.245573039,2.1999415441734387,0
-0.963346766,-2.257849008,0.8741632103035077,2.979605472329463,0
-1.606057263,-1.322573968,2.831082325684731,-1.927342275,1
0.067284405,-1.562087202,2.5941113874074633,2.8891260874577647,0
1.888187076720092,-1.111297105,-0.579075148,-1.546165898,1
2.344547802053949,2.4873496661289485,-0.486776027,0.9391984194180112,1
-2.006680921,-0.390384598,0.7889946400409857,-0.687581289,0
-0.854402846,-2.994006046,1.8257607826626847,2.336025672,1
2.8167811772749927,1.3156283104152928,0.29275387421930743,-1.384292881,1
2.9957968557809904,0.5385171271926334,1.0869244339826771,1.0944369717319056,1
2.071510774543089,-2.941964767,-1.678518357,0.993204001,0
2.3708744209474064,1.112032691528137,-0.519052251,-0.830667025,1
1.4276880496999222,1.4474261828231612,0.6423479550341424,-1.251197855,1
2.550928910343261,0.31127965271183466,1.742954137489983,-1.714150427,0
-0.935755268,2.2474770983240546,-2.69935782,0.073891868,1
-0.109767121,1.5073811334484928,-1.308637376,-1.685599069,1
2.556797032639402,0.43025791175078876,-2.37186259,-1.841783027,0
2.9929563570854896,-1.826346022,0.6628530681220726,-0.479231526,0
2.3135945690990116,1.5310115537719664,0.5817083775708949,-2.935566109,0
2.2787712449607582,-0.331995175,2.5894659181114594,-0.026765923,0
1.1653469350963528,-2.584244103,1.4709099211607146,-0.972023812,1
-0.891845914,-2.288064932,-2.118857108,-1.885445663,0
-1.030762989,2.351819476653633,-0.790438571,1.3461762393793109,1
-2.503514977,0.5465927956319554,-0.108652612,2.8677476817270273,0
2.0772466192737777,-0.271021365,1.6508565842720326,-1.841767552,0
0.3740179643506685,-2.552285667,-0.911465806,-1.64482691,1
1.3134588919512655,-0.059455853,1.5064228730880629,0.091772626,1
-2.481093347,1.412205898395161,1.9993755839268337,2.4211873554767553,0
0.43195167184024896,1.5215121539969703,1.512266021295762,-2.065501441,1
-2.014675875,-2.574686965,-1.080518189,-0.158948474,1
2.9873871165253014,-0.414039948,1.3574555310442253,1.1603821576352082,1
-1.773108298,-2.648957091,0.27604050920152456,1.201833553886857,1
2.9895107411175363,-0.848333686,2.3781873724865807,-0.708405265,0
1.136470250583077,0.5895175831023121,-2.68212724,-2.529669438,1
-2.875415462,-0.774995492,1.4748062925960639,-1.963467636,0
0.6351178103033748,-1.26703332,1.7819557438744322,1.790376894017946,1
1.6524870897985409,0.14900108280826085,-1.29259974,1.8566642632718073,0
-1.883396628,-1.261442388,-1.896313763,1.0452609623258864,0
1.1174161686949082,0.9150599567205182,-0.506391199,-2.398973957,1
2.4670175070901266,0.046385784,-0.558166831,0.5329493594897592,0
-1.843257385,-2.204707325,-0.566848671,-1.636675835,1
-1.534258233,2.3550689266711764,0.1845550631149493,-0.099185614,0
1.136877562371584,2.7092886820604374,-2.326808613,2.0012074026555435,0
0.5041150792070752,-2.123007877,-1.217104088,-0.105831501,1
1.1470628674645376,-1.544357898,0.20927289280553918,1.1080297644951704,1
-0.307555495,2.178155766721055,2.216754617042426,-0.175852694,0
2.8375542624533976,-2.546489446,-2.97982573,-0.715990417,1
0.6065823682350557,0.7752009446979651,-0.141325582,-2.250700121,0
-1.977014869,2.112887903112055,2.207466790435568,1.0433912271643209,0
0.9853078336732941,0.5860927681668451,-1.782444686,-0.430495798,0
1.175367908780272,0.22351363202003238,-2.888517996,2.7213408403205896,1
2.068896315432861,-1.436729915,0.6987536109977768,2.5394363023691264,0
-2.423933927,0.018176885,-0.262541845,-0.538769968,0
2.013531653,-0.71612312,-2.618020001,-2.604973547,1
-2.743532361,-0.545127469,1.3104376661901593,-1.777665228,1
0.8788111225892967,1.1225308326222248,-1.468787256,0.6033459363637759,1
1.1092100401610843,-0.200318263,-0.979700416,0.714909309,0
2.8670825239683415,-0.438951544,-0.649589422,-0.214398585,1
-2.542689639,0.3189796780283398,-1.027815677,-2.271467266,1
-0.202459553,-2.979696081,-0.589288529,-2.365588392,0
-2.85424378,1.9468502774670124,2.4974928196958093,-1.75395211,0
0.23578958300556785,-1.332251057,-0.038535368,-0.380212075,1
-1.38569367,1.2023614778117864,-2.241054244,-2.681563307,0
1.606052598223675,0.9955801873240793,-0.008843255,-0.193261377,1
-0.015531723,-0.377855543,-0.642646225,-0.001856383,0
0.1710910269585626,1.151413884501725,1.2672429644041356,-0.734225519,1
-0.518756864,-0.757816982,0.2192146417542622,-0.279878773,0
2.3375787788171616,1.1781676014988358,2.3919383025266736,1.2548219493565531,1
2.825952891142885,0.8144206695316143,2.7813008289783276,-2.050980658,0
-2.685133915,0.4747511112231555,2.9009592347986493,-0.494368516,0
-1.727739827,0.12924869516108384,0.8927917474733316,-1.108927827,1
1.2886161509955567,2.8506870422743544,2.381778730263701,-1.250487759,0
-1.039657901,-0.770752653,-0.63268333,-2.398083005,0
1.571777033335736,-0.807964418,2.2789198602327136,2.5616437387206528,0
-2.853412144,2.931018419569238,1.260136389001108,0.12235335595777386,0
-0.66283435,0.11110879565827769,-1.052251656,0.7361268821792892,0
-2.442118341,0.7267356174708612,-1.347930899,-2.894191026,0
0.3162345969772655,0.4706865351161782,-0.440585972,-2.566282605,0
2.360057716825149,0.6685848433673334,-2.305720203,0.06558346,0
-0.016474104,-2.637588787,0.641158222,1.8499583935293868,1
1.4940483254908692,-1.782183515,2.173755177325269,-0.944747006,0
2.679050269751648,-2.569512215,-0.082747869,0.5827462630652951,0
-1.514099409,1.6282811323213666,0.7613740788643022,-2.891343376,0
0.6502115441774148,-0.051130593,-1.82382479,2.9744893623571773,1
2.3829731689656892,-1.24495383,0.24642552479169755,-1.100987161,0
1.6529745098164685,2.5819885991787306,-0.847028359,1.8335054948617646,1
-0.009554744,-0.620528632,2.630531112592619,0.062428132314188645,0
-0.195536998,1.0346064117740585,-1.432594794,-1.051242775,0
2.592275017431736,1.0711790726216543,1.9598228866260339,-1.373329428,0
0.2627411395792323,2.828377601936989,-1.087776606,-2.037141142,1
0.065316049,-0.673073468,-2.042536603,2.3313082962202074,0
2.9443434633226673,0.41149308413998664,1.6480606102407238,2.1542302172777976,0
1.2058920361309617,-2.735063705,-2.05419461,-2.574064853,0
-2.94072236,-1.164021547,-0.645864237,-1.553821606,1
-2.612372111,0.1791785450200658,-1.36008408,1.7762229291813743,0
-2.95168427,2.055162307725662,2.728522073675742,1.2968103789214176,0
1.4018643915753994,2.601373869616399,-1.745572288,2.967393409,1
1.6408872202712512,1.3594242499667626,-0.833456526,0.2746649124336633,1
0.9235067296400823,0.7220571679032957,1.2299078308654847,-2.505709566,1
-0.866109403,-0.3959999,-1.436224213,-1.964236378,1
-2.166435121,-0.801699646,-0.039349797,-2.622141359,1
2.6787485675432974,1.591459937,1.3851106391127992,-1.96283685,1
0.6228046080731335,0.17834968085200487,2.8948130747201626,1.486030620480948,1
0.45457130229738674,2.1048759988207335,-2.069434375,-2.908700822,0
1.1414000004871392,-2.410131239,-2.30739816,1.4680843585471832,0
-1.376790935,0.7717872934133574,2.5044415565564906,-1.10115281,0
-1.697135053,-2.360622698,-2.217225831,-2.626663828,0
-2.474145727,-0.407972467,-1.07480973,1.239364885937988,1
2.221449949482011,1.708639218854306,0.18382354,-2.385347303,0
1.258603703649321,-0.823027652,-2.486097637,2.054798443275754,0
-0.970700897,-1.690507005,2.228712387713059,2.4128032106820294,1
-0.966174977,-0.871191484,0.47777116549886456,1.400648962863949,1
-2.621104789,0.5600619431308305,2.716920370701489,-1.427436617,0
2.452963284581603,2.7010100445785614,-1.385078154,1.525211195312103,1
-1.56734995,1.425666970392796,1.7845198277329555,-1.516765778,1
1.2952172614994097,1.8726272331845388,-0.848526767,-1.993783344,0
-2.448212596,0.45229022165965116,2.8685887158942798,1.9377019201332963,1
-0.384962166,0.21972541712975158,-1.322832688,-2.021604796,0
-0.107513051,-0.218990603,0.1315797168225612,2.7168275133836444,1
0.6233718008686333,0.6346310197342424,-2.231851423,2.9789331970609227,0
1.6370696654080117,2.2632200645640292,-0.514197529,0.012768575,0
0.13250285497365866,-1.835432764,1.136934937961743,2.417860342,1
-2.017765091,-2.482090359,1.4293134332420534,-1.36078901,0
0.7431752497039761,1.1745500279530843,-1.068535419,1.890867584554706,0
0.299933893,2.2139964477108167,1.579761315353685,2.211453792224723,1
-2.879031707,-1.538962436,-2.459952357,-0.347501897,0
2.3397607296919096,-0.194758426,2.098278267482365,-1.036930572,1
-0.962579563,2.3733703819612657,-0.445097121,1.738592926767998,0
-1.580138713,2.692804978065813,0.4474694791834266,1.5559414114704113,1
-2.462905801,-0.044014645,2.4062309864041396,2.2622317742598277,1
-2.719116257,-1.177809185,-0.340079961,-1.966411114,0
1.3799898659398222,-1.892928026,-0.920161834,0.9796838211469092,1
-0.107463933,1.431426231809363,2.767247407337158,-2.300719874,0
1.257406298388366,-1.617935066,-0.513139636,-2.802823645,0
-2.184555706,-1.081336266,-0.948085168,2.3975112987725744,1
1.450877455599091,2.833097809122247,0.594429062,-1.549717607,1
-1.03406982,-1.08098446,-1.041034034,1.0377850386708936,1
0.18484756854249706,-0.687454931,-2.105461388,-2.867165022,1
-1.686991934,-2.355171576,1.7126701851134367,-2.325012253,0
1.3453694238410172,-0.686047861,-2.559729662,1.8763802965895149,0
0.4777834214196801,-1.585430923,2.368087045996008,-2.728450117,1
-1.789082351,1.5122815668351661,1.2562675818593352,-1.264369838,0
-2.627850748,2.148468433349663,-1.117814172,-1.82571951,1
0.096370934,2.461363195694684,-2.738720533,1.5948245281853266,1
0.4348393676322537,-0.447305301,1.464482665,2.7949465466497934,1
-1.624762733,-2.13811581,2.4772904713361825,1.013718464743822,1
-0.372083871,0.43955742158569855,1.4736834310574647,1.6381913922343028,0
2.5193650849137876,-0.438943267,-1.23953454,0.8379856007390512,1
-0.505632604,0.5675907236938675,-0.480085209,-2.08202528,1
-0.18343949,1.1455069316461968,1.7957028460058986,-0.040042339,0
-2.008572659,-0.511873742,1.7177635730501892,-0.522844376,1
1.1791847616253337,0.04328209,-1.552661249,1.776903048138446,1
-2.494719276,0.1493416965309038,-1.746653795,-2.597606229,0
0.017603622,-0.002627064,1.241405410054325,1.468504158311429,0
1.366748932157381,-0.542647602,0.7901387233593753,0.4616714558637618,0
-0.470629463,0.5832761651159593,2.683487260237575,-1.842637538,0
2.4346325747131576,-2.679266916,-1.149664723,-1.271128508,1
0.7581906472854341,-2.212650289,2.2940856710385225,1.9713084507902474,0
0.9123949181116666,-0.249517009,2.597736252852471,1.984479328323335,0
-0.004109112,1.2112401267258672,0.4015797130781076,0.52765343,1
-1.014143583,-0.227492372,-2.531271415,-0.85590785,0
1.1749710921729122,2.719296183037118,2.7783846765781215,0.33433721474934996,1
0.6397335108574924,-1.885672887,1.171848648561184,-2.576047244,0
-1.291885885,1.0101800837126529,-1.138139211,-2.700918755,1
1.991222456105783,-1.138019957,-2.621368651,-2.551271013,0
-1.489447207,-1.931904317,1.6458007066809053,-1.06989572,0
1.8281747102389954,-1.956924013,-0.042724923,1.1282228013187723,0
0.911945123,0.6067764595816127,2.5489296115870186,-1.628849114,1
-0.037684773,2.3039553004344526,-2.532637406,-2.66467039,0
-1.600186275,0.7981273172281109,-1.440722241,-1.858560697,1
-0.247186108,0.6815884126164686,-1.508653758,-1.19585288,1
0.6813558288690835,2.674430531936716,1.048450364628529,1.6974248615073595,0
-0.799139431,-1.366473844,-0.274393541,1.8427969722700421,0
-0.262202149,2.0803524527391666,2.932631884170762,-2.567840006,1
-2.727539063,-2.102461783,-0.693781946,-2.213746745,0
2.2239868657125363,-2.861122494,-1.105243702,-1.891832223,1
2.589235980945194,1.0168860293401671,2.472181538708247,2.8339722618623604,1
-0.017410538,-1.594085352,-1.837627283,-1.66248683,0
1.2515598457320172,-2.757325631,-2.691833562,0.648857654,1
0.8523428804244393,0.991577546,-0.768716972,1.835669332284919,1
0.20174752635970528,-2.36720622,1.7825958424040715,2.7184067176227495,1
-2.639782122,-0.651891968,-0.074903731,-2.12117544,1
2.206253686697263,-1.295102131,1.6980512396289607,1.0259668921698957,0
0.5882749348021408,-1.847142908,-1.675778877,-2.715909572,0
-1.555725421,-0.927338343,1.998871823174552,-0.801644,0
1.5277306965936388,-0.363346312,1.7092098719633304,2.8576296026222394,1
-1.560950652,2.1740496717832567,0.7309445178346481,1.903765569531929,0
0.9095154136068313,-0.456302956,-1.631550363,-2.579788648,1
0.21311018676430216,2.941956567161194,1.4282508300852372,-1.035926752,0
1.9632288005204117,1.6139040010584393,-1.31018524,-2.914155061,0
-2.291024169,2.2638371418723455,2.0193782118292303,-1.228745995,1
-1.288827442,1.7571899226148266,2.6264248193725326,1.6748235407855994,1
0.6334720621845689,-1.543971898,0.1544874845715638,-1.598928848,1
1.8480685205806413,-0.678233523,2.0021833019641573,-0.710344692,0
1.9448964311993482,-1.000093109,-0.359203772,0.6929305160559451,1
-2.578274316,2.689242370892787,0.4416347167428194,0.046920088,0
2.036363826719473,2.1945763793809654,0.13356242717409605,2.563573954761824,0
-2.611573404,-2.320645246,0.5807293800866411,-0.875604829,0
-0.214649003,-1.031524693,-0.571648131,1.9358780828777968,0
0.5608571991258282,2.9840672957009895,1.7212751869257774,-1.358002475,0
-1.413929294,-0.984610379,2.059556883886456,-2.836274096,0
-1.618912327,2.429510522065602,0.8393786164995118,-1.638917427,0
-1.685130191,2.1757086105565833,2.3625450496622786,-1.463213454,0
-0.476937852,2.0075744317699034,1.6260446316593127,1.8834966393965065,1
0.11038914472781247,2.469294289831039,-1.044290736,-2.059967194,0
1.2523939953891885,0.23612649604137825,2.127514612856886,-2.513044505,1
2.062154420628401,-1.240232081,0.9291340030090982,-2.759227266,0
0.6574877778216042,1.303630135124016,-0.787498713,-1.707535768,0
0.22578405962127013,1.999144826613879,-1.05871585,-1.485184215,1
-1.326388148,2.6947929174999867,-0.844338505,-2.978374561,1
1.6900872477577185,1.1956487720123405,-2.228590412,2.909425494809475,1
0.6483737118306672,0.004676946,-0.706684394,2.3920365333818276,1
-1.536219111,-1.285386599,-2.26553516,1.554714574,1
0.5732956824351199,0.6543970155269898,-1.689177414,0.9070103347625031,0
1.5927506834811833,-0.852668816,1.8080828637702737,-0.907256469,0
1.5488307690557264,-2.797619355,0.3069876088419159,2.8171593638393198,0
2.8874676040943443,-1.30948453,-0.351605454,-2.622132552,0
2.2400478456275987,0.41143291884128486,-0.689395926,-2.323376649,0
2.680603712981335,0.18131428692596252,-1.302432426,-0.898709219,0
-1.375816914,0.6108588531418837,2.5797814546830597,2.1401628199593867,1
-0.237714747,1.9589961738060468,-0.461367112,-1.486157155,1
2.9004906915985673,-1.176674592,-1.057654614,2.938157206719133,1
-2.196435041,1.5632039280581704,2.6148765508963585,0.070769966,0
-2.98486943,-0.749646335,-2.330586046,-0.502874034,0
1.7401605698537086,-0.367730707,-0.408449272,0.3407368615130797,1
0.49014350848608146,2.1377778527938283,-1.149867365,1.9300275862080962,0
0.3956024921522836,-1.196822702,-1.229243736,-0.833174897,1
0.7361594557198528,-1.615129612,2.522001370033605,0.4494755050674022,0
2.5200946619760405,-2.721573849,-0.944331777,-2.863154036,0
-1.366489109,2.172038833611529,-2.780341705,-0.383117401,1
-2.294597577,-0.498956044,2.033109505586264,0.7384262004151148,0
1.4205380719885392,-0.905375307,2.666386170060849,1.255572562677001,1
-0.469207084,-0.441211199,2.5121050676597854,0.4584281606123506,1
1.2382752594182502,-0.497788653,-1.657843411,1.3413557519665114,0
0.6469426328483268,0.008057283,0.74412564,-1.750286484,1
1.7636322391917378,2.6889768301218346,2.3466188650062163,-1.071385528,0
-0.56396536,1.8504137987853673,0.5707027849476232,0.28748666205989526,0
2.5598518052006707,0.21614976586230483,0.089632078,-2.747888452,0
-2.583498248,-2.955478153,2.4794653547018015,-0.54968004,1
-0.188631743,2.0723216855547726,0.6554778622546675,0.6570095783434864,0
-1.220793424,2.0034502435471158,-2.005020144,-2.681102447,0
-1.850379855,-1.393576687,-1.306133653,1.0230815917126055,1
-1.693052476,1.0599498269699072,-2.453206961,-2.116785233,1
0.052928691,2.5313748154598557,2.157405532866684,2.8125206546568187,1
0.9028743916690254,1.0548891984965518,0.7501379935889521,0.7369135371491837,1
-2.11727793,0.26243373698357164,-0.683592399,-0.344776705,1
0.14160343835542388,-2.229622969,-0.843073597,-2.619302635,1
2.878008782534394,-2.288831827,-1.448851569,2.3477575602203835,1
-0.103739723,-2.186176791,-0.694616772,-2.304792035,1
-1.798704017,-2.687820918,-0.370635033,1.8398167303515587,1
0.5158150721993731,0.6380718329076704,-1.79649582,-0.93663694,0
2.0714526230449923,-2.472862894,2.1475839220112025,-0.097859842,0
2.0228845879507036,-1.091961484,-0.966942291,1.5096292099388569,0
1.709977040353321,-1.622131932,2.8372279489314334,-2.493059375,1
-2.588982221,0.5730252917166165,1.3364446066297289,2.7653167753498433,1
-0.570325315,-2.848251546,0.617378037,-1.261823876,0
-0.402317273,-0.069183107,-2.612924336,-0.084109293,1
-0.442081999,1.2752655917195597,0.8739954672740677,-1.888705691,0
-1.763166491,-1.493962927,-1.926297358,0.9432791980108028,1
2.9665810752016233,0.9126500430956197,0.6400892771477471,-0.5404324,0
-1.124518447,2.466442541438875,2.814011244852918,-0.019342946,0
-1.258797027,1.620733246018606,-2.205259255,1.593529425862089,0
1.9136902458680325,-2.250576332,2.8611688127793826,2.9130737423308704,0
2.6203168759641073,-0.023791144,-1.523555146,0.4920556852914775,1
-0.480396969,-1.764308132,-0.457941542,0.9833390140655434,0
-2.574520135,-0.999491991,-2.89323066,1.496973032770054,0
0.8441476057002051,-2.623967192,2.788425357611807,-2.864270657,0
0.5397638788565313,1.6582047707943346,1.7273778782683378,-2.794289186,0
2.438490795842636,2.5107100315627333,0.3683422389262363,-0.107500807,0
-2.730795222,0.3717248550592118,-0.543725509,1.6368384444519366,0
-0.576698599,1.1014849999482585,-2.391551123,-2.202286375,0
-2.161738856,-2.726847001,0.24797315561882272,1.7638063562618154,1
0.6624672221619967,0.44972931331713717,1.0837435704164182,-0.962128062,0
-0.82827557,-1.114379411,1.2726535971214537,-2.030157986,0
-2.921848318,0.5771786803349546,2.654288188405232,0.6564475019778282,1
1.6975299176453706,1.0367442567961813,-0.015380079,1.3103544107030762,0
1.9446247431313308,-1.651610135,-0.983217117,-1.657645605,0
-0.286962266,2.3103873055000053,-0.928757395,-0.753198665,0
2.1622034080315906,0.092245984,0.21269399788460674,2.1648072199932775,0
-0.056839578,1.089345207776372,-2.486132005,-1.928209721,1
-0.573742796,-0.030965593,2.7944022074173773,2.8239097982867403,0
2.107182525,-1.106406988,2.784169744994638,1.1360451880572757,1
-0.642359233,1.210049501908598,-2.900863621,-2.123071906,0
1.9781142693382066,0.8734418212390267,-0.814831792,0.003999841,0
2.430852897874602,0.7894686568745195,-0.611104296,-2.278040056,0
-1.23751919,2.8700413967795004,-0.375821623,-0.168963217,1
-0.008411806,2.3046241376892667,0.6235697063118595,1.162062218711533,1
-0.663518745,-2.825474288,2.5858374854570663,2.694766085498438,0
2.6949183200883065,2.662122519880299,1.8914516464173659,1.1075763006979606,1
2.0670595096037134,0.603277434,-2.193782317,-0.65269101,1
2.827769471837625,-0.893173118,2.206967482388217,-2.440731175,0
-0.994896946,-0.894280052,-2.690384741,-2.285434019,1
-1.841008733,2.0268935448606777,-2.61958806,-1.207794592,0
-2.938949984,1.1737664724181487,0.72181854,0.8698935723188508,1
-0.753703292,-1.750393072,1.32192128,1.8667072364441708,0
-2.168391011,-0.079023432,-1.507705908,-1.991358833,0
1.4059518809699947,0.22858161283702216,-1.702888006,-1.139999933,0
2.7999220279664545,2.092077388,2.2796804572387703,-0.239927418,1
0.742843584,-0.739393559,-2.533728146,-0.593584136,1
0.5638845192428681,-1.277134375,2.0877034483644943,-2.093399045,0
-0.797225463,-2.250576568,-0.571007196,-2.76203217,0
-1.36470363,-0.595588469,-0.13100782,0.2621781508508514,0
-1.350053221,0.13824800768923406,0.054027729,-1.102931695,0
1.9812019839388695,0.2738467595613905,-1.006381688,2.684031072484659,1
2.070674478426966,2.895526869310805,1.1534032478725242,-0.730662567,0
-1.314836,0.9799070620468857,2.8848994949718225,0.7602904806230928,0
2.2896896459390295,-1.025379414,-0.558277305,2.437651438,1
1.5412002117469132,2.8884619222074344,1.6485852583934513,-0.308905757,1
0.1864081189341782,2.4030929547788205,0.3098804165882876,-1.467615755,1
-0.386281123,0.097895933,-2.419680999,1.4625760455173413,1
-2.3438764,-0.57049372,1.8277346492424273,-0.19457783,1
2.0520931183110473,-0.948712068,2.7458177639906127,-1.743189409,1
-2.77041513,2.234559257942511,1.513216295702449,-1.608096978,0
2.9084496428200435,0.013680775611167206,2.7063926408649808,0.030172628,0
-0.168752479,-0.305168777,-0.990748343,0.20220898305931012,1
-0.284672028,-2.77951874,-1.437388599,-1.721263199,1
2.2046136139263997,0.5932198633610488,1.5820986026983643,2.7409562264956833,1
0.8642356351584599,2.8956599484284666,-1.12941569,-1.882396906,1
-0.580140672,-0.17520351,2.3721692571155106,0.3596426342200578,1
-1.246914003,1.4558056972051254,0.034991622834425584,-2.027208328,0
0.4609187255475131,2.468367220843703,2.0557357048549205,0.5208598358119865,1
-0.737500957,-2.478127494,-0.18210646,1.5124766251774755,0
-0.838357682,-1.587319047,2.588278316,1.9293342027479543,1
0.829653717,-2.179299936,-2.130546958,-2.380682451,0
0.6977800013564592,-2.306623221,2.055763193175798,2.9577900109159323,1
-0.801910892,-0.277980918,1.270003061914072,2.6229180379545944,0
2.3645626413383107,-2.654449028,-1.985569185,1.5275831913467535,0
1.133358648194684,-2.200688436,0.012387492009406031,1.6848877865117737,1
-1.687315906,2.2277258144079974,-2.682169351,1.693170510408443,0
0.6949133987392218,-1.10880392,1.325595290051468,1.6941947709069582,0
2.6033938278238153,-0.793351967,1.116100416,0.6156976616081451,0
0.15123641674253108,2.342498844930227,-2.980996115,-1.307330363,1
0.22966343726898053,-1.93024043,2.4471992023965496,0.8855707056780924,0
-0.132702032,1.8882105543999277,-0.294682851,0.35191807158005695,0
-2.983494027,-0.805796819,-2.167257166,1.1381320839737459,1
-0.125838246,-1.189454656,-0.193005964,-1.742220672,0
2.550519794916843,-2.676164205,2.1925022117767217,0.068152732,1
0.7136789768329033,-1.184366275,2.800185700765928,-1.308894249,1
0.5332679828418261,2.960500230642773,2.286566378300675,0.21797895171663662,1
2.942247137803273,1.2082191703956875,-1.747797503,-0.566422737,1
-0.993039996,-0.93591775,1.5627386361591977,0.5055775636367619,1
-2.77144373,2.2646909019058565,-1.219223157,2.9824492614788625,0
2.7251443820087147,2.643184300091791,1.8667656243838415,-1.67632001,1
0.19579646417269192,-1.654184239,-1.441947266,0.6657106166176643,0
-2.754998728,2.816751400924246,2.5120390354677866,-0.715394567,0
0.092534688,-0.203283484,2.2931986717048183,1.1316112578966662,1
-1.331332515,-0.318952473,-0.426204146,2.7560110097035118,1
-1.948134537,-2.462541976,2.283712992970141,2.3801159370352254,1
2.2304345274729886,0.065861494,0.9584665696167627,0.38017828536590326,1
-2.583313044,0.5750093814043344,-2.918315116,-1.050075543,0
2.593755455239002,-1.175728382,2.6389598558654868,-1.499196257,0
-1.112626557,0.7704449786313212,1.5697618367357684,0.008326608,1
2.2926941231649325,-2.75855747,2.5331690318062234,-1.822153201,1
2.3054324705079354,-0.594820923,1.9965423352262262,1.0299932988221707,1
-1.944350205,2.5082854192886908,-1.526895657,-1.535159288,1
1.8850733798242834,-2.364760467,-1.667784562,0.022065440526374047,0
1.982862172119746,-2.115096152,0.2860094070740784,1.267443550817637,0
2.163571348295708,2.6133933612133173,1.7078394868135947,0.9169703893320111,1
-0.398279488,-2.327339075,1.2584231551531273,2.9564238268529213,1
1.4205635683925992,-2.899733438,-0.022440132,0.6878797948974231,0
1.1380452066170585,1.3183550136042514,0.3486506472991442,-1.659838004,0
2.6532039688592803,1.1799988059819713,-1.578959779,-1.066069006,0
2.5315660237822186,2.324911120244015,-0.56912137,-2.770156668,1
-2.709015787,-1.296490254,0.7747333160339966,0.5051678120073708,1
0.8029667216636565,1.3036978315926397,-2.885806478,-2.369486429,1
-0.843099289,-2.070840015,-2.548079745,0.8457863759839914,1
1.8920188649465945,1.515759944605695,1.9022386716550752,0.9951392643472632,1
1.4120719308852134,-1.369327355,2.9580482177049863,-1.901006073,1
-1.713036754,-1.266469009,2.8519945806394738,2.9297315361234366,0
1.7693624982389853,0.7743455913578021,0.12037545110768022,2.823725074121074,0
1.1737368171494849,2.6683807699561815,-1.100695203,-0.997351246,1
2.128347564710614,-2.100870476,2.675567167776455,0.044846128,1
2.558483271502187,-0.979243268,1.2957534248363825,-0.102749268,0
0.7608217814728384,0.026234958834913336,2.8026937042281688,1.1526323868835036,0
-1.492086188,2.4580615314305074,-1.235821571,-0.770369404,1
-2.387257812,2.3997991187771444,-1.283327861,-1.446494292,0
2.521575587969723,1.8331611744302005,-2.153526471,1.615947023422084,0
2.478198588322744,-2.528932691,1.9512899694274388,0.2845203112383361,1
1.0151846962728044,-0.042873967,1.1868185094316717,-2.79541283,0
1.5762403393397024,-2.799937813,-0.268200914,-2.094210041,0
1.9414456641078432,-1.118034545,-0.275438732,-0.427495552,0
1.6350117941082392,-0.113133841,1.7337500100620762,-2.558950339,1
-1.850436193,0.309205498,2.682529949,-2.55145292,1
-2.741494703,-2.06069595,0.8469187731609393,-0.6060425,1
1.9533142765061173,-2.568401091,-1.821515479,-1.199841567,1
0.7603805201327116,1.1110361418092838,-2.254780236,2.662828253950437,1
-0.953735189,1.2790125780016988,0.14524631368619279,-1.663451319,0
2.077369938692467,1.909428169,-0.623568876,0.5316455141631327,0
-1.453045824,1.1391097724778092,-1.145839124,2.064472406,0
-1.695689374,-2.911179463,-1.388951748,-1.853685081,0
0.049718638349545596,-1.77778025,1.5791392243169682,-1.551776172,0
1.2418090794759342,0.4708255380823445,2.917499138831306,2.999405862,0
2.2171564999039797,1.5599002157925064,-0.681261516,1.5196603627878211,1
2.740053222476944,-2.859734548,0.22748820118643298,-1.692010174,1
0.3472578952131027,-0.201317461,0.4546114893137063,0.3057733285123452,0
2.760642235011372,0.31311665360841623,2.077392528749204,-1.081078279,0
-0.371395867,-0.177519144,-1.32763174,-0.721258431,0
0.5910784768006514,0.48112658,0.818612067,-0.889092507,0
-1.105011029,0.6697072965249786,-2.202829509,-1.481810739,0
-2.747233578,-2.564334884,-1.539700324,-2.882824318,1
-1.527536447,0.9298579383721561,-2.633357529,-0.379579933,0
2.478652721517297,1.747708973552406,-1.167374986,2.5488328751498823,0
-1.02212102,-2.564907022,2.964335740608681,2.220135163,0
-0.2044033,0.9982591451544236,1.027368467140021,-1.833106616,0
-1.799708201,-0.18251578,2.4694388408261876,-2.940037351,1
1.6950338156961555,-2.654839298,-0.130667311,0.8272369984408585,1
1.1205556024947887,-2.649124418,-0.488378296,0.5030235630139481,1
-2.603726776,-2.18943266,0.981893937,0.12982917954391038,1
-2.029028032,0.2114360214884008,2.476154240666495,-2.906474491,0
0.8558026409151278,-2.558097392,-2.961303342,-2.096073068,0
-0.462560209,1.8140639938917182,-1.30928702,0.7540392743325519,0
-0.533060172,-1.594009248,0.085482686,1.7847869422357396,0
1.994954220336865,2.0791171912634203,-0.968653125,1.760736388294518,0
-1.726929269,1.4305506074572998,2.690306558,-2.917536992,0
-0.357816413,0.8866259304840276,1.2106546229253183,-1.94347345,1
2.8330996514315565,0.6915922078258379,-2.013956393,-2.87686493,1
1.699585192738656,-2.521771563,-2.153694474,0.44898016113414396,0
0.6210330206977184,1.1213227115543907,-0.638915924,1.6433920138009377,0
2.846151597695332,-1.373430342,1.2181716992276757,2.5708119143709407,1
1.117720575702256,1.0866569918655573,-1.657364585,0.21078120191815763,0
0.37513706162748095,1.2007773747357167,2.9809286993770954,-2.798137065,1
-2.608604032,-2.532299583,1.4578748069337406,-2.181877229,1
0.7347112469420711,-1.051986733,-0.256080263,-1.706021041,0
2.1966393678272524,0.5169019449781582,2.667379581493516,0.44757749822597725,1
-2.256551816,-1.974777397,2.934443858207083,1.3533911839852069,0
-2.7043275,1.2226860302079885,-0.526961719,-1.156749679,0
-2.075635238,2.0394237273393934,-2.616951726,-1.260987226,1
-1.161702637,-2.034568296,0.0491093,-2.929784239,1
-1.194146908,2.6017766641983844,-1.136822584,-0.837243677,1
-0.161009711,0.3701602491088485,1.8522518689244638,-1.858072661,1
2.2304782631553435,1.5452961428633358,1.3359020079693318,-2.479172558,1
-2.87015586,0.564076205,2.1788037751389675,0.5066487848438155,0
-1.720590807,-2.456880612,1.1975787169064098,1.3306216639068573,0
-1.964809796,-2.830858107,-0.550298921,0.49631221279813253,0
1.2360144574031473,1.8596700549174168,0.663224564,-2.334716348,1
1.0954900328544888,2.9050598573692925,2.433507507584423,2.230013455617076,1
-1.18697908,1.5047290587240036,2.1066206757908734,1.0699572277875786,1
-1.496629461,2.723003831,-0.295083531,-2.221166648,1
-2.34133263,0.8851139237942744,-0.373742121,-2.433096749,0
1.442187432936568,1.7959510035517177,1.3524937847187077,-1.786434734,1
1.1386527359764163,-2.935663183,-1.169327162,-0.607070812,1
2.0114816933130095,-0.657633762,-2.932383323,-0.885921529,1
-0.00645541,2.6940287200366404,2.6462058227372687,-1.914755771,1
-1.88912075,-2.019711261,1.733531594484619,-2.963867758,1
-2.236936811,0.22775778986459372,-1.514627599,-2.445861251,1
-0.840731926,-1.35475437,0.066625839,2.8754015629811747,1
-2.254172179,-0.763639771,2.591910107234848,2.2612382609629353,0
-0.634373791,1.1937195871184194,-2.472857919,1.2752463332616912,1
2.837146376908449,0.2249289170051494,-0.009058638,-1.876088282,1
0.802729193,0.5426236846734893,0.911598357,-2.84350028,0
0.29234093009444173,0.5696090609842379,-1.754819188,-1.750002855,1
-1.342690989,1.2703295503634253,0.6375963811942302,2.0745758767068274,1
-1.226048569,2.4724083593299095,1.4622369719001505,-0.62992998,0
-2.428427606,-1.458098025,2.7406093032891015,-1.137819745,0
-1.020594239,-1.862466413,1.8411036068325926,-1.346134619,0
-1.01845051,-0.513911349,-0.397630321,-0.531955258,1
0.022462172248371992,1.8870772776984195,1.9157102444521321,1.7898788025800814,0
-2.393250965,1.798072819648885,-2.278489359,-2.25165738,1
2.6871766298097643,1.9163870682332478,0.3144628012080517,2.249821226867173,0
2.936187855311177,0.6638523997906653,0.6773906218891081,1.526562174959568,1
-1.607166286,-1.997250831,1.5574845000904354,-0.93057123,1
-2.189577862,-1.110733644,-0.848178793,2.7913659570341443,0
1.1877582665275392,0.18513790439840339,2.813238832,2.418838442845084,1
0.07200514,2.4340778122618847,-0.574172052,-1.617476008,0
-1.603930939,0.9738931466527605,0.006421924,0.9537050820326805,0
1.1164557855730193,-2.866062763,-2.675762446,0.1960663595474994,0
-1.853787133,0.7952026128266381,0.3131144350238886,0.5145621502253475,1
-1.185267721,0.8390610376673799,1.9769558189101382,2.9884275215534224,0
2.030666317033286,0.34499255807968465,-1.83942245,1.0886752567189255,1
2.625922713347869,-1.728800762,-1.464026277,-2.10594874,1
1.4203298617584101,-0.560630979,-2.623826167,2.2496999489416813,1
0.346031428,-1.013434248,-0.936102144,-1.258492679,0
-0.267118966,-0.977749869,0.2876778244236564,1.6411035136277654,0
1.0467677006662406,-1.233258643,0.17244606923867556,2.040756959473505,1
-2.590762592,-2.530216398,0.33702040829852065,0.8346907703388196,0
-1.731521905,1.4713207601491085,0.8775802622443649,2.5397356094177184,1
-1.986274789,1.5082455921480644,-2.498141457,0.391754457,0
0.3113708369948749,-0.669689732,2.067426886011403,-2.973776131,0
0.12107641139112424,-1.697078701,1.4609917146985971,-2.741595442,0
1.9893281290894658,2.028553360241709,1.9971960744210175,-2.08458884,1
0.7824391113662692,-2.913795845,2.087775547735199,1.3378511610517227,1
0.18692238539551598,1.3835485985797025,-2.43405542,0.17193499306113758,0
-1.252341049,2.8357167793378384,2.142707704,1.3996541750038611,0
2.6024858114983918,-0.918940173,2.405279393929087,-1.048570607,1
1.3967803181469183,1.4185014706586943,-2.889900741,-0.83364181,1
-2.883403966,2.982552105661491,-2.266819429,0.2568653738886564,1
1.7433374325758235,-1.792418386,-0.089683991,0.644572566,1
-2.038771474,1.671332759469231,-1.203981257,-1.733861542,0
0.3497324786245013,-0.538118234,2.5217156678185066,2.2803761891889236,0
-0.09989602,-0.844417352,-1.04689211,-1.394618262,1
0.2672871222748636,1.8298716284072611,-1.135460351,-1.859435462,1
-0.147097163,-2.585793499,1.2076740367782408,0.11014959781160183,1
-0.021751152,-1.197327723,2.4280406251904196,-2.457082249,1
2.218944053322188,-0.739768786,2.283741095850134,1.3725687499943016,1
-2.37497564,1.9892177190561213,1.0930610021970306,-2.806188523,0
-2.197783907,0.8137683350141707,0.9756030172817098,1.4799085970255703,0
1.3214724046498914,0.9571197280197294,1.5974334104785353,0.45051423535423707,0
-1.435251687,2.474259682384309,-2.890715814,-0.800629681,0
1.3732217585829805,-0.437063753,-2.850993555,-2.604114581,1
0.8918242148297315,2.7891875964317983,0.3111818150069938,0.040546908,0
-1.090048722,-1.459855957,-2.874090109,-1.362270794,0
-0.305337355,-1.812301302,-2.475912069,1.306367203527616,0
2.367721614408403,2.620632418122513,0.7079923709819358,-2.683352504,1
1.4451757797706408,-2.339428168,1.0184887061269432,1.6761950144872548,1
1.3551882649588363,2.7113028345667836,1.4288777068043386,1.1592586678908514,1
-1.429540967,2.5486121186154103,-1.922736775,2.4293796688387586,0
-1.12402474,-2.219018437,1.9600981636270243,-2.985027278,1
1.9925299060849841,-1.426128948,2.3083276365337273,1.1488750934494742,0
0.9970999971035406,-0.808082621,-2.643582157,1.9804385892334633,0
-1.974577229,-0.766448149,0.6021281130544907,-0.106477569,0
-1.808036189,-2.156301859,-2.260522366,2.178047288995206,1
-2.810642706,2.8620855575993662,-1.808827858,-2.338066219,0
0.46182992866077077,-2.520084252,0.6147195789815694,2.1037598688816788,0
-2.712611871,1.7992116271712648,-0.633135354,-2.043056197,1
-1.943421118,2.5125872621653578,-2.336365488,2.2006967226939427,1
0.2654677259016873,-2.765662927,-0.213143126,1.9046970868578041,0
1.3572167258346024,-0.067305494,2.160299278177302,-2.277811429,0
2.4596463203542136,2.078647250900093,1.2496609539434163,1.9073264527724954,0
0.262893041,1.050974574586001,0.36358842424667337,-0.867428817,1
0.4131647841670656,-1.455208005,-0.358324975,-1.315347556,0
-2.262673263,-1.068828862,2.111923309108624,-0.713515376,0
1.4880218938132144,-1.948812875,-0.453485045,-2.310863584,0
-2.16827362,0.7046182793404148,0.6448909046940665,-1.719768556,1
-0.153460834,2.1798370018676874,-1.954790948,-2.884736802,0
0.9119708439814342,-2.679010751,2.879641431434676,0.6577217027932862,0
-0.177621883,-0.42004476,0.4384239511015884,-2.45625338,1
2.5801143529169748,0.7538524113112666,-1.896129014,0.3754863225879772,1
-2.200460965,-2.894683695,0.7831019112839881,0.8909000512207665,1
0.5021794968204931,-1.899100774,0.6205791509686023,-2.660934354,0
0.6554301334315338,0.3241021146457128,0.9315289850345971,2.372853634514363,0
2.1021486314372195,2.8839251493752327,2.857446198,1.6339181602425157,0
2.7385177330663684,2.203703315334672,1.3654946993698376,-2.547694472,0
-2.70570067,2.0255974050346213,-0.062064853,1.8876401062495258,0
-1.122490376,-0.61410085,1.2011203260715915,2.491960421592559,0
-2.473431153,2.168868867807637,1.758076349276191,-1.106764376,1
-0.868700315,-2.721231137,-2.905556333,-0.137963242,1
-2.426762127,-1.835989114,2.0806031971599817,0.42617034750271454,1
0.8017946235966802,-1.875124015,1.9719708267265172,2.207878634638485,0
0.1399655622782605,2.475346631271959,2.06897175,1.3879450600466283,1
1.4044554941617715,-2.367639156,-1.374983774,-2.598916681,0
-2.947912745,-2.050142812,2.2829230958816407,-1.560755646,1
2.8209237755503302,0.5837459973672368,-1.576449074,-0.017215179,1
-1.685431064,2.903841349094243,2.0835899034297833,-2.842567267,0
2.686656188804827,1.3263906438173239,-2.505712488,1.0238264779586732,1
0.881560188,-1.687267525,1.5506802000454538,-2.47761178,1
-0.063328913,-2.940460757,2.8124249333684785,1.5093817906614557,1
-2.046887543,-0.94995576,-2.036625733,1.5997047847758878,0
-2.646622047,2.042439933382285,2.6531780330143793,1.0597676568377992,0
-1.7222073,-0.839459425,-0.136560751,0.6277486332135225,0
1.0119785388701246,0.32528829191329667,-0.892116475,2.3455036833894187,1
-2.511647652,-0.202463675,1.6533890308048846,-2.634764008,1
1.232011300867807,1.9182697365199495,0.9649877911623133,-2.922378646,0
-1.919177837,-0.947321527,-1.597859786,2.7759128413645646,0
0.9095634846827618,-1.218174256,2.578184991992673,1.4435651968571213,1
-1.292356729,-0.726710584,-1.80342685,2.8264439895949316,1
0.10377897534043923,2.376340124987908,-0.921001374,2.1650496185848542,0
-2.676678909,2.8925419051457277,2.472206202199816,-0.820782331,1
1.6483329918874645,1.5135475588429568,2.4075287826175895,-1.156470113,1
-0.206879968,2.1899976756363184,1.6714767248112956,-0.639199688,0
2.074351397472732,-2.718275765,1.6922778177779412,-1.759404843,0
-1.283274553,-0.040710938,-0.301592994,0.12342064121928553,1
0.2686535740321432,-1.010833854,-1.948634922,1.610887375723836,0
-0.600143105,0.035045174754354314,0.8681803101067085,2.457827533839936,1
1.2453169868413196,-2.727244646,2.031362180388106,2.936130090765115,1
-0.165089848,2.817542018727604,0.2839724540588966,-0.242304025,0
-1.011571412,0.9453292550000327,-1.621077477,-2.370394689,0
-2.836577384,-1.245719324,-0.625375007,0.3124601776874867,1
-1.243501049,2.904357434312467,-1.249528991,-0.354147669,1
-2.380343007,-1.43624092,-2.710007161,0.35705180062396824,0
1.5063880987945897,-1.825741114,-0.792534373,-2.90030264,1
2.037132334333272,1.679781149590017,-2.620475815,-0.810794344,1
2.7317196830969728,-0.647837664,0.15725206034409656,-0.868542834,1
0.5767883287695712,2.8689412538209336,2.9850150208871824,1.6482898680671472,0
-0.574133412,-0.033406795,-0.859612031,2.913447779426077,1
1.2465618349524226,-0.306411327,-2.927308379,0.1229004863432901,1
2.9035692102097075,0.13836545383831123,-1.905439887,-2.867437517,1
-0.871777451,2.5093683341796416,2.979324649055286,2.6722078488720156,0
1.3765199595255408,0.3488563706439316,0.5441168782935124,0.23395205455176526,1
1.2422958295379303,-0.48676064,1.0152240297345934,-2.27032731,1
-1.405828161,2.016018232851777,2.422493584460347,0.23404942536179796,1
-2.810186297,2.561841424750609,1.2123855481637182,-0.515832457,1
0.5902736591969782,-0.421350993,-0.20796464,2.3208591939564105,1
-2.033494518,-2.377985187,-2.983627533,-1.115997746,1
-2.115517401,-1.680087029,-2.932566104,-1.636827512,0
-1.003730508,-2.810595022,0.6474247457828861,0.412802093,0
-2.417785329,0.5700586651104063,2.9919235116532654,2.6668137168692443,0
-2.98397404,1.7722698679821578,-0.878368343,-2.618091778,0
-1.224100718,-1.069580902,0.139465436,0.9665026036131277,0
1.4943336732504484,-1.524581745,-1.069376579,-1.149709759,1
-0.823578791,2.9979378537380326,1.6676598169645551,2.8499427916121824,1
1.1586663572823435,-0.56237579,-0.661534898,-0.06851313,1
-0.4987813,1.9699574765564742,-0.209987922,-1.226313839,1
1.6491616121799106,2.1265224562883676,-0.477426263,1.0068514314331924,0
-2.647172797,0.17678911182879986,-2.730113174,-2.824854957,1
0.6775491031364345,-1.179987706,1.4552229747327923,2.376495363795553,1
-2.163652958,1.347137031473543,0.08711999,-2.327284499,0
0.9095556388843482,0.6568008186388372,0.093851204,2.5588272273579484,1
0.126478177,2.9430906927012757,0.055372883,-2.30488777,1
-0.177172494,-1.906027425,0.5828009113045636,1.1587930511616067,1
-0.189388328,-2.413782194,-0.188151608,-2.511274712,0
1.092755733039204,1.7422093491905253,2.7742819633622346,-2.107187357,1
0.19452201319982487,0.40522420521251146,2.534859202685878,0.7636598435790853,0
-2.126942126,-0.381892056,0.9285751710375028,1.2017065924157837,1
2.178443991543441,-1.916957281,2.7092528805329907,-2.645163528,1
2.902572807413412,2.1466025571984506,0.9616366965730276,1.409973002,0
-2.563847964,-2.751120823,-2.389405221,-2.475841112,1
0.28428740081661097,-1.707336077,2.1612338232403587,-0.325508262,0
1.173062858749649,0.917238558,-1.080881766,-1.540994559,0
-0.945262288,1.7799502430990248,0.517661091,-1.478768025,0
1.9070786583625807,-2.671443683,1.1951002499417722,-0.365395166,1
1.3877423163953297,2.5647676814605607,1.5002045876814236,-0.348207868,0
-2.094145911,1.8381058548326017,-0.235766838,-2.548126059,0
1.3143323866611958,-1.248888205,-2.706670623,2.416506089844466,1
-0.101393447,-1.314233681,1.2983193473094694,2.3154142660953827,1
-2.99815755,1.1271131102529228,1.6020701641105282,-1.740435436,0
-0.062257012,-2.464284606,1.4804992950920859,2.0847361113801153,0
-2.350880056,1.8987615205970076,1.6294210229072013,-0.918520078,0
1.14173718,-2.999711257,2.5907859267959914,0.3022994118502371,1
0.7220331843719965,0.9879564812345918,0.36821410331020044,2.1405833252367783,0
0.6582109929092637,2.446559947442836,0.4939897334040535,-1.973265468,0
2.4813753350358176,1.0897649901586606,1.1954339666133365,2.912890503,0
-2.548820675,-0.428444357,-1.565427642,0.7825587882819427,0
1.8408701024884309,2.7978642533544757,-0.272423358,1.7173093838556248,0
2.502309552242277,1.0999525952153082,-1.543604685,0.6471249066467486,1
2.819712286903119,2.9253229731693926,0.8541589423006686,2.3219265472319357,1
-1.797903817,-1.52352837,2.717325677309158,-2.188587747,0
-1.853361371,-0.476708405,0.5375057265201022,0.6229033138096298,1
-1.248143948,2.523683387702089,2.4905994456471765,-0.647591682,0
-0.394249383,1.2149827009434713,0.9779753783934044,-0.70621791,0
-0.514534491,-0.911766339,-1.587689958,-0.251169822,0
1.1186047914152422,1.4518002318857581,1.6732418895357757,-0.751607919,1
1.5878159657098418,-2.960902106,-0.137700374,1.7634264007961447,1
0.7802683238481198,-0.155621255,0.8678520396380951,2.4416760188919833,1
0.3982908036612445,1.7987171487606375,2.8844563513511856,1.2334092124534006,1
0.439954583,-2.775084317,-0.75313261,0.39265640109070965,1
1.7832394302361951,-0.371371262,2.760349654588641,-1.369237484,1
1.467403171261899,-0.485811497,-0.084069033,1.8150122031926417,1
-1.22270843,-2.41912766,0.12153350768056281,0.17276767082249256,0
1.783006633352242,2.8099152373926106,-2.668195882,0.5501368424586532,1
1.0876711818887994,2.9148081044911303,2.655541285661469,1.2747045882718648,0
0.13073646746679524,-2.030856466,-0.694940669,0.5107339503429262,1
1.3512023795745227,0.8123973448746735,1.2847368109664474,-0.425084973,1
1.3657637434260543,-2.137552464,-2.024482129,-2.023007125,1
2.3451897422146564,-2.54379562,1.8090502364008554,-1.598574612,0
-0.189420357,2.4957395727940677,0.5156233781250403,-1.739293883,1
-1.295459638,2.522679743374714,-0.437136449,0.5219128980407364,1
-0.24040682,-0.729371472,-1.660325238,1.1171490029076123,1
1.3094521576327223,-1.35068945,1.7340650583289818,2.127211201810077,1
2.524050577437782,-2.032725516,-1.176457898,2.162120085022174,1
-1.808758783,-2.979189245,2.2249638615098073,-1.041303349,1
-0.513014849,-0.321995846,2.089647604003371,-0.972647132,1
2.3536793151388906,0.701634828,0.16372034420210557,-1.046312957,0
-1.537729822,0.7443506566640918,-0.31863504,2.463096059592038,0
-0.050167703,0.0707695,-0.499660313,1.735577982,1
-0.450964811,-1.383948002,2.1721852457610584,0.5809693281914416,0
0.5490613186140108,0.664933243,1.3130384892340006,-1.121592064,1
-2.796933775,1.863558965262058,-2.226569677,1.330918423263265,1
-2.50610821,-0.748152948,-2.621843581,0.13328207776634748,0
0.9188146366894507,-1.971401153,-0.770234289,2.5814369462583215,0
-0.345665297,1.8152614138593401,2.5631084703612546,2.846074949863719,1
2.3899321181482156,-1.095568025,2.7754373169671576,1.874371450476282,0
2.0230535018369267,-2.908962095,2.7254331799097624,1.6685413430924445,1
1.6078049790473994,-2.510851614,-1.604588754,2.7735699908273945,1
0.004062449,-0.612851891,2.0396449028814825,-2.475957515,1
-0.498347902,-0.745795353,-0.900891678,-1.153846538,1
-1.739550259,-1.962535182,0.8424367015180447,2.516369047252071,1
0.053109871,-1.212152686,-2.045038814,1.9808601903155658,0
2.828952338839283,-0.905067591,-1.254297447,0.6089577178496479,1
1.6519738857205546,-0.267583179,0.780438899,1.299294408139751,0
2.763553727137076,-2.009776017,2.984294962952217,-0.647060069,1
1.339200856359323,0.4344862678379835,-0.079988298,1.1884522123895191,0
-0.625476899,-2.243340112,-0.066639701,0.13149522409391157,0
-1.78858708,2.6137161379719425,-1.63514612,-0.544634435,0
-2.070421879,0.2147798771216647,-1.154174351,-0.06436488,0
-1.652298501,-2.677349232,1.675359906493532,0.8465177037579501,1
-0.955563866,-2.715034652,2.1934503761827253,-1.98122997,0
2.584453309688568,-0.128427728,-0.957679741,1.4505568613457829,0
2.261036436451114,-0.775718618,-0.555937487,-0.401050684,1
2.5339383688720147,1.155383949085996,-1.514123298,-1.890001815,0
-1.617794019,-1.418616665,-1.618899052,0.9510386831543771,1
-2.304398936,-0.675849062,0.7503214378221985,-1.254840156,0
-2.608353692,-2.509056463,-2.244199342,2.0150581492089312,0
0.9471810336298185,-2.612865533,-0.653586725,-1.328488963,0
0.46824066977280143,0.13683569803388052,-0.11325586,-1.112925778,1
-2.173201368,1.4542582972358282,2.279140613055926,2.6649054553969034,0
-2.648286176,1.439452269533298,1.3590207564417751,2.6826576848735355,1
-1.482512433,1.4530742297709383,-2.672242267,0.7874743245697147,0
-0.894913056,1.613456637284851,2.179825718612361,-0.811073747,0
0.1535165561958034,-2.295575626,-0.498558209,-0.83519764,1
-1.901259241,2.366871748600655,-2.111472972,0.8144361451811228,1
2.3408558608793264,2.4718114791793537,1.7594381990434105,-1.943153197,1
1.9045884552832177,-1.340611126,2.534388164595054,1.2545200885430976,0
1.7116053660533188,-2.489805279,0.4965906806612663,1.9268527613920776,1
2.1695421166349957,-2.828209772,2.6349553953307154,-2.7399676,1
0.6871120780490991,1.160325165691873,-2.355928253,-2.711928806,0
1.7094729267043753,-0.691976251,-2.357324908,1.5760068983258524,1
2.0949784208617235,0.5243171445528443,-2.032579149,-2.908665171,0
1.2048148878116631,0.3008380489519009,0.9047828503204771,1.879108021197574,1
-0.394633338,-2.252907187,2.639899712344959,0.271572763,1
0.6917647145312413,2.600468577310507,2.589501937861578,0.4325676403690415,1
-1.214331452,2.982681804076435,1.0849025397212158,-0.549379939,1
0.35902081712153855,-0.504995698,2.329830913779885,-0.105003751,0
1.9411702558874833,2.0410577869380235,1.9459940264114906,1.3331316748540463,0
2.129266300845491,-0.676622522,-2.312020763,2.054725226235087,1
-0.010989506,-2.235743805,-2.308124867,-2.044545636,1
1.5058395580026351,1.2651400407976867,-1.777087919,2.0815405086587715,1
-1.312231227,1.7579134998896855,-0.067164554,1.3892920952313963,1
-0.711674022,-0.917156417,2.0481575937559935,-2.788186473,1
2.8484216835450447,0.8890773495922408,-0.405099671,0.7683271869025514,1
-2.263554321,0.084314732,2.910573140038786,-1.588383373,0
1.3336685942180964,-0.390171745,0.9147488909277213,-1.770676628,1
-0.177210104,2.8805562831556504,-1.828277094,0.8186701670925425,0
0.4535864926007722,0.39030951774241984,0.6907397379097029,0.013427842129368539,1
-2.898415498,2.4005808687787074,1.9618729649041846,-1.954993914,1
-0.520360936,1.6232938841614075,2.880373892323706,2.7068222786507183,1
2.396155198057045,-2.049756616,2.4868506360540295,2.270669477706477,1
-0.738300533,-0.632864433,-0.240546468,0.9370537857985015,1
-1.434986304,-2.862309423,-2.152622852,-0.359304555,1
-1.307984583,1.5870993662167914,-2.359859577,2.504791353328823,0
2.371963079663466,2.452540901599729,1.4376599916199595,-2.358000171,0
-0.371174572,-2.211567769,2.9261951565664956,-1.00176946,0
0.5119832513403724,1.6763583254653307,2.5236965053538727,1.5332863550481601,0
1.047022672597425,-0.204109308,0.6324008025031445,-2.435017147,1
2.303535251767575,0.2626638530393124,-2.759189697,2.5194127539593847,0
-0.064188157,2.2115348493660107,2.1413277252321414,1.8945095247426895,1
-2.631581884,-1.517600127,2.2532872347925847,2.3939463363125633,0
-0.251586826,-0.359751194,-1.949156197,2.810464732146908,0
-1.721169148,-1.854379294,0.9643738208950459,-1.542934182,0
2.6326296660863386,-2.934558028,-2.965480426,0.029260808613597256,0
-0.071625241,-2.019815869,-0.032882622,-0.530033369,0
2.3419771520542128,-2.944476479,2.8576188301977137,0.7463565857750547,0
-2.088939326,-2.719439917,0.22863395135539122,-1.590659004,1
-1.193006778,-1.529207011,0.9010338814350649,0.3211737726968016,0
-2.532153459,0.15915919905105236,1.7471385933797992,-2.512832455,0
2.338433857,0.4698398966863748,2.7037468156218996,-2.111152694,0
2.961389996119891,0.8656371958180609,0.4049651968863772,0.091677745,0
-2.858073761,2.6378351492974685,0.8639668371251901,-2.450241093,0
-2.874286978,-2.695298165,0.656374581,0.6840924893675115,0
-0.001996249,-1.159405076,0.1904563896878484,0.097810925,0
-2.883506641,-1.305184618,-2.680887951,2.400928508685933,0
1.3513389767108128,2.9766910211574737,-1.18697242,2.2709150865414616,0
0.6183256075948904,-0.281247559,-1.664561332,1.4303529917168571,1
2.424844493,-1.588149612,-1.94765799,1.1773314900292018,0
2.8618389763531145,1.4997306066244684,-1.292515566,-0.480267455,1
-0.694094187,2.1125701082822728,1.6282246732333432,0.5338526085691209,0
-1.350245338,2.6279311663323375,0.9198913486148799,2.8228598786506947,1
0.4807021982521844,1.9271565501816843,1.8786322763671608,-0.976027339,1
2.7841243377433695,-2.868351194,1.6122654526044853,2.793342514584263,1
-0.96655078,0.888663527,0.3733394990652634,1.5690438580591426,1
2.1970675298703144,0.6182674157972876,1.8954275182887415,-1.126286545,0
-1.628477648,-0.415993863,1.0664195974846997,-1.876518306,0
1.082113152911349,-0.635438109,1.7734516433557914,-2.778985097,0
1.007895826976367,0.8989340198998059,2.645612856751886,1.2802053213844227,0
1.7778113785396874,2.427546095,1.0503115097519267,-1.25907819,0
2.2186427975011327,1.4854687168558502,-0.453374376,1.2631750358997724,0
2.206133263086852,2.853912788347629,2.7141090237543324,-1.048033039,0
-0.469837718,-2.34278037,-1.514734278,2.2945272509217016,0
-0.834900442,0.7233159515692864,0.9957937098421996,1.6909756508598726,1
-1.903199819,-1.171121192,-0.309981951,-0.810953633,0
2.8974313971581385,2.0096448192822747,-0.121879472,2.275611756518808,0
-0.914082315,1.714969943341588,-1.657946411,1.633932271358196,1
-0.261279581,-2.355004074,-1.360425273,-0.586352256,1
1.4957574699866232,-2.562103712,0.9572819705558375,1.2960818455970617,1
0.9235282195545089,1.5640178290053335,-1.930988304,0.5226201303782241,1
2.6468696832232794,0.6647056188272265,0.6680180817177179,1.4186378526796135,1
-1.000774607,1.2028554079292437,2.4974029998792906,-2.934627162,1
2.2206782466531916,-1.688290012,-0.264460358,2.1140868057158277,0
1.9434727647397736,2.351564868756335,2.6425007557951563,-0.317058259,1
0.9381828648060413,-0.657129357,-0.895699695,-0.410427536,0
1.4584568086960559,0.008644483,1.8843580466900525,1.4713108631769352,0
-2.877129233,0.7814289426369694,-0.38057326,-0.260226065,0
1.9102383232193683,0.28564791650806054,2.3137309407536826,1.2768335543501426,1
0.3170400525843169,1.527227856906622,-2.769905694,-2.837498071,0
-2.499904038,-0.374608049,-1.587299126,2.9055677664947073,1
0.2537408340682017,0.9744944764869512,-1.327079183,-1.069218548,1
-0.987228515,1.1924142309018038,-0.157762754,0.10610191518044676,1
0.552017893,1.612869937429302,-2.457781509,1.661243473,1
0.3794104132510787,1.0145726691315433,-1.034689411,-0.543678979,0
-1.613005082,2.8757999845044315,-0.017982165,2.9764614947795867,0
-0.061284132,-1.681492414,0.04471438,-2.762426569,1
2.4286188085317075,1.9113015071666464,1.3549231241657083,0.6589602926547604,0
0.479005402,2.9803692844767777,-1.332015396,1.678106192193468,1
0.48842862128194486,2.8552832625533116,1.9668190997895145,2.991150677937556,1
0.5299499667746783,-1.772736255,0.022122214168402987,1.2666668043034477,1
1.6461623170895283,-2.996940066,0.030162531013764315,-1.58859252,0
2.2494709995287305,-2.082567336,0.9987374974490004,-1.403626858,1
-0.860747141,2.6433555645410687,-1.557311248,-2.429983429,1
-2.584290591,0.027690661,0.8502688937057279,-1.036238139,1
1.1415584507584846,-2.633797689,2.144007869537261,1.8994032584354272,1
2.9129776283525137,2.6190298854110727,-0.862817016,-0.604347696,1
1.4757890848695574,-2.195503368,-1.115911739,-2.288754378,0
-0.270681306,0.3120256793119056,-1.73303718,-2.840209879,1
1.316134990503139,-2.879969013,2.840415653570137,-1.67035646,1
0.9834005526977467,-0.391489643,-2.641956838,-0.16689836,0
0.10056380578079782,2.128099248557211,1.3940944178873877,-2.524185151,1
-1.745023899,-1.128673895,-2.301553881,-0.258605575,1
2.905855145175213,0.087676747,1.4512930099390164,1.0976267861960771,1
2.0994686105528277,-1.705659057,1.5229575701581695,2.288131441834497,1
-1.970941062,-0.919186681,2.8206105859893693,1.6847270758787545,1
-1.304455005,0.38365061786692145,-0.574043263,-0.060208942,0
-0.869002852,-1.324013889,1.0485782483485124,1.6712508905167054,0
2.2437427364840694,-2.068020196,1.9371331418714437,-1.471195053,0
-0.435981661,2.4086621150954795,-0.272978394,-1.817618796,1
-2.040788069,-0.1620974,1.5760345438593246,2.983230863845808,0
1.7244517705854108,2.2620717536571213,1.4869941656093282,2.3726106045366357,0
-2.54223874,2.5795895938898727,-0.621563078,2.5296853396826675,1
-2.545602975,1.2914577427268146,1.4141324920212268,2.981465335786636,0
1.613131624138882,-0.704557765,0.34349130971127195,-0.800694371,1
-1.823888128,-1.508986035,-1.667936794,0.2928919809792774,1
2.4369638071913595,2.4763597565303854,-2.671417335,-2.520603594,1
-1.529285657,-1.469643285,-2.430664949,-0.669219953,0
0.526352356,0.4689732035967822,0.260578088,-0.967968451,0
1.2387341118994843,1.9589036458864282,-0.922354401,-2.486787844,1
-1.222018493,-2.175788073,-0.195847637,-2.064389092,1
-0.222931454,-1.673982646,1.432386632774418,-2.834590555,0
0.3284778229915535,-1.98307035,-2.994048813,2.2152005283888423,0
1.029166726884406,-2.406343068,0.9844342061031335,0.6698839964255914,1
-0.159859878,-0.484451409,2.3224185774944095,-1.529111881,0
-0.610139658,-1.025307523,1.6272061742198014,2.4987918373952365,0
2.098690192441383,1.7862235817986107,2.9207396734204973,1.182867302462311,1
1.506322747281203,2.896815238230114,-2.958055288,0.8042902586181899,1
1.4338291917197372,2.5069623225431696,2.3030658251060565,2.0517640874027663,0
2.674747631650223,0.2242751274822452,-2.958479426,-2.933673608,0
0.2678343337071487,-0.388366567,-0.29252968,-0.597571577,0
2.506354854547414,-0.844977893,2.137361651,2.417188762749845,1
-0.00298938,-0.318371776,1.566123625292681,1.2478290458392944,0
-1.0287893,-2.384711244,-1.410885599,-2.213828965,1
-1.231606345,-1.429070607,0.826268543,2.726976170728678,1
1.114462393982901,2.559896448387418,1.7047935516506598,1.3672657324270396,0
-0.515628359,-1.051232983,2.077664234837515,2.4323593975740323,1
-0.288705038,-2.945621411,1.7551863534388232,-1.289586957,0
-2.94067281,1.8299313538567326,0.10448513290138894,1.1112644780308152,1
2.488138926866865,0.24704298082863207,0.019164435,-1.256027272,0
-1.168836993,1.779252396177875,-0.305824526,-2.018842748,1
-2.432827416,-0.162479299,-0.210269858,0.920749669,1
-0.173595134,-2.139145775,0.046817309,2.4407364233161513,0
-2.04335153,1.138527845866494,0.5631555897931593,1.4915143602708163,0
-2.096398359,2.649632021435967,0.7257985666029514,2.082426826146821,1
-1.520359418,1.4364773363877692,1.6861842260035136,-0.615388366,0
-0.696279283,0.9467775901544959,-2.439553909,1.4137449013050531,1
-2.742679441,-1.856458193,0.9848625434482035,-2.410057997,1
2.8310525488607396,2.2103772567714035,0.757813994,1.9143447340160993,1
2.3254802915374073,-1.443146103,2.096469527695917,-1.831237298,0
-0.519946415,0.3495577874915963,1.283345778444195,-2.819152094,1
-1.256943523,0.6511145892623418,-0.855787925,1.6501503337769607,0
0.9099129669042973,-1.593591278,-2.124426122,0.7742819615223024,1
-0.297196034,-1.986257753,-1.041754768,-1.18171951,1
-2.351208166,0.28145411559136857,1.5818918034753242,0.45280133311792214,1
1.9577481896241142,-2.234588717,-0.386328853,0.6564906219485946,0
1.0560093656514438,1.1747178385405617,1.373792562587286,0.9085788731761002,1
-2.434631466,1.171834065613779,1.3486959406463255,2.960879606001763,1
1.1601746202067558,1.1209823745092935,0.088879741,2.2075374515106834,1
2.9810085717669494,1.6742692211845922,0.6750022671468505,-2.526271038,1
1.3604347903777656,1.2513694114917024,1.6534088868565906,-2.25266767,0
0.9223950007568611,-1.22565657,1.561627460417002,-1.557756276,0
1.1038720609224644,-1.230042318,-2.946034243,0.8001474718385726,1
-2.320385501,0.9557488367292848,2.553656690141625,2.815475605266542,0
-1.584461476,1.8555193659039295,-0.878680339,2.4027424364878947,0
1.724937411776243,-2.5564697,-0.557178037,-0.976093044,1
1.711086124339662,-0.538285736,1.107530385918503,0.6146115335426425,1
2.8538323145858024,2.626709740809689,-0.433802912,1.341469269846896,1
1.9767605638873302,2.3933145231728714,-2.591194417,-1.187527204,1
-1.078619754,-0.393324293,-1.984411496,-0.02276472,0
0.9792859637907365,-0.015816479,0.9947585711856943,-2.601350209,0
2.2559239902444617,2.634415152606411,0.7074445447118918,2.288345991821382,1
-2.2113239,1.7846935204578607,-2.285110839,-0.551938611,1
-1.057088793,0.5135509513227259,-1.190912789,0.823881778,0
-0.795676265,2.1647422861827863,0.8033030413176689,-1.708210216,0
-0.983223468,2.0845253257599348,-0.6811215,0.21479439339387074,1
0.8936516157139964,-0.913142102,-1.236128215,-0.148470584,1
-1.710714167,-1.294736478,-2.627529096,-1.176178344,0
-1.07577544,2.7709989977479177,0.5383729527952807,1.7242945524948334,0
-2.727736483,-2.360779838,1.8872217651755534,0.7412972965058144,0
-1.854107817,-0.571227565,0.23203499988973686,2.0616589748246508,1
-2.63752805,0.5803337362041745,1.3022155295201037,2.867351147462756,0
1.8429604697531063,-1.342636119,1.2574751632695902,1.579667309561863,0
1.3784129995103704,1.9208644077112202,2.4223798572818254,-2.409420786,0
-2.371416854,1.7783999326238762,-1.485765141,-2.648751468,1
-0.592624914,1.919261470956469,-2.240609857,1.0310518308268044,0
-2.978304829,-2.341575317,-0.894897925,-2.498386314,0
2.075410004622677,2.1844230188728133,1.5334242185971458,-1.545122212,1
0.13948245143987892,-1.894868847,-1.3123293,0.096031753,1
1.4100828507647867,-2.432073718,-1.219819814,2.5597280914315332,0
-0.425260093,2.6332180434558863,2.948403249312814,0.15995895666849558,1
-1.271735941,1.7446608514354747,-2.044135587,-1.487718842,0
1.7092794569956933,-0.398124452,-1.790772378,0.9067544697139467,1
1.3965711682900972,-2.249572563,-1.33811844,-1.672339468,0
-0.720872227,1.5806693734563861,1.2822486136459457,0.9751434623022237,1
-2.962286725,-2.14714012,-1.660214705,-1.368264924,0
-2.12144075,-0.538106691,-2.54891649,1.5001331423266846,0
1.7263247237766297,0.44560013760538864,-2.461770738,2.340499017280548,1
2.793814972248687,-1.785818638,1.227838916644318,2.0516317838549147,0
0.23906113525621375,-1.060061403,-0.12864771,0.073612505,0
-0.596177735,2.579054961802237,1.463298665655012,-1.552190146,0
0.5133431239192108,1.1321349055870051,-2.15906147,-0.849445546,1
2.4332896896234963,0.40303860111120926,-1.698013524,-2.263291211,0
0.10936136084926629,0.28611433817486454,-0.993513292,0.7824961705147109,1
-2.587891883,-2.12916184,0.27764292606755525,-2.629105837,1
2.285452589946604,-2.147121777,1.0435192445072188,-0.65277935,0
-0.601273515,1.5893371716668625,-0.003227195,1.3539327818631985,1
0.031147373,0.5574320484315805,1.5642877672179853,0.6438524575276521,0
0.6936906563327314,1.7353175485655665,2.6945208949162396,-0.739703076,1
0.4627029433557075,-2.482361054,-0.847176717,-0.527704645,1
2.0114239009443065,0.080354413,1.386398239790747,-2.8859556,1
-0.213043982,2.4079059909815053,-1.654116544,-2.810866888,0
-0.399547598,1.2265909238855723,-0.273218959,-0.240130119,1
1.018830247429917,-1.47366715,1.5113387498518644,-2.081318815,1
-0.625496368,0.9360486508255077,1.970214043381186,1.7491864269903319,1
1.3301135958461874,-0.845421699,-2.266174102,-1.698994694,0
2.1890028874589103,2.143988220795957,2.7093651152340943,-2.544068089,1
0.22085451166473646,0.8920982694254014,1.2639442624011394,0.8631794100625809,0
1.6200683394136917,-0.843170542,-1.923403367,-1.772499767,1
-2.928127863,-0.898068767,-2.449535695,-1.071067843,0
0.7692604629974866,2.3668683335209195,2.037632705943098,-1.483954728,0
-2.195501147,-1.841566357,2.825919911421641,0.2968468781129445,0
-1.904986662,2.0444769281208908,-0.628852534,2.3953329118483637,1
-1.435937239,-0.640669447,0.029686576740507675,2.3556920045341894,1
2.212544589630335,0.4461304218232671,-1.669346941,-0.57985817,0
2.853798392193033,0.6466393432644124,1.6865865307451795,-0.300811828,0
0.19204365280083824,-0.426275327,1.2175259883718077,2.108826083321264,1
0.044181259347381374,-0.114795248,-0.958281197,-1.937419834,0
2.6354863372506525,-1.103521688,1.8041487814457131,1.2920821277248447,1
1.7455056016687749,2.620608800232614,0.7402245613253831,2.387702060292268,1
-1.993816063,0.7602754557407261,1.6336536774876755,-1.370153216,1
1.444522808,1.6708609746974208,1.9871277360986692,-1.122702524,0
1.0896395410098547,-1.1744803,1.4342423249907323,-0.222158009,1
0.5852662471633199,-0.504960111,-2.028102438,-1.931822822,0
-2.534586556,0.7084360783299708,2.091830387718356,-2.874979042,1
-2.602562987,-0.255198046,1.4263244170091358,-2.053754132,0
-1.370092083,-1.607962792,-0.605692688,-1.650007938,0
-0.884407929,1.3712555919716651,0.6660554907251348,-2.512909768,1
0.8264739974743063,-0.137536971,2.6073934482428323,-1.264174097,0
1.3569985181949598,1.385164938267419,-1.670995314,2.419341749825617,1
-0.052900797,1.0733002013358144,-2.124866647,-1.453176498,1
0.5166427076233369,-1.08583639,-0.001842489,-0.755968804,1
0.8433227798642879,-0.077127823,-2.972340384,0.898085028,0
-0.467270658,-0.949809957,-2.435119486,-1.677781857,0
-1.657366251,2.6122169964283746,-0.404922152,-2.747604917,1
-2.167099907,-2.525803946,0.5332163412432678,-1.880271051,1
-0.008654158,-0.779627623,1.8232582628651963,-1.077062176,0
-0.250407106,1.3277132915869547,-0.399892758,1.7592932160791346,0
0.9701061374199895,-0.536825316,0.023891554118176117,2.803220735053161,1
0.9696689790503541,2.429971355833949,-1.927448979,-0.100583063,0
2.4519700190703038,-1.064327631,2.805985188878525,-2.417535057,0
2.416027021650221,-0.328727268,-2.557535009,2.2771295555165247,0
-1.488358726,-2.866499247,-2.185157367,0.9546884513985696,1
2.866868934829169,-2.331227162,-0.228311711,-1.916180694,0
1.4702192046095526,-2.291646601,-1.560949509,-1.821564194,1
0.31511868220186745,2.239104552003794,0.066541207,-2.650539283,1
0.38033358358098734,1.7851259959080563,-2.207062816,-2.563732714,1
-1.873153335,1.4765179369297652,0.5500825171920094,0.24356792377049352,1
-1.503120632,-1.006580429,2.7953100776600532,-1.55624864,0
2.4098725395305305,0.4831890267464196,-2.260221202,-0.196125731,0
2.6912923041652554,-0.488606411,2.180319388736174,-1.461427832,1
0.42553291080223765,2.063112349211842,2.524130647018173,-0.085059797,0
0.8381286128725742,-2.982119215,-1.480660155,-1.327727378,1
-2.43904193,-1.32182992,-1.073267802,2.812596237,0
1.0116142833650255,-0.443969524,2.9283267641730557,-2.080606079,0
-0.143692836,0.882373242,-2.666516193,1.3019931484987133,0
-2.400795882,-2.158306148,-2.041862925,2.573338959933107,0
1.0994132708290065,0.9325650066186246,0.332960979,-1.243164008,1
0.7253382275961089,-0.539101681,-2.127503099,1.1375837419663988,0
-2.222506992,-1.855988514,1.906195871085636,0.9607025767509239,1
0.7859469252818543,-0.490783294,-0.622316891,1.1415756551124066,0
1.440033231654274,0.061279214,2.815615466091158,2.734197353513231,1
-0.52542306,1.9237335256989212,0.2596070495904921,0.070535325,1
-2.670215632,0.443848263,2.403467583378988,1.6808030951705524,0
1.7179028681955728,-2.040425769,-0.849303317,-1.6007705,0
-1.104508305,0.47723606096235205,-0.81129712,0.36418690478559634,1
-0.36899251,-1.280306649,-2.427579395,2.351030744068696,0
-2.931759804,-2.990085071,1.9607864385812759,2.9808656419547397,1
1.3626169662819372,-2.908356972,-1.63985864,2.8309362015717676,0
1.8516255130430093,0.4007990628282663,-1.578835743,-2.913778764,0
-2.874831164,0.6718851811813598,-2.869008742,2.961780851552236,1
-1.899696999,1.2642441712156636,-2.069641672,0.2405605265862869,1
-2.516332269,1.6006705471994591,0.5095265683489778,-2.48299984,1
2.091517135200033,0.28211168866021197,2.5295538600799077,2.4997402420686754,1
2.523046736919494,-2.533288799,-2.274253429,2.926234858297187,0
-0.074395072,-1.570715683,1.6179869309919477,-1.414288673,1
1.3632941281118542,2.0237146670985666,1.705580263771684,-1.355713151,1
-0.590288556,-0.520493981,-0.052362491,-1.995762891,1
-0.285179698,0.064697943,0.1902539794863145,1.9194025799067491,1
0.10400699087697118,-1.615296465,0.9787724294651232,1.7838848645197505,0
-1.083770001,0.8718355741056314,-2.118372024,-0.948442173,1
2.455343577297805,2.467848978975425,0.45194747245838185,1.2141087651906401,0
2.1240924912356487,2.751319112,-0.060681358,0.36945441975620597,0
-0.5061506,-2.568108378,-0.463179165,1.7437640362984634,1
1.829312987949172,2.354262687559798,-2.691199769,0.16292753748380306,0
-2.355453072,-1.795546901,2.401299014283639,-0.019252449,1
1.5512695253796815,-2.613695364,-0.499040976,1.0454416839860263,0
-2.199561112,-1.045092725,-2.61271317,0.9080396452170625,0
2.8253475543487117,1.9622729468569782,2.847738700845394,2.0736287705903784,0
2.131174837181872,0.4630631722280558,0.10951386847925981,-0.562474401,1
1.9085693702752797,-1.907594326,-2.662650505,2.687362936,0
-2.977330889,2.860975931255111,1.3731202192425949,-1.029006482,0
1.1869190585178622,1.907250943110764,-1.527827664,1.625374099677492,1
1.826217750049441,-1.503872219,-2.748441874,-1.775266293,1
-1.796121547,-2.608557275,1.3560443079311755,-0.720150453,1
2.306317005,-1.486973366,-0.280607009,0.8341045735605768,0
2.2647896980306683,0.14772660971624862,-0.758852233,2.2020904708320534,1
-1.138521452,-2.523457802,-0.329747355,1.710559838987951,1
-2.815315009,0.5152934699375527,0.5667842911634167,2.571250580564289,0
-1.281211097,-1.326980321,-0.357098092,-0.858510591,0
1.418075176135961,0.8505124627892977,1.5535262274375974,1.920250747192135,0
2.5378867964048863,-0.414379609,2.9081843368292972,-1.70603512,1
1.286190971683972,0.20405590384313577,1.9014035681093002,-0.139376876,1
1.7036318121745877,2.581012287886068,1.3937655968405238,1.6565657173099462,0
-2.596947412,-1.770254027,2.8458224430215626,1.1591220227243664,1
0.3686941038660274,-0.79814176,-2.733665993,-0.785184552,1
-0.00652276,-1.731242944,-1.961179252,0.050499308,1
0.5154254137652634,-1.560492487,0.5243368467372784,2.402039783,1
-0.160960452,2.1443410175230886,2.563628667199911,-2.445635826,1
-2.425130522,-0.143734903,0.5286146659062156,-0.444699213,0
-1.041295377,0.8459646967569352,-2.987510926,2.8084396851824547,0
-1.607525471,2.5025926114980424,-2.345911533,-1.571476908,0
-1.590757793,2.976917425203877,-2.972396726,0.8378292558209748,1
2.218119486365117,1.0336419241484203,-0.823597091,2.749856176217609,0
2.361124527534246,-0.396270479,0.43997095566698086,2.805115126831444,0
2.895362171558821,-0.301060346,2.084100168858532,-1.188118638,0
-0.769122762,-2.011068702,-1.744892443,0.9412398135561535,1
0.064689708,-1.613208836,-0.582542302,-0.760899241,0
2.9241612272120054,2.121395023268276,-0.672202,2.483499473376199,0
-0.94418765,1.0074090764091563,2.7998999800926754,-0.658326816,0
1.079309790629603,-1.224457134,-1.402126106,0.44493999858931144,0
2.875587588199309,-0.281196908,2.6258218218994838,2.4861811214685696,0
-1.477424326,-0.589083557,0.8598148709650983,0.10827530646835015,1
-2.424248821,2.9621881807629498,1.5159240072676798,-0.373835771,1
0.7090112979977476,-2.474563096,-0.028190078,2.584994494904927,1
2.379605748,-0.975714927,0.18820718292803296,1.1843011445258806,0
-0.959944399,-2.610724691,0.03264994,0.6098144149400184,1
-2.964950399,-2.426547759,-1.756256138,-0.911686278,0
0.24630733698348228,-1.236942487,-1.342897114,2.216096062878491,1
-2.129696155,-0.027239201,2.7169483016168163,0.750079495,1
1.3032328793666306,-0.412578052,-2.880406997,0.8767822102032321,1
0.7915456885687444,-2.337434181,-0.227041718,2.4919736679939026,0
-1.769491008,-0.233407472,-0.233380889,1.8645688088858305,0
1.9474552219766679,1.5556165179803516,-0.807275045,-2.56777845,1
-0.903102137,1.0787472076280373,1.2164794469344589,2.7900012568603145,1
-0.278152611,0.794613498,0.23514522433519014,-2.096288639,1
-0.232785167,0.26901092813396543,2.704497636253551,-0.800765674,1
2.8805946186478666,0.25380044414450653,-1.54518454,-1.850013678,0
-2.149830496,-0.282402777,-2.868441421,-0.3297283,0
2.9304281529356775,1.0206407743336001,1.5587167272024285,-2.285967656,1
-0.161394831,-1.282661394,2.364585167934176,-1.912245168,1
-0.247600037,0.5282863100738266,0.084246549,1.9814611678224443,0
-1.611280972,-0.735653337,1.752505779443715,0.16842847042082898,1
-0.587295686,-2.823344912,1.520312544093656,2.8330924678005616,1
0.7217220569310601,2.139247324132768,0.10125445916955655,-1.609914207,1
-2.913347375,0.9203896055399352,-0.041346911,1.6925888825256088,1
1.1680945046118278,2.9277142092393884,0.0618755,-0.436951262,1
-1.279561863,-0.138832249,2.2372288687375326,-2.745361645,0
2.8674002837171324,2.959843165846788,0.5869282715274107,-1.010734778,0
-1.66170619,-1.341057626,-2.699367441,-0.149334249,0
-2.656054375,1.3108452886555515,-0.768423267,-1.80381161,0
0.26912134701623014,2.842555843458083,1.1707862941105098,-0.049518899,1
1.661485795527038,1.4248588313939319,2.3504127663467624,-1.771986314,0
2.1532654575523917,-1.193843478,2.6459935669505823,-1.313609106,1
2.561091258976057,2.782744287,-2.127051855,2.846999299576698,1
-2.485662189,-1.68859328,-0.334987315,2.9615841942702605,0
-0.068621693,0.302456659,1.1665496971418907,2.809761349637708,0
1.7001084007454663,-1.655075973,-1.182054416,-2.414230562,1
0.8667141849884388,-1.915558161,-1.455570669,2.3286819310822624,1
-1.039465948,0.39988031012500214,-0.614603947,-2.555812276,1
-0.822817021,-0.551590782,2.374206611469109,-1.053296078,0
-0.724553281,1.6973806120340065,1.5537399072695877,1.789711659890945,1
2.7226244404560243,1.773344990368705,-0.554350781,1.9290511013885512,1
0.052047793,-1.333715805,-1.182497591,-1.656945669,0
-2.130042253,-1.893057529,-2.6209317,2.330705189594318,0
2.5860468578947398,0.5206223549633728,2.0429373396521093,-1.898573384,0
2.410042951361911,0.038169357783050195,-2.597010044,-2.152123533,1
-1.146141235,-2.738654518,-1.144239732,-2.640417401,0
-1.583834369,-1.405981465,2.9662138582007636,-1.586719957,0
-1.564881306,1.12073381,2.1561448710987117,-0.677667524,0
2.2537081196441546,-0.959147876,-1.817904722,-1.022167054,1
0.6561382435679541,-0.797141044,1.0373628239357329,-1.578384723,0
1.2059573639348926,-0.915369821,-0.26478977,0.3464708426573755,1
1.1173500191159622,-1.567717849,2.0156732244648623,1.3310564985314386,0
-1.595412486,2.849847375617462,0.9887819461827503,-0.285438681,0
-2.054836047,0.19932601384878845,-2.011344679,-0.423049928,0
-0.547724864,1.3196378660847614,-1.845700913,1.931228129225075,1
-1.043206038,-0.336068238,1.6340458533230553,0.7523543982810885,0
-1.151847889,-0.682782453,-1.165279116,0.5686210036629431,0
-1.004252801,1.3541861686988454,0.47872295150235633,-2.12576033,0
-1.138388288,-1.671315349,-0.658120725,0.095904517,0
0.040577144,1.5271420593797345,-1.864968818,2.678836975784681,1
-0.942929359,-1.198506919,1.1110714690813186,1.8330997720983753,0
-0.729169411,1.4810818493638624,2.3024157368163287,1.6008219912417445,0
-2.794821087,1.964213468197129,1.646885750726204,1.0157414289191156,0
1.5601345145274212,2.8765523749916335,-0.413322673,-2.59666059,0
-0.234660182,-2.721398068,-1.234497551,0.5212787507805539,0
-1.142262642,1.1123714754572314,1.9319179661143266,-0.477364924,1
2.4008277077580216,-2.520966412,2.0406789852026987,1.9714388726357939,1
-1.068036622,-1.207708877,-1.169430113,1.8683622740664658,1
1.9899209256611705,-1.021665247,0.5555420846667709,-2.166400623,0
-0.18732757,2.9927571051332293,-2.046965114,2.685375839760354,0
1.9455283317900474,2.8332879056776195,-1.922527436,-1.718889057,0
-2.89879691,1.3482108774936332,0.8645681606171136,-1.93160737,0
1.746869793252431,-1.204826963,-2.190026584,-0.46462401,1
-2.454180909,-1.420538062,-0.771999849,2.1111850470848994,1
1.7552924477593281,-0.343474285,1.347450346514325,0.41189781707402995,1
-0.95494887,1.3552460609717087,1.1009949267982684,0.7145666531616119,1
0.7077331262595035,1.0978919539618603,-0.692726924,2.2144548904062145,0
-2.026152927,2.3033127794349246,-0.946308942,-2.249810306,0
0.6001644160747794,-0.744079986,1.8929983626211158,-0.415287189,0
1.0113751533726587,-1.150452063,-1.74328575,-0.671705814,1
0.6408470076146009,0.9416804352681112,0.46923999178811027,2.9283343117446536,0
1.1465411189709922,2.5891177655815065,-2.292400831,-2.631762421,0
-1.134031788,-2.18046637,0.15521116936960588,0.11388752113967238,1
0.4502829986637007,1.471367284986436,2.827978201273919,2.2695521486348786,1
-2.289796563,-0.968917867,-1.46506185,-1.939095853,1
0.26834925993470726,0.31958641219638295,-1.636531033,1.2713835018401127,1
1.3974857950170314,-2.874120031,-0.625453778,2.340843847209726,0
0.12191164946302946,-0.914233191,-1.47794309,-1.53987288,0
-2.401391797,1.903358514558553,-2.480055568,-1.246231405,1
-2.725945569,1.6883194183422026,-2.764297907,-1.150193377,0
0.439784221,-0.542631838,-1.306373597,-1.348865565,0
1.7867418360374963,2.8438685705234708,-0.911753577,-2.765126918,0
-2.780605333,1.5552804912643081,0.3142189296547615,1.7015559445039825,0
1.184982061731449,2.4450380955923787,2.314945746279741,1.7299643737270642,0
-0.14886504,-1.151241554,0.042160725,0.012429643918941302,0
0.661653293,-1.883414593,0.9337192826699328,-0.260394455,0
0.7212289916451553,-1.562371062,-0.393630637,-1.738792713,1
2.2518309405408097,-0.07223373,-1.650111507,-2.752747826,1
1.0544319879212507,-1.712131716,2.937493154,0.20220224049102953,0
-1.266138023,0.946064603,-1.348680459,1.9216457634584785,0
-1.150583694,2.9294863943754557,0.6308687126717616,2.0664668936559796,1
-2.563107183,-0.910203496,1.4249225169968982,0.9303541040434959,1
-1.834541271,-0.862782417,-1.419339555,0.680221019,1
-0.932590623,-1.145674548,-1.755732117,-0.545837275,0
-1.826984459,2.7754175242657944,-2.072989131,2.479828289752658,1
-0.429161411,-0.732804051,-1.612081195,0.8145380062051144,0
1.1131680900650185,-0.194574226,-2.665758626,2.5110609041312992,1
2.8819747972582856,-0.413739509,0.6819648444559627,-0.298208243,0
-1.068722095,-2.536087243,-0.263593618,1.9103073381567093,1
-2.897811233,0.49264609908133394,2.2846326523601332,-1.69470342,0
-1.900464812,1.6336597542116582,-1.469481413,-1.848094395,0
-0.732064497,-0.644987926,2.2446063780993963,0.7106608316020613,0
-0.564231262,0.20632778571460086,2.7237913999516454,-2.32071194,1
-1.75370687,2.775172239519332,2.743949091163225,-1.937007472,1
-2.129347097,-0.473489194,-2.701690245,0.9294211937108408,0
-2.53502387,-2.651822237,-0.088878383,2.746719816660609,1
-0.439224384,-0.861113048,2.987740293013715,0.1918137646751008,0
-0.748551559,-0.68483512,-1.830243024,0.073338345,0
-0.366869831,-1.375228222,-2.03675948,-1.132566788,1
0.052099966,-2.650000366,-2.077535828,2.6859436018145724,1
0.25713210618803384,-2.619304178,1.1585265526174382,-2.62918278,1
1.433245362278238,1.4997763303201612,0.9064738544955162,1.3932272677160977,0
-2.472205314,1.360683314131606,-2.179870082,-0.962964556,0
2.6564715210037972,0.017252865954840324,2.8045585924980827,-2.466465247,0
-0.134660403,-2.625586078,0.7812615743957085,-2.527757992,0
-1.947793185,-1.44701814,1.4924631099868995,-2.016227287,0
2.0797923197584067,-2.208576367,-2.788533306,-0.629727486,1
2.8766498518277706,-2.337946633,-2.389689336,1.5069990647737432,0
-1.127029836,1.3036897033543013,-1.799936463,-0.239568035,1
-1.408260734,-0.290830711,1.6145825555118227,1.5720596428659697,0
0.094633726,2.5702310623263056,-1.417295385,-1.558131893,1
0.6828384070526026,0.7277822053007341,-2.720759763,0.6466662743213858,0
-0.753383056,1.4846551519233548,1.8486339872716373,0.31292291728221944,1
-2.989769811,0.8181948609998524,1.493287677995606,-1.506100403,1
-0.212123993,2.79435974,-1.21130668,-1.661080494,0
-1.734871257,0.3528050061239778,2.6987226078480386,0.6521407752021284,1
-1.180061279,0.8314186684047247,0.7490537855867245,0.5815508143779251,1
-2.043442759,0.807400796,-0.419013285,-2.888447648,1
0.23858692288497085,2.935600471310506,-0.901562455,2.7933553099119495,0
-2.42276555,1.3947006952038379,-2.314020032,-1.358570559,1
0.42504501193274624,0.5566781638604934,1.651267903405028,0.6918684433646356,0
0.5616882262833647,2.4741185219348303,-0.287035487,-1.648405328,0
-2.02926849,-0.600032419,1.2765165311621747,-2.74473909,1
-2.225679681,-2.363319239,0.5115009183087524,-1.542812097,1
-2.00244343,0.5566243184581339,1.567859492714275,-1.007070501,1
0.4692276340595769,-2.411253521,2.6111461827454203,-0.978622888,0
2.9850341590410077,2.8715265350986927,1.6729406960148694,-2.879597428,0
0.26084952230617997,-2.478981477,2.3708281557690967,1.7378175158844176,0
2.8340422595740975,0.6502977188987726,0.1330368269060278,0.11384313566632542,0
-0.681309753,-0.187859597,0.8124754988121019,2.5976856453376627,1
0.5753060295361863,2.1426956539042035,2.1766794678150037,0.11299605508955501,0
-0.915182151,0.8374432399924863,-0.324735949,-2.511354796,0
-0.733145397,2.9644328282959496,-2.70892878,1.1800014714055598,1
2.047132230427483,0.8923554208522724,0.4184893869797399,1.2453265018725457,0
-0.423943576,-2.451829576,2.7742305258202906,-0.40619538,1
0.9923354230081056,0.18786262133577125,-2.671961568,2.7164796059552305,1
1.7552233566859403,-2.105412633,2.889893257729601,1.421408233030247,1
-0.166070097,0.6682203393574393,-2.359579908,0.36246906,1
-2.558033568,0.26913154271581163,0.31617413257671245,2.2466327109644633,1
1.3503450016337641,-1.502685647,2.330556853127141,0.43945598908803474,0
0.6382768714442024,-1.986111785,2.1466415758146837,2.585790690099264,1
1.6499438969694484,2.644514715870037,-1.186200575,2.1667150101766266,1
-0.066641143,-2.016496782,1.012803594200407,1.1047216242352729,0
-1.278452917,-2.83504001,-1.800916445,-0.601334714,1
-1.994622534,-1.835820311,-0.651656014,2.770719685851362,0
1.5854610924458896,-1.081509593,2.709624413511289,0.8738807535523962,1
-0.267302132,-0.190198806,-0.535533193,-1.602047685,1
-0.680206847,0.16737830426035538,0.16816410438132579,1.570421413275108,1
-0.847212857,1.3007881758237145,0.46855103261210784,2.7710724271610063,0
-0.688290444,2.407298785564741,1.9238552837897362,0.8259857075367414,1
0.9270868004527033,-2.492100392,2.7013476335605944,-2.358383619,1
0.37939985246104246,-1.019575197,-0.42088813,0.6610980650209024,1
2.4531082672939295,-0.254597259,2.926377331838647,0.5568723921089989,0
-2.036676344,-1.859944231,1.2966662135355058,-2.697613235,1
-0.117950543,-2.110685341,-0.400688189,1.4995045324303167,1
-0.247122431,-2.019293346,-1.488447778,-0.794762468,1
-2.582632899,0.5060258164867313,0.6452027476683009,-2.627088437,0
-0.586132073,-0.515995903,-0.997082589,0.3464384419866713,0
-0.92425506,-0.501544323,1.785141284649633,-2.027343867,1
0.7146881718205256,0.033566410145073444,-1.169570175,1.365207938942464,0
0.30713015724688786,-0.135830838,1.006015889,1.8137418478881653,0
2.8360127402014577,0.7761022102582409,2.2466399124022978,-2.993450754,0
0.18141415635534752,-1.712114707,-2.434845258,0.19182610238635256,0
1.4809590368945642,-0.526364865,1.0206446960666096,-0.061684477,1
-0.377484804,-1.258460157,-0.704438913,-0.901226215,1
0.8771231040892893,-2.303888932,-2.444181788,0.960077965,1
0.2777884192732847,-0.41879942,-2.085342694,-0.533837329,1
1.73839058,2.337727414735542,1.2154594197853203,-2.640526945,1
1.022458659606711,-1.554086463,-1.108492542,-1.824760752,0
1.6545347437212277,0.8916127358236743,0.6710103275950852,1.0078356580156562,0
-1.579366432,-0.332133514,0.7995223292939349,0.8195641657098025,1
1.7511111765307827,-1.2773762,1.6220167301809347,-0.358893116,0
1.0210361523536093,-0.26568372,2.691661018745659,-1.924186412,0
1.0500305314941425,0.45921000460895334,-1.963613754,-2.603961985,1
1.7948663338299813,-2.055291998,-1.880959903,2.870605343934236,0
1.3035651088597842,-1.49707895,0.5456937609096073,0.2046710304150796,0
2.0668396050830857,1.3759244869957463,1.990326752959115,-1.730960472,1
0.8413152262020311,-2.758554849,-2.586356326,1.2811621962275836,1
-2.853479384,0.47859005340305494,2.0424305906671805,-0.720349149,1
-2.730957379,1.2830846977723613,2.578118714784905,1.3030283523496067,1
0.47068345801665146,-1.619827021,-2.907746256,1.168032651,1
-1.613842945,2.1489760630941452,-0.201815287,0.18381349423473736,0
1.5236192655982004,1.6765836468200588,0.8559049984834086,2.630590892476458,1
2.893790617922516,2.6813126662477007,1.9450751120636607,1.2337513214655083,0
0.9799551472900054,-2.377498938,-1.371093919,-2.965870659,0
-2.175540779,-0.364623137,-2.120780695,2.4099804880605475,1
1.8341951120116917,-2.570328527,-1.506517707,1.9144313076690533,0
1.8182767593592413,2.6727033007067327,2.9852865697041615,2.8576203794467308,0
-0.539172086,-1.498029337,1.5504611425623747,-1.204362644,0
1.8384021607879788,0.20372838238754643,1.763563651409723,-1.344720722,1
0.048163893322925144,0.38414276161309235,2.6586484063207925,-1.400414539,1
2.6201294357093676,1.829153492794295,1.3853643245201717,1.7212216151107507,1
0.6325502752803418,-1.535519937,-1.863030187,2.1980486151023424,1
1.3508364155749994,-1.720774303,0.6905601952464093,-0.314721112,1
-2.04806898,0.1911426561429863,-1.310885445,-2.422535255,1
-0.198250209,0.540651313,-2.718561538,-0.587443504,1
-1.454028481,-2.816096456,-2.246024702,-2.165795047,0
-1.902754511,1.8202654286275273,-0.363048801,-2.117484046,0
-2.398218198,-1.212357248,1.788093112226714,-0.813240912,0
-2.040615838,-0.575302911,0.331869344,-2.822494898,1
0.7658508086410389,-0.629395482,-2.941644749,1.0433363936782856,1
1.2743258133758886,0.7730387313520968,-0.948418694,0.17762912439576706,1
-0.677053763,1.2037303809581665,0.5014811174021321,-2.509205317,0
0.8585613493139843,1.123430486026809,-0.775786916,2.254714685758226,1
2.0580861290697765,-1.949000857,2.425597850915211,-0.354765771,1
1.342497916,1.8845820418034158,0.030674526418139614,-0.605388364,0
2.492708212,-1.614878682,-1.458179534,-0.830278116,0
2.1567946678233936,2.6327295852784554,-1.679593711,2.183220885787472,0
-1.450782243,2.823847480499328,0.5844473518894935,-2.957481195,1
-2.795220576,-2.115092815,-1.874561053,1.6057147369595794,1
-1.663404741,2.8148497202991587,0.8166723432176299,1.1551050555211066,1
-1.693100884,2.3562378845705085,1.0068874369195884,2.1864337460511827,1
2.7388865833873624,-2.246154137,-2.420476618,1.820446959537814,1
2.1967563545650215,0.5025685252679137,-0.803996713,0.9157778164513424,1
-1.166015564,-1.569685847,-0.071128743,-1.703077034,1
-0.09777835,2.7396390327814313,2.0387042137043423,2.649785517000134,0
1.8379738490841513,-0.871494384,1.872271431309354,2.537494461319284,0
2.682214727022327,1.0991871041099825,-1.731800137,-2.76162508,0
-2.116798631,2.7932815073636723,-0.227419055,2.1299160889923447,0
-0.209735079,0.9649055007590368,-2.855155337,-1.500810344,1
-0.38238432,0.7837862829249791,-1.970872872,1.5873087856229402,0
-0.813571763,1.9046116154033061,-2.412185458,1.0785395260942314,1
-1.240030001,1.7722990447357079,-0.586977438,0.992097794,0
2.605831611818841,-2.876240208,-2.933299306,1.6216755130602802,0
0.878358309,-1.242121677,-0.033619783,-2.748386006,0
-1.845326368,-0.453021753,2.004266497328894,-0.121996903,0
0.5181750271558725,2.2425227519626825,-1.147086518,1.2041959266123357,1
2.1700035520695202,-1.784305796,-0.861131009,2.878861043336131,0
2.8993113887772664,-1.660620418,-2.601324967,-1.374470332,0
-0.613608256,-0.353966394,0.712837844,2.397016560789279,1
-1.017911929,2.0999072129952507,-2.439126474,-2.748751806,1
0.024271098740767272,-2.64202666,-0.645061193,2.3806687012154057,1
-1.551101783,1.2358546507494186,-1.185807646,-2.730479669,1
0.34014348846185616,2.009120943220511,-0.54318931,0.7037629587485226,1
2.400141585946355,1.7381670764219264,-1.836741604,1.4003037561900342,0
0.011358151,1.475800847316508,-0.032906697,-2.232251015,1
0.4194566801354349,-0.047196046,0.10753040184865092,2.2734147218752216,1
2.369022280237509,-0.278777359,-0.265607752,0.091121753,1
0.11753567000554188,2.7023228650746756,0.8964028042649606,-1.335258031,0
0.18922078172393952,0.7633414974478971,0.8386303260837868,0.5115253574290959,1
-1.933583072,-2.798440866,-0.972941686,-0.434867073,1
-2.629174563,1.8898040281190767,-0.935535375,2.481796477071028,0
-2.073539353,-2.658390258,-0.106103374,-1.865223979,0
2.6243956534671673,-2.938179609,-0.52428195,2.5604866280710095,0
-0.69349076,-2.441344316,-1.182630343,-0.011937637,0
-1.889089876,-0.200629769,2.0180591747150247,2.2357078211796786,0
-2.704435592,-2.034579852,-1.348259185,0.569195105,0
-0.834031447,2.064245480676453,1.3000312096976252,-2.397263861,1
0.7473450150725469,-2.321924248,-1.469785982,-1.932776199,1
-1.961628305,0.6983731486611555,0.381629535,-1.943831083,0
2.9410368325105907,-0.468979606,-2.417584031,-2.276585898,0
0.5033622823595683,2.874416420300837,0.43170660971518693,2.6942488596998233,1
-0.335202895,-0.384953378,4.415589529349617e-05,1.1845527489333314,1
-0.794304201,2.1833161960737417,-2.824311691,-0.36141483,0
0.0659511,0.64219343,-1.343568526,-0.435120174,1
-0.092773499,1.1214598720992797,1.641265108414884,1.4269639640627236,1
-0.950501686,2.9967031379517817,2.091991870723076,-1.439859761,1
-1.829365166,-1.115872496,-0.285930882,2.104796269917683,1
1.670173582767207,2.1074767410352564,-1.368257311,0.5607673347110174,0
-1.300505626,-2.345861036,1.105186460848084,-2.142014693,0
1.0061865702388282,0.8877858294324548,1.8614906665441016,-2.162672373,1
1.700880891052865,2.995659155677423,2.106254691515413,1.5108724579659976,1
0.9729921281682454,-0.469311092,1.3830010073496135,1.3450682108427188,1
0.7889896961237293,1.7776702697869702,-0.307416669,-2.272483727,1
0.35440636565542416,-1.409738828,-0.693401415,-2.895510576,0
-0.703256472,1.852806636812728,0.2563342016295289,-2.941196838,1
-0.180937079,-1.251290114,-0.134696068,-0.571843671,1
2.5918753173442894,-2.752936206,1.1015280676915937,2.106159577810449,0
2.755431507902852,-1.934182641,0.18782881179716338,-2.738462536,1
-0.004898853,-2.247251463,2.0273800481922803,-2.316779984,1
0.079730162,0.12657641395652242,2.829902987589632,0.9298841642333286,0
-1.272958242,-1.55520414,-2.230510766,1.539088344294357,0
1.1445399370940317,0.6592627638486359,-2.754957342,1.576973198365767,0
0.8513254628908751,2.7833332086629303,0.5232127792608727,-1.17628856,1
-0.710876687,-1.944955768,1.3374850932083113,1.2463299601303515,0
-1.796099907,-2.049064061,-2.537970401,2.471854462090551,0
-1.601580998,-0.935018839,-1.31697295,-0.518252384,0
1.284292796,2.2235738023577065,-1.904407503,1.1184740624469907,1
-0.884627147,2.8831630097837566,-1.206485044,-2.956842264,1
0.093839844,-2.095613494,-2.733033439,1.1896153916862513,1
1.3935556950507388,-0.235805921,1.0613131005394632,0.22943668948280305,1
0.7788066463315899,0.5802238391277674,0.994936584,-1.802216108,1
-1.38776028,-0.360221103,-0.323231943,1.6464702695214255,0
-0.795638045,-2.024969064,-1.491204177,-1.711598986,0
1.389960115536132,-0.177962312,1.2517841878259004,-0.502681915,0
2.3384136150234305,2.901121846336407,1.0190550522156698,2.1828753434173134,1
0.047599603,2.6077250421234472,1.9895189140369682,2.950671430596235,0
0.7385624119666834,1.6752404416093718,0.2572088398692811,-1.445279374,1
-0.871468973,2.364032488387897,-2.66431232,0.5488793164464489,0
-0.765095805,-0.679844772,2.307427238482604,2.1229342472773594,1
0.5930542534348122,-1.362486916,-0.147261923,-0.550239637,0
-0.878291825,-2.383286529,0.2586833202919223,-1.189012213,1
0.9648476575651705,-1.084776385,-0.413019041,-2.685837755,1
2.955228419432866,0.0456623,-2.854574435,0.24738395256686463,1
2.2221239958338987,1.6353128055972155,1.2054401047767245,-2.163212072,0
0.9464224739248341,1.5977902680735614,0.4345143837929797,2.3564940271221095,1
-1.338061309,-1.547131802,2.2174184696558763,0.7523894579487145,0
-2.991316677,-0.881211549,2.1471359148880467,-2.83608293,0
-2.98051243,-1.312444257,2.484000222055667,2.4088654888200978,0
0.11257167480904773,0.31942122683773544,-1.007951932,-1.537580028,1
1.8913311252727096,-2.362230837,-0.075873775,0.8063835569825066,1
-2.377918258,0.11764257283407709,0.465127727,1.4549763630441888,0
-1.590983705,-1.24003498,0.4171268797982006,2.8987584598896845,1
-1.695040903,2.9154229627407844,1.2860551983268875,1.9564924177801393,1
-2.462152391,-1.197478875,-2.653582322,-0.77071803,1
2.8877379595203116,-2.368361627,0.37423669422719685,-2.963576263,0
1.2760968962643764,-1.816843846,-2.222492777,-0.977893127,0
1.6262657876338888,-2.360321482,-1.620966025,-2.94921347,1
2.810489176173708,0.5528735999331831,1.3193978183081967,0.9082990269360871,0
-2.133812647,0.5696396339639644,-2.211506429,-0.592581276,0
0.4137788155517583,0.35328668461293544,-2.285559444,-2.793384182,0
1.7894058832428827,1.355534621976032,-2.509086573,-2.235506887,1
2.3555026583377217,1.6147734097306792,2.976961777300045,-1.476075305,0
-0.073182067,-1.581242544,0.7368008308638583,-2.307514565,0
-2.236540964,-2.568672652,1.161516493585002,-0.035564535,1
0.7063872981277801,2.2758062795361536,1.4419709085321522,-0.229662491,1
2.906135930365359,-0.262463393,-2.325295961,2.9559284835162956,0
-2.86307562,0.29930135692651305,-1.145427068,0.021312906101909057,0
0.3522777155671295,-1.559424622,0.3411525344235713,1.5363666720332247,0
-1.400940977,-0.6994432,-1.390543841,1.9233583859292143,0
1.3498935552575801,2.2271786233104436,-1.979700643,-2.558522171,1
-2.283698977,-2.033890003,0.19849596404881442,2.8254724221765892,1
-0.8565875,2.7510496161612306,-2.77079523,2.561233217,0
-1.913084356,2.474849914316093,-2.662635419,2.689316684970196,0
-1.795210414,-1.18371564,-0.054345935,-0.715674713,0
1.0051678155788997,2.848846603500464,0.6385589448296445,1.328912456619296,0
-2.471968498,0.766874574,-0.276901338,2.314694148,1
-0.670733402,1.0767248642995142,-1.63107763,-1.443764799,1
-0.743265414,-1.175618775,-1.476726964,-2.701987765,1
2.0204779905147543,-2.614190815,2.324193093617806,-2.247207666,0
-2.608429578,0.37802858388418237,0.014650755,-0.052592587,1
0.447025965,-1.277660363,0.9776956405776671,0.014413318,0
-0.991539198,1.9590040018843684,1.366326577960261,-0.638337948,0
2.085706711373237,2.5215495006706448,0.22119760250617482,-1.710285299,0
2.4947529392819217,-1.863122279,-2.709460641,-1.035077947,0
1.361798066766239,2.539644518121297,0.8237138808866393,2.7110312817999604,1
-2.445774964,-2.635477622,0.6251517044619845,2.796697934956529,0
0.016327854,-2.690908644,-1.672688064,-1.531242562,1
-0.972857225,-2.738379698,2.4293562029874973,0.093383668,1
1.0255847577246548,-2.596962979,-2.675307193,0.5188066322432832,0
2.3237760630252478,0.17089200575728203,2.2669150354204284,1.865947638331436,0
-2.544877285,-1.788255154,0.9462640149320549,-0.338991705,0
-1.255801118,-0.488196864,-0.328802122,2.4633135049295793,0
-2.379250298,-1.321615519,0.22538889949628338,1.1897215597835498,0
0.7838237337554617,2.6498564264243667,1.7736535489168395,0.3424610518465818,0
-1.71190385,-0.294754612,1.1602934651668644,2.027773049,0
2.7584173465343245,0.6327165968275059,0.16151620382659448,-2.893848461,1
-2.567405585,-2.063370014,-2.671440413,-0.594820567,1
-0.978728729,0.8241249472103576,0.2139906476004163,0.5758245563271585,0
-0.168136782,-1.333577109,2.716951889678862,-2.481545041,1
2.633345996791843,-1.132571719,0.075968672,-2.346946063,0
-2.57441359,-0.422727308,1.4501842582780693,-1.383811335,0
0.3740873336119206,-1.328097957,-0.668321635,2.438677910842948,1
2.1350377529695175,0.096105261,-1.571366235,-1.840896524,1
2.724524118214285,-1.783700421,1.8490098654752352,-0.786178743,1
2.913959085,-0.791065558,-0.890900251,0.8247817732657383,0
2.769100839760916,2.8572576347785974,1.2432368788019108,1.527638193818122,1
0.380413056,1.5346544347939908,2.1586779298229795,-0.083428181,0
0.7191735769806185,0.22390017139828622,0.3748236811720633,2.340287459243646,1
-0.866299019,-1.750895846,-0.262319338,-1.751488857,0
-0.009597446,2.4210486321423517,0.704601123,2.132597119818467,0
-2.002854482,2.4052415552230606,0.6107229864426946,-2.809441268,1
0.7987137317102206,2.7083817375655075,-2.524997997,0.4947367828174327,0
2.492871617218288,-2.94182899,0.7854775587949394,-0.150586249,1
-0.918064088,0.7652189396722564,-2.683787432,1.518378277724401,0
-2.973123138,-1.158385537,0.023751826108070695,-0.737866497,1
-1.155144389,1.9850108728085765,2.6089954456314537,2.2422761094353323,0
0.13458787829999785,2.304985051160898,2.5251693910892623,-0.544569618,1
-1.299324843,-2.410408765,-0.125448474,2.6777815226306485,0
0.3654451684222262,1.0053726107170293,-2.322697089,-2.138882015,1
-0.213160428,2.707588793902355,-0.83529215,2.2649042479052017,0
-2.278268439,0.7021032416022606,0.6036778614631091,2.1592485004216107,1
-2.980099774,-1.860409997,-1.681874247,2.6997965285444243,0
-2.077838062,-2.778225899,0.20676896845084825,0.17135077460208992,1
2.0642817922071854,2.6931579010668125,0.23127265284078602,2.5799650945179327,1
1.350954907798978,-1.412645232,2.5705242656635576,1.0046590570912484,1
-0.515424404,1.0814525071015844,-0.592123034,-2.314897392,0
1.3138724830613988,1.9445256730244624,1.3728371941163262,-1.625311993,0
2.739810080865677,-2.84847263,-1.003888216,-1.439445393,0
-2.711242634,-0.565621842,0.7386890409766469,2.295317180910608,0
2.9381382971488206,1.8485375184263884,-0.187916888,1.342226555802184,1
2.0617427315378443,-0.208156821,1.7103266041529999,-0.10408549,1
-0.681024055,0.1565450267025672,1.0551284257628692,1.3612923379115838,0
-0.859582387,0.4279215093362092,2.459225244482683,2.8578774006638383,1
-1.636511453,-1.843013006,1.0601138005718909,-0.511896685,1
-2.854665969,-0.918828776,1.8404684608335131,1.7845615822990952,1
-0.031889107,-0.164532391,0.47704465460626455,-1.683619737,0
0.15626174934573278,-2.93372184,-0.146642671,-0.983693722,1
1.0492176354219573,0.8301215049157653,-0.714984719,-2.956362111,1
-1.486358224,0.8000871011349737,-2.565759942,-2.354145469,1
0.8822101474025228,1.5346044056957542,-1.070701752,-0.061961607,0
2.6742681899019516,2.6732613730558166,-1.154983353,1.8599272501025412,0
0.5636643168411526,2.8529069601022803,-0.134318582,1.6482412080933688,1
1.6088227776892259,-0.015402794,1.773780685783847,-1.433758,1
-2.266481782,-0.449017532,2.6617839398015084,0.004467649,0
0.811554832,0.744974735,-2.204562796,-0.658218706,1
1.241633837531249,2.831940591484358,-1.99189357,-0.537348658,1
-2.429437201,-1.545741242,-0.73944394,0.24385948771410249,1
-1.616598707,-1.634624033,1.666979874841223,2.775849977681288,1
-1.058322193,1.1279521118140812,-1.451517232,2.5677135297937923,1
1.0374141609923893,1.816061128,-2.703875741,0.5910358094437478,1
0.16567398815029355,-1.242018559,-1.42542009,0.4801488139018186,1
1.2389138100433508,-2.800963458,0.4044094915422263,-1.977242826,0
-2.157823612,0.738716929,-1.134779297,-0.354718601,0
-0.840007143,0.8900179209151426,-0.179281404,2.7807519722276854,0
-0.885703445,1.441706041577011,-1.456244595,0.052518556,1
0.31541851141174204,-1.025344314,-0.169316827,-1.324328173,0
-2.96399531,-1.70611019,1.2003850349592042,1.6257781469122623,0
-1.318782797,-0.551742007,-2.775806039,-1.577622593,0
1.6753157002337948,0.6359176215903437,-1.765376868,-1.455348029,0
1.9008121379373613,-1.745494782,-0.995053645,0.9861521499278663,0
0.36667431424847186,-0.234778769,2.398446545878466,-1.681737224,1
1.4485193451779992,-2.045616956,0.694403001,2.223741380467879,1
-0.252589287,1.3457670431479736,1.9223601179939287,-2.183841451,1
1.2349613716926608,2.5190461439320577,0.45822365913326557,-1.883266533,0
-2.23834481,-1.441588017,-2.378920386,0.08036443,1
-2.581771904,-1.659572252,-0.360537337,-0.156511498,0
0.3923909108817867,1.2336897765043595,-2.716628162,-2.516274287,1
-2.634845089,-0.461098107,-2.748912331,1.4764876009879577,0
-1.661998914,2.6352749597397525,-0.081577469,-0.322045485,0
1.6832321558370014,1.2789239033579465,0.643854246,2.6108802375022204,0
-0.466444434,1.8511900546337188,-0.719442326,2.0300740457766295,1
-1.443152226,-1.264397563,1.0672172041047236,-1.72372023,0
-1.625074878,-1.168425426,1.0735726179622551,2.3363285545393913,1
1.0474059067619201,1.9668854660647508,0.26136353816681845,-2.586460672,0
-2.397202731,0.3263518702014929,-1.033194188,-1.676591558,0
-0.202458436,0.9989804454258095,-0.690048314,1.815253543,0
1.4311394794283618,1.4094892929574012,2.911138138064331,-1.228620136,0
0.868353518,2.1328700409618815,0.4771466034834657,1.7370130566923558,1
-0.513286885,0.5429480739288279,-2.666001643,2.914605635,1
1.8001108886905035,2.212854429788697,1.1657656688576763,-1.883699803,0
-2.813829345,2.1879396464160816,-0.622016078,-1.416810744,0
0.3700377530336665,-0.474608865,0.909995974,-0.097240602,0
1.1833988426416235,2.120539617054858,-1.826657934,-1.023402717,0
-0.379106481,2.7723506881658295,-0.807998319,-0.713400902,0
0.9208351377573667,-0.484801741,2.707342473837631,2.3668125628526635,0
0.080452667,0.8686514036870991,-2.651816629,1.1743831681943888,1
1.2432052376941929,-0.844804226,-1.681902698,2.490470411,1
-0.439770595,0.9222366288102641,-2.80002723,-0.515597001,0
1.9035528660832801,-0.674543998,0.6189669608212611,-1.740865197,0
-0.500846107,2.565826308,0.3987104982062233,2.411588754557589,1
2.4121157969372593,2.664886802546877,2.3723499604806317,-2.980313226,0
2.6040893494895814,-2.175243365,-2.760442493,-2.667668793,1
-0.906502829,0.7248245116127618,-0.586132821,-2.846674292,1
-0.141104195,-0.347215546,1.5410955930098815,-1.322322609,1
-1.694812957,-1.464366254,-1.177561064,0.5949892402029988,1
-0.170847087,-0.978632609,-0.75411505,-0.774458039,1
2.8344401682619047,-1.602018072,1.908369361633552,1.2492650255291222,1
-2.966579966,2.9590573087529277,1.5386362238014417,1.0946975181047485,1
-0.568051754,0.3312185334857376,-1.480374626,-2.787099569,1
2.016129950675837,2.3789069620870302,-2.02517618,1.7223365750743982,0
1.446916039713952,-1.929749988,-0.469027185,-0.463452475,0
1.5597855498314912,2.0259654346563325,-2.431349272,0.3778154094252173,0
1.570490981573311,1.717143564390951,-2.112038853,0.15303085890476442,1
2.1453522381762173,-1.08888854,-0.449298607,1.8261510680179942,1
-2.464082873,2.1569597393338693,-1.1330597,-2.9912981,1
-1.59504513,-2.462996155,-2.445690558,1.1570144048555484,0
-1.716141986,2.608454177861894,0.09866728,-0.239410452,1
-0.394298891,1.1555258380297913,-0.286423425,-2.228397863,1
2.281033083844539,-0.429627906,-2.555972546,0.17619592498656633,1
0.8840811507342203,-1.346505215,1.8020424460430533,1.0186550762241824,1
0.9020470155866005,-0.475050283,2.7714918084677267,-1.354864992,0
0.46623300609271556,-1.145669055,1.4688285178293246,-2.713251097,1
-2.724636793,1.8651658171127483,-0.394391034,-0.952919672,1
0.6451611730520308,1.2113960632138419,-1.792791919,-1.887412552,1
2.7489044865592893,0.5379858383074163,-0.659301136,1.8086501680170386,0
0.15095375266750288,-1.550023138,-1.759588166,-0.618844403,0
2.159375161559278,-2.631312504,-1.688843995,2.3589109131155483,0
-2.269592586,0.7777543095850099,-1.718931791,0.6352010850713299,0
-0.701374999,-2.389938621,0.4948504053246383,1.0982564825075158,1
1.0816357137948174,0.8222064544362575,0.001348686,0.11683570115595376,1
0.8138406588477576,1.1415561704798467,0.9292604329883103,0.5216733894807106,1
-2.064966091,-1.736300769,-1.438655874,2.5179699425250135,0
1.556370550781799,0.3172009172212693,-1.487658429,-2.334650861,1
2.392555355879848,2.3559960949375025,-2.335826426,1.783299996578977,0
-0.320129584,-1.056198403,1.4346272172522436,0.6859772463643834,1
1.680180645560024,-2.554026836,-1.08847788,-1.084098897,1
-1.021481446,0.014879235862832907,-1.301917182,-0.333698339,1
-0.793334441,1.4117762881230682,0.6210047740503004,0.9217765939038927,1
-1.736496636,-1.046987008,-2.873007314,-2.349751756,1
-1.409674608,-2.607217672,0.6157944021282145,2.9887806955429514,1
-2.395108716,1.9273812760155904,-2.287102516,1.019484112778617,0
0.8589456183541029,2.4163016088671956,-2.316326318,-1.107333204,1
-2.455321438,-0.555700045,2.4695590413446693,1.6891389063711362,0
1.3374006026719147,0.19816502917621204,2.300914454013137,-0.303349211,0
-2.101885997,2.025511338724675,-1.322170032,-2.678198754,0
-2.243771816,0.6543534971648892,0.642491784,-1.438900974,1
1.3630808876758742,1.6418409323972059,2.5230157568017093,0.5096249920694218,0
1.6765401848854369,1.5185980786298021,-1.453145709,-1.138644432,1
-0.129105625,-2.885766195,-1.215613361,-0.15670276,0
-2.351584228,-2.242344673,-0.220579586,1.3857901895155873,0
2.002493585524099,0.2778833850284914,-0.151506075,-0.694316589,0
-1.842306045,-2.120627983,1.751378709970849,-0.209960207,1
1.741921472878528,1.224498215403778,-1.836624514,0.061843585,1
-0.335900217,-0.456758963,0.25542629522288296,2.8924914064526277,0
1.8774035860244718,2.42227459,-2.822162501,-2.157981799,1
-2.491418039,-1.42061397,-0.348645048,0.8523194859353374,0
0.004987598,2.4191034894788386,2.639135753363183,-2.018874293,0
2.117477522,-0.109666776,-0.280023172,1.7096360909074093,1
-2.441156946,2.2949587645148792,1.0251801272856884,2.2515696459479875,0
2.9668654662457365,0.10802671414352005,-2.440426813,-2.000856822,0
-1.058290545,-2.378682347,1.892050956826619,-1.218792894,1
2.855317128119191,1.2155485915911344,-1.959417778,-0.143744118,1
-0.19869467,-0.04493005,0.2141470238576133,-2.812961506,1
1.117806754461741,-0.076849348,1.7457923932121941,1.8920974395625834,1
-1.616789268,-2.709462321,1.219403136673936,2.8665767307832457,0
-0.320052081,-1.442323142,-2.059968632,-1.275326416,1
-1.032482692,-0.456751539,0.9324427392875192,-1.361021664,1
-2.694139419,-0.760328331,2.1337776969544544,-0.009890935,0
2.788702546472459,0.021729186532390532,-1.344607098,-1.840116017,1
1.1671469807134578,0.21828771466461827,0.623993574,1.5307607360047868,0
1.3554207855893576,-2.739820199,1.8154314317701692,0.1962198423102688,1
-0.649748815,0.22511655760842242,0.6747086907439499,-2.102962141,1
-0.495507628,-0.986482739,-0.897546331,-2.45199037,1
-2.040939072,-2.029007594,-0.760651541,2.3669492692487495,0
-1.763835768,-0.502844954,-1.130343508,1.724299875308029,1
-2.699241406,-1.820739627,-1.736150746,2.9577768018793877,0
0.42465010779782153,-2.166250414,-1.366805164,-1.993067435,0
-2.252372582,1.7830921704473557,-0.025484228,0.7872608210926879,1
-1.012492518,0.3221705164039763,-1.454585805,-1.15178235,0
0.913427666,-2.097899244,0.7033311550047712,2.113408898538763,1
-2.277460643,2.3847676834198737,-2.523325918,-0.906544638,0
0.6630558914279674,0.35648856071122115,-2.421653565,1.7934790067151187,0
2.8389197588715165,-1.912630265,2.3707858188927773,0.340856653,0
2.615602627471964,-1.943484249,1.752128359076547,-2.641310547,0
2.2991786808163592,1.0449565331978015,-0.778471296,-1.857199059,0
1.8991985914032288,0.6194479283688694,-0.837504882,-0.336985051,1
1.9592559364342588,-0.96643684,-2.462203931,2.4676930332208364,1
-0.675937562,-0.909674933,-1.773602287,2.384535427370073,0
-1.694967998,0.8200372080083023,2.284590069648617,-2.790518312,0
1.9727502318011743,-0.53640347,0.9478474515912714,-0.765572621,0
1.1730975380849635,-1.474230513,-2.868416745,2.686725088727721,1
-2.901793416,1.944595737801043,-1.98517444,-0.646678628,1
1.934954259036335,-1.764407098,2.1942456331502145,-0.013446365,1
-0.803079224,0.9746264804180171,-0.951661668,-0.916269846,1
1.4011583456298187,-1.141006653,-1.79536411,1.8458767679794326,0
1.8322262023633904,-0.014485778,0.1599336969777303,1.1764597546058315,0
0.055645751,-0.497760246,2.969365159780475,-2.114157433,1
0.5563678754391637,2.3151781564539613,1.1232902470866888,2.2855397945294307,1
-0.981991678,-1.368042142,2.107634321412628,-0.635312543,1
1.2580939383438672,-2.11350853,1.5350287522600485,0.293895894,0
-1.388330161,-0.032976216,1.1816617550382205,-2.928681547,0
0.8248023528847765,0.24954466963964617,-1.678282994,1.5178864438571802,1
-1.179234092,-1.338834411,-0.172689906,1.0568980705341886,0
2.5730758552575264,-2.151856541,-0.621191275,-2.598062445,0
1.551304484830455,-0.313602662,1.2415748111291105,-1.066833456,0
2.0659034484379406,0.20896846944068814,2.661646930941931,-2.527112165,1
0.085660947,1.5987314759861917,0.6009158884416879,-2.860835157,0
2.8340320700632846,-1.210417842,-1.504332802,-0.086040746,0
0.2529486451400933,1.5977288255389528,-0.640358054,-0.360237741,0
0.2097594956029858,-0.633677402,2.4872884746069364,2.107511799805513,1
-0.27015783,-2.998830826,2.4056069731756837,-2.253980559,0
-1.532925509,-2.085832294,-1.92110658,1.8172652273390089,1
0.47700864999554504,2.7365709787520913,-1.611278926,-0.086190551,1
2.8645702144948197,1.9586610856486182,1.3716940747229467,-1.866148792,1
1.6164324054582968,-0.914609264,0.18322138228054596,0.6549672782372413,1
0.6561822691455244,1.3591408314810982,0.9702125558532337,-2.589774724,1
-0.255917844,0.9841296403198756,-1.224042107,-1.121659877,1
-2.252594713,-0.488310084,2.9209826058370485,-1.288083832,0
0.18862135611658815,1.459423516674506,-2.919016375,2.4026373575897937,1
-0.680698892,2.2146959202658936,-2.766314047,-2.126018689,0
-1.064823273,-0.927229362,2.0867653381680995,-2.932793308,1
0.846670659,-2.212125383,1.9392939042662967,1.671439595747474,1
-0.000473836,-1.723876647,0.806972346,-2.062450094,0
-1.859857244,0.760139413,2.9473706765317464,2.3463650235152773,1
0.5586441461020621,0.23122061260454263,2.990309280048651,0.28438288580336213,0
-0.479300868,2.4573332146520483,-1.594894225,-2.414844058,0
0.8045402061709819,-2.424902197,-0.761108778,-0.458535687,0
0.2852284022953988,2.9499572744877742,-1.67410966,-0.745461729,1
-2.206559254,0.6456811561994082,1.366039093847001,-0.107539061,1
-1.52501239,0.725329615,0.23494634021309668,-1.97288566,0
-0.565908597,-0.38881745,2.895706522628597,2.0957149929331305,0
1.406224729641563,2.3326621530176848,1.4129064349722897,2.420411131,1
-2.672681311,-0.263602744,1.4813900114510012,0.4997747796600809,1
-1.949003015,-0.957047481,-1.09335375,-1.431918521,0
-0.941186679,0.089119731,2.1292141486996563,1.452195974362538,0
2.0114982240974015,2.301622467378518,-0.503097263,-0.923842296,1
-2.65425971,2.582949731258606,-2.605061892,1.446813092222822,0
-0.731350173,2.692684646995118,-0.482387874,1.8996501081282986,0
-1.304071007,-1.205467697,0.5731164592706053,2.987895802244843,0
0.10543450787517772,2.6178518183597435,1.7174989694923664,1.7751858850634097,0
-0.384240065,-0.680746499,-1.848469151,2.7836476019019214,0
2.7563616746629203,1.4824064058610968,-1.222485301,-1.528922758,0
2.9316614543217776,-2.600743109,2.061385752847854,-0.867251997,0
-0.486781682,1.9918658924930233,-2.456381904,-0.874981929,0
2.712145663017438,1.1943954766275384,1.5296349888353422,1.545031805732858,1
-2.636579501,-1.78075444,-0.052420464,-0.791098605,0
-0.534526241,1.6886842717540356,-2.91192459,0.9629515579274326,1
-2.999338609,-2.621648847,-0.550283281,2.0456911188289286,0
-2.130025407,0.3277284547716697,1.0710313609604647,-1.622802695,0
0.073981532,2.4684436988291534,0.073371152,-2.056061629,0
0.7668857801252686,0.5532010800510845,-2.838271441,-2.456433566,1
-2.059311869,-2.182265535,-1.443205377,-0.275368061,1
-0.769702213,2.3438993484275814,0.6726564564380224,2.2568660997710586,0
0.16223594950559317,-2.460777176,-0.220275306,1.9321952810541898,0
-1.835377397,-2.452714327,-1.02339157,-0.666613016,0
-1.162453942,-2.188555286,-1.494960842,1.093694427612662,0
-0.684428902,0.7952966677113347,0.21782267951239476,0.29431763914601383,0
-1.508702652,0.12925819660908955,-2.858431717,-0.409537546,0
0.4357369391394905,-1.908026272,-1.460648963,-1.682813881,0
-2.576652268,-0.912856073,2.873794598711637,-0.876717561,1
-0.236780269,0.9185235057382513,0.8909865070146425,2.699369880111745,1
2.1453848423947512,1.763704122630914,2.709763354669864,-1.615407687,0
0.7023251677307556,2.323180600332938,0.7448289496686109,2.864522847641217,0
-2.397883717,-0.364016983,2.8641774474518176,-0.722591829,0
1.4373382505958263,-2.817582594,1.1690226877818786,2.607760395165471,1
-0.703762289,-2.872200972,-2.832541174,2.3521398342665343,1
1.3350966425775708,-2.359881695,-2.672458338,1.8289521816928769,0
1.8591637968321546,-2.276868961,-1.190877577,1.6801563874433372,0
0.15247242572403774,2.739509164351796,-0.113624128,1.0617476253930755,1
0.058700194,2.657792974110274,-0.608045448,-1.621221269,1
-1.040196838,2.116651224991376,-0.012368619,-0.874486179,1
0.2655601308568971,-2.200621756,-2.967844172,-1.316491898,0
0.630034319,1.2700846179683234,1.959665798,2.5599813563668175,1
-0.527325918,1.4431007973447283,-2.551962419,-2.654820007,1
-2.251212048,-0.308585413,-1.732311369,-1.278450348,1
0.8872810410738161,-0.848866927,0.34422934630813273,-0.52557746,0
-1.986184467,-2.555880058,-1.582611028,-2.653797183,0
0.7116717593388415,1.7743056087966025,-0.961555391,-0.677333668,1
1.897146377,-1.664322526,-2.285038409,0.006708704,1
0.8771410171994232,0.5979265502788755,1.283238271645085,-2.659492907,0
-0.430790323,-1.568576856,1.554727557276145,2.236382904362097,1
-1.311985555,-2.428691526,-1.479432228,-2.375949066,0
-1.065467003,0.2291914699309543,2.8420857263892385,-0.603778474,1
-1.679760457,-1.999189558,-1.961761403,-1.8444139,1
1.5736021352246823,-2.633833731,2.984416241658205,0.13611834699756686,1
0.2656313658049543,-0.854616728,1.1415321564727225,-0.171261955,0
-1.02563229,-1.409169578,2.553907241599557,-1.25406291,1
-0.381640443,-0.897951587,-2.482927035,-1.884393633,0
-1.862988148,1.1618970863379285,-0.56048754,1.6918053784239522,1
1.2537055460049418,-1.847701402,0.37750152072060406,1.4574530762928166,0
0.7982575408543378,0.6000990485278854,1.437665324404608,-2.659315564,0
1.3885316841685968,-1.364068421,0.4312335270561247,-1.546170032,0
2.0329054332410257,-0.116643874,0.8576472721499013,1.7644922608603686,0
2.3718915304281865,1.392372582416046,-2.107388543,2.1271942175147185,1
0.7114674951930366,0.6566985502816416,2.528043359,-1.507010666,1
-1.562474289,0.079161328,1.505178399209191,-0.316555751,0
0.8033483393544136,-0.284851655,0.6623230829218123,1.9335738156822666,1
-1.917139823,1.172271204035904,1.7245544360290994,-0.317331555,0
-1.060598538,-2.918734056,1.7826301340045614,-1.032368046,0
-0.856143184,-0.983963021,-0.007564015,1.2149974393144625,0
1.6311787860030655,-0.644575678,0.9786122102710144,1.3241055016278915,1
-1.21849601,-2.420271183,2.3679943238667747,1.0626958306895578,0
0.8886624532577487,-2.646584909,1.9072383450235586,0.3963249365163186,0
2.0873065039053973,2.847367102420569,2.742601925281453,2.136536078341245,1
-2.934315757,2.3143632494217385,-2.549626117,2.1071638210606034,1
-1.318955588,0.6604100312002057,-2.771590613,1.627090176709368,1
-2.329763267,-0.53587097,1.9046760139518089,1.1720939790500111,0
-2.963743819,-0.581805993,-2.748434898,1.040999164910815,0
2.813690950519929,0.9315675738045552,-1.653765413,-0.868601808,0
2.8599033339508058,-1.655685528,0.369174438,-0.597277148,0
1.609891788,2.2043356318793226,-0.954976354,0.9623781821962956,1
0.2942861851063636,-1.32933306,-1.368355183,0.23178988519382404,1
-2.075982759,1.8648593788948293,-2.585970965,-2.432553083,1
-0.946642146,-2.291449451,-0.145799872,-0.601944657,1
1.3308587753143026,2.718024931258322,1.5213515084347558,-1.923308023,1
2.6131277127864188,-0.647199405,-0.154863834,-0.470542576,1
-1.31671786,2.370265726784903,-1.006566805,0.471578818,1
-1.559798494,1.7842522486210823,1.6451919571751192,-1.222127169,0
1.0893244388607215,1.2232411985696983,0.3750684966285971,0.6035902936300213,0
0.44672782974477476,-2.508813576,1.0215920682827093,-0.181349941,1
-0.369256317,2.1599953126908042,-2.860639719,-1.492110492,1
-2.271579001,-2.787953732,-1.345938014,2.9308576367680654,1
-1.378624961,0.982234919,-2.29020666,0.6110857802833798,1
2.906888899,-1.248974859,2.088453698253497,2.985428282199213,0
0.5313245323244642,-1.143593397,1.0411875593949373,2.0690892376117125,1
-1.971898542,-0.284905417,-1.084873739,-1.299846018,0
2.1649275644410357,-0.470075959,-0.965541949,0.6210632485560819,0
-1.683590522,-1.620639057,0.12173238522902796,-0.544363628,0
-1.230105696,-2.676293206,0.1246454318311292,1.8996552336064507,1
2.1082632317163474,-1.587360122,0.5978472236849299,2.1352878567776425,1
-0.54764443,2.592820903845171,2.417871174777318,-1.751196615,1
-1.446211003,-1.917348008,-1.823673891,2.4471725230409884,0
2.5868274551557375,-2.688616553,0.5616201340332285,0.38538937714542953,1
-0.65671412,0.790185557,2.6842069530651003,-1.978470704,1
-2.277534542,-2.799656575,-0.817000153,-0.974229138,1
-0.415081871,0.019860185285693888,1.546943964182728,-0.647319657,0
-1.016321344,1.961272921557761,2.098780023921938,-1.603404214,1
-1.111969064,1.9506982254605294,-2.523550534,-1.044919318,0
-0.309899358,-1.877570309,-1.92051482,-0.450827652,1
1.527130348409134,2.041397877285765,2.875410555,-2.556095699,1
-1.699906793,1.5397790543051864,0.2435922363339711,-1.033921356,1
-1.766462033,-1.31713469,-0.424266298,-1.937092683,1
2.785355735260504,-2.354469332,2.9134646069353147,2.0513597160040353,0
-0.461090295,1.4388980063292607,1.0290914621783163,-1.720278492,0
-0.965579483,0.078735377,0.8270650793263616,0.25736988813972905,0
-0.162075234,-0.341086359,-0.010413004,-0.393890881,1
0.24798046527429563,2.3279117942800003,0.7969758783276699,1.3357252499312402,0
0.5848988023846591,0.8581060944840138,0.47009897068908124,-2.838800867,0
2.997590293200119,-2.798344559,-0.629111951,-2.36930593,0
-2.418429297,1.7611617100469017,-0.444445324,1.8068322497925893,0
-1.363281176,-1.461223249,-1.492611709,0.6968737584475155,1
1.8899963390736003,-0.28643394,-0.724506656,2.8414773252098957,0
-2.299475784,-0.080203908,-0.549073481,-2.41124042,1
-1.390797827,-2.829352725,2.261725733897742,0.6470971739424067,0
1.8901109872215045,0.12932671441793886,0.5970589765313661,1.2051268668549895,1
2.4480697647852896,-2.449488673,-1.014309632,1.2541571442000032,1
2.7501033780083564,2.8848445709400323,0.8286180548235742,-1.838409133,1
-2.284746532,2.6762618656825525,-0.396433863,-1.8311038,0
2.6033550946656066,-2.372854371,1.3774265811424504,0.7515781652600051,0
-2.473592014,-0.967507226,-2.100415863,0.626991555,1
-0.13732181,-2.974349252,2.8542633977034484,-0.902492101,0
-1.450773643,-1.665342265,-2.047104623,2.994822457299059,1
-1.229343193,-0.566919017,2.228135497068534,0.8513250212572689,1
-0.78783353,2.3899706155431186,1.4983452132816009,-1.632596955,0
0.8624339675995225,2.5343909897544092,-0.021234729,1.4016744169900033,0
2.826622463934955,1.1424848453712775,-2.385367861,-1.532642694,0
0.5705786240558934,-1.346665108,2.745250232334839,-0.567887796,1
-0.256617566,1.2096125608207036,0.14549838805124482,-0.707124199,0
-2.540172749,0.5786735370471829,2.205480184764208,1.1145746505603373,1
-0.71102994,-2.233643612,1.8980291214254628,2.6504901733872286,0
-0.670362055,1.3718531351043692,-0.535419361,0.013601633,1
2.0188582836984583,-2.499453947,0.18201209272023045,-1.712278352,1
-0.961164327,0.8665729478536455,-2.836629526,0.562950594,0
-1.299346563,1.0169061648484332,-2.150511889,1.414869622897072,1
0.8738383185778691,2.8274509972821065,2.467412179548888,-1.300182821,0
-2.836100564,0.9322113666705469,0.6173243340280354,-2.835427387,0
-2.263934825,0.5082102272159137,2.470963584260952,2.439001659080441,1
-2.091089672,-0.692556322,-2.740782814,-0.184368922,1
1.5185007580392345,1.7398362681936685,-0.0060632,-2.424781952,0
-0.711816149,2.5926117598461866,-1.622324661,-1.081473301,1
1.4809630527784252,1.4014847333156286,2.4732137281495943,-0.671287856,0
0.087592343,-0.195645233,2.566513026134719,1.6159835329478085,0
1.988650679,-2.201410387,1.7510801572089596,-0.402127404,1
-2.859967903,-2.639469884,1.0674476384090674,-0.767925353,0
2.208693439340882,1.405638803255199,-2.86991993,1.1213298710160116,0
-1.845885164,-0.464504588,0.7484112127377767,2.236307047774157,1
-0.26341267,1.8509427251468065,1.6977939768037968,-0.512768923,1
0.005880981,1.202910060298879,-2.813109392,2.3448684827954764,1
1.6188969566261608,-1.503504712,2.887079719133853,-1.923657884,1
2.4845200422264107,-1.05315925,1.578880260984815,-0.261740441,1
1.4188043247000133,-2.065301712,-1.38296125,-2.400853053,0
2.1908638886268186,-1.222242073,1.1668573764999808,1.9213271864491688,1
2.4085094182760756,-2.362217308,2.358089601075675,-1.816483334,0
1.4214120695457693,1.3730941161876675,-2.94898115,-1.67625655,1
-0.048548912,-0.47979176,2.5114408793076572,-0.841554783,0
2.6219022890157735,-0.24342409,2.786117379840995,1.4241288601491666,1
1.9760075497929357,-2.37073867,0.5168485994542067,-2.143797841,1
-1.214273988,0.7413924370036087,1.357354228163345,-2.764897308,1
0.18566238643418842,0.3918839177393183,-2.527032017,0.004128205,0
1.2830536802989592,-2.680636291,1.5616066579437717,0.45855902942482096,1
1.9993632496307452,-1.691624563,1.9996421052787108,-2.432634148,1
-0.577021821,-1.803091251,2.256124993745245,1.2295188978106424,1
-2.847829337,-2.942859866,-1.252504473,-2.140301314,1
0.7818268653611748,0.9827816032953587,2.651705421968205,2.712239547275045,1
0.9533802324680734,-2.965949323,-0.846012501,0.078849079,1
-0.004921461,0.6200437770133602,2.763308896828563,2.3111561517309234,1
-2.346551799,-1.404117652,1.9986565045178182,1.945841452915242,1
-1.347775655,1.3835281841167175,1.0322242723071433,-0.15885621,1
-1.791270284,2.331859085364517,1.0671071058410089,-1.986042451,1
1.228814069045165,1.4486023174618792,2.321281710726244,-1.662964469,1
2.9325246324804395,-2.079639465,0.6041333511574987,0.9430590316408711,1
-0.486282628,-0.149773747,2.3454605803328246,0.8716453779927713,1
-0.017994251,-2.229902625,-2.955974249,-2.250188291,1
2.7371074048590325,1.5845206979479842,2.802697965061487,-2.785747742,0
1.0813224231518355,-2.734238842,1.692338813212939,-0.714298964,1
-2.425407839,0.40827985072509154,-1.31927882,0.957443651,1
0.949048557,1.2300448447245174,2.954790472666554,-0.67981374,1
-0.208107153,1.8276702061520451,0.470220138,-2.776456736,0
2.0584711215591387,-2.691007908,-1.975079181,-2.387520198,0
-2.532437203,-2.845890748,-2.669833716,-0.345364865,0
-1.48288638,-2.240778699,0.9522332563591562,-1.643328536,0
-2.886305068,-0.489481297,-1.137402048,-1.088373412,0
-0.328379831,1.013483563405666,0.6988747202279639,2.6235696587332527,0
0.10629999781512867,-0.164580542,-1.719513389,1.5322877330889408,1
-2.155345343,-0.053202661,-0.47206681,0.9498052704264195,1
2.5057288197399528,2.6795735489893353,-1.993204397,-1.42909669,0
1.8698119197882397,0.10967857469515696,-0.28179259,1.2637527142842355,0
0.6115497156418304,2.8242843265280078,0.5038479137296017,-0.204157042,1
0.2569041724690537,1.8512389001818397,0.676050341,0.8822885483203065,1
2.8286332802195515,0.710372907,-0.71828851,1.1479561620767793,0
0.956756382,-2.916914187,-0.196024219,1.4574216172943961,0
-0.005751254,1.6777268156123366,-0.294697821,2.899929585823414,0
-1.242650465,-2.447264351,-0.419929193,0.2502541492435144,1
-0.90543761,-1.546313039,1.0323521483129339,-0.737249401,1
0.7882111746038216,1.674428691592655,1.5660157665601417,-0.748144136,0
0.4073893737010481,-0.302050653,2.2248315162579617,2.2725508787999953,1
-0.937550503,-2.449575313,-1.9945051,-0.797989547,0
0.385499729,0.9407220657865754,-1.011773722,1.004994717743915,1
2.626439902042536,0.912084763,-2.048608623,0.4780134778657654,0
0.25137310060189666,2.2242006653905246,-0.898181669,-0.46232634,0
0.591954333,0.14655187045215268,1.3140995544310456,-2.757666055,0
0.3810961152417587,-2.269968642,-1.108746045,0.9697611691943422,1
-2.055514796,-1.146948987,1.2180388970118718,0.9048314551610037,1
-2.453761985,0.46361096095394316,-2.116473228,-1.486371728,0
-0.244732328,-2.34391906,2.961881807511401,-2.007782634,0
1.687875770571626,1.9790330701393497,2.9667838193760083,-0.428080693,1
2.2445671208360407,2.745236634101106,-1.962635131,-0.123383466,1
-2.639935087,0.7243440721452092,0.4884369411393985,-1.775242292,1
1.787416553364757,-2.776387663,1.8373639447653423,-2.840128253,0
0.9409728728181017,-2.527382917,-1.492646884,1.3314800958710151,0
-1.317571202,0.067043092,2.4914896171206866,-2.702193876,0
1.866478762414041,-2.608368009,-2.239230934,-2.284085377,0
2.9646136992643566,-1.918882084,2.380571077537609,2.9455929776793255,0
-0.697291378,0.7862912611721127,1.6745475225816753,-0.644129509,0
-2.029115157,-0.397423537,1.6313258700176672,1.684576576490418,1
-1.616767247,-1.950206161,2.5233642126020985,-2.736005817,0
1.408430854590521,-2.721471687,2.0274003051659273,2.432488880016612,0
-1.215485255,-2.556386139,-0.115892782,-1.20922178,0
-0.497183143,0.9899127209320815,-1.741043784,-0.858290583,1
1.6953749417560422,0.8625716997169297,-1.042347053,0.9858096015595716,0
1.5918775373517997,0.5549134857167246,-1.563019005,-2.998528257,0
1.817094641929688,1.9358013318969869,1.185627008366172,-2.540514412,1
0.511333725,1.926124027629644,-0.661990079,-1.811995595,0
0.525763783,1.9578397638052678,-2.706780248,0.5817073029644142,0
0.8590427720360516,0.6142022360896777,0.9002021054222915,0.7882518456249272,1
-2.21757669,-1.590379338,0.713964032,-2.893841033,0
0.8084671123394669,0.9923197427101922,-1.564951441,0.5887969785188378,0
0.20454036434258693,-1.435850711,-0.222155929,2.457747176473089,1
-0.440383317,0.7790650612770103,-2.787895074,-2.53319932,1
-2.51215156,1.6694445817586727,-0.898458631,-1.63432987,1
1.4839474107103356,-1.980239625,-1.52104485,-0.41441134,0
-1.011371586,0.5123532662198658,-0.972956286,-0.642290185,0
2.1773196494969156,2.3071886377680144,1.9662671448804447,2.1889855962277958,1
0.4183720160347022,0.877399289,0.343038999,1.7135285043175204,0
0.3060029145686656,-2.333538213,1.8574807227411592,1.5635110240652184,1
1.9218035716957518,-1.85742322,-1.370297684,-1.225489816,1
0.048483217114041466,-2.196737495,-0.68770948,-1.907051034,0
-1.411423722,1.2383258073505639,2.1288669379036866,-2.8625648,0
0.39538178013000236,-2.783641428,-2.48850453,1.2305042076846542,1
1.4136486390126999,1.8838840390367926,-0.154550929,2.158844892097129,0
-1.99897025,-1.501701518,-2.192987114,1.7852235634912592,1
-1.62794929,-2.066932543,0.738664126,-2.537507842,1
-2.730598337,-2.359694109,-2.998554696,1.1819409253307551,0
0.3734119302868719,-1.740749346,-1.601970312,1.865811590820238,1
0.010920695161802385,1.1911701424904377,-0.283467292,-1.573691844,1
2.8224168040974416,0.39388538025238473,-2.214108577,-0.563459747,0
-1.023975528,-1.715475188,2.6006399354415572,2.2855199727585154,0
-1.805117301,-0.887112666,1.5738923500249298,-1.748963711,0
0.5493891756254667,1.1987636527488998,0.9238339542645981,1.2384518416530028,1
1.2401975341725775,2.7888355190935705,-0.921006663,2.271542546255038,0
-2.869157625,-1.27078222,-2.708065308,0.9072237597350412,1
-2.395257776,2.074241181912278,0.8795501027415584,-2.827107594,1
1.2886641926077385,2.172209683541766,0.9667260459728966,-2.816854704,0
2.1475172907624387,1.3947834776042098,-0.729292125,-1.02821845,0
-0.121078912,2.2026105056272254,-1.487643889,-2.394217133,0
2.187818237766299,-2.842260907,2.4659821334643874,-1.165528834,0
0.049336210129605984,-2.206226851,2.4135298162601115,1.4990173403064286,0
2.5449335196482057,1.0993743067089747,-1.89183734,-1.150397982,1
-0.078908549,0.6435492321612415,2.558756624017642,-0.696291205,0
1.2184321314428752,2.7660530934649312,-2.08575562,2.1762575326772886,1
-0.475763578,1.3945306555760206,-1.238769968,-0.99609469,1
-2.837200651,2.8284249190017574,1.880715451384706,-2.436492252,1
2.997052773982647,0.6301475832176484,2.1223718277862984,-2.60003542,0
-0.663292929,1.0179067338216594,-2.361397688,-0.066582968,1
-0.343932753,-1.703758653,-1.198380985,2.8027101269698944,1
-1.268109084,-1.719443196,0.2172550264100006,1.0257482044217872,1
1.3505586664173892,1.525483106981497,-2.779005051,-0.637437598,0
1.6437484786985408,2.429112610800777,0.6132007399966994,-2.686158879,0
-0.620125165,-2.554637305,1.4912271761075075,-2.618967184,1
-1.8856136,-0.498249456,-0.224109797,-0.561109798,0
-0.21962012,1.2794349121211992,-0.784387062,0.28650275490371513,0
-1.179784455,-0.878235029,0.6827937542524847,-0.05703209,1
1.338217769155687,0.3632315283104983,1.8214445123032377,-0.339550722,1
-0.053798281,1.0198280934056374,-1.672536334,-0.684422778,0
0.7490474640702471,-2.826742384,-0.378171398,0.593099618,0
2.8042531918691864,2.2620993697060268,-1.315548282,0.043260624,0
-2.661513764,-1.555473511,1.6491352084085413,-2.260115926,1
-1.453856851,2.6642550104148475,1.9431348029547477,1.690966275893472,1
2.187344941812941,1.4976341194941236,-2.276482703,0.099367959,0
-0.334536475,-1.13309053,2.0042424583176324,-0.215164786,0
-2.638214392,-1.350206498,-1.628273652,2.3248733088677014,1
0.884628604,0.3622575952924505,0.03989545,0.900678165,1
1.5292532806627488,0.32630823498905936,2.6297124909156633,2.8610050239023073,0
2.9720538996529378,1.0163466605318678,2.5957228005352704,-0.573121828,1
2.1575543474843117,2.455045792438085,2.4248428339936536,1.985077697,1
-0.56040503,-2.046555108,-0.996261862,1.603731415788558,0
-1.602686932,-0.130367611,0.39239710790803217,0.6231513746272519,1
2.614353290272792,0.9689581224859056,1.7177928964638136,0.4912700873498004,1
2.001481913,-1.418018322,-1.74073397,2.557920292547818,0
1.1608852581442708,1.0291534623493268,-0.196228568,-0.739816444,1
0.33414716687183255,-2.276601903,-0.271724634,-0.267793773,0
0.23001907766559127,0.8081136862032139,2.7439101959121732,0.9130147625505414,1
2.3023509117204686,0.33782316881498264,0.7615672957649386,-2.580978281,0
-2.200417663,0.4780226111852377,-0.62572278,1.7928631191930107,1
0.2590672492450561,2.2937462337080277,2.8339900707737478,-2.114188889,0
-0.63103349,0.9898861514281849,-1.167067468,-1.397805974,0
1.8824313637730201,2.8822708143524576,1.642819987484888,0.14205973682468098,0
-0.344932608,0.2378863231821895,-0.222961787,0.017328340714008128,0
-1.779281697,2.4224516958559654,1.5272100091396084,1.0858645361593204,0
2.699549825846839,-1.293634009,-2.513043535,1.9568319621319903,1
2.9905017818955297,0.4705946281211961,-2.647143673,1.6828082409296474,1
-2.557505707,0.24008391755568725,-1.334805155,2.4901606835543726,1
-0.29201272,2.3907800908713206,-1.205513488,-0.675824497,0
2.6827151294824834,-1.792113294,0.4710069099068708,-0.668938029,1
1.645001310412364,-2.224221773,-0.376710186,1.1935957610715793,0
-0.55790259,-2.648809564,1.2306735680120635,0.019189966,1
-2.93214788,0.6759353713702385,2.5192861351727185,-2.333844311,1
0.5440274100550138,1.372013290575782,-2.575357979,-2.864307251,1
-0.2148248,1.7471201234061828,-2.035683539,2.019823633289537,0
0.939463533,-1.006960273,0.094954791,2.7934498783604305,1
-1.701378176,-0.002787614,0.7469193366457243,-2.171912367,1
-2.738867468,-2.919240282,-1.05184286,-2.556316233,1
1.822619715246688,2.983917162970476,-2.63217707,-0.403642344,0
-2.845607262,-2.196054655,-1.062464635,-0.637810722,0
2.638697678571841,-0.624979147,-0.022334046,-1.52649979,0
-2.999249167,2.3960067403988106,-2.509711458,2.7854930462173746,1
-2.214935375,0.6292708845026418,2.996463527139822,-2.169212424,0
-0.45634149,1.6825420138288596,-2.806859101,1.138696506840267,0
-2.517759973,-1.580879146,-2.039543025,2.444018589881617,0
-1.917259699,-2.757395427,0.5257540706865731,-0.922914448,1
-0.565762676,-2.285623531,1.489406948599167,0.6093218978611077,1
-0.814697732,-1.970550337,0.5607104350233625,1.6715836770442642,1
-1.125616297,-2.844837699,-1.713936091,1.094386913356976,0
2.9345782647415364,-2.919742564,-1.163078627,-2.627874777,0
-1.101904273,-0.564513941,2.525172552,-2.516635204,1
1.6628043183946204,-0.626793624,1.8675770980015667,0.080413112,1
-2.764307767,2.677235308289033,-2.503595619,0.5861010152025368,0
2.266006577601095,-2.521381213,0.32336033049607726,1.945739253146713,0
2.9179482518747744,1.3459644048841275,-1.329993747,1.1974219790724572,1
1.234600615845836,1.199796072627704,2.1255626225586344,-2.475719625,1
-2.349480928,0.8437027453533483,2.7232865765891265,-0.204968166,1
2.7633762097540506,2.6285115570969237,2.417458429405917,2.459105849184512,1
2.389912759967916,1.9193363012350932,1.1698737516319824,-2.853550928,1
-2.206478447,-2.194607673,-2.858758294,-2.299789389,0
2.518478601402638,0.9828257214647156,-1.12756189,1.7601600734200797,1
-0.069783078,-2.147237779,2.307012487358956,-0.968028323,1
1.1931553831793646,-1.256435037,0.000427504,1.8975162691824927,1
-2.059335921,2.863508371,-2.578704463,0.20405345844302447,1
2.496153116111688,2.6741633092951522,-1.607346223,-2.136090113,1
1.3464180019073453,-2.74815859,-0.088566186,1.778131360759092,0
0.36152834710100334,-1.871920405,-0.077734203,2.5276482986933573,0
0.7032778682656606,1.3289437654141185,-0.982416722,-1.869097349,0
-1.466146621,0.19906556256176966,-1.318679078,0.2517887245566066,1
1.2467515642570612,1.4063752570218089,-2.011890362,1.5025850930031783,1
1.0361288375541546,-2.9279692,-2.646766949,0.8774970111622817,0
-0.697776603,-2.123376003,-2.733620645,-2.043609956,1
2.7450837859296993,1.3653938494258178,0.1662325256057633,2.6492430003275507,1
0.7146626260896234,1.3538711296840038,-1.304089089,0.5338910615351748,1
-2.139136534,-0.573101129,-2.80055805,-1.700231475,1
-2.550788223,-0.673327083,2.0582109878309414,-0.732395362,1
1.9898377559678604,0.9389898754733244,0.057176679784966655,-1.57864984,1
2.5329365570649145,-2.674795147,1.133478106192892,0.7274393568562134,0
-0.353750866,-1.558074268,-0.415824379,2.236636353320524,1
2.0205966615297246,2.6482874998621755,-1.15324076,-0.67737505,1
-2.887643084,2.657699968320049,-1.023659449,-0.575017071,0
2.4468276686843673,0.15959058100087908,0.39704725053286793,-1.942602971,0
-0.008039875,2.5092516054526453,0.3523085286475558,-1.469301812,0
-2.812914815,-0.982189359,0.4355454843867479,-2.74432027,1
0.658755464,0.14048296270867677,1.7006128149994257,-2.826670966,0
1.685084068912424,0.12526227454864136,-0.776824003,2.7922978581529447,1
-2.039282717,0.24795071454663908,-1.074111158,0.16491827277201487,1
0.31365271548247264,-2.463310509,0.9668108815100984,0.8068889755140711,0
1.6168036478067833,-2.456049038,-1.216448719,0.9006635983686078,1
-2.179615045,1.0655892647306535,-2.645839735,-0.990410682,1
2.0802667339951144,1.6457477422869609,0.8685642913625271,2.2227504997506067,1
1.2556172650332025,0.11625063126481816,2.878305002,1.1691364787359166,1
0.6082030608780187,-0.546776634,2.414474991474302,-1.225745426,0
-2.944682435,-1.819556865,-2.342895048,-1.086037355,1
1.955272065,0.9091781121900446,-1.986116465,1.7329303265540315,0
0.025319196596416127,0.076287745,-0.827326914,2.1876981889321403,1
-1.090036177,-2.435161436,-1.183626036,1.2921212776073148,0
0.9454913208199729,-1.871897079,-2.329294205,0.96519455,0
1.0582610139294735,-0.803102177,2.0568083011744784,2.8692312227995007,1
-1.766128659,0.46241229423617014,-2.967922026,1.2783263761577244,1
-0.514307319,-1.840384639,1.5133315305862567,1.8638927853364837,1
-2.333000993,-2.754025429,-0.99552935,0.7559427945662134,1
1.760517163131798,0.27637497978274617,0.48449265784188356,1.7991493305173467,0
0.17306024531255648,0.6669269413578034,0.09730404,2.2827494002062245,1
-1.586900288,-1.416038493,-2.23223123,1.9168005089665305,1
-0.529336257,-0.912636355,2.888092302522937,2.5608201986387122,0
2.831926092748568,-2.146206019,2.347510878888998,-1.027742404,0
-2.924059379,-0.652209984,0.055178119,-2.350677459,0
0.22606570124553782,1.9167815050603885,-0.734094295,-0.884131161,1
-0.967137479,2.5385666753021514,-2.707451407,-0.329543148,1
-1.412403275,2.3628421523249656,-2.423686418,-0.5313434,1
-0.559103088,2.330366505282136,-1.70703933,0.8693724618096668,1
-2.193563239,2.723854284483256,0.5580897556337154,0.7575403819240218,0
-0.39735959,-0.946303724,-1.723941423,0.6239265229935533,1
2.7273704720894276,-0.841254275,2.2989413319723253,-2.107342123,0
2.616756125290804,-0.897082297,-0.72163673,-0.222946458,1
1.3094656196859011,1.3179206021342118,-0.122468492,0.13891739588361585,1
-2.819937073,-1.174219791,-0.923897555,0.3523636123545564,1
0.3497986042278267,1.259398786367239,1.3021637773084853,-1.588735655,1
1.6211229066289485,-2.882378592,1.296971307640323,-2.387633379,1
1.3778892505273141,0.16270854341042584,-0.376472996,1.143998338568574,0
-2.781774998,-1.659178046,0.698640855,2.0832924397849073,0
-0.713354178,-1.447431164,0.11241861473396586,0.7338915143210483,0
-0.479381812,2.2602640959585303,0.14063225316008054,-2.785058475,1
-1.661676272,-0.296117814,1.1863531141015997,-1.681486537,1
2.8575446383045264,-1.088650451,0.19488124116353056,-2.886201692,1
2.3093443285848263,1.733007921151101,-1.827251974,2.599420147439057,1
-1.104961417,1.1531177302807025,1.9138579080995992,1.445486767423085,1
2.5054967041790466,2.1856485620442507,2.9676690845496605,-1.904331525,0
-1.171429193,0.8173552045897798,1.3982831153495017,0.2076303273342548,0
-2.556429811,2.0495713608022923,2.765246136127632,-0.566898937,0
-1.65112511,-2.88411747,-1.576205783,1.1995126490305337,1
2.4695363260363825,-2.438921601,0.3195551229715794,1.173187491070994,0
-1.341715073,0.41938223502181193,1.2914905560346375,2.0263154588122614,1
-0.285000895,1.487143313513764,-1.18930217,-1.721719519,0
-1.876117523,-0.846763609,-2.784721909,-1.302048974,0
0.9133369466593693,0.8875142829608205,-2.558677161,-1.275506298,0
0.4173459880675301,-1.088687175,-0.492071855,1.2768645426945842,0
-2.944399023,-1.341638735,-2.145766537,-2.234344903,0
2.754241298683482,-0.740638011,0.162531509,1.4029313224177953,1
-2.715315151,-1.553864169,1.9928867240622754,2.1719436790672866,0
-0.762294476,-0.750830402,1.5413812626532915,-1.22957864,1
-2.297435513,-1.454787299,-0.67593161,-2.686771742,1
-0.127918475,1.4400450766366708,0.082470867,-2.568627957,1
-0.359102212,1.2534276482569968,-2.651420076,-2.640916862,0
-0.776391581,-1.830216215,2.608684747850522,0.4880616224384591,0
-1.276047604,1.2286603746897047,-0.750425692,-2.207306134,1
-1.576606621,0.8564837067562543,-2.688743364,-1.36386576,0
-1.750131134,-1.793189336,1.0965744718558268,1.9549015005261872,1
1.2951996483855526,0.8743668948030732,2.4987106309071834,-2.649645717,1
-1.995101484,-0.513558866,-0.765290139,-0.491690382,1
-1.76127057,-2.102980107,0.055159484747568044,2.568315144412762,0
-0.648183226,-2.739880715,1.2370040573371472,-1.253370567,0
-1.529429956,-1.054451996,1.3428931434472577,1.9129163212218243,1
0.5283364040337819,-1.065127478,-1.137130601,-2.254149901,1
2.599806289411167,0.8288363938129173,-2.838152281,0.9742025711200841,0
-0.317079455,2.835347778281516,1.914412948838442,-1.972105477,0
1.3206667132491985,-0.086603977,-1.877729018,1.1924394439796941,0
0.284325472,-2.817756727,0.8795277031729554,0.8099225391746439,0
-2.135489034,-0.906073638,0.5153938245062397,-2.167301915,0
2.116340267008539,-2.835083722,-2.38297551,-2.303358481,1
0.16864275585033095,0.7206840730117516,-0.577555221,-1.267999034,0
1.8559042537533443,-2.590284098,-1.318248833,-2.765306527,1
-2.91665919,-0.879720678,-1.831058025,-1.389804871,0
1.9256829447298092,-2.022119423,1.6814002029108055,1.0503037388781813,1
-1.041326849,0.2793368710577271,-0.333386341,-2.229628107,0
2.4431119304050544,0.4177078055145609,2.281440274772729,1.9429590708797413,0
-2.521344448,-1.756376004,-2.128433314,1.9846771967215124,0
2.174679758731214,0.1678290588501956,-2.374931565,-2.186300289,0
1.8812928746296045,2.5751408191759815,-1.803145889,-2.933174541,0
-1.014282569,-2.817003662,1.9678494964682276,-0.050926457,1
0.8511646725781192,-0.531090743,-0.926954718,-1.666797522,0
1.623195282228874,1.1732855064931762,-0.835626093,-1.073303194,1
-2.992542728,-2.61868722,0.7395331493558088,0.087643861,0
-0.391180773,1.9650134448099505,0.023389226417079634,-0.693038512,0
-2.032461915,1.9241280492877149,0.45748950072712624,-2.445240204,0
0.8933903879824552,-0.449575527,1.868317341527975,2.513487581975977,1
0.602794879,1.389676915880198,-2.660454914,0.3615327300069433,0
1.5320398701328442,-0.019427103,0.5613005370260229,2.393689113486266,1
-1.811402568,-2.410520955,1.1438616788370055,1.937093433134664,1
2.102941131495381,0.8498669825473217,1.9992805090248202,1.2039852343397417,1
-2.475738505,1.5722610473099285,-1.923841863,-1.580343944,0
-0.632096238,-1.112597602,-1.07008957,-1.984442855,1
-1.236773717,-2.88202446,-0.16253432,1.6115457526188406,1
2.1734842153490384,1.9225713537566307,-0.501253686,1.3825588869831371,1
-1.272655355,-2.666625164,1.0558291523475996,0.892776988,0
1.8097763727772538,0.6966372402172789,-2.05865025,2.118974352301189,1
0.7635167281122044,1.8456581942100243,1.6446427222562452,-1.212813077,0
-2.552682151,-1.940973545,-2.442825994,-1.539525408,0
-0.242806362,2.440863629887697,2.2321125355238074,1.311598890574368,1
-2.855325843,-0.951664792,1.0940905589071184,-2.225826619,0
1.806527100095452,2.487442079925562,-0.87537332,1.2350583711830003,1
-2.110775204,1.1448986946781616,-2.871267526,-2.095370959,0
1.2592886796520197,1.2711013372578375,0.8469762350710628,-0.135815854,0
1.0494485470316706,1.642804789732729,2.7988899542204626,2.331846189,0
1.7672052153967481,1.168545100286238,0.44493327259420345,-2.27634706,0
-2.006658947,1.9216773640253972,1.8198774732433236,0.6867535558401778,1
-0.366959204,-2.843804101,-1.036938345,-0.476162055,0
-0.085102283,2.575947591367255,-2.347743601,0.11320151867862238,0
-0.792466218,2.9405887152963093,2.1711840976974317,-0.367284875,1
2.9981736561285626,0.084379479,-1.99729322,0.33524815096028737,1
-1.642765405,0.8178770404575122,2.6246410493035537,1.7171914610101693,0
-1.361017857,-1.21884825,-2.584270781,-1.284792986,1
-2.444251202,-0.003307684,1.2500824769895456,1.507086968994951,1
-2.642824607,-0.960264611,-1.270969401,-2.374198062,1
-0.825172134,-1.204079345,0.8069953760356601,2.2998159824022775,1
-0.270949675,1.4799910366009108,-2.123937797,2.3697982718631874,1
-2.084431571,-1.847392916,-2.361217178,-1.141922991,0
0.3144626802931567,2.9279646684379603,1.7602082079452632,-0.717385183,0
0.4550763474214228,0.7398481856352461,1.9363633274840826,1.418710712518803,0
0.415746762,1.0150981622379405,1.4755056657773977,-2.201135645,0
-1.797267232,1.1315057334451009,2.1025533719257927,-0.544426304,1
2.879341934827236,-1.703569604,-0.499804308,-0.728861739,0
2.581775644358574,-1.287728895,-0.175255332,-1.876596962,0
0.12759743137466284,2.144425016781547,-1.175763229,1.8647524329769691,1
2.4678694930537564,-2.562252662,1.5385472179155055,-1.467939383,0
-1.948034025,0.606734352,1.2336156973721977,-0.631434086,0
-2.764957758,2.4522271451807587,1.384481501,-1.36999916,1
-0.018816866,-2.83324326,-0.964303309,0.13521141351070964,0
0.10334169069750088,-1.750890732,1.6604841971033446,-1.206827049,0
0.482460139,-1.370866647,-0.448992762,-1.754912248,1
0.7980467551922299,-0.446493839,-2.903296173,-2.831010036,1
-0.173194089,-1.900644799,0.510252289,-0.550849309,0
0.9265190132383365,2.714371044383709,0.17241680877152188,1.7242716215405975,1
1.5182459778956225,2.530746625943191,-1.715892797,1.9639618247096458,1
2.433122271028121,-0.643422114,-1.117102832,2.7122154580697266,0
0.7657969328332079,-0.715941089,1.750966325589781,-1.17315659,1
-1.941554484,0.2638178147862331,0.3972722694636204,1.954478893604028,1
-0.25783587,1.8875192370320493,-1.132063924,0.45220921306675166,0
-1.749163327,-0.687324295,2.1452381869971067,-1.704070839,1
1.8614367773956069,-1.302770053,-2.793061682,-2.34039258,1
1.4752772719247291,-1.427574441,0.9248735534476333,1.1951934165433986,1
-0.929289213,-0.150486077,-0.577397457,2.684093978127204,1
-1.080306826,-1.900061747,-0.806442943,1.017094245612073,1
1.1841761421687913,2.5443438921600414,2.2905269092548552,-1.270076877,1
-0.269020506,1.4836139291006045,2.4992236836121506,-0.977009923,1
-0.333351395,2.3968696227216526,-0.849096761,-0.116922083,1
2.4270248473084735,1.8134593079390893,-1.53941445,-1.051229608,0
-0.882247635,2.4764308405863584,2.9936024226272346,1.6440258129326395,1
-0.094042185,-2.938957092,1.1849283395877448,-0.663833013,1
0.7979188213716326,0.6401637807745724,-0.115007661,2.666324386357938,0
-2.861121928,1.2727949068355295,-0.54096079,1.2827427029496672,1
1.0513178852377916,-2.938571985,-1.287969029,-1.865450877,0
-1.998081882,1.3708601047267965,-1.562691905,-0.15157431,0
-1.518066028,0.4814029406119795,1.3234426083598079,-1.013551568,0
0.61812509,1.9491286464824338,-2.434654289,1.264023594247627,0
-1.061130333,-2.264100261,0.273925246,-1.642426084,1
1.9281707560149464,-2.742624543,-2.408082622,0.12597675591490143,1
0.5336507044617402,1.3793199871364816,-1.44443563,2.0505624492797505,0
2.718854038642699,-0.005764178,1.5631881898188071,0.1490901272627565,1
-2.583197824,-1.043330923,-2.475079862,2.9332747155300805,1
-1.625844528,0.8154025164943124,-1.293929388,0.9194772921355554,0
-1.737589855,1.7116203954604474,-2.335130383,2.3709024005416817,0
2.0425301552447666,1.0728440618303132,-2.595512237,-1.74858583,0
2.156169574146456,-2.268153394,-2.064407422,0.26401994253312466,0
-1.354935362,-1.6675458,0.45488059108908363,-0.764539941,1
-2.156640619,0.20912260527278637,-0.67792558,1.4071006456426165,0
-2.383467346,0.7236794636758432,-0.381040038,-0.56362875,0
-1.606273872,-2.817443831,2.086135166187873,-1.041539484,0
1.086546238379082,2.6855243986602444,0.3899417884927896,-0.617118585,0
-1.390358602,2.6042627558849603,1.0924609083068573,0.9916883595393573,0
-0.443050049,2.070292277204584,1.282033122056923,-1.300900369,0
0.5974719601502878,-0.418836272,-2.960459023,1.8457405890107843,0
-2.263017906,0.059727036015685186,-0.982642841,-0.947465753,1
-0.1358107,2.9821386241184697,-0.549721916,-1.906024621,0
0.6816380282962138,-1.582273752,-2.36670518,-2.698954968,1
-2.862712356,-0.41301211,-0.439645321,-1.8867276,0
1.7041143226272553,-2.224376232,2.4919031558358142,0.5254558658596347,0
-2.834301743,2.7778357544562997,-1.152352443,-0.300150243,1
-1.294387842,1.370527788202665,-0.085918676,-2.205762244,0
-2.374776286,1.352252479947449,-1.57751157,-2.173239752,0
-0.003434418,1.8165917252178243,-1.327303525,-1.34141033,1
2.003287561562262,-2.112997233,0.7003655507192832,2.7300808978955127,1
2.047818897463845,-2.629108597,-1.080534741,-2.145753206,1
2.6954438261228386,2.915649397332487,-1.590041877,1.0181942689725147,0
2.049790392,-1.597918294,-1.873916194,-2.932733861,0
-0.528225258,2.3966247743682985,2.417877894338093,-2.233541235,1
-1.773885117,-0.551716014,1.6837472709822112,0.6711089011903715,1
0.083098461,0.5515913053356187,-2.422801837,-0.134018146,1
2.9523797372347698,-2.469323118,0.11548006580931869,-1.22610443,1
0.23947978117175417,0.4429125602024797,0.4648373887168553,2.1132527118653197,1
-0.661515512,0.098124976,-2.934429606,1.7373036094786007,1
-1.443073756,1.8993301442430983,-1.406168002,-2.935269022,1
-2.071012091,2.914097415433008,-1.081192524,-2.347056588,0
-2.287447178,-1.137943716,-2.774129753,0.068931529,1
-1.717554507,0.11586384838123331,-2.155414688,-0.420856626,0
0.5875011504074674,-2.62800037,-0.607504144,-1.184857074,1
-1.557841101,0.6272077565069791,0.5312519145924437,0.7841988400661615,0
-2.046703977,-1.285744531,-1.741927332,0.24302162998705157,0
-0.233605865,-1.018237574,1.7160888532105982,-2.436157534,1
2.8493801325338532,-2.300735533,1.638424875410216,-0.790618865,1
2.191573374790834,-2.554980307,-0.751669739,-0.987339561,1
2.9589422293532124,2.9132939693377535,-1.861176248,0.7796817641900331,0
0.21311651946564147,-2.073759053,-1.993321763,2.935510370877328,0
-0.283620038,-2.245192248,-1.711259768,-1.389911597,1
0.06550358,-0.986711223,-0.269929285,-2.001002693,0
-1.039627856,-2.578100444,2.3382616408550927,-1.807485137,1
1.5414008125724328,-0.902689271,-0.153616086,-1.252433763,0
1.178647626644219,2.067278515648244,-1.282378892,-1.546694138,0
1.0886415927833815,-1.829081637,0.8390385936586338,-2.433431522,0
0.7208229597641234,0.080440404,-2.316565707,0.8946218091875986,0
-0.320657058,-1.697309695,-0.879695066,-0.047387366,1
-2.450674636,2.7456568987701253,0.9933729372727274,-2.384790112,0
1.937173105970757,-1.064670414,0.58079722,-1.337142951,0
1.400435669487643,1.3380538500006143,0.31226074123450775,-1.554446445,0
-1.477777155,-0.70282322,-2.129926996,-0.974065721,1
1.1061276074898752,1.985071680356528,-1.004506257,-1.59845845,1
1.995855470010806,2.344224164315527,-0.53987086,-2.838575077,1
1.1697697253649117,1.7041994170987769,-2.891854481,0.5701851200490791,0
0.530212549,-0.727752548,1.4986039551050263,-0.430925771,0
1.0606557107481844,0.10270382781091136,-1.509212372,0.6390051780607902,0
1.4214509690750496,2.8434340406220215,-0.719346319,-2.613164732,1
2.927827327328111,0.7428399565532176,2.678702748964615,-2.377037484,0
-0.947796961,-2.196379807,2.013060927492357,2.282056448575897,1
0.007870199,-1.880362694,-2.237286186,0.5289846604812407,1
0.038257948,1.1687346142060058,-1.168756424,-0.58579203,1
-2.871833557,0.6608582704531738,-0.461138872,2.5185878028806874,0
0.8507177862288291,-0.607833051,-1.418464915,2.4317096556458324,1
-2.902409555,-1.038525196,2.661033503,0.9241980418894444,1
0.1963144276997948,-1.778791692,2.000248645526323,-1.774805624,1
-1.510478811,-1.848893143,-2.051103237,2.719874975872817,0
0.6121895768478502,0.8270227920605637,2.7259527940727013,-1.616549669,0
-2.964494768,0.593301897,0.047069119344951726,-0.134097736,1
-2.628718733,-0.273390801,-1.274642609,-1.352611937,1
-1.665710519,-1.004829841,-0.881201549,-1.147345342,1
2.8725162943170535,2.596386513056923,0.44706059714917323,2.8863290304618587,0
2.9471880619151403,-0.86436174,-0.328874726,2.754370661907993,1
0.6517571957921193,-1.722425503,1.1362840100190024,-1.765522908,1
-0.963853538,-1.634639021,-1.530118704,-2.972066511,1
2.284252993196711,-1.224057028,-2.481753723,-2.478075566,1
0.33610965876571264,2.9575233032036223,-2.129865196,-2.402269314,0
-0.370176718,0.3799875230447727,-1.233717847,-1.184867445,0
-0.453140989,-1.115126309,2.4919895014111004,-2.748272572,0
-1.592579041,1.8513167773645272,2.003748747989741,-2.330669526,1
2.8425807,1.1601290993946538,-1.364441664,-0.263772811,1
-1.217168283,-2.099866501,-1.252931612,0.48055162493771064,0
1.9558181690128116,-0.818825551,-0.912590757,-0.191995794,1
0.8673336,1.5096975745938561,-1.039202971,0.5181148069508339,0
-0.663834952,1.2983991021803156,-2.011950477,-1.45845081,0
-0.443637481,2.336488739528206,0.4399547361041414,2.792376714,1
-2.380333888,-0.238947518,-0.48552882,0.6012370584358102,0
1.8717876522454695,2.048688153498361,1.021167652,0.8492181854733216,0
2.6941772522688447,-0.69787559,1.9966998851309299,2.5290223625537642,0
-0.050764534,1.3746154716198014,-0.73788086,-2.046725915,0
0.5190232888345516,-1.821170095,-0.254405215,2.2372758799699994,1
-2.483890875,-2.817428786,0.6388670842913253,-1.01363204,0
-0.492373758,-0.565736468,-2.480278626,-2.978601404,0
2.390539457185586,-1.693208635,-0.443526049,2.8315547800264715,0
1.9605754919019134,-2.352414868,0.05111419,1.3804741589700962,1
1.1903567099952745,1.5650511144268213,-0.255272071,-1.944462424,1
-0.210765336,0.8873234950397517,0.6515525196310077,-2.576867677,1
-2.610285396,2.7915469869312712,-2.08916727,-1.233225216,1
1.605806892936993,-0.541937545,-1.91121088,-0.196605706,0
0.41369982458019505,-0.283400344,2.5136764528326543,-1.291804229,1
0.9679929641980256,-2.326231672,-0.646287254,1.4459595095098416,0
-1.651098356,0.538626274,-2.079377825,-2.383789852,1
0.1393964935502563,1.050065976516172,-2.319797603,2.5066575142374905,0
-1.645366424,-2.280148151,-1.78380655,-1.982565261,1
-2.455952096,1.7870354086722449,-0.026773352,-0.668883358,0
2.703767561904799,-0.773949678,-1.998163644,-1.355742648,0
-1.566200798,-0.007552323,-1.250969256,0.096367033,1
1.0157605496807331,1.6637927142795466,1.2609466876033846,-1.766455701,1
-2.304601685,0.25470095460750564,-1.806529253,-2.490397669,0
0.1625660578765027,-1.039234889,1.536894071631023,-1.114850217,1
2.8723028223348823,1.5511391475642489,-2.653840671,0.053236442137657214,0
0.375723007,1.1718162640895855,-0.013219218,-0.09933841,0
-0.79236833,-1.371231697,2.6772012718604064,-1.094419982,1
-2.619472053,-1.996291564,2.1436598162477383,0.5198007547403036,0
1.6726832962623934,1.8526892768381664,1.9394186352664393,0.3036822464676523,0
-1.937276426,-2.110603487,0.44390652225067484,-0.800913878,0
0.34828944747460433,-0.009132935,0.6131884781852905,-2.807329256,1
-2.802979916,1.3295710250910524,-1.841236537,0.9131907731523379,1
0.27945546474872707,2.890766828,2.012435273298374,-0.521192872,0
0.6984769205589902,-2.296263257,-0.681683742,1.4033264465392463,0
0.7360295047719219,-0.093172054,-1.940825376,1.818875556945268,0
-1.361000374,1.9228744899714574,0.669654377,-0.763611432,1
-2.756368668,-1.605486934,2.334425552928984,1.9078460633743042,0
0.4491198776045877,-0.202065216,0.882856076,-0.202511233,0
0.8658290443148418,-1.155575402,2.0309833074688513,1.2115073607916003,1
-1.020146229,1.983996688940647,-0.075944815,-1.952166812,0
-2.533725228,1.1976344858233219,2.190724825248064,1.8446519315672614,1
0.9339061813329113,-2.151749666,-2.435735544,-0.929822262,1
2.1294653423926126,2.770417621839985,-1.551834871,1.5725740234903203,1
0.4432153014432343,-2.809155798,0.2574980995976386,1.835642417936131,0
-1.3432633,2.384169743822765,-1.582437559,-2.541161204,1
-2.040364143,2.022017212,-0.496164486,1.781673381729946,1
0.18739836593757087,-0.116645251,1.8414789089547918,-0.45907433,1
1.8121963863982096,-2.39602701,0.817864893,1.2155223393119083,1
2.3945843768504558,-1.654056488,0.6253192805571093,-0.400460618,1
-0.703370067,-2.359718669,-2.194600016,2.021930768685878,0
1.498520593953372,-0.705953218,1.9709194883377847,-2.515402891,1
0.7486435021990117,2.2090563162857304,2.0331853861874967,-0.76330344,1
1.471403118341934,-0.435191127,2.0408289863396964,0.18457170093013797,1
1.5891422946302471,-2.528570506,0.5401558296531768,0.30170506481603176,1
0.6598603304109609,1.1738496474935411,2.5086538202048514,1.7140924906561867,1
-1.682172051,1.9553776157525764,-2.267521934,0.7331915140504175,0
2.296522849475659,-2.393267675,2.098155919861563,1.7917244053814736,1
0.022652603034424512,-1.146614386,-0.567370632,2.811948814201271,0
-1.789814663,0.47762572697937156,-2.500555513,-1.692641615,0
1.5798983284471237,-1.184405758,2.9145964233764072,0.004902259,0
0.099235952,-2.782111564,2.7391604974635957,-1.954599355,0
0.23004359286265563,-0.62595234,-0.506491796,0.8598009962166504,1
0.9725320625548646,-2.074268311,-0.002480081,1.742864694851141,1
-0.340281099,-2.005173175,-1.120698341,-1.725722615,1
-2.245095193,-0.734513235,0.24561745918845057,-2.563490848,0
0.6229402333691003,2.9581466410176454,2.7847495921205017,1.9750408919949534,0
-1.401953323,-2.865554421,2.0012502172971063,-2.665678608,1
-1.766231511,0.2667192926807065,-1.929731765,2.0027299877918514,0
1.6629581775589743,1.5346170344234986,1.8967656953854597,-1.681789318,0
1.3733542568984962,-0.868310984,1.001068557410397,-2.267869628,0
1.2335194803870895,2.832646367404678,-2.738397808,-2.437026593,1
-2.258179396,-0.41661657,-1.25531889,1.841520921244162,1
-0.157276565,-0.092775944,1.302228607952122,-0.828186105,0
-0.880756515,1.5415583257648828,1.680250475020589,-2.913607365,0
-2.137257145,-1.721410913,-0.890397187,-1.251311499,0
1.011120290329659,1.9688114028177495,-1.847478106,0.3778803636116903,1
-0.793102494,0.034667250276370964,0.7245470507003633,2.3615989120920666,0
-1.846243993,-2.477960478,0.7632715142721147,-0.635214907,0
-2.02258384,-2.297476996,0.3534587212441789,-1.197176433,1
2.984558277515868,-0.564595084,-1.726280347,0.773094271,1
-1.534470662,-0.035483741,-0.104542898,-0.278654222,1
1.7765141776174493,-1.700321991,2.4258438304228207,1.748043019281206,1
-1.001265815,-1.916384962,-1.322789853,-1.004182519,0
0.3415990128422801,-2.721790987,2.4861547791123186,-2.40795086,1
-1.324359635,-2.344275372,-1.459963041,2.0260429116528504,1
0.691054868,-1.636060649,2.230551178796026,1.8042723553109088,0
1.5218956939294834,2.0857961903142774,0.717898089,0.008624161,0
-0.756389843,-1.657415878,0.3444699458813689,2.336954074,0
0.5638907339539498,2.51764117,-0.858495782,1.1708278351649861,1
0.8919928347758468,1.022603064376451,0.8702520734447559,-1.67007195,1
-2.13845461,2.8717695373923515,-2.728229227,-0.193581078,0
-0.449518097,-0.839886251,1.691903121460257,1.4721017298750958,0
2.4313495411796424,-0.627074843,0.38507716757675814,2.3538422840527238,0
2.9630883771323067,2.815766174192129,1.3070632276124048,-2.140634653,0
-2.860883929,1.951310138417651,2.0456521469509523,1.4781654495808176,0
-1.320459084,0.838907158,-1.102509349,-0.296110523,1
-0.70538949,2.4818405207403336,-1.595056016,0.4656654274425014,0
-0.834110826,0.9784266714853542,0.3873788470648498,2.543866088195643,1
-2.39032709,-1.676154961,1.598087782986335,-0.787278961,0
-2.005297283,0.019927555472326386,0.9128523696683173,-2.731039715,0
-1.250268664,1.8565352261762573,0.12146739966116549,-2.787724709,0
-1.308293968,0.8348439358765285,-1.803843183,1.9643484373164863,1
1.059455442501985,-0.171725634,2.4937426864007097,-0.649195374,1
-1.589559537,0.9684179551602052,0.43977112482089087,-0.988512594,0
-0.938012632,-0.610738148,-1.253168595,1.2614484381655346,0
0.9081504303072321,-0.355334085,-0.612871945,-0.809692384,0
-1.299190072,-2.485820021,-1.390771887,-1.072791908,1
0.28610403759206005,1.6427310544682987,-0.625787131,2.6685414351125507,0
1.9640997806469747,2.908811087302471,2.2572182462488906,0.7003556958562749,0
0.5908757269003133,-2.222843239,1.3343954933494064,0.601241146,1
0.041592620375908496,1.1597212353437314,-0.335712943,0.1431579744497169,1
-0.609886171,1.3042253602241392,2.259665823287329,2.045069634795616,0
1.7161516322968131,-2.917273773,2.4712827832647566,-1.350745676,0
2.3278436577802557,-1.818191381,-0.362125491,1.496392765961482,0
0.8416736716630355,-0.504468372,1.0717431404416704,0.29369706,1
-1.34558216,0.8779766729828387,-1.774517482,1.1639297055549926,0
-2.981334734,0.29263508257061854,-0.593594235,-1.181377357,0
0.094247803,0.8718697952153285,2.791873597280789,1.9983869393285865,1
1.3028992985028651,-0.12619853,-0.647135282,-2.804822072,1
-0.845418582,2.090262832035699,-0.695852508,-0.230490006,0
-1.368993456,-1.355203447,-2.628769435,0.682823554,0
-0.311583582,0.6357648449447675,0.2813214001731166,1.7930675237830487,0
1.506071473868836,1.628723118827276,-0.004565958,-0.876711892,0
2.600619543197717,-2.674381358,-2.084272153,-0.482405447,1
0.6837459154080667,-2.950797751,1.3159369158668515,0.3523592567394882,0
-0.091783448,-0.459029767,0.11692219044374674,-2.029285593,1
-2.347729564,-1.262175127,1.2570287519119479,0.5297273030129781,1
-0.119261894,0.4291257953757621,0.35554807823605916,-1.157748447,0
-2.415264317,2.3806942119783034,0.5994675757434873,1.1864879980851102,1
-0.216016654,1.5388834798593756,0.5069835838720032,-2.677193267,1
2.340582212362147,-1.166783119,-2.172655335,-2.471753954,0
1.3226418830526647,1.2238102008261587,1.2009727488796242,2.4945166360893953,0
-0.906341868,0.3667983381535391,0.7169734979660971,2.876890971398776,1
-1.125923138,2.7379871994236424,-2.107594002,1.5840087361670516,1
0.7973154001224767,1.9013762236319245,-2.827886558,-2.531213742,0
-2.581825323,0.5577567329837265,0.6176164054532278,2.436629336129857,0
-0.194378913,-2.59170567,-1.74282359,-2.951561431,1
1.6602871507704302,1.8935966212846473,2.987642497704816,-0.526833306,1
-2.884209748,-1.591620711,0.5266132059797748,2.771657802316419,1
-2.378528691,-2.270561879,1.2105539116736583,1.0032423301292974,1
-1.496961868,1.8788687460871136,-2.227327467,2.5544510686605584,1
-1.793808418,-2.511885764,-0.962867481,-1.872952269,1
0.1616473502161977,1.1210792242303569,-0.054470529,0.963643991,1
-0.810476914,-2.832464417,2.8443847453508946,1.9164810272399722,0
-2.559487055,-0.304941623,0.8101144204312476,-1.856434377,0
0.4679316681766288,0.20189170870612205,-1.750408869,-2.152738144,0
1.5537737377118246,-1.064481323,-1.535756797,1.427270116835932,0
1.4164121521378918,-1.341590062,2.235410767511122,1.129500990434054,0
-0.925414693,-0.435062099,1.360258115583707,-1.730497003,1
-0.187435245,0.9213500535485979,0.23699128805227954,0.6499700754269595,1
0.2772749968606778,-1.804635337,-0.53876793,0.19191297286527398,0
1.6803764540756765,0.9234254230172558,-0.440454329,2.8463989929548728,0
-2.35322687,-1.759170789,-0.95212434,-1.628567538,1
0.7526519808360677,-2.762695624,-1.935379294,-1.239916574,1
1.1000746504758991,2.255189295486768,1.7909506233183263,-1.9075144,0
0.3924345506464144,-2.819864128,-1.136779348,1.8359027689699605,0
-0.260005718,-2.100352066,-0.368679711,-1.811802447,0
-0.640851253,-0.072999164,-0.902651325,2.6218137026031654,1
0.3751817853382917,2.0573560436813807,1.5643712823334814,0.9669978556066594,0
-0.01866751,-2.986957297,0.680805603,-0.864255282,0
-2.293426999,-0.332242418,1.4133199336998281,2.7700667681922235,0
-0.755370653,0.25633979222986003,2.1074663001815104,-0.99600348,1
-2.14645653,-1.308709013,2.394736978850328,-2.043641349,1
-1.024673634,-0.212158137,2.0826793409455195,2.6262797019178485,0
-0.445138142,2.5917242901210935,-2.031245431,-2.058886249,0
2.695504917808787,0.058080801,-1.884552988,-0.072057777,0
1.699266932274309,1.9615221943411418,2.1838155398954537,0.4174254185245112,1
2.201676086207282,0.060181253,0.6423594143464637,1.5523188136298716,0
-0.447388244,-2.558511077,-0.899001859,0.7436653007757621,0
-1.846005782,-2.109687819,-1.241516732,-2.807331226,1
1.4605373885215185,-1.447706387,-2.25456962,1.1947764957806113,1
2.057568075259727,-2.880746425,-1.598401376,2.6713939492175003,1
-0.688475184,2.6315523802915877,-1.35472477,-1.691594187,1
-1.71534953,-2.488628037,2.378593731054753,2.8790101357974063,0
2.727052843629828,2.112168838963644,2.081327445905851,0.9665128030139258,0
1.957282271703681,-1.749945814,-0.672524218,0.8450177597684876,0
2.248627995369578,0.9628167742127021,2.034131750005235,-0.156302905,1
1.3038224262302656,2.879884838,-2.079068657,2.5615241538953395,0
0.1341836870514168,0.8593081843803478,2.2672140414630766,-0.542074965,0
-0.487844551,0.16309101808260218,-2.885387493,-0.020002914,0
-1.25347641,2.5677250943506884,-2.473588207,-0.244077228,1
2.684809022264165,2.4062115019108656,1.208090654247301,0.5361663119764479,0
-1.315614377,-0.798257323,-2.459190811,1.716649786549426,0
-1.056781393,1.006691394181244,-0.854431337,-0.214017352,1
0.3300148342583702,1.8111144503436218,-1.733061735,-0.607407679,1
-2.219510569,-2.54543697,0.6280461370127508,-1.865453734,0
-2.641203948,2.382587587238433,0.20588651871237484,-2.192230756,1
-2.679443235,-2.28083968,-0.171976558,1.0107915310133864,1
0.8476804499162736,-2.133461482,0.8009337110262527,-0.570806255,1
-0.211537294,1.8085824374719026,-1.005003764,-2.118005717,0
2.2407188013980424,-1.727216545,-1.235820777,1.2395403534157339,0
1.1013019023456438,1.8024001277029722,-1.896800151,-0.88632064,1
-2.244700566,0.24623488301162544,-1.244576445,1.133613846051377,0
-2.997933792,-2.641902009,-0.404638197,2.7491049358534108,0
2.345108324155097,2.9640541683718995,-0.499018651,-2.720589082,0
-1.164263148,1.0546251130437092,-2.189017141,-1.200166927,1
-2.663003013,-0.15019777,-1.746475934,-2.452511839,0
-0.532705143,-0.892647574,0.2251064216729537,1.494231931881835,0
-2.324587581,1.746753541260051,-2.842260121,-0.341388585,0
0.5245817213152915,2.7419920388387853,0.4435381612178979,-2.04750484,1
0.10525083206345487,-0.625296317,-0.123866594,-1.817417912,0
0.004962254,-2.099761414,1.464258484145219,0.5634375613535871,0
-2.52883385,2.3376868075738786,0.6982776276938303,-1.103357669,1
-2.726145603,0.7933601746297985,-0.759358432,2.445708629270926,1
-2.790733004,-2.765385388,2.6957957214416126,2.7892436740770377,1
-2.833546639,1.296199409647965,-1.671030886,1.2083565977164348,1
2.212396779947902,-2.395011127,-1.567401499,-2.85553399,1
-2.737020927,-2.822292851,1.8040941385584865,-1.210243929,0
-0.040731363,1.7270655815820977,-0.030338024,-0.424823624,1
-2.930560761,0.408237015,-2.251541531,1.587889444746157,1
-1.453573657,1.0451244648519307,0.8773411669480762,0.7000536175801209,1
-1.398287955,-1.397461337,2.178288261,-2.923156004,1
-1.910864199,0.6610255058519101,1.9022775264190184,-0.849926948,1
0.9206607516648004,0.3429385177214179,-2.612759373,0.730501182,0
1.8834208336349612,2.954689921796456,-2.822159564,0.9603490355032083,0
-0.512702681,-2.941272668,0.6861656622510681,-2.265436209,0
-0.728598899,-1.431797445,-0.833019586,-0.043826511,1
-0.844742805,0.31639122353723526,-1.568101859,0.8121706045702894,0
2.122578024749121,-1.655597719,0.047263295133735284,0.8921387072993321,0
0.38775678728049634,-0.806103323,0.8531982480344897,-2.830522763,0
-0.780562608,0.19567328784601923,-2.876321047,0.045892978,0
0.9255267645937701,1.5552461862782705,-2.319755512,2.9433892493501688,1
0.6370062080105736,-0.820837244,-1.505442873,0.4373811701004877,0
2.290269882999425,0.1233923768481886,0.9688323336297615,-0.853821363,0
-0.671086271,-1.282949365,1.2338237662094382,-0.84487468,1
-1.855701576,-0.783596573,2.1229632469965374,1.4295122614615403,0
-0.992154933,2.440853789020214,-2.551004189,-2.701477252,1
-2.235177871,-2.301271465,-2.47299411,0.9680556719879543,1
0.6050542779325432,0.885633063,1.1301963249721805,1.5412785148840786,1
-1.756938435,0.7338210794087989,0.48029195601823993,2.661960154820843,1
-1.605793655,-2.647662394,0.9209704182872591,1.4410370414202713,1
-1.300823965,0.4250905856380136,-2.642783607,2.760269047009734,1
-2.34045016,-2.594576783,-2.735339043,-0.436368561,1
-2.417041539,1.4678894457334515,2.393244963758434,-1.438686406,0
0.7726387155083936,-2.745969318,-0.68061317,-1.242347319,1
-1.628285421,0.8683409377721945,-2.218632322,2.16426314,1
0.9890154382124079,1.2644110721283486,2.612065851946009,2.654237229015088,0
0.30991394291541496,-0.027721096,-0.987710351,1.2934296612148097,1
0.2292533218788777,2.5972504784407473,-1.568244308,-1.138483882,0
-1.103457315,1.835990727340242,-2.405758009,-0.266105274,1
-0.434515578,-2.561162274,-0.535218009,0.0802679,1
-2.609371845,0.059172770668004304,2.7554274281004068,2.8734859389691936,0
0.19007867153886693,0.090581596,-1.286951002,2.98269283,1
-1.354624974,-0.282592197,-2.982395653,-0.904606255,0
-2.571358196,1.462948622310794,0.36608671817959326,0.43303126372593903,1
-1.280932285,1.8893777415178414,-2.980374448,-0.998392925,0
0.9569849427532064,2.447535224501526,-1.592304258,0.24660031036450825,0
0.22794852319992653,2.2450462142621994,-2.696898663,-0.453146634,1
-1.905205951,-2.870804398,-2.117814357,2.858824037089194,1
-1.710908943,2.6101846400147997,-1.768473944,2.5877713643069065,0
0.9277256112018861,-2.320688535,0.4914909307594666,-1.088915775,1
-0.701081064,-0.358974253,-0.463757865,0.9846533428981736,1
1.610208411544579,-1.024933865,2.5461837701141388,2.6307978841132584,1
-2.755857377,-2.910547267,-0.449602019,0.5438715059259511,1
-1.332571515,-1.443517493,1.0700029782551441,0.6102257079334188,0
-1.99711875,2.307005779590953,1.0798564209664194,-0.824542505,0
1.10174814,-2.324081479,-0.190463253,-1.986093543,0
-2.751412523,-0.970042378,-2.095587099,0.8011077417229484,1
1.0444073641062612,-2.107846163,-2.852321966,1.7568633698109624,0
-2.987657876,-0.936521465,-0.032500212,1.9118531312305969,0
2.031351856476844,1.3496366436627323,-1.516814265,1.3211216059150246,1
-1.520764813,-1.71235085,0.28276772538319417,1.0731266630043752,1
-2.681689405,-2.639864393,1.705024120900739,2.156983505792879,1
0.626645498,-0.427031942,2.0718988775951157,1.3729021966519808,1
0.4775651905876117,-1.081457268,-1.81202963,-0.487961764,1
-1.279064544,-0.964448474,0.093786332,-1.985436258,0
1.8370600804429529,-2.12682323,-0.114038163,1.4758280284826197,1
-0.089875754,-0.833867618,-0.150652165,2.0920241932448427,0
2.942590189703745,0.7868597357366132,1.7606642558922045,-2.913067883,1
2.2821864571474357,2.724298559567509,0.45101605054542304,1.5228291723613188,1
0.076468458,-1.282777557,2.1134878318980768,0.5810202719756505,1
0.4762985027484419,0.9547932230472385,2.1360189949730906,1.3914367546257864,0
-1.733254835,-0.199058734,2.8817899919172376,0.3273642825766476,0
2.6294721208247918,1.880216917878336,0.9961406508525528,-0.903808784,1
-1.174083915,0.8605263917855277,-0.404632555,1.7925217369003628,1
1.5627404372411755,-1.12721708,1.2163726983705718,-0.032698859,1
-1.060247395,-0.522200443,2.3721112032735716,-0.842893847,0
-1.27560436,-0.889156676,-1.712289383,0.26780992437797213,0
-2.115381382,1.9046627186214984,-1.646518517,0.5883301652378741,1
-2.249847006,2.870718889285958,-0.272547247,1.933028044552887,1
1.6118870138999029,1.2821582828740734,1.9641892272276582,-2.397218348,0
1.070983184831773,-1.405036588,1.7152299843995387,2.741212559087333,1
2.408937179056175,-2.310286665,-0.782685476,-0.814063457,1
-2.266222402,-2.41124368,-0.69065919,2.952429302979068,1
0.41365590639765104,0.7306897716255376,-0.17388654,0.9739833138241369,0
2.739972484468617,0.5321877216863511,-2.609769242,-0.042656585,0
2.956507639511708,-0.675583676,0.563287423,-2.360179419,1
-2.152917008,2.248088718923775,-1.19793223,-1.16729236,1
-0.676722024,2.7988720374271345,-2.493657024,1.9125846153080097,1
-0.950652741,2.096808155912849,2.9505338970272543,-0.907995539,0
-2.223861803,-2.133747012,1.5524453456951157,-2.130470686,0
-1.437470589,-1.773609938,-0.865928616,-2.553800549,0
2.1404548944435486,2.1608778708059617,-0.522402609,0.6725254141408517,0
0.851709425,1.4955486920755732,0.12414052526430641,0.062016273,0
0.7878226639692651,1.218290374019265,-0.919857738,-1.01777716,0
-1.381689575,0.29307933187649127,-0.839065863,0.2418796062457913,1
-0.564091405,2.020405095315965,-2.561218562,0.4332635616280478,1
0.45374250352318635,-0.697696137,-0.473874633,1.800788165297572,1
-1.315957738,2.2284227485569774,2.378059825,0.9037158264131757,1
1.6371462822485903,0.6776851701269306,0.15155468247954973,2.8000665255013777,0
-1.304070215,-2.07509432,-1.275087821,0.6877536502766706,1
-1.888899371,2.4528842593578846,-0.533853596,2.099777269751062,0
-1.504580733,-1.12098987,-2.644659617,-1.453393847,1
-0.058117086,2.6768215063394534,-0.666582157,0.8384632769000753,1
-0.433739295,-2.719248895,0.021195755380215786,-2.60451812,0
2.302199547585216,1.518221771705484,-0.728091172,0.8413119971477387,1
-2.327831068,1.215329921775905,1.9363944539488172,1.9304738912294068,0
-1.294334714,-1.417522828,0.12838612741607092,2.8066329715790905,0
2.523137865636512,-0.842169109,1.6789770370982646,2.5279065845487443,1
-1.434441206,1.9817738976176384,-1.392626239,-0.940307245,0
-1.807075855,0.042478794,2.059865365567447,0.16831282461307362,1
-2.259359942,-1.489344407,0.37717120368803325,0.4991247334233613,1
0.4614354212692189,-2.537979045,1.5221753558085256,2.4565691939340395,1
0.063113686,1.3129757206311776,2.4840929522193074,0.8557365296880954,0
1.0459543465863064,1.3284264803037278,-1.436985291,0.4960672483009647,0
2.0530506872667376,-1.223023618,2.383022997581161,0.7222916985937919,0
-0.460950891,0.7390977684017574,-0.588840566,2.028213611089048,1
-0.10608852,2.407280159,0.058848485086958835,0.962210338,0
2.986466526041103,-2.118204954,1.4203748924004342,-2.166766633,1
2.0331981945863777,0.5787202869720698,2.6289573636387553,2.195739612,0
-2.550767775,-2.17618475,0.6070255716409512,0.10988783965244897,1
-1.988609216,-2.22384463,0.3839447006496788,-2.706470712,1
2.242411817720634,1.8424975188157227,1.7122198302665357,-2.904017118,1
-2.71415434,0.29903472690437205,2.966554133365066,-0.946102794,1
-0.933751102,-2.194332199,1.0460148224370087,0.8800601339640339,0
-2.392065502,-0.195526278,1.0024494529318453,-0.038903182,0
1.0461814911885332,1.8976223845889386,1.1148925987306058,0.696685415,0
2.121541541666959,2.403531407218729,-0.666681377,-1.960500674,0
1.9071624240483036,-1.717481356,2.5737040184945137,-2.862732329,1
2.527627095715821,0.5350979556723763,1.6484526990772883,-0.609044478,0
2.950297751453281,-1.634691435,-1.413938024,-2.691405336,0
2.6428401783686297,-0.263824178,1.0491144883160954,1.124644364777044,0
2.2470125536960657,0.9895515038784559,0.3721270938251231,1.2619111451462617,1
1.5058247940187588,-1.884432323,-2.341997766,-2.550906897,0
-0.755679033,-0.011998561,0.69389939,2.7482071181376604,1
-1.015273079,1.5652443124636468,0.1881457175693093,-1.679460407,1
0.6918325747725547,2.8030570697382213,-2.254150204,0.043678587295373994,0
-2.690349875,-1.072702207,0.7236160655639474,2.0463416161845274,1
1.3819705303564263,-0.222859331,2.455336542624879,-1.18371201,0
1.5239004613509977,-0.15594587,2.3918145280366545,1.7845969299225608,0
2.4088179678425714,-1.714512906,1.0089025926972477,1.4307804484898403,0
1.454485591695562,0.024002702804025056,-2.932496866,-1.431415297,1
-1.06019475,2.1122197036905686,2.0453149026253215,-2.371919376,1
2.6990152906275453,-1.90525508,-0.513843292,-1.709058203,0
2.161994812976145,1.496412191155871,-0.878827159,1.091271756156333,1
-1.893798695,-0.706217446,-0.73735447,-1.57237991,0
2.257872297497295,1.0730744128747567,-1.320364137,-1.547275436,1
-2.892279174,-0.920506477,0.16062769989190917,-1.333734349,1
1.202749659,-0.529502826,-1.102092978,2.6343459527419872,1
-1.423194736,-0.610454279,-0.706255269,-1.552809926,0
-1.695139561,-1.185719887,2.185417019587085,1.6024973233757436,1
1.0859970849603133,-0.257382044,0.046523907795620545,-1.397166927,0
-2.554104517,-1.01375666,-0.026497464,-2.656121721,1
-2.470600188,-1.421848603,-0.797517758,-0.640099133,1
-2.292683602,-1.645071873,-1.430116488,-2.594190743,1
-1.043401796,-2.566670563,1.220747059,-0.683713401,1
-1.039485664,-2.240866971,-1.640978067,-1.603768746,0
2.911225289239818,2.0120962770509596,-2.90842625,0.7010195446108787,1
-1.464539421,-2.373738427,1.233598578718528,-2.210366703,1
-0.337555323,0.7929909890395455,0.326968537,2.865774589816457,1
1.7144556787351357,1.6451602567649388,-0.866427636,-2.949627047,1
1.4064655780241297,2.998392505774034,-0.564725354,2.9131109937427047,1
-2.149751343,-1.22092589,-1.97563841,-0.148944162,1
1.7818884090433222,-0.956029851,2.4373736229112293,0.2689824799787104,0
-0.207453518,1.7222150531716576,-2.391339018,1.6425148272640477,1
-1.542287999,-1.315124717,0.59672264,2.411606550277231,0
0.4704416986251889,0.8936960927669215,1.659567537631645,-1.444051446,0
1.9634020368248546,-0.492239106,-1.946065839,-0.899291523,1
-1.52321333,-1.627718369,-1.304620808,-1.914415112,0
1.0062105424958574,0.4799505422107031,0.8906513579005706,-0.937651657,1
1.618400415444266,-2.222347554,0.42682025676816115,-1.347282167,0
0.16565940418566827,-1.058176949,1.743070590547772,2.3476310330285672,1
1.4554873402297872,-1.946497723,-1.35079861,2.5161483931104947,1
-0.376679234,2.6470824560956014,-0.645289867,2.710647963543982,0
2.5544339263999856,0.9631613399196972,-2.947037709,-0.597991908,1
2.4674107781735746,2.310661734648688,-1.875673199,-0.604905024,0
2.013059567,0.4672671195003262,2.0837954006772037,1.9594043066913782,0
2.4448920417148985,-2.296676471,-2.128709151,-2.503145826,0
2.6116130465725895,-0.149025694,-2.614048299,-1.070820585,1
-0.891524153,1.8573589408605438,1.4128613530255372,1.136322297375414,1
-2.868818684,2.464174778558273,-1.706668399,0.774368428,0
-2.629085742,-2.510843449,-2.942536223,0.3955658672719835,0
0.7762780177014283,-2.697226181,-1.257090691,2.1087264850681002,0
-2.392149799,-1.700717013,-0.453652749,2.053644615798696,1
-1.470905673,2.9828220921800526,-0.868429121,-0.681308049,1
-2.267362775,1.0811874051391843,-1.539208903,0.7732055717702782,0
-1.66105363,-0.672766397,2.140032551726505,1.4334354688444204,1
-2.0724546,0.6462490042446083,0.7718439100428558,-2.456589159,0
-0.205166074,-1.435989626,-0.197219143,1.6624259479372503,1
-2.050442641,-2.260174766,-1.384101029,2.713652702079499,0
1.4869452671097978,-2.883264823,-0.593970945,-1.455612126,1
0.8288674102330438,-0.244245279,2.7869911491836454,-1.686129294,1
0.5271384959936443,1.2012600899413357,1.953386936,-0.558173817,0
1.121531445944889,-1.180791172,-0.387143446,2.373762787220395,0
2.699445655985726,1.3129040815635884,-0.753888655,1.920346739847984,0
-2.84479751,-2.383524537,0.9682424182521667,-1.252508548,0
2.708317310402867,-0.383636327,-0.423811078,1.0684770611455878,0
1.6054113738371374,-0.146647571,-1.71599459,1.6398518563537294,1
-1.077892351,-1.949335384,0.7898411395500795,-2.457277998,0
2.8281160505163294,0.7943835864728217,2.915373125530535,-0.966639459,1
2.8272309671423876,-2.126626514,-2.755831366,-2.802095637,0
-0.210777776,-2.501974815,0.073007305,-1.034996979,1
-0.986226045,0.8136539792710185,-2.021411963,1.5993202220383864,0
0.4921855186718087,2.489667773085065,-0.810956077,2.8962899524027534,1
0.4549658802841394,2.840411737125203,-2.837636076,1.367857934474328,0
1.8997291457564174,-2.68096028,0.4738179840974741,1.8116537615366903,1
0.3662323513384367,-2.617118458,1.1606834453898687,-2.636418512,1
1.9048133700986307,-2.7417949,-2.175615714,-1.349354457,0
0.8001887535648002,2.858154597787836,-2.293062884,-2.143753985,1
-0.78677762,2.017314826531921,-0.196614283,-1.070336398,1
0.36722299325316765,-1.436860815,-0.593040557,-1.004369105,1
1.824846134487876,2.5455343586280046,1.5574331529414707,-0.365498544,0
0.026009864979982922,-2.249557836,1.4811882668072265,0.5788540763702645,0
2.4146399768246187,-1.796333139,1.5583567315956728,1.1080299703151386,1
-1.404926797,1.0042718372449508,2.5462402834598974,2.510615926002713,1
1.3177594470968481,-2.711561325,2.233586023920969,0.9466716420272396,1
-1.137394481,-1.87649783,-2.302776822,-2.698578604,0
1.5246194877045385,-1.584942006,-2.854482384,-0.616376089,0
-0.104357516,-1.984618615,-2.735709983,-1.865247101,1
1.0746165710194457,-2.506537936,0.33022218334196296,-2.121528073,1
-1.825864959,-0.6415327,-2.395047984,-1.960778983,0
-0.906285531,-1.021985967,1.4956289140543912,-2.551306169,1
2.1627044139980605,1.8973930244367292,1.5959498381516308,-1.143765825,1
1.9372907132447246,-1.903187518,-2.253544765,-2.730261999,1
2.635862178033456,-1.151934614,2.5057072810674352,-1.364318631,1
2.4453957560180974,2.423574317,2.5420562700642773,-0.023079364,0
2.195677720793352,2.704595377003921,-1.052298349,-0.486753566,0
1.3154411240144643,-1.19784107,1.5228558534759538,-2.556647129,1
0.14099030573125315,-2.266119095,-1.240059141,-1.448247645,0
2.0335924413759967,-1.838896468,1.8506875209547138,1.7637620754475316,1
-0.006701667,-1.596940466,-1.63862196,-0.210452117,0
-2.947145956,0.18810452766819719,2.7166771546023325,-2.071758709,0
0.4400737288536205,2.770672131866741,2.1631328369496012,2.102280698288041,0
1.9310995823771346,-1.145858364,2.343700987600873,2.648042107399027,0
-0.02524546,-0.872573716,-0.514625906,-0.994761349,1
-1.725489348,0.7106908215173364,0.3755813174719371,-0.224489574,1
-2.42492768,1.781357788235999,-1.950398623,-2.31262774,1
0.7384283728976846,-0.608133833,-2.641149148,-0.86658987,0
1.630682113709777,0.6914952313025857,-0.823283862,-1.84917125,0
0.7907737248286395,2.3253318056781316,0.8776363080954828,1.877423127901345,0
0.12916703132622587,1.307826640446173,2.377360642670114,1.6390738695519307,0
2.459123720388874,-0.413162387,2.4253215307623393,0.7294034068902455,0
2.220292596490162,-2.763740817,0.947114291,2.087850473267392,0
-1.954787798,0.9707216007895387,1.9497282852997886,-1.272303782,1
-0.568522033,0.41710631099531614,0.11500613330737242,-2.764863642,1
-2.407967411,-2.397200524,-1.426392567,-1.524815323,1
1.4533343027207977,0.43646631609686715,1.583856507871447,-2.580623656,0
-0.088714575,-1.057346524,2.099635864534478,1.2467349414594198,0
2.2155508249607774,-2.721437266,1.324940937399603,0.24005011295746792,0
1.950000174093395,0.042963545554925986,0.24125446741145407,-2.689395714,0
1.0111371902158002,-1.361160746,-2.881836467,-2.601377025,1
2.7437136537961537,-0.923536263,2.208453771726954,2.7580634044155357,0
2.6596031330239365,2.2903514441965207,2.369063474767805,-1.265951734,0
-2.091180658,0.8355753725275417,-0.071366449,-2.407519688,1
1.0652478961344656,0.3771600449086403,2.1784044048626345,0.6551027741303921,1
0.4436770783305217,-0.35548966,-0.223277581,2.7262873618746966,0
-2.169323944,-0.322687089,0.9349634035610572,-0.401936126,1
-1.300706238,-1.275855775,-1.598063722,-0.936580797,1
2.2300486535014024,0.031347302,-1.558567632,-0.692839698,0
-2.365017528,2.4242144384324273,-0.550813007,2.882347227558454,0
-0.91476736,2.0181362833627263,-1.46168812,-2.54308264,1
-2.80959983,0.6370105598687013,-1.13055797,-0.338880717,0
1.9118822136047715,-1.511351486,-1.14808514,2.0720171103520038,0
-0.04342636,1.9659910023149259,-0.753143979,-0.609780115,0
-1.997169829,2.498075121569798,2.3807021640756574,2.905302087388641,0
-0.585317237,1.9116896505518532,-0.51027761,-0.274207266,0
1.979996361568947,-1.935799375,-1.678134393,-1.111630558,1
1.7290741950003454,-0.764090704,-0.85099075,2.9928980715314504,0
-0.697163141,-1.513376782,0.7392820692056601,1.8112797117300055,1
-2.582352998,0.7133533868308501,-2.785587265,0.1579941058771075,1
-1.458050617,-1.160149814,-0.197424216,2.5626447644735224,0
1.264003839527259,2.6210735777069782,0.959826027,-2.957353517,1
-1.406488816,2.434635466322243,0.8606731258064686,2.8898834194216487,1
-2.064215885,-1.219513001,-0.825794043,-1.040653091,1
-1.488050819,-0.339205705,0.8537887402162272,-1.132458463,1
-2.52180046,1.2511951613589805,-0.245900665,0.3388938365403793,0
-0.267596057,2.342145020729461,0.35246998299828025,2.5396610391104986,0
0.063452049,-1.244471027,-0.867344477,0.1327757615087135,1
0.17993662683005152,1.1240262092936923,-1.653030767,0.9530573997930105,0
1.6715280502845138,1.059551937,-0.109031341,2.9500839067010043,0
-0.571121045,-2.360456313,1.9290252924440576,-1.726792687,0
1.279713437414653,-1.926142304,-2.898735655,-2.041208377,0
-0.738067821,-2.360290517,-1.813925495,1.5877576661063575,0
1.619301647862784,1.9049293631458601,2.0469314192855546,-0.477384632,1
2.2052979641611703,0.1556212500842582,-0.176417298,1.3112179739746548,1
-1.717089532,1.7369842609648316,-0.423205041,-2.236227516,0
-2.284128519,-2.010559537,2.343436405462694,2.9456269335542853,1
-0.858157205,-1.247136887,-1.687374164,1.9428988630034727,0
-1.744755105,2.5445407795816184,1.0041022738276961,2.3827667500151684,0
0.32405912636487777,1.1440791730949806,0.7167486039462458,1.9871727379427817,1
2.0151648671152866,0.538757999,0.795045896,2.5312555229869798,1
2.579198903789816,0.985498703,-2.953474331,-2.373532711,1
2.147655190646497,-2.491715302,-1.718884915,-1.616719919,1
0.6014086186794292,0.4597967873025852,-1.263494859,-1.754331807,1
1.5871921791448553,2.6127369336358566,-2.683165921,-2.200917224,0
0.8529839322342445,1.8266487100285538,1.7471320126583976,1.3180989184961351,0
2.324567726988552,-1.695906723,-2.356254321,0.6921778205482099,0
1.9336553491405946,0.49226147088343897,2.7779849247534374,1.7733867683507363,0
1.2047508054555651,-2.638456255,-2.353546568,1.7090257955471664,1
-1.810572447,-2.826988944,2.4645641144817896,2.3448322422074046,0
-1.689097037,1.6812375484377275,-2.712122033,-1.289651977,0
0.7420014495397491,1.5790739769503128,-2.937604867,-1.04274832,0
-1.71392664,2.992682434492342,1.0258933943114101,-0.565971283,0
-2.546084388,0.5920215450417827,0.8502088256163853,1.8984355650188105,1
-1.268538882,2.8885684828805784,-0.363205564,-1.224337472,0
-0.909303996,0.11751631780274252,2.620209387042763,1.4109527875164032,0
0.46265789678269353,-2.023137672,-2.103880135,0.013181482881384099,0
1.372252227609895,1.506073036530661,-1.644513697,-2.399402923,1
-0.693234064,2.5090352594644454,0.27220351601629345,-1.079401399,0
-1.05817399,-2.207477729,-0.160657583,1.7481760710890306,0
2.8113521491640476,0.00957,-1.996710505,1.0977023988171872,1
1.540748056471772,-2.569801503,2.100834777787373,1.9759343399751446,0
-0.164753676,0.3625351116952098,1.280448382265515,1.0604887503771554,0
-2.900784131,-2.265388177,-2.024456665,1.5340553344325931,1
-0.359498623,0.27301575832095093,1.6361246213729048,-0.954106386,0
1.4933413639126387,-0.346204352,-0.736918873,-1.001776416,1
2.789668892954297,1.631840464253873,-2.878824355,2.7444929191092102,1
1.6526377783600399,-2.104951713,-2.541971248,-1.150835438,0
0.7450891760763705,0.6992801348968047,-1.344899249,-0.325950128,0
-1.728659066,-2.696527889,0.10182280456127213,-0.918053194,1
0.2572945937875799,2.679043935,-2.13977813,-2.98822789,1
-2.53873072,-0.223750223,1.2415921788139412,0.4845816199031341,0
-0.030632356,-0.876221213,-1.140154971,-0.742282949,0
0.6698097240544278,-1.993476265,1.6281724983277543,0.4515194405586618,0
-1.385061734,0.006917777,2.7766721261109986,-2.877050825,0
-1.802864155,-0.309718561,0.8306383306789686,-1.726630402,0
2.5884236902571773,0.8554320745478527,2.2645916937385833,-1.024092418,0
1.9737236058397771,-0.730684699,-1.483489365,2.469932034982758,1
-2.446689146,2.657332776338425,-0.248908765,2.9557528409151708,0
0.23756792241017255,1.544929032493819,-2.957573902,-0.01999908,1
1.4247208297086917,1.6969621197506939,-2.051708504,-0.486174298,0
-0.485568251,-2.378155149,-0.341726954,1.8425577521760328,1
-1.198915574,-0.404552869,2.7657521103728557,-2.809751545,0
0.5491306073721343,1.4606165506657751,1.565294604,1.2956281493042656,0
1.3587086608106187,-2.645924006,0.20481971481799688,1.697814429943536,0
-2.435609706,-2.927700466,1.8873709895979491,1.2737663253989355,1
-0.526761499,2.642378595445032,1.5995885679088273,2.8071656496394644,0
2.5758915572848036,-0.112238382,1.5282538718613958,1.0151483328458335,0
1.8686712605549491,1.7261304135059525,-2.08060818,-1.597586809,0
-1.405610537,1.9109913553020634,1.8644502235751332,-0.027987918,1
0.4849935555115268,1.9615329178103993,-1.124438396,-2.698927339,1
-0.10442137,2.4823028630920305,1.7428095657604379,-0.800296181,0
-2.611371837,0.821517032,2.006944775,0.9896913987278309,1
-0.449552011,-2.259878321,2.4646454648241294,-1.344250045,0
-1.654277781,1.8958599936579246,2.887319632343142,0.9609615524685622,0
0.7488629341473034,-1.083414785,-2.877519296,-1.849212805,0
0.5065826193394312,-2.092101229,2.303014841587963,-1.871131873,1
0.13262671807140958,0.072079475,0.6236737807779029,-1.035395582,1
2.241205206391892,-0.334190784,1.2009214724194441,0.8154651658002185,1
-2.297063501,0.7358361162156681,0.30421606788657574,2.3916243795354353,0
2.285259819,-2.094271276,-2.509889126,-1.232446685,0
2.9196771401058523,-2.870557342,1.037353437437261,0.6510824030458631,1
0.8794696827469011,-1.690284661,-1.639695925,-0.416147507,1
-2.424853158,-2.552320746,-2.469843279,0.4378750278375465,1
-0.613548859,-1.238299316,-1.105083722,-1.756300165,1
-0.530967988,-1.781651585,1.188276253795995,-2.256404924,0
2.689452507485079,-2.461086359,2.6607642856792557,1.9997698291224397,1
1.0842727236802823,2.473809933392902,-2.164687239,-1.942111355,0
-1.487084448,-1.531130839,-1.134910374,0.45378538963855997,1
-2.830964332,-0.70636443,-1.521689233,0.6397790883163319,1
2.9110159863092138,0.10592767310023543,-0.445888565,-0.790538729,1
1.7096953132791466,-2.56811441,2.7586230867607293,-0.492492684,0
-1.117795645,2.8444086983982073,2.6152731794591997,0.851604839,1
-2.888955751,1.491209857239431,-0.9866556,-0.670318615,0
-2.047547226,0.14074850318939625,1.4673155772225979,-1.361933291,1
2.6323974482602512,-1.831578864,-2.602425956,0.8661832400994056,0
2.0959123912802813,2.718797155845073,1.6030260630991133,-1.802099931,0
2.8659671088223817,2.516615256173056,-2.020995463,0.35271496149194626,0
0.33310455558587293,-0.344791331,2.905687981558133,-2.642266577,0
0.7632534506615078,-1.768178264,0.16398722838575797,1.6784446307251129,1
-1.519639181,-0.639842721,2.7046084456823944,1.5688844263218575,1
0.43633910707101364,-1.668015673,-0.448167375,1.6443679142995364,1
1.9232584686598573,-1.532362811,0.9723612625021154,-2.429982047,0
-2.860726155,0.29204354059812765,-1.653720874,-2.526527813,1
1.3789698773713797,-0.01215247,1.777662065750703,0.9836654380833414,1
1.378829639,-1.155836512,-1.420345046,0.6052493525715672,0
-1.799507158,1.8924726937921266,0.13752101384543103,-1.638060406,1
0.7510093939794507,2.670214410501706,-2.50743164,-2.343928756,0
2.063034881180039,-2.342437353,-2.763747784,-0.912416514,1
-0.19976469,0.4166666201441389,0.043801395385498765,2.479107375948681,0
1.6120086023498246,2.902861535170265,-0.141267461,-2.494022341,1
2.733183857657248,-2.97532103,1.656576083,-2.812307815,0
1.5672851439098308,2.627633639088325,-0.664438216,-1.554210893,0
-1.642325085,-0.049694135,-1.974677785,1.0375417839582726,0
-0.789885855,-1.061343046,-0.232286542,0.2555250146385113,0
-2.148418426,1.2465801827810603,2.2976825994319565,-1.332078503,1
-1.917654589,1.5630325423143816,-1.898749657,-2.752469038,0
0.7154593222966734,-1.561491502,-1.969137546,2.889616450287037,1
-1.2488101,2.420659741293214,-1.930687405,1.9138627923746112,0
0.012113238,-2.528431385,1.4016317618614345,2.35244023,0
-2.021898058,1.3535414540170514,-0.329684886,1.5232227195403096,0
1.283567689111834,-2.840398617,-1.927673784,-0.173836542,0
2.6015650314724814,-0.947559259,0.7732408216810915,-2.927497527,1
1.2667615292816645,0.6184095765168274,1.292368479694595,2.427963678,0
-2.121006401,-1.430462424,2.9746853530088524,-2.062296249,1
1.3237620391561578,1.350455463065411,1.0979624774134162,-1.635356464,0
-1.709195621,0.9980464082087277,-1.882498893,0.9693799904432243,0
-0.044830308,-0.680226794,-1.198605904,2.6854615999386997,0
0.048561946456725735,0.36751177506577193,2.6955365081207123,0.9232639085828023,1
2.7471175665409646,-2.361799557,2.079837790634423,-0.987512232,0
1.862925150422047,2.1338197451698715,-1.371072683,-0.547016301,1
1.3560861258894246,-2.405666215,1.5332012060360398,-2.337162444,1
2.486734393608349,-1.34196424,0.4535960812041351,-2.297079,0
-1.383041072,-0.576269739,-0.07770674,-2.999595014,1
2.331934574,-2.953951143,1.6421073779665498,-0.176526526,1
0.1432801494082585,-1.750407124,0.6442101020742248,0.2233914550167131,1
-2.01458156,-1.571285992,-2.598578226,-2.602298567,0
-2.917345284,-1.677154047,1.0779673643823342,-1.102707671,1
-0.943594381,-2.20856764,0.45282400593851957,-0.947138151,0
1.0579008205812883,1.4487568130553203,0.5081572514902923,-1.343582779,0
0.051646796023526065,-1.488415172,2.4174770121235083,1.5983145004953432,0
-0.041964564,2.7927428590688796,0.28053268038112744,-1.028787138,0
-2.427196195,0.2624738688804813,2.1624996694880734,2.2003123689386923,1
0.6274024000964902,-0.639369821,0.901777849,1.572842127354237,1
-0.530251294,-0.142474985,1.0836978442676575,2.259915636616478,0
1.7460622688536498,-2.865651784,-2.253765937,2.1166690817131304,1
2.002936968270202,-0.667159301,0.505667534,2.4350698945718783,1
2.469352086042578,1.698557074565345,-1.74246637,1.3816968441236694,0
-2.393409406,2.3636307567274146,-2.105107179,0.9740918406687054,1
0.6614596455140922,1.661397935277499,0.3094650141507329,-2.642600548,1
1.235077524264895,-0.701072647,-1.078289993,2.950041297202409,1
0.5423985957583666,1.2643144396164683,0.15795682161389024,1.6198358757099163,1
1.5124364129998513,0.9428766940809625,2.9864583686626602,-0.241238796,0
1.2371540897889304,1.7866677768295087,-0.743791742,-0.256949835,0
2.8150035983435124,-2.806253897,-0.988226076,-0.082722226,1
-2.991210042,2.394762606,-1.282533599,-1.453771007,1
1.9219571721224513,-1.332100629,0.9457355634121343,1.9290188634117555,1
1.7548610862622347,1.6917044245555735,-2.468174581,-2.520918195,1
-1.159379786,-2.784312713,0.002578419,-0.631307602,0
0.3421554752588949,-1.207268768,-0.085475982,-0.991531405,0
-1.828751447,0.8962000868268896,1.0406154089951114,1.9753901564985004,1
2.248510698922349,1.2267714262074927,1.124988520185072,-2.659946008,1
-2.341324551,1.875376262,-1.60229243,-0.866609639,0
-2.128215878,-1.829088189,1.6525034122212379,-1.428842283,0
-0.305790202,-2.089971762,1.0675794378965922,1.3696184048008568,1
-0.829846093,1.7084798767365035,-1.560560088,1.1514231726009365,0
1.379787488522724,2.8119442667326577,-1.606070009,-2.43773712,0
-1.421787466,-2.262826821,-1.981834149,-0.995312929,1
-0.51605552,2.422345354508277,-1.826305371,2.830553855527297,1
1.860919259,2.288828339360646,2.5766639384414605,1.519447182846724,0
1.7326789897023662,-0.37309022,0.062701408,2.5949125605998056,0
-0.730464531,-2.748317562,1.576526312848637,0.43894507030511054,1
1.8892557740598699,-2.5466924,0.7273919428547391,-1.513764672,0
2.4196115669669043,-2.340540362,2.0584156363503787,-2.468674488,0
-2.849415867,-1.58964342,-1.001732754,0.7591726308712268,1
-2.209652416,-0.376020398,-1.774418387,2.131819929282379,0
-2.730200952,-0.86437364,0.7882444798146535,2.4785290683116337,0
2.2079605361633714,2.371151997102981,-2.622880238,2.0455395687807574,0
1.6794754712647144,2.4145898956537133,-1.130542396,2.470590638,0
-0.584153489,0.8045981131547997,-0.454926053,-0.434109417,0
0.27982211276940916,-0.864439742,1.7564219656154147,0.8018324124914331,0
1.1385345692336744,-1.613791199,2.8174517308883544,0.9610565866377923,1
-1.816824813,1.5029414608262028,-1.957715381,-2.619690622,1
0.16532037687500578,0.3211437249740836,-1.866206552,-0.909726334,1
2.6746157740721817,-1.289980607,-2.066591635,2.9553717519927245,1
-1.186166782,1.0815220388764715,-1.610638911,0.3007271819183366,0
-0.68230808,2.7694755669551316,-0.403164753,0.5050451050903453,1
2.6685975954008825,2.9354057996277305,-2.390049816,2.005924272254333,0
-0.707301035,0.5689722372336767,-0.749711526,-0.593302766,1
-2.046854784,0.4365987505671951,0.28029567566834857,-1.863865269,0
0.25038257600364844,2.8386112957865164,1.2864515751227383,-0.114104642,0
2.496503913488252,0.45188613903183494,-2.189712008,0.2850578868747382,1
-1.914161308,1.605029032486046,2.803045286,-0.835088493,1
-0.390492719,-0.471021199,-1.288200145,1.7650797892717867,0
0.7063699964819756,-2.615690659,2.0328380101388133,-1.877470613,1
2.8749069702547265,-0.740021166,0.6986978829019428,-2.533058287,1
-0.932020352,1.8141237441646885,-0.136749048,2.427620901264137,1
0.4508306463048428,2.571433172374487,2.8956594420753365,-0.276632643,0
0.3909394354668483,2.0095238595076186,-1.670801967,2.169777442686658,0
0.5515208422636175,1.3530008123071529,-2.520875864,1.5971261007204216,0
-1.135278573,1.8313936610990522,0.05491523,-1.352313991,1
2.7165581821299245,1.5903743862689952,2.9141164432418813,-0.81318061,1
0.8953178012498322,0.6695320671823604,1.1253404464128174,-2.770100604,1
-1.249684057,2.456025442744844,-0.457079671,2.7638620744892837,0
-1.718980964,2.984543840886536,1.1854854537571935,1.6583605443989269,0
-0.618832967,2.4420487275637246,0.27277740575173226,1.085630281,1
-2.431150372,0.7900842053573607,2.27447393,-1.930300631,0
1.426355607809076,-2.847595446,2.5572180993751132,2.897502696187118,0
-0.874919599,-2.357556902,0.9514582089788703,-2.820992915,1
-0.105082312,-1.369324949,-0.159965676,-2.890346912,0
-2.690326902,-2.904145027,0.71479122,0.36055750605125114,1
-1.601052009,0.8798587734241279,2.305243541,-1.336067394,1
1.9919628472739248,0.9750548160130892,-2.797077341,-0.749100625,0
0.046543295154102715,1.3901951397283288,-1.27721665,2.896380629147594,1
1.107238443030515,-0.763117937,-2.417849766,-1.911793438,1
-0.07435344,-0.03182787,1.6063125889281213,1.3570597534335151,1
-1.792361769,0.5697397233495902,-2.876269196,-0.608715604,1
1.5846314434296342,-0.60294844,2.013577438808545,2.8569317407516897,0
0.6432756161961946,-2.129975542,-0.721936753,-2.94309987,0
0.6163555430445156,1.9294110058427894,0.7796404735382576,1.7165173751006986,0
1.7994235636553197,2.106075457304782,-1.400017302,2.2276111369225315,1
0.9245639907809453,-1.26164666,2.9237682899775663,2.7010943623900143,0
0.4466458992383959,2.0592502703973814,-1.431033068,-0.50377802,1
-1.896169436,0.12061585577548772,-0.02399142,-1.723120644,1
1.036810162296585,-2.293258227,-2.629851294,-0.690570188,1
-0.541051333,-1.081556361,-1.452320175,-0.96734193,1
-2.019746556,-0.579285185,2.4276202411046626,-1.653438713,0
1.1067066261021026,-2.149292938,-0.876560256,-1.072951317,1
2.622176366449967,-0.432107665,1.1427956626883038,0.6147768538279759,1
-2.153819548,2.6372427061837103,-0.924784249,-2.731449865,1
-1.197337759,-0.986197645,-2.443528036,0.7198644382796568,0
-0.919414767,0.7748076379858251,-2.959556618,2.8922903939445153,0
-1.976901849,0.9559859202296184,1.2947058196770929,-1.970349902,0
-2.329726307,-2.084536849,-1.519090465,-1.990607292,0
1.0439965617364901,-0.475000778,0.22674956709217842,-2.715979267,1
2.1674937786043396,-1.976570681,-0.839086011,-2.568590161,0
-2.179241192,0.9947964598539687,1.1555220135341333,1.0617929077521122,0
0.31282072707613207,2.7151299840714396,0.043062965,-0.303527824,0
-1.514726606,-2.406902824,0.28892957979707257,-1.11065888,0
0.1441522991430908,-1.76328553,2.0290360332474684,2.9981832579544143,0
-1.065578939,2.0539656435619786,2.237916818354444,2.976442732542478,1
-0.943679221,1.5362483622846348,-1.627145978,0.748776008,1
1.229055416837026,1.4467241552105783,-1.756966988,2.092353422977169,1
-0.474168838,-1.701782894,0.25518653023140914,2.1801427776416524,0
2.802527458668683,1.489246930367246,-2.966262682,-2.191795437,0
-2.542356081,-2.392717542,-0.701790264,-0.969040111,1
-2.317890112,2.2934121096854945,0.6925654579941614,1.7787798537386932,0
-0.770703667,-0.538583902,-1.094272737,-0.369440327,1
0.6622635741303218,-0.042095953,2.0275020371307013,2.4008350116589456,0
-0.18189688,-1.561512118,2.6711545167558537,1.4102318583055364,0
0.8407625163232795,1.4724824017438554,-2.544109306,-2.594242034,1
-2.081276085,-2.115294195,-0.475977151,-2.055575506,1
2.1271538655995794,0.4685815855681552,-0.790428622,-2.582264771,1
0.5461667757547506,-2.300803076,1.4593215024156372,1.8165485804629284,0
0.2638575477590468,-2.102382845,1.721176342442793,-1.153033264,0
-1.664081143,-0.176660154,2.535877448297507,-1.215760248,0
2.433471005835722,-2.678080148,-2.49885777,1.191366150811482,0
-1.856444031,-1.100275901,-2.181762114,-1.006510385,0
-1.317240037,1.4180258339339016,1.2121403291342627,2.729563058570193,1
1.3465301110382448,1.1689065181283098,1.1652233343759102,2.2978047338890573,0
-1.222579603,-1.199447345,1.4472828582296202,-1.627769177,1
2.4721200248878192,0.20869035052131624,-1.199250431,1.656599578139895,1
-1.126076221,2.7796699024312304,2.897935258349908,1.0007774517971768,0
-2.318196661,-1.4207469,0.092501773,2.108684701,1
-1.890681018,-2.373579246,-2.553135101,0.041805374,0
2.3082058175682345,-2.745844544,-1.726070796,1.1595420950370103,0
1.9551806108622927,1.8443971757950175,1.7104083439219862,-2.221201195,1
-0.616574507,2.9084679769904795,2.933325429528529,0.6145643517251278,1
1.2556032283268053,2.707702777711855,-0.300432833,-2.178798853,0
1.013693253096469,2.760613829403141,1.1832365631977666,1.8199267621424262,1
-0.463507176,-2.421221075,-1.986707481,2.895928976612863,1
-0.040894098,-2.927876459,2.732203684387043,-0.013320528,0
2.0176103897510256,0.2907488522213608,-2.389786298,0.6934174927916801,1
2.9844016579176555,-2.791573304,2.050765185090264,-1.587115226,0
-0.636802664,-0.763742929,2.392783165614718,0.026917132991028936,1
-0.316954279,1.908150653020658,-2.706557194,-2.481262109,1
-2.869866859,1.1278974240453046,0.1536968224750872,2.2561327552096957,1
-0.008802582,-1.669082563,1.8308842386264965,-1.234056875,0
2.6141386929132544,-1.497456673,-1.993676083,-0.040056051,1
-2.696909292,-2.781529629,-0.023912728,-1.709358715,0
-2.94388417,-1.223658531,-0.135795877,-0.634267791,0
-2.187183203,0.4780489669918655,1.2619979468858222,1.053234972979772,0
-0.637428472,-2.174423093,-0.003079359,2.3425905296224965,1
-0.187662906,-1.825913702,-2.441680181,2.663559828593277,0
1.4580564532614897,-1.122198164,-1.227885563,2.371310920335585,0
-1.934590591,0.21022373793926707,1.281025651075808,-0.621657888,1
-2.760585945,-1.633447118,2.4108488246542423,0.13871380103732633,1
1.8926474789278185,0.33411325674370396,2.6616125742738204,2.4548044533410707,0
-0.102671748,-1.090355847,0.6100127240736617,1.0493260900168409,0
-0.009869446,1.9336993265705669,-1.900028869,-0.993529016,1
1.1182581441987178,-1.519896808,-0.360931532,2.782401279769756,1
0.7552558361194448,2.6943434078467536,1.3346484194914554,1.348000618003038,1
0.5511430421412338,-2.146748431,0.1182857453177264,-1.484002797,1
2.992035326107681,-1.398228359,-1.615884939,0.7432989307442677,1
0.065692879,-2.87188252,-2.222800926,1.8662576509650757,1
-0.097848269,-2.123908711,-0.208544623,-1.481105502,0
-1.658451233,2.7463516586706263,-0.827852839,-2.721413372,0
2.8219600358238166,1.7690374486329468,-1.473520161,-0.546648992,1
2.1737374475707707,-0.855518884,0.4044242520395933,0.2091412179876757,0
-0.592232708,0.8370114108822966,-0.160255576,-2.87261705,1
1.8862986458876252,-2.321065303,-0.215460415,0.4794047455649828,0
1.2330363251597447,-0.535220788,1.4132909221831884,-2.211899492,0
0.9206732896246743,1.9580335655142171,2.3366638370250072,0.477398976,1
-1.122628812,-2.01986093,-0.926647483,0.23984623892663848,1
-1.822018656,2.715089434158558,2.382812573237457,-2.802256831,0
0.371770789,1.735852741479679,-1.52764824,0.14337739435646313,1
-0.564048706,-1.820722415,0.6884243032549362,2.9621530524409856,1
-0.808276438,0.3142740495868015,-1.03287191,2.261691700814982,1
2.1876162025421593,-1.927359672,2.399693245428364,-2.090947734,0
-2.427360242,0.9176076942091913,-0.684575365,0.18444356077122448,1
0.9154246916247804,-2.682976573,-1.242280973,-0.234562129,0
-1.400475541,-2.706171694,-2.479940561,1.8104872125224007,1
2.468320555277556,-2.086600185,-1.504428256,0.9134964283864178,1
2.7256306565546833,-1.202461745,2.131281757416007,0.036147867,1
2.7393518344846823,-2.182448025,2.842034389247919,-0.354128233,0
2.7176303425575705,-0.247858698,0.18049280472346885,1.8286500586639258,1
1.3357710044363635,0.717619923,-0.498119858,1.7546302043976354,1
2.6893699997359226,-2.941134618,0.5270705787159669,2.1958855738700906,1
0.9186752240733438,1.804975547000021,2.370366623093912,1.505706095118347,1
1.3021044081885966,2.7884753481835096,2.1821079473494365,1.8922672174966433,1
-2.481579837,-1.565820701,0.34053614595053716,1.2573606298488826,0
-1.18071064,-2.440031321,-1.133404879,1.6261750834831155,0
2.2644061760482384,2.477421890066057,-0.726799925,-0.764768551,1
-0.559755174,-0.745143183,0.997179645,-0.850060427,0
-2.87793638,-0.365852396,-1.655087603,-2.827157173,1
-0.174942291,-1.764272645,-0.283549111,-1.33350008,1
0.6222532216825991,2.945264321243757,0.2833915242699896,0.8813755013566205,0
2.515654546507208,-0.755997494,-2.000709301,-1.303216302,1
-0.583230356,0.8701060875350297,-2.972471823,2.120299288601906,1
-2.543436162,2.403930893511303,2.6966071272293926,2.9406167646728036,1
1.8570611064412654,-2.148866844,1.2370022593511178,-1.780072256,0
2.3827670134824235,-1.100364446,-1.039224138,2.5059197754892004,0
-2.920613575,-1.836203091,-0.468406401,1.2043294038611574,0
0.8853969962684123,1.0164712510028941,2.2801321704639843,-2.273817526,1
0.13297017731262262,1.3528661346149313,0.816710658,-0.31011528,0
-2.897312485,-2.637286406,-2.286352039,-0.940633483,1
-2.294079284,-0.443506122,-1.928148056,1.6749971851572365,0
2.228925700273294,-0.662114952,0.067990592,2.720977449,0
0.21304653209172209,2.970439295060549,-2.147214038,2.173358524,0
-0.016781984,-2.863715333,2.833337648636091,2.7902873984601477,1
-0.700374959,2.7248524265154295,-2.153942147,1.0806608467240935,0
-1.848426079,-1.520116582,1.676024623215632,-0.735851493,1
-2.957234983,-0.514569455,-1.631584076,1.099979481349747,0
-1.83330782,2.053521170618854,-1.397441927,-0.64183045,0
-1.211778835,0.8635400868561947,-2.393018753,-0.131403764,0
-0.993271109,2.304827779729888,-2.559527439,1.9781703895971283,0
-1.993917141,-2.46853404,-1.786062851,-2.384082108,0
0.12590368921275363,2.9292897174946884,-2.794035888,-0.233229904,0
-0.683578025,-0.962361515,-1.008818337,2.370076539758773,0
-2.886143099,1.649498324,-1.482400927,-0.700226935,1
-0.479100523,-1.171609476,-2.438646829,-2.314014907,0
-1.211213256,1.9308543173235035,-2.192234083,1.4558389988755849,1
-1.266781623,2.300789610672557,-0.430029148,-1.96966012,0
2.9150667006630613,-1.940192885,0.40571892739361637,0.4157188685768052,1
-0.763119293,2.708931555294786,2.0632473744703894,1.978917365029452,1
2.844911612576867,-0.257343971,-2.416885346,1.5927355526987625,1
-0.715124523,-1.857929089,-0.100515941,2.554313641002979,1
-1.971857886,2.092192891378451,-0.49077035,-2.179188116,0
2.0902938239319386,2.817722047148571,-1.252375705,-1.178782741,1
-0.656724102,1.884782186764843,-2.93749682,-1.65626069,1
1.235398866637957,-0.566163297,-1.018226262,2.2336973334121044,1
2.5040035208774363,2.687917314997172,-1.364696804,2.475075657234642,1
1.4217933283637336,-2.074711509,0.6616201698492619,-2.841991084,0
1.2502689346251907,1.4014051359056303,1.7360310515699844,-1.964849675,0
0.7694996456851859,-1.926859891,2.679900500335055,1.050064156085007,0
-2.428044912,-1.87780662,0.9807605887784869,-0.139977023,0
1.4177859972652707,-1.315267206,0.9475052210824613,-1.938238992,0
0.2622615801661987,2.7467975492999166,0.7693333937459181,-2.700038295,0
2.9325728264197606,-2.058802022,1.308414616182631,0.19518023438517584,0
-1.233835873,-1.936137087,-1.933785814,2.1503980872489628,0
2.2374750849805407,-0.20912687,-2.378271222,2.304990623080739,1
-0.077901083,-0.367425463,-0.555857853,-0.809914957,0
0.15603242165156495,0.6272473596702248,-0.201406779,2.379888980730267,1
-1.094032629,0.4698711407206879,-1.200276479,1.5201001427552052,1
-2.387273404,-1.867806019,1.8072084595617044,-1.900814429,0
0.7544780771684407,2.821460711425182,0.13734368259579455,-1.875621322,0
-1.075853726,1.9407484587254293,-0.890034521,1.3410681541788811,1
1.6641003773040612,0.007097083,1.6992803061983341,-1.098581973,0
0.09695788,1.119349583832843,-1.991561116,-1.358268196,1
0.9122196203619124,0.9321607189773209,-0.040184121,1.7735121406927234,0
-0.107670588,2.287933592,1.4154205852316721,-1.11183082,1
-0.628475949,1.0061201146190744,2.3667157129409473,-1.927747604,0
0.087981232,-2.287293472,-1.323269068,1.1158881557594542,0
-2.533592189,0.9741514913330844,2.4048667256717824,2.816221746110797,1
-1.700206794,1.4933877396472548,2.558222692233178,-2.451784135,1
-0.515858349,2.516458601232996,-1.78327501,2.602564102727051,1
0.1631524265266706,-2.400641505,-0.300736099,-1.042432827,0
-1.306775037,0.24885345380210255,-0.098443855,-0.108197042,0
-2.471149613,1.8139090861628198,-0.111364108,1.9254349722112458,0
1.9475678493057016,-1.097188051,-2.973922177,2.4674740647487106,1
1.5641681585174414,-2.356488259,1.2103622040186082,-2.879860388,1
-2.833445585,0.1549394375870552,-2.423775425,2.7860191349095134,0
2.3629873599015747,0.8988721874873087,-2.617746175,-1.050988453,0
-0.769662013,-0.114720985,-1.986582756,0.4650698567831757,1
-0.385376113,2.683781780357151,2.6171713777513146,0.39284373203983414,0
0.8660960159432114,-2.173221193,-1.660060567,2.404292425211457,1
1.1949955373744103,-1.863418816,0.42126183643933723,2.608567502936694,1
-0.928973363,-1.885077747,2.6521516614545897,-0.232407838,1
-0.496548008,-1.394596801,2.3495117696828656,2.0737006013374506,0
-0.582057603,-2.816320321,-0.320091417,-1.914851901,1
-2.143595579,-0.641438329,-2.405538376,2.7447870415899898,1
-2.714764909,-0.591782236,-2.023783788,1.1328679291725372,1
-2.527131305,0.28083344525180554,1.6386089712116254,2.700359010293824,1
1.1911653778164757,-2.403049454,-2.468876702,1.389588291228395,1
-1.70802357,-0.316564148,2.8597266081081534,1.9194407904232538,1
2.0795601438012037,2.1646194283684723,0.7172720407293474,1.4636035431748704,1
-0.846234512,2.9906773594371048,-1.322266982,0.5400444198211174,0
-1.30762993,-2.327573697,0.4055148890620597,-0.879907975,0
0.49931560514032647,0.3520708599899569,0.2535403748613696,-2.260193268,0
-0.358915354,1.8720236363927505,-1.109139027,-0.337010968,0
-0.037010458,2.1763878755504686,0.9335986153561135,-2.398784791,0
2.191025914830128,1.9923958528925398,1.5218758835950528,-0.20365189,1
1.5452723009148404,-0.127547624,1.4197412059629775,2.2806609898352175,0
2.343249510783581,-0.272528555,2.1560560761121756,-2.391255717,1
-2.389083495,0.2896016812048803,0.9110677107376137,-2.082037344,0
-0.166919731,-2.433823993,0.6125969133198623,2.130564220517087,1
1.4258338561171424,-0.730250685,2.9627627798227296,0.9776098587968205,0
1.891490606654875,1.018184323750396,2.9364977465227593,1.9281586033066374,1
0.11653930737264329,-0.798722623,1.092928974893054,0.5413308528420533,0
0.7761035461652721,-0.941929402,-0.427629477,0.34857944934389895,0
2.0357004115310584,1.5774535065774185,-2.288064777,-1.5266745,1
-2.84005365,-2.952236592,-1.653747184,1.795925688055978,1
2.4284859490463226,-0.649389805,0.37919157964007155,1.2363156117322847,1
2.717620195510359,2.4775934237845902,-2.65684618,-1.511004941,1
-2.705132736,0.6992545259343079,1.2629598988358346,-1.150299526,1
2.1231114487992873,-0.283123498,2.990289090582076,-2.997601844,1
-2.343061749,-1.189240542,-2.846954412,1.6940367464295045,0
-2.683369273,1.4938777997629629,-2.684589247,-1.483636412,1
2.0476608939511776,2.706571765426345,-0.512841944,2.8196337858753076,0
0.7612855425512555,-0.504989265,1.8168080638075015,-1.228028879,0
-1.405222432,0.9392860614664458,-0.657075828,-2.184491838,0
-2.598214588,1.7270554574908639,1.055464390814068,-0.529210652,1
2.3773658110263396,-0.534859485,1.2617728287923011,2.454691651243757,0
2.0442927522506604,0.066628658,1.0838183546803961,-0.51800534,0
0.8831830337646842,-1.45468537,-0.391547317,-1.742725574,0
-2.770890284,0.5312391034522337,2.1865760721047858,-2.846530352,0
-1.823821556,-0.238889644,0.9953809010535197,-1.972624838,1
-2.659831026,0.11429230636133525,1.9122582783438524,-2.788590544,1
-0.903783298,0.9810884567600113,-2.215547963,-1.584319339,0
0.21295586271759603,2.719390178185308,-1.275944291,-0.074835473,0
-0.600414822,2.384380032,-2.568660816,0.39688554804458587,0
2.076718195139664,2.928705462,1.192352985130844,-0.720387146,0
-0.529053885,-0.889906682,0.6216785988417204,1.4364346243095056,1
1.9168053815335853,-0.500441342,1.3002510135542353,2.497335552178658,1
2.524948766704232,1.2241740162878552,0.8214131568752165,0.1891564531500407,1
-1.900813991,-2.258222084,-0.085733959,-2.043335063,1
0.4619995540160158,0.874216382,0.15369358512024434,-2.781439725,1
-2.653632247,-2.319952892,-2.07812517,2.939295682615999,1
-0.933029899,-1.248159758,-2.686400186,0.8119223441135794,0
0.9131447107876842,-1.947307863,2.5154492455476785,1.8029612795707637,1
-1.618084099,-0.084901615,-0.249654863,-0.908877334,0
1.905808276953679,-2.344413086,-0.508114561,-0.431813217,1
-0.187646372,2.168099946591772,-1.690998779,-2.382460959,1
0.7068507769266481,-1.95699315,-2.550407485,-0.440104677,0
-1.682121415,-0.832700287,-1.441733519,-2.444181224,0
0.36208321754520956,-2.837889492,2.7982520879663966,-0.95201687,0
1.1709450629388227,1.8621772352846993,-1.325371227,1.4924322546604092,0
1.9945251325482571,-1.552096597,2.9549680613764364,-2.875867903,1
-1.697997119,1.680124537661957,-1.83521385,1.1895591798372394,0
2.1331824298974222,2.755285635805561,-0.154514908,2.8266547378927047,1
-0.53026622,-1.691231762,0.083531119,0.8989394658689558,0
-0.252220104,0.4018346638007495,-0.501544874,0.14857172412749886,1
2.7155740316793695,-0.001013085,-1.480922203,1.552479729075424,0
-0.974493253,1.8972430249283443,-2.658948066,-1.006932137,1
-2.43384055,-2.488093055,0.9503373550346232,-0.687991192,1
2.228873651910675,0.098430827,-1.227940673,1.3253333277731683,1
0.7441007495141978,1.7975677249752202,0.8615296580513099,-1.997919497,1
1.0218602260023957,-0.650704814,-0.221141818,2.529387454424068,0
-0.840215722,0.6717548579450323,-0.8191096,-2.431635088,0
-0.278847948,0.5823690267579114,-0.554980248,-0.656002892,0
1.9222710833663816,-2.821888966,-1.22648762,1.8705435922632692,1
2.523180891666983,-0.526202485,2.332765459176458,-1.806419267,0
-1.671437593,2.077148259508821,2.419546448043709,-1.663165392,1
-2.64405486,-2.458055178,-1.431714988,1.568694462880769,1
0.059950966777696735,-0.266466947,0.5048395869960056,2.3413386807731174,0
-2.457417723,1.168344765819488,2.5607450739324307,-1.719899749,0
2.026633895771006,1.1881482645570136,-2.913188784,-1.610329918,0
0.6350685653752848,0.014402036947269714,0.16761751516119539,-1.608417452,0
1.0500208242517601,-1.401489774,-0.663390201,-0.786504505,1
1.0321501327193916,-2.45848343,-1.766748594,-1.797017576,0
-2.349451955,-1.754430127,0.642361608,1.3930090252451288,1
0.9618206818147361,-0.148871172,-2.685392573,2.7540420641206502,1
-1.991541235,1.0105282224340248,2.477343692892666,1.186662575885931,1
-1.691702159,-1.105222207,-2.818764798,0.676549445,0
0.6779578852893997,1.3530034882582758,-2.934022264,1.9070477329467996,1
1.4322657444018487,-2.154680343,-0.914240344,0.8311493574253008,1
-0.02521875,-2.309434417,-2.475927749,1.6887377946485493,0
-2.064197292,-1.967443956,1.9855387521405454,0.6728378073793024,0
0.6282936489238344,-0.123925372,0.41397008641374544,0.6106181422308663,0
2.806957409061482,-1.662160155,-1.712625482,-2.656689074,0
0.9491927928559338,0.29425308493357116,-2.332564777,-0.812766389,1
-1.928020768,-1.011109558,2.707585016367661,1.0999130332831735,0
-2.954585395,-1.484951557,-2.937830718,1.2892109926120847,1
-0.183469188,2.9641121508863355,1.401499566,0.10747765624729144,0
1.8282325692488115,1.2288219074044564,-1.537342934,0.18154964896509895,0
0.33599234900442543,-0.292609808,-1.924844263,-1.65978569,0
-1.313715594,-2.938469104,2.5016633530170562,1.1165759495008736,0
1.1377038947068252,0.4339836828547279,1.1358648489663548,2.8911752992418185,0
-0.689037974,1.2751535212593827,-0.842825974,2.1257327924809557,1
2.148171641,2.4135985525409103,-2.967220055,-1.21085133,0
-2.196453893,-0.276082813,-0.027302144,-1.464575743,1
1.340678952270422,-1.381381697,2.1233482517001514,-1.934043791,1
-0.796588231,0.7334265505458304,0.632010423,-2.531825328,1
2.077551673145689,0.5883896005786511,2.2191572922430103,2.205813469367211,0
0.2755121422501863,2.464688743868628,2.0904467928807353,2.7487376673706265,1
2.102990391356438,1.9272231060068972,-0.183837116,-1.727813638,0
2.464252398452915,1.335295118676454,-1.309512815,-0.954025663,0
1.116471071143323,-0.13309615,-2.511104629,-2.151312326,1
1.4738921010738668,-1.028582829,0.04589657,1.5997288695211545,0
1.5070535622363153,-1.997909839,-2.409636814,0.5469137577905396,1
1.4497972435874376,-2.105760468,-0.768268276,2.221667975805844,0
2.6653388493619268,-0.275581434,-2.522904396,-1.453821263,0
-1.602180478,-1.566217677,-0.036709768,0.4993539101494271,0
-2.264942468,2.3361360391700057,0.7198429396866892,0.5835103816080323,0
2.923673990305705,0.7688638649587523,2.5737548958071095,-1.282458166,0
-1.559223058,0.099112121,0.051653686,-1.641098103,0
1.1979339413996861,-2.822197085,1.143782835296716,-0.256932683,1
1.1340450650704739,-0.137516216,2.8640026973081696,-0.991890293,0
2.895437622014329,-2.610156345,1.1025646485453393,-0.274684759,0
1.9328257531782018,1.7376964183019883,1.8012610972556242,-2.431568404,0
1.9341941991677682,-1.715759055,-2.845918417,-1.693567682,0
-0.124289372,1.4526681594685922,-1.688205115,-2.321954711,1
0.8758035301436538,2.9033882181601056,0.6052218125137085,1.1463441847405305,1
0.36700466247852015,1.6940906653710233,2.854826521256669,0.26477537642510907,0
-0.49925693,2.1620583669607587,2.818370063,-2.224910155,0
0.46902579284326773,1.7547599552759845,0.20003643093834444,-0.544818191,0
0.9313789268125237,-1.379231433,-0.905197542,2.953659953288068,1
0.818792006,2.2375637898664476,1.8466110782228604,0.9136353263641448,0
2.044374494752639,-1.277049027,0.8226986928737903,0.5436209371438854,1
0.734517605,-1.988208437,-1.33654176,-1.280050087,1
0.6116769754365796,2.835281282638716,2.724405307092889,-1.636862682,0
-1.170928542,-2.783628646,-0.607106461,2.0080447300821813,0
2.4945104339168402,-1.581021123,-1.405233159,-1.674901101,1
-0.899378595,1.8285563915432679,0.881144819,1.7156455071822005,1
0.49818663801183716,-1.453601532,-1.632034919,-2.945995765,1
1.685892821244435,2.0827273569883067,1.6096955977704974,-2.553587654,1
1.5733297630191956,-2.725395281,-2.366441606,-0.357147762,0
-0.143117946,1.896711819712178,1.0771613522454633,-2.080078928,1
-1.643119301,-1.28594887,-2.257964175,-1.274130682,0
1.3715889332383986,-1.551591179,2.0121578823623185,-0.182898029,0
-1.062385433,-0.525491373,1.2569804435609484,0.10075621947594149,0
-2.956328016,2.5339430795104505,-2.604023982,2.6317280928863145,0
-2.831083058,1.6258760097446903,0.20804824909972908,0.034357083624636076,0
-2.563328985,-1.567529938,1.6652839023911516,2.3475589795349645,0
0.17471208631787727,-0.879939622,-2.640340752,1.093071156398043,1
-1.329320336,-2.66991771,0.9951103745917327,-0.085681239,1
-2.928227102,-2.334455765,1.195211575475665,-2.617972002,1
2.195778389057941,-1.132042335,-2.468001177,1.5585442690083928,1
0.14656340671814228,-1.160159806,-0.56340995,-2.871525626,1
0.9761912252365739,-0.805357866,1.284225418368778,0.7690268757152832,0
0.9075251154584274,1.7573562660265942,0.7869484702575065,-0.487644425,0
-0.66043463,-2.282507359,1.6766604789374506,1.5666506505277304,1
-1.522209797,2.1760914761888674,0.5340195467437692,-0.127878946,1
-2.89502219,-0.703552885,0.844024609,-2.461512974,0
-0.242596147,2.960615708169577,1.299231823254405,0.2812253250096264,0
0.1981973096344598,-2.737409506,2.743886624447617,2.5690659617102583,1
1.094428264052679,-2.405930102,-1.75299662,-1.896542785,1
0.11747091060731307,-1.753176753,1.1748033692651898,0.27137931581633445,0
-2.894050938,1.4643434222139096,-1.86702758,1.9493107180840612,0
-0.869727377,-0.96828192,-2.929095985,2.9263738975381024,0
0.6720260350311831,-0.463619003,-2.420271573,1.1948883849061005,1
-1.30361718,2.929684910253174,2.7032841548959388,1.4117800728167316,1
2.826431581697814,-2.366196825,-1.320507837,-1.480540267,1
-2.567924049,2.8333595878287348,-2.64015548,2.1401334239659775,0
1.6089685474610356,-0.744797475,-2.887155824,-2.96342457,0
-1.776036956,-0.03674052,-0.252540131,0.511755459,1
1.6317558579645723,-0.735872311,-2.037817827,1.8002935009705432,1
-1.003855912,-1.278708613,1.5858722305754123,2.604836628498867,0
2.4897676920645413,-2.175345445,0.018948921,-2.442778298,1
2.765855753438398,-1.708632685,-1.815422551,2.3333140380388766,0
2.807103331,1.1857935557715393,-2.273969798,-0.084866337,1
1.8996305643696223,0.4348631022494711,-2.204430872,-1.968673503,0
2.1848500550088303,0.16217498212490078,1.2350206426002739,-0.761624843,1
0.1949134975130491,2.8626188423261505,-1.021781778,1.048731165049647,1
-1.964966657,-2.269560688,1.7018406675541788,2.0646492599229935,1
1.0098701720964929,-2.050824975,-1.556472206,2.467054249,0
-1.267775707,1.9131630971827054,-1.284376267,2.6367754159406074,1
2.486717477022018,-2.740420958,1.6224839212044513,-1.983229439,1
-1.708370245,-0.240928726,0.45790889849670036,-1.045201686,0
0.4523001933252555,-1.976049772,-2.865974074,0.4273463301705789,0
0.10449155977391289,1.137923784,0.8989323718069473,2.384918281403733,0
-0.243188279,-2.949783152,0.7839160895811244,1.0507945776193104,1
0.12896993637581833,1.1358292214472936,-1.058497121,-2.107150181,0
0.9873219837384397,-1.528881425,-0.262104544,-0.050263616,0
-0.136802697,0.5906948620797348,-2.823277746,2.9380949695805283,1
1.2978628436314281,-0.447673309,-1.852019818,-2.518936065,1
1.033142523756731,-1.09826631,-1.623129251,-0.720273677,1
0.5575385268462605,1.030231300104007,0.8710204161271808,2.1795935009518415,1
-1.687455414,0.8204769791828133,-2.393313743,0.2876081393950667,0
0.5037504149380272,-1.702576206,-0.64984122,1.9631573375028148,1
-2.109545677,-0.392962814,2.5963984272687117,0.024653566197605503,1
1.350802270999722,1.961196237333306,-1.777353751,-1.690696587,0
1.5515487365903011,1.519840429058405,-2.638900076,-1.065010556,0
-0.608805049,1.974242420826922,-0.468826467,2.5555733424194624,0
2.979646662843841,1.684356994166098,0.9983201374035446,-0.648617004,0
-2.597763324,0.43883253837678327,-0.829770567,-0.894611545,0
1.126255516256614,-0.218163848,1.5125630686287002,-0.610960664,0
-2.094819687,-0.231914843,2.706075086,1.8091477746993494,0
-1.76550447,-0.65219699,2.566752571323226,-2.257805648,1
-1.476298549,-1.426664125,0.42559725397190107,-0.535600082,0
-2.520775956,0.7750887274625136,-2.405532813,0.6384895918744689,0
0.042050281,-0.037988036,-2.595022528,0.8353226813012151,0
-0.412078448,-0.533363266,0.5787083785112204,0.6374883596792844,0
-2.909800225,-2.248644593,-1.580890675,1.0678640000758746,1
0.4604467621776447,1.5457747943085227,1.4436468332631414,2.119097215236904,1
-0.739110832,-0.929616803,1.986092418320779,-1.574390797,1
-0.232965758,-1.834046088,2.4830444528352817,-0.553181921,0
-1.725078611,1.1520803434134717,-1.532131931,2.6610216190213407,0
-0.794297911,0.9878442726110226,-0.928530413,1.8434734979608418,1
2.3815364461366553,1.7275101564887168,2.090994112,-2.388715032,0
2.544388062198398,0.7458043732516817,2.2153051929971976,1.106620585112493,1
-1.788913989,0.6573306098740588,-2.454322562,1.1743381813089515,0
-0.545993154,-2.089600961,2.875378895210485,2.4065065452640866,1
2.3612622804195222,1.7329218381135174,1.151886750861106,0.9304768817534708,0
-2.363436974,2.403397411910725,2.2867703778276622,1.4871157591491206,1
2.5638897544507353,0.3185007083879521,-0.314145992,2.8076844129976726,1
-0.215212873,0.8479466464029461,-0.761627119,0.8179573561183675,1
1.320593973754126,0.7479331517313024,0.087377647,-1.199335214,0
0.8630740568173403,2.4505733715681774,-2.958524453,-2.196425835,0
-2.281361049,2.539231817357124,0.9764861337756883,2.7107286388209033,1
0.4968796392745696,-0.229602617,1.754057470886175,-2.034346395,0
-0.711971302,-0.202354557,-1.209249633,-0.772286326,1
-2.531368878,-1.812098463,-0.987019678,1.7753425993988063,1
-1.905015871,-0.920157756,-2.610478271,0.3426260689596359,1
0.6675053288455666,2.193098780773002,1.9146959910117847,-1.287732272,1
-2.178277865,-2.063500907,2.8137836582426674,1.039354884044144,0
-2.744575273,-2.17932447,-0.085199609,-1.753027174,1
1.8219539100001132,0.4393027054161891,0.6757932467357906,-0.223046712,0
-1.463623347,0.5364216792152794,1.3018202769643903,-0.774311534,0
0.029661783707012113,2.0381038228321993,-2.107909429,0.271346516,0
-0.909524029,1.2167685493033833,-2.887138541,1.022839798819132,1
-2.382613596,-2.611393482,1.3477398057516776,0.8420529174244411,1
2.3696155853559526,0.11792973480387081,0.18014655316300265,1.2421070134593029,1
-1.059614542,-2.778525267,-1.619725046,-1.571919529,0
-0.986046898,2.6607763982427777,1.8290567919788874,2.615737471231152,0
2.991657540678003,-0.397325975,-1.6375601,0.3600249675314946,1
2.2868064836887125,-0.205608834,0.032395815,-2.193365364,0
-0.477267045,-0.678031141,-0.889868983,2.3237920195451984,1
-2.644191401,2.832883097384082,-2.950519048,2.673564083698854,1
0.28828501703126097,1.214671466400695,-1.877202902,0.925269234,1
2.2917460111663956,-2.163119161,-2.237510326,-1.176132545,0
-2.029644645,-2.336124911,1.0699142159117505,-1.717040317,1
1.0020893964119173,2.171575362694898,0.9121487484780033,-2.283797581,1
0.4414654442846704,-0.638227895,-0.93977438,-1.088811188,0
2.5765933429178727,1.4550447400663664,-2.196907263,-0.143967122,0
-1.090661548,2.8676298752757496,2.8681738377190165,-1.082793154,1
-0.887321303,0.5964852428192735,-0.124157914,-1.721394767,0
0.9624730019316683,-0.995228137,0.9222989899930054,-0.697910866,1
1.2012593631376296,1.0067968253379034,0.052876535526004353,1.2284399442649852,1
-0.234205943,-2.303170202,-1.90736248,-1.524041195,1
-2.620626431,1.2682873237840209,-0.795658639,-2.438860222,1
1.9197487243534814,1.101925706781449,-0.286654577,-1.515447989,1
-2.089524637,-0.249754849,2.3114744580633744,-1.86962806,1
0.4119553739489277,2.770115971333536,0.8226994485876773,-0.360211619,1
1.298237837633451,1.9474675141122386,0.5430977873210527,2.2309941539579556,0
0.087550556,1.9801740132375398,2.712115442434171,0.007460802,0
0.6300102935119511,0.656805258,1.6886091815897437,1.937795041064537,0
-2.836624103,1.400157384542327,1.7028914677814262,1.2025766367494217,0
1.2821739559385765,-2.751582845,-0.347768028,1.9090778983304437,1
2.6040428477706214,-1.623192477,0.4751696421167706,1.8259814373035024,0
1.5144458571551143,0.7133407018804747,-2.88785287,1.3433150406693954,1
1.6394550196728899,1.33709704,1.5948549689397407,-0.414510644,1
2.9625128755523455,1.6247214952359537,0.47208003167991297,2.6051476184797435,1
2.449190037,1.8874023920055896,0.382169514,0.16260611488028065,1
-1.027752408,-1.494732125,0.074157102,0.4666905702718429,1
-1.532841411,2.535607461920872,0.34364398040591126,0.15903195229287936,0
-0.38616967,-2.651572226,2.2944080067590953,-1.098034641,1
0.8547620068097666,0.644601354,0.5069209523071607,0.1542732120695045,0
-1.911360999,-1.316365554,0.14512842762180078,1.7360547095815555,0
-0.408066176,-1.776464682,-2.472333451,0.9780660209641452,1
-0.459960176,-2.247774644,1.0468012799219029,-1.754527615,0
0.054096289822062715,-1.16287215,2.590140386604002,-1.630271602,0
-0.480488871,2.756961580968035,-1.08764892,0.8675589780660005,1
-1.099637738,-2.335950125,0.7652833961057568,2.4961892117120428,0
-0.284611997,0.7570592561548031,0.6533904795397385,-0.509461784,0
0.6893798325883833,-1.444091493,-0.731772572,-0.346086862,1
2.184052101374883,-0.910002631,0.8108222886949585,-1.719576975,0
-1.484581626,0.8905732527598658,1.5738595641996218,-0.227296941,1
-0.989401819,2.461629335593635,-2.18515311,1.3242854258960826,1
1.1410244984826177,1.1414709763667652,2.612522666541146,1.3691418058847535,1
-1.190608864,-0.879544655,-0.653334161,-2.815147955,0
2.4810618924495422,-2.558684377,1.1987656925848302,1.380966029,0
2.0622903037832376,0.3201735335731355,1.3515865431392218,-1.183662453,1
1.4735040654767406,-0.939505576,2.4170308705601764,-2.019709153,0
-1.105456136,-0.007383291,1.6551033428885873,1.4927946306181914,0
-1.735698754,-2.13458582,-1.176182374,-0.09747509,1
0.23403026895450374,-0.425174454,0.9785406998880419,-0.434646338,1
2.677974059632768,-1.434186912,0.7642327240205686,0.6682676319607905,0
-1.310551669,-0.529874253,-0.807158283,-1.96500564,1
-0.136228724,-0.680026482,-1.93009584,-0.300719727,0
-0.46893619,-2.211805934,-2.212874748,0.8850442790741844,0
1.2394848283026239,2.647082519453429,-2.477971857,-2.292831046,0
-2.689091229,0.1933705845415803,0.7364796857713589,-0.578859288,1
1.7874133257667966,1.1201966160228007,2.9150425256811596,-2.1726301,0
-2.650106014,-1.351177767,-2.885698828,2.595668567199076,1
-1.176290048,0.31458100182875315,-1.091582203,-1.525148268,1
-2.085811656,-1.077804478,0.6925135824478472,2.829727198125167,0
0.3485522422028966,0.1962543965940311,-2.788421891,2.040594094006156,1
-2.73095175,2.437393644620875,0.23203035214030754,-1.989200369,1
-0.289755648,2.9699068840991902,-1.169502888,-1.383241389,1
-2.29196463,0.5828540927450332,-2.464638006,1.5960483828244634,1
2.515341085983348,2.5912266672929967,-2.352502483,0.34957558411781253,0
-2.417340871,0.4320968489057835,1.8898835112574863,0.22674097381970792,1
2.232322956640087,1.810046129096266,-1.3407099,0.7806136972946498,1
-2.955527241,-0.623748504,-1.572238993,2.6226980756609173,0
-0.56766593,0.9243865705348835,1.3918896556416431,1.6392752320890454,1
1.414651152105173,-1.265009634,1.116406180375332,0.2940568935736998,0
0.584235989,-2.995112296,-1.450454394,2.5841021802939332,1
-1.2595435,-0.371906867,-1.879956107,-2.168384689,1
-1.747986188,0.3218839732018379,2.514171908340649,-1.042804921,1
-1.059552287,0.3848435213212098,-0.859543694,2.462496287903928,1
-0.732911744,-0.057346485,0.20033570382246513,1.692406770782827,1
0.3834356364893017,-1.565069399,-2.25607676,2.626647280133784,0
1.809377967834644,-2.862208738,1.9291739059412851,0.5435867634286122,1
0.11336541020965996,-2.926624926,1.6851843383064908,-1.811609915,1
1.3678872791644743,-2.904790516,1.7781218979971172,-2.86176319,1
-1.584642576,-1.390330725,-2.054948171,-0.113650823,0
-1.297872242,2.959727854,0.47981276019263364,0.39886695032544317,0
-1.674782219,-0.547863368,-2.256132034,1.5751755135023178,1
-1.013044523,1.5117950003592622,-0.769824,2.9325434406890736,0
-1.973270266,-2.990856637,0.5689532482703141,2.7177192005270285,1
0.882324329,-2.485658864,0.24288229479735257,2.4569216168263637,1
-2.960963593,-1.998526723,1.8873693366156985,2.363442639464897,0
1.2429637252096253,2.9493609818389253,-2.458704422,0.27405909501936154,0
1.109968335885517,1.2158683222145275,1.7609076920650963,2.505756270596299,0
-0.830151326,-2.742219643,-0.825348513,1.029688580323409,1
-1.719263476,1.859837709352263,-1.681413254,-2.939619586,0
0.048484645,1.358769428,-0.902067957,1.4933747972207208,1
-0.369573995,-1.969712296,-2.456649637,1.263522989444084,0
-0.685711274,2.4766426075426216,0.24153035144369817,-0.909405491,1
-0.906054438,-2.211372813,0.5627349215349398,0.493002812,0
1.7999621516189608,-1.792818225,-1.255262145,-2.416572185,1
-1.227946786,-0.431387305,2.7841704357239028,0.9183960172494801,0
1.697243578675173,-1.046940689,-2.132923123,-1.459680349,0
-1.461193854,0.49869196976056296,-0.951173205,2.1443931859996734,0
2.931267115418988,-0.940209568,1.2303616421220642,0.9449194915222128,0
-1.833225074,2.508051568923804,-1.803344477,1.4217427900181931,1
-0.914342146,-0.797510598,-0.267305683,2.187047868330837,1
-2.158488351,-2.672582533,-0.587755087,-2.666489405,0
1.1256052983446434,1.5619504501632795,2.1282743685195538,1.4630534729015814,0
2.498108362156075,1.4898067363393324,2.6164538392704095,-1.841335235,1
-0.000821203,2.9635835982294525,1.0894690952562938,2.271846707935544,0
-2.817637237,2.2305473914106244,1.1862794074325862,-1.975467396,1
-2.845914261,-1.440440531,2.494640153956621,1.008797632201719,0
2.5168146256999453,-0.323095305,2.619762571411446,-0.222241107,1
-1.774471653,-2.091639215,2.962870878210266,-0.996824031,1
-2.039681848,-2.949549415,-1.286582601,2.3346968616152335,1
0.2040559240638098,0.7946103091497294,2.5343466233431977,0.077039509,1
2.0296790751156877,-1.057000332,2.8626111770473193,-2.527116759,1
1.3489771530795878,0.9633977205617663,-1.849970965,-0.666936007,0
-1.123025299,-2.43304279,0.508728138,2.9620190733909926,1
0.3575288463203359,0.27155944127617193,-2.758117756,-2.16467866,0
0.079314535,2.911071385104428,2.2596464127711533,-0.958745272,0
0.2580255253687649,0.31621333352482006,1.1121636765730987,1.126692247434831,1
1.7387549303158423,-2.850173851,2.6620811438246745,-2.579627724,0
-0.143039331,2.5174756581542557,-0.073987025,-2.618178995,1
-1.624559881,0.4720005322105365,-2.472830293,-0.457932414,0
-1.025440403,1.8912457669454366,-2.33920837,1.0967907009527176,1
-0.560465575,0.5265040828339718,-1.766809368,0.658222109,0
1.043866364496676,-2.578610612,1.9460656054976218,2.167524677329448,1
-2.618675666,0.6191249285837142,0.564068982,-2.925249529,0
-0.945921516,2.813554696282486,0.332704514,2.599270816,1
1.0538678152643044,-2.829656891,-2.533720812,1.3330737322045376,0
0.32740674221411625,-2.237090012,0.6843760701216977,1.8617241634091766,0
1.517894580795672,-1.52302524,-1.4508302,2.807026830612682,1
2.324428812916297,-1.089976113,1.9443269380140507,-2.029568822,0
-1.818953392,-1.912823677,-2.47367535,2.128068696968132,1
0.4728413892274519,-1.446263445,2.091930196365565,1.8158805563569214,1
-2.394290891,0.8648362424098313,1.3310016091546233,1.2949640219157832,0
1.3388562471236254,-1.983253286,-1.109481274,2.0650710510267745,1
2.3903505013652975,-1.324866681,-2.861882903,2.1586016829966486,1
-0.737448973,-1.023218664,-0.918001922,-0.505821456,1
-0.73040027,0.398585395,-2.526358329,2.8292411658510908,1
2.618706206832968,2.6064398796929957,2.275665744491481,0.9619578130903781,1
-1.673348624,-2.703099077,-2.404073611,-1.056044997,0
0.023298152974712494,2.9595184271087636,-0.387339049,0.1478765429482607,0
1.1709434831284833,-1.915596177,2.5969620093735344,0.17420763505640524,1
-1.342461926,2.6106539180330426,0.7527037113537007,-0.097861613,1
0.4809354597646447,1.4898133134313598,-2.072771978,2.1889825842193513,1
2.757040861789278,0.4019979105004472,1.0936250807855883,2.159000885077445,0
-0.751136212,2.956990769,1.083008215841386,-0.45600781,1
1.0640278500097633,0.13008019508061874,-2.330150571,1.7751918286159114,0
0.38625348151759287,1.7750733472433318,-2.070528358,0.23014294080465403,1
1.599745633277477,2.929827406,2.3063836583115522,2.1860977623638362,0
-1.515239171,2.0279076102542843,-1.984312335,-1.811354013,1
-2.339299538,2.145579184282723,-2.350473021,-2.171331122,1
-1.5246771,0.435974455,2.2810811118024183,-0.490631068,1
0.27771569515071093,-2.0010636,-1.404324865,-2.196445425,1
-0.540486931,0.542013952,-1.29588282,2.0759751334487557,0
2.8874301060398064,-2.279070886,-2.892839664,1.7386614443687023,1
-1.856143933,-0.881120444,-0.63461269,2.499596333405667,0
0.9530292945969716,-2.756343058,-2.911138556,-1.802591415,1
-1.090968355,-0.092856995,2.0270364738531335,-1.111093464,1
-0.740776684,-1.02397242,-2.946207984,2.731209234708719,0
-2.166024695,-1.273995131,-2.224180187,-0.056741063,1
2.5929966896549947,-2.395795694,-0.354618458,-2.865750925,0
1.6253893283168885,0.8473568613265501,1.1981919822429008,-0.165981835,0
2.4457981773384345,-0.542655295,0.084510449,1.1717353336237766,1
0.12336384657275978,-1.863986113,-1.097576292,-2.446233191,1
-0.404319017,0.6563525585179679,-2.288820334,0.783522729,0
2.3572328385126564,-0.973657602,-1.667801423,2.3580363830514184,1
1.1516714153852918,-2.367630792,-0.551328288,1.0445375985272927,0
0.4463032498527282,0.7112827160992383,0.4028110438435566,1.788368191829342,0
-1.077438259,1.2507740873961781,2.9464766549657053,-0.660246853,1
1.746289887328759,-1.523344577,-1.308619726,2.609183245101258,1
-2.844369863,-1.695435931,-0.102475813,-0.58891427,0
0.7750183874101877,-1.843667698,-2.576717974,-0.783999613,1
0.14613145286508544,0.37201102250946816,0.6089611412548006,0.29197197456932944,1
-1.525488174,1.5872984158140104,-2.47331843,-1.809876723,1
1.4362680541146844,-1.321643195,-0.03915935,-1.036813555,1
0.04188727,-0.9200652,2.9652479394363027,-0.855134464,1
0.7622965043858727,2.330059305905264,0.8276099661885024,0.3951435306576516,0
0.4153767285372494,-0.021235734,1.8454824084267303,-2.69745553,0
2.3107794475759658,0.5177533214738563,2.093239328,-2.937643785,0
2.215658423769706,-2.279174885,1.3273080383543956,-0.500871643,0
1.0864343465875468,0.7691384260641851,-2.019620718,0.087682587,0
-1.336617161,0.36262105708807457,1.4280196983170637,-2.512449513,0
0.094574541,0.7057789245735506,-1.227795278,2.718020896776043,0
0.12181695304097673,-1.904897461,-2.353270429,0.2499572949921931,1
-0.748569713,-1.844717413,-2.815809079,0.3996004802272797,0
0.5916014210019718,-2.149184393,0.6104282986218257,2.711836528245591,1
2.8697736599384367,2.330957619,1.8424714850144435,-1.74379298,1
-2.061388905,-0.330314386,0.7177905079113147,2.1040721040502675,1
-1.608221753,-0.122112597,0.8846414517410754,-0.326436873,0
-0.274837938,-1.649297034,2.9199654294664557,-0.1488403,0
0.1964516724329517,-1.688644252,0.08482031,-1.467902649,1
-1.785982492,-1.345666494,-2.983442109,0.4209066720101031,0
-0.675119967,2.392134115163582,-2.755756958,-2.740798195,1
2.3152411038755005,-2.240132147,-2.987039375,-1.926516818,1
1.9432570505856246,1.8162844965606135,-0.959206735,1.0081855035591119,0
0.043498244,2.4284099390754363,-2.661459147,1.8790747724197905,0
-1.976407983,-0.650274615,-1.848257091,1.2156864575648338,0
1.069957078519546,0.2873856101941614,1.188978220821931,0.8373886836280429,0
1.658652334105608,-1.563560092,-0.42652431,-2.090240824,1
-0.422438615,1.2101505085220472,1.1483469647061098,1.2565614197696569,1
-1.147394828,0.973283843,-0.795202082,2.6669522766302993,1
-0.939801805,0.6181094042663284,1.5008742851530563,2.438444574158047,1
-0.372428379,-0.837089351,-0.419830948,-1.057821891,0
0.9235469404038841,2.5963005840515043,-2.243573961,0.3655323886209416,1
2.385892352161986,-2.399312732,-0.036807535,2.1913775751626767,1
2.4027132702724945,0.086112967,-2.850288693,-2.366164929,1
0.5203004714474027,-2.256848361,-2.103493339,1.6327025866926839,0
1.5041523514530022,2.0566365565528315,-2.365589181,-1.811130713,0
1.997768579151904,1.3265256521867528,1.8357367669682407,2.9384740494475325,0
2.1865896369342126,0.12277950509856161,-1.135390891,0.41805951944820663,1
0.8315193014067148,-0.988127152,1.6256222249080707,-2.443477244,1
1.6763571040902594,-2.808008888,-0.012203636,2.168618780899598,0
-2.481028356,0.1064336189650179,-2.043651366,2.368894500365611,1
1.994073162201781,2.603503459760926,2.2498940491805612,1.4193198591959444,1
-1.890664826,-1.184984306,-0.01886905,0.5333806890883421,0
1.6931003718792592,-1.638242231,-2.230335635,-0.104338976,1
-2.052951535,1.162420813977434,0.45378534055030384,1.4466467821133087,0
-2.619380642,2.7881853626652227,-2.99996678,-1.04734551,0
1.0778087601974384,-2.729147557,-2.499902512,-2.539911377,0
0.4890583603258758,2.375551890231229,0.3326218662735716,0.6214281136780295,1
-0.923990093,-2.887553048,-2.870311693,2.329859798885468,0
-2.384565368,2.998736230875572,-2.013464331,1.0478066637311372,1
2.693732833085434,-0.826264334,1.406599132487936,-0.894860139,0
-1.170353659,-1.789175505,1.9256094413931866,-1.455677618,1
-1.301051023,2.993818453192665,-1.036137387,-0.463353067,0
2.940332746649009,-0.784197927,-0.803087957,1.9662867972831615,0
-1.128417789,-1.597283378,-0.460738469,1.203844803457156,0
-2.74054185,-0.756503837,-0.922530588,-1.531089916,1
0.925724015,-1.260059518,0.6403893540480183,0.026021048727761897,0
-1.696860775,-1.400603658,-1.97639968,-2.660224711,0
0.7151307786294696,1.0367321634860058,-2.004000038,0.6923543081164398,0
2.892508440345468,-2.55358743,-0.057774765,1.3982292818631228,0
-2.723944813,1.6696409639856942,2.8770674225573156,-2.469072819,0
1.9333794327955518,-0.728510733,-2.135302785,-0.040840745,1
-2.570887585,0.1326084490031052,-2.883859272,1.3716686500363808,1
-0.072181885,-0.246362034,-1.822851038,-0.832421065,1
-1.908783405,1.4123406032144352,-1.805848203,0.700519962,0
-1.322354994,0.9418931755399633,0.24272975352805393,-0.45936821,1
1.038005000462829,-0.50566757,1.9282236154501966,1.3775907494115955,0
0.24383396707848703,2.2623640955159825,1.973170928808333,0.1910363677229956,1
-2.589313838,0.39597811319546405,-0.868458063,0.24067765682240472,1
0.8827827629855602,0.8690314491038382,1.041144261108009,1.075611750270089,0
-2.344311488,-1.849726017,0.7832460272541057,-0.550965668,1
1.5771098718345815,-2.250544306,-1.850862033,0.3507878546188379,0
0.004488116,-1.401617076,-0.549940539,-2.790112332,0
-2.777771352,-2.430437983,0.4607547192033632,2.1822984876789215,0
-1.438660264,-2.796361022,1.2517626123138754,2.1321134340303995,0
-2.170963288,-0.685513824,-2.047578956,-2.361855416,1
0.889011231,2.8052188570687875,1.0689937537245733,2.908887976845709,0
-0.393628344,2.387218732964161,-1.769494652,-2.292573798,0
1.2151203054746178,-0.771550015,-1.093874384,1.0276834679859483,1
-0.999095749,0.4353490334911281,-1.203269362,1.7025455292675087,1
-1.125669957,0.2099648669773213,-2.860943498,1.7503847001503567,1
0.7220266489318563,-1.846577598,-1.707759743,-1.425042489,1
0.45918062757337097,0.2898979985581378,-1.356817682,1.1643737518620219,1
2.3342469956023866,-2.738907134,-0.496820173,0.5611207112688597,0
0.5186112212219962,-2.882787918,-1.736603605,-2.629015672,1
0.4137904352996049,0.8723393260168031,-2.041547019,-1.001933284,1
-1.02117754,1.9188139895387009,-1.832043573,0.28988472795395115,1
1.6976130750053056,1.977469157382287,0.9993965657083983,-1.202833486,0
1.9382794489731374,1.4529961626007593,1.2268148029756158,-2.595987607,1
-2.740410716,1.1721917862094768,2.668768807403584,1.6423435683781165,0
1.9888533989621315,0.26989368509874234,-1.172483135,1.0664213806013052,0
1.2718252529561553,1.0521478301640412,2.6802543403159227,-0.7969258,0
-2.762054766,2.4506661165444568,-2.037005287,1.183910036324595,0
2.239226638636106,-1.139151612,1.9824914451295585,-1.007651242,0
1.7655475694174987,-2.581020822,0.9314579920255666,1.0628284834727761,1
-0.05144502,1.122545183176265,2.5391020233230464,1.4031289498093678,0
2.7677761739079587,-0.308326117,0.16974439022374277,-1.417567817,1
2.913610006805211,-2.669179589,-0.848277494,-1.213817011,0
-0.680929721,2.5063071631191933,-0.791772756,2.5018599162000026,0
-0.45996683,2.1286126153212495,0.13050059100401246,-1.131882939,0
-0.303901206,-0.453713526,-1.440515627,-1.26216762,0
-1.881276472,-0.983996657,0.7464348194950263,-0.680650988,0
1.273939265557754,2.921869018127719,-0.737393523,-0.224164715,0
-2.015339058,-0.646708285,1.3609947047440762,-1.695571202,1
-1.907675708,-0.741750758,1.9118969143063884,0.7419431382689003,0
2.7454762655196383,2.427242609565753,-2.093176819,-2.744683352,0
-0.605431595,0.13247687291183752,0.093423691,-2.195356393,0
-2.251095407,-2.718835465,2.105159556332403,2.686464828409073,1
-2.305889879,-1.721265789,-2.460822692,2.2650130268450095,1
2.7522524012174454,-1.42922054,-1.17849702,-0.823981894,1
0.014782556284387738,1.0947658718695612,0.026343499527745173,2.706009490057447,0
-2.400639249,1.7916330736503783,-0.993101455,-0.734713871,0
1.2529766622613518,2.5762626592462734,1.2972046713214604,1.6551634522763798,0
1.5046754529527933,-1.074128364,1.5415825990934868,1.7071245613188104,0
0.20040192390307698,0.22053743200089793,1.5583248183749028,1.902185173346445,1
-0.976827348,1.8093733054517438,1.8852540400524669,-1.595246154,0
1.3017044719002957,-1.880796469,-2.441705322,0.4472580723013655,0
2.4519131927003937,-2.787245859,1.959009826,0.038827264,0
2.165372692327379,2.060861611026281,2.2517208288977315,1.6132437288400396,0
2.0579541272819695,-1.943848757,-1.176881107,-1.545082975,0
1.454569822368363,-2.078141284,-1.906633258,2.2737883243316555,1
1.2352931574770292,2.2522798675145204,-2.16386845,-0.606117573,0
-1.30109298,-2.941913488,-1.292862237,-0.722500488,0
-2.446682177,0.39892534696091886,-0.700964025,-2.721230026,1
1.2238731892078611,1.3756790030466206,2.0068286578166097,-0.086756401,1
2.811952784007058,2.4843848671947386,0.3081097506007895,-0.330288414,1
-2.981793433,1.2659671904354024,0.3897270242981463,2.6252648729164836,0
0.5653927514474648,2.9571365633563795,2.122915631179742,2.721587614889719,1
-1.034023372,-2.103984031,1.781232682770752,1.717182617814795,0
-1.731306364,1.5884679248094766,0.4918401482484369,-2.342849131,0
0.010701585421252435,2.5868280050320713,0.038745272671373066,1.7321939373208322,1
-2.82654008,1.3684884771755623,2.681024316824864,-0.002833291,1
-0.973740522,0.8799030293213832,2.4975672905593163,-1.939382097,0
-0.57783474,-2.062258314,-0.020074607,0.2425320781833542,0
2.665221688329961,-0.524909077,0.4017396812381895,2.311575444324914,1
-1.071569999,1.0449832138055397,1.5429710929325786,-1.016830592,0
-2.013952887,0.017457251413639963,-0.859189619,-1.401225409,0
2.8405278641646294,0.012918112,2.138866163060543,-1.828095537,1
2.636656589394784,1.7665886074141302,1.8521529371348544,-0.661410749,1
-0.086178042,0.5601259553920803,1.7385932172303882,2.094340512362626,1
-2.531728144,2.4243743251990466,2.624979915025566,0.5573244261407133,1
-1.87949632,1.9104889962209368,0.29152568729759354,1.9031787222982777,0
1.8888487595358994,-2.479624106,0.6421285702239845,-0.101134204,1
2.6767168199971056,-1.220152248,-1.763999363,2.382521136114928,0
-2.107706587,1.1191167523467707,-1.199881117,0.40707453298486573,0
0.6973165970475668,-0.495784308,2.8497898814225744,-2.209000991,1
-0.651605466,-0.417628039,0.7862816939770889,-0.556441451,1
-2.417783932,2.6845799890849573,-0.50352551,-0.943957637,1
-0.319667255,-1.700425907,-2.398669892,-2.108529125,0
-2.000071038,-1.813959371,-0.480238727,0.7433956142649216,1
0.773327028,-2.999414583,2.5257460013903987,1.9370830831939294,0
2.783628236616239,-0.840081932,0.9887956601363816,-1.991875504,0
1.9021981633220157,-2.031793662,-1.044085795,-0.054990864,0
0.5671900131165026,0.35779814572038937,-2.38742393,-0.469943983,0
2.5374555852349356,2.234211166511109,0.5447011395278389,0.4339474527216085,0
-2.329948904,-1.798443286,-1.484161544,-0.070825629,0
1.3881362885743123,-0.235647866,-2.243633749,-0.363906738,1
-2.024200478,1.5068841101573067,-2.000994838,-0.104796063,0
1.1604816159665576,-1.630811616,-2.543819354,0.37979685644849237,1
-2.674784019,0.5266118578090078,1.520991225517209,-1.02410405,1
-0.069903546,2.572571029349679,-0.173346815,2.9793243683603334,0
-2.057985532,1.253603414899735,0.9157115891835241,2.2338288811579634,1
-2.445340728,-1.318760451,-2.206924645,2.5985707336315294,0
-0.440188052,2.4603950732104147,-1.233558034,-2.241791392,1
-1.220776362,0.5830461559682938,2.071395550707545,-0.687655841,1
2.4888519555209054,-1.534607642,1.161244123822601,1.4142801028936338,0
-1.356222484,-2.83818073,-0.808575948,-2.728823116,1
2.404522652413066,2.7211515776043473,1.4122794956760032,1.3601075118830028,0
-1.554643984,-2.556446541,1.8126278151654995,0.35497158932020545,1
1.089765185,1.6778464085173805,-0.543394386,-2.13272046,1
1.7702207961773722,-0.277406165,1.9615453851355955,-0.373805119,0
-1.697901549,-1.9739699,1.4635305393550073,0.4493347367639804,0
-0.572382597,-0.047299463,0.2978316317192391,-1.563501349,1
-0.731006522,-1.245531209,-0.66945692,0.003373281,1
-1.959854766,-0.638909624,-0.68703334,-1.283977099,0
2.990977948814713,-2.558234946,0.8577068357144144,-1.953368361,0
2.037143935711094,2.485179216055805,-0.591132104,1.9408706965242581,1
-1.500543304,-2.159588956,-1.104730402,-0.949955917,0
-0.615854731,-0.762246348,-0.533133283,1.2602001948307802,1
-1.526519203,-2.888546425,-0.061916692,-0.310252535,0
-2.639610061,-2.197191591,0.059525368109363264,-1.59149544,1
2.2655897648486816,-1.960245081,-2.879264209,-0.314617384,1
2.916978663649533,0.8032351578388583,-0.875821672,-2.898791931,1
-0.090309362,-1.761203987,0.886524513,0.49805096238780777,1
-1.408717348,-2.586703595,1.530115188242008,0.5127845675576532,0
2.052757497,-1.441199906,0.9171723886824728,-2.287916997,0
-1.249140552,0.9392346712642174,1.9534878308687587,-1.07444699,0
1.7931213393390077,1.066514761639695,-0.907951371,2.258381626466636,0
0.055374396212586774,0.8894809352764934,-0.026211949,-0.283680237,1
2.087866303433138,-1.23177351,-2.780224666,2.2786958612697674,0
1.950143718307098,-0.800637153,-1.887293168,1.0532018582908256,0
-2.527434578,-0.457471467,-2.484826071,0.5874580519725772,1
-2.836749697,0.7754302538058697,1.0392334397363792,-0.077133152,0
-1.949956024,-2.391636368,-1.120245911,-0.208759922,1
0.8532499010690668,-2.992499235,1.266383515412179,1.2762715927516588,0
-0.332773161,-0.939561326,2.053851388022152,1.7075248921873678,1
2.899656531106344,-0.768415168,2.4409956291425905,-2.475588685,1
-0.531203602,-0.207755288,-0.354754103,0.7505891305867425,1
-1.978752967,2.1987130303575118,0.3105841112378358,2.425257288079586,1
-2.984210136,0.7799286815579789,-0.525252919,0.03059437,0
1.4628270646817114,-1.63708951,-1.770603389,1.2180469064228578,0
0.1281945536650806,-1.598165412,-0.095888192,-0.242649565,0
1.1486665644918688,-2.984033378,0.520561595,0.6340689030736528,0
1.4730608231275184,2.335382796212695,-0.358861217,-0.944878654,0
-2.386077735,-0.978984931,-2.589092013,1.8169212320487294,0
1.842036887075019,-0.496574056,-1.442152597,-2.291879547,1
2.1074229961310786,2.2649716703124323,-1.402262312,0.7305632908065816,0
-1.448078011,-1.649240237,-2.872751696,0.4629565055163747,0
-2.100350741,-2.925772903,-2.370893014,-1.11738485,1
1.0149791406702704,-1.78426168,2.3255433751900307,-1.269069538,1
-1.012642263,-1.69213692,-1.477167978,-2.555189313,1
-1.231376528,2.157704757603738,1.1305472483736807,2.2516092231936993,0
-2.370845914,-0.266300215,-1.624470762,1.3272935433368884,0
2.8214269483553434,1.892156874301727,-2.788330999,-1.100041832,1
-2.828521857,-2.758998198,-2.522908175,-1.342038426,1
-1.174783394,-0.597278921,-0.570413433,1.6284540710590862,0
-2.151580539,-2.053556305,0.7595343100334038,0.4304529131549799,0
-2.075971767,2.1135865611235145,-1.025643515,-0.798195909,1
-0.477239515,-1.063788776,0.3447303136357589,-0.668113661,1
-1.443391644,2.426849206264646,-1.149895559,1.1909335528129317,0
-0.916639378,-0.388680079,-1.58433886,1.5139777163235255,1
1.4232195085575183,-2.866560325,-2.638835758,2.534258728469638,1
2.3329610834271044,0.036523157,-0.039855651,1.8745450463027549,1
-2.169299119,0.9221947280757545,-0.144102033,1.4599861758937376,0
-2.819383252,0.5563532983436312,0.3403692912933458,2.0450899775351115,1
1.0610177853301668,2.280962150373825,2.3236399298553536,-0.551015995,0
-2.175395197,0.7817019349331282,2.242476590451062,-2.550279935,1
0.34753963850798497,-2.31000284,-2.838024049,1.0778121236450016,0
1.0910976712329834,0.6039482699781722,2.1553368234107833,-2.514741361,0
-2.36843843,2.187212627876683,0.019660319,-1.361683147,1
1.4289418679117238,2.366422335626412,1.137619717217773,1.7515955800706946,1
-1.305016559,-1.267347844,2.184743282127794,0.6891770919312918,1
-1.59502349,0.1449708927732729,1.1151628288334958,-1.688705512,0
0.9294384492464154,-2.747130901,-1.177850262,1.0438308703566888,1
-2.103905607,-1.666805816,2.274559742150336,1.0459265965896503,1
-0.006487738,-1.734639647,-0.951542061,0.44598298972415495,0
-2.068124437,-0.109535521,-0.546153635,-0.139875951,1
-2.366635072,-2.361017478,2.784665716477928,2.876206402348611,0
-0.443012053,1.7339727219050243,0.9347485615384614,-2.298498872,1
-1.219928056,-1.118091548,0.5746466091553435,0.4798602738868203,0
2.541052162216533,1.7402178838576434,2.141085987617842,2.347371681666056,1
1.8076600353298824,-1.002712434,-1.709922172,0.4306040281262815,1
1.1374098987199126,-0.680592186,2.0900318997870615,2.763399556907901,1
0.41637435682411184,-0.260447627,2.0573227016551074,-2.854382718,0
-2.225924305,2.0739459540376064,1.3921715138879547,-0.503179811,1
2.333111146,-0.891250274,0.8030721472015045,0.8060068219554957,1
-1.894008644,-1.290889583,2.4960415361765147,-1.899510877,1
-1.958552269,-0.122307158,-2.446815791,2.367757134,0
-2.39910517,0.6993448610447666,-0.961308861,1.8256373128262027,0
0.5388644746052313,-0.670163154,2.9032379072688643,-2.602614069,0
0.4667178193840602,2.937409869264269,1.145715859278102,1.4386177898531578,1
-2.807453133,-2.871821021,-2.783339328,2.950343413057393,0
2.8771185644451087,-0.992946445,-1.254109102,-2.124247527,0
-1.025158205,-0.779100417,1.4896969005542022,2.1977613175184088,1
1.4804107184483284,0.878850607,1.5954004685327874,1.4309848749108323,0
-0.145501838,-0.984891585,-1.303315699,1.0761327570766896,0
2.755824746671351,0.4863283136137806,2.4751590148335962,-2.914623774,0
1.7668238804160348,2.1216159477604775,0.7859630276621745,2.604365996170378,0
0.5394779572877977,-1.556778585,-1.705696623,0.33501760015629145,0
2.4389035829772654,-2.565792325,0.626343073,1.6188208378921471,0
-2.307587582,-2.299381856,-0.80323202,-1.356712959,0
-1.810115047,-1.807834958,-2.215985805,0.6651240784917145,0
1.1287536215045222,1.2176173612742671,0.19412385683163702,2.717437618,1
2.2831966655403946,2.7457868559976806,-0.667227131,2.2666989597301477,1
1.5772481964413032,-0.960162582,-2.360440449,1.0957274993808461,0
-2.181286055,-1.237345158,0.002187459,1.0792952108908382,0
2.5573659431838296,0.5594402690939795,1.028478598032569,-1.139916899,0
1.1237556985712338,-0.373259276,2.1415870973026427,-0.645296917,0
-0.19036787,-0.404473459,1.8667370058443105,2.722195182071432,1
-1.036342194,-0.149832595,1.2355576001594137,2.3722897322083867,0
-0.037795819,-2.346638951,-0.787971699,0.3021713126406782,0
-0.494852364,-1.880665639,-2.778063028,1.1244519964793698,1
2.956423144662855,2.5152398033797025,1.0996254651648805,2.049178851098575,1
-1.465634289,0.7346066164706784,-2.636374708,1.2431035638747465,1
2.8192340341456115,2.1647838433071547,0.20664524862982425,1.7324413158766596,0
2.6633928596889884,-1.703894532,1.759551077864268,-1.380918252,0
2.2616845316379983,-2.409872966,-1.930689487,1.323698781,1
-1.951334977,-2.051674189,0.3328012643932321,2.0099234262544243,1
-1.389195448,2.0468290962329103,1.8477203792758479,0.47463240575601295,1
0.8793765221236205,-2.75735288,-0.79718665,-1.419630413,0
-2.099976836,-0.662044025,-0.870574822,1.373350068778362,1
0.5885780428605196,2.478600412812116,-2.127554502,-2.641508368,1
0.2076467249467724,-2.993837168,1.7263136588097936,0.035837332110056686,0
-0.071606544,-0.825024128,-0.750156983,-0.41319793,0
-2.903805933,-2.498725277,0.03028812,-2.099266409,0
1.6725756500819893,-1.353088956,-2.412602176,-1.588740445,0
-0.857410619,-2.788100348,-2.149946854,-1.056919473,0
-1.137117157,1.802320179359035,2.059532851875918,-1.839488405,1
-2.256360697,0.8049749059285096,1.8277413341725888,2.7823385833447887,1
-2.959222292,-0.517931319,1.403927004566314,1.9713557932461265,1
-2.626284308,1.0836871167847644,-1.266367696,-2.552418244,1
-0.065384509,-2.051079941,1.4220451083701082,1.447570798196721,1
2.0524065899250568,-0.734587889,-2.920141217,-1.44158437,1
-0.193129803,1.1640676764963027,-0.707756486,0.21629037640282833,1
0.1455815247343013,-2.010105904,0.7382970004800762,-0.364489631,0
1.8475122099149583,1.143667248773399,-2.331184883,-0.06744954,0
1.2149661509651244,-2.477929645,1.7549821953397888,-1.667972912,1
0.018508772842138033,2.6433677248358167,0.42800540893370354,-0.45567329,1
-2.959230436,-2.199518263,0.47198331058792586,-0.037049756,0
-0.817024946,2.539295312364704,-1.005104775,0.22290453866463977,0
0.4122804571447807,0.1648103403835357,-0.134487651,-0.977617584,1
2.452581798237717,-0.295180429,0.17069320407645394,0.9388679029814533,1
-2.594063745,1.6877288487794715,0.075043861,0.943061615,0
1.632072392482148,2.244596344585288,-0.646677498,1.8685793560935302,1
-1.446978627,0.9620139057441981,-2.383756196,-2.879817195,1
-2.425421243,-1.083705081,-2.813432317,0.782947633,1
-1.10073277,1.4182564062857876,-2.724509182,-1.699790601,1
-0.551979448,-0.704090626,-2.214007963,2.964820881489942,1
-1.293362515,1.3261925079087789,-1.679839817,2.267107264356504,1
-0.673450139,2.405414933934627,-0.948990482,-2.948137071,0
0.10212258647076844,0.14872761690657832,-2.280994903,-1.590218559,0
1.700973545888096,-2.779465052,-0.06283988,0.1824487404813766,0
1.1322723640567443,-2.775262396,0.5138779625427836,-2.981411781,0
-1.408929796,-0.001894468,2.467688024553703,-2.240461104,0
-1.984265226,1.015500386302966,-0.750829837,0.7405284115372304,0
2.984725002805603,2.921229968093124,-0.877718523,0.023552122948995446,0
2.428140952,-2.446994026,-0.286176577,-0.73453591,0
-1.230703364,2.9652252715340897,1.4012957638342671,-0.667518046,1
1.9741313499925148,-0.062003396,2.2369464742071523,-1.401720926,0
-1.658398636,-1.516279913,0.2308834567503144,-1.252119653,0
-2.117281895,2.967767511034392,2.4025993646484602,0.810074625,1
2.3492572435436756,2.6127764250469134,1.056649751195013,0.11207867214784928,0
2.2920107532880634,0.40678198147745714,-2.239196743,-0.798863997,0
-0.32447429,2.612214096813573,0.9551128338349342,2.2516653767753443,1
1.5455502050396177,-1.140834681,1.3122539583850994,-1.828201584,0
-0.55112513,1.8365511429355923,0.6715749714913697,1.9524750357156897,0
-1.471778506,1.4984929945637697,-1.786053831,0.2718250343880433,1
-0.398792433,0.33885514662484173,-2.186799456,-0.832632747,1
1.001422985197042,0.3511847644861641,0.2938185534709179,0.064980673,1
2.66330946,2.6074181876384053,-0.839130163,-0.88862993,1
0.3293907394383666,-2.426362295,-1.181959795,-1.614794605,1
-1.65966199,0.8310331553716073,-0.693897994,-1.973013751,1
2.325431069926557,2.2448921276267653,2.1747775411934107,-0.655530346,1
-2.658105279,-2.359547893,-1.343711521,-1.680179975,0
2.243913720893012,2.9181490823355567,1.900041973990814,1.379093416495131,1
0.5317448395638853,1.6194497950792366,2.682199873154345,0.6080680194424861,0
-2.072320536,-2.016850096,0.5031768187715171,-0.999188761,1
2.461484251469816,0.6698540030158338,1.058955680540162,-2.965075739,0
-0.006908688,-0.413011672,1.2352311406051975,-0.704168038,1
2.859450191322974,1.0212190893384108,0.9595099988555367,2.516046868547896,0
2.971229003390074,-1.813075864,1.8631988592883681,-2.026083028,1
-0.257739282,-2.398887574,0.740225871,-0.18889102,1
0.7721936899542903,1.0677645156924775,0.7165935,-1.235825264,1
2.021754943462012,0.3101171962507445,-0.060892961,2.9223828254092465,0
-1.29895256,0.16818182937103865,1.0939474716479491,-2.248644402,0
-0.874561655,1.8101322959839568,-1.579450592,-0.040257811,1
0.7837836358978265,1.026974119845601,1.3698626522869555,2.195863902257666,0
-0.642843342,1.2397915557831372,1.3930478866215097,-1.198355219,0
2.8089477012698474,2.1913150411323716,-1.260832028,1.050412060121925,0
1.306803806755764,-0.411098182,2.1824597156457983,1.141376121054238,0
0.9489281109163086,-1.674957766,-0.552946132,-0.396465065,0
1.4019665794741236,0.7103672715453149,-2.484836456,-1.153812289,1
-0.161714973,1.4203976751419578,1.4614147804780444,-0.056740149,1
-2.298405706,-1.24257958,-1.471845707,1.6861584618494465,1
-1.920082116,-0.210472666,1.0243128210863404,2.7887169177002225,1
2.9954434813466397,2.717532861332634,1.309454072,1.478644998,0
1.5552605856541044,2.1756292592777404,2.7107127771132475,-0.325763133,0
-0.500934732,-0.237213226,0.9589030287395648,1.6526723776665877,0
2.223266345407975,-0.262735474,-0.819764243,2.9001156882133587,1
-1.608674274,-1.667970988,1.2924447289589738,-1.922056226,0
-0.603546002,-1.245679066,-1.987737259,0.4782434345873616,0
-0.758931055,-0.226594963,-1.824821971,1.6072008160305398,0
-1.111727499,-0.943690926,-1.487076227,-0.393578567,0
-0.218540237,0.17800149797709075,2.8054096918916382,2.428150848274221,1
0.6563557859223219,-2.766579193,0.6735620452604074,-2.461988359,0
1.2620654311124841,-0.659534121,2.026178949411112,2.655175471590784,0
-0.497337951,-0.236668227,0.5408854860771015,-1.817203669,1
2.5639970449701677,-0.402000441,-1.999077985,1.5763910005133042,0
-1.685091765,-2.13882435,0.3772324529640425,1.0289715317495451,1
0.4173764439894976,0.9390638936841791,-2.306855926,-0.143891773,1
-0.857888135,2.840211697440731,-2.702256395,-1.210234782,0
2.6511731645503325,2.900977099105977,1.9494096463628008,-2.544010536,0
0.36813017006124227,-0.599262044,1.838715406,-2.669854587,1
-1.81722749,-0.064829603,-2.054114022,1.1562908561657892,0
1.924603327,1.227119361765861,-0.358297718,2.2703259975158776,1
-2.17388321,-1.437968497,-0.062761888,-2.631968407,0
-2.425885311,-0.61533977,2.663317780407324,2.450482159662002,0
-0.20415085,-2.147048733,-1.931354064,-0.734723672,1
-1.739554829,-2.502146434,1.0426649011199824,0.48869182675616907,1
-1.252219452,1.6736902953138246,1.6556933262350064,-0.053988179,0
-2.420804667,2.510816400608146,1.0119631412458272,-1.517695085,1
0.6627272822053598,-0.569871025,0.8120978384157476,-0.156774626,0
-0.087167099,1.415292551444156,0.6823544763838547,-2.520283853,0
-2.607758577,-1.169944575,-0.418524021,-1.348664645,0
0.9087591484195081,-1.82935241,1.2248465783770186,1.6389044513335813,1
-2.254084154,0.9048374601779279,2.768615855400684,-1.843057096,1
2.4558169866969273,0.6362876956440999,0.5456692039902715,-2.688463906,1
1.4898016703183892,-0.130361684,1.3270463510108046,1.8550866206796357,0
0.14277824023367147,-1.41813412,-2.150565052,-2.036981232,1
2.2016079236747927,-2.258531426,-0.691835562,-0.994352122,0
2.1927340004338216,-0.133838996,2.978678504088826,1.4223284778188683,1
2.1055414524257134,-2.407966404,-1.481386468,-2.187322827,1
-0.218268166,1.309724928971459,-1.985618591,-2.218988733,0
0.6876524926826422,-1.618123477,-0.124049569,-2.693293634,1
1.083676872404789,0.24789828985232187,0.8845373937517969,-1.34756172,0
-1.328382148,1.8081631985445492,1.3113738779089577,0.47837190719168765,1
0.7688608546924831,-2.435734923,2.137027826707522,1.6194421980699758,1
0.5429492029406857,2.511570786605443,-1.988172554,1.1199443162050011,1
2.777890665912965,-1.139946213,-2.908246116,1.4092048018147985,0
-2.958118053,2.2352018950930024,-2.662192487,0.9165883792312632,0
-0.736895133,-1.779956078,2.3895503991229745,1.4774751115611728,0
-0.957356603,-1.295081443,1.4160737649668356,2.0194245756379825,0
1.2951027857748567,0.8399353502144482,-1.632451649,2.116823899658833,0
1.4979719007502492,0.10364573859848658,0.069526574,0.4150381668440781,0
1.9696583650719761,1.4535572930253453,2.137469964,0.043696629952334476,0
0.7478943541095431,2.127430841375878,-1.606079639,-0.335875918,1
0.7239134218763219,2.490877544148608,-2.904983934,-1.724561051,1
-1.593296953,-1.040323918,-1.309280277,0.5408327133734319,1
2.313721585528472,0.8218670464343365,-1.550840646,2.1825171004205073,1
0.7922747348850798,-1.68622725,-0.830000777,1.7397888404386954,0
1.4335870889226854,0.4594942170338552,-2.131394984,1.8197357838870252,1
-1.154744829,1.6295876339949746,0.8853981945735527,-1.41497831,0
-1.725784631,-2.21454046,-1.54832258,-2.053025865,0
0.7023074867265082,0.5926987138635216,0.517032361,0.8513388553490304,1
1.8887072037873978,2.481316269298821,-1.617746773,0.5266469410135541,1
-2.529982673,-2.27914537,0.9260358777683431,-0.08051663,0
1.5499925210066028,-0.445935114,-2.234409559,2.232321922984953,1
-2.502669173,-1.866212145,-1.338138804,2.971683642392561,0
-0.498841079,0.010251182868689312,1.6181805058432106,0.818493512,1
2.0485241516480004,-0.081399248,2.8330661249593323,1.7808741695178476,1
-0.59180767,-0.712369062,2.5769471522653067,1.106493814888303,0
0.7286018071538316,1.546983824602865,0.36500296867026893,-2.044999361,0
-1.084707228,0.34766918225381893,-2.890993074,-0.37589577,1
1.5348172756556204,-2.014595973,-2.612646299,2.0161748443661907,0
0.7036432107801716,-1.940526165,1.837829883499161,0.9487768289232741,1
-0.995284382,-0.742822368,-2.064671021,2.011533565252442,1
0.05403991,0.3421144598619632,2.3009514911864866,-2.905016301,1
-2.598461625,-2.030526109,-2.819773121,0.9489369397463969,0
0.8032768091299243,-1.735188582,-2.103561331,-2.125891792,1
2.719448479911854,1.161027171748449,0.5125729707904756,-1.065078769,0
-0.401740813,-2.463564713,2.9889113283300084,1.5305127814298087,1
0.7287189409693671,0.5266031713672934,0.025886232199034964,-1.455435434,1
-1.641657579,0.29719474313534633,-2.578795113,-2.553175207,1
0.3648816189621007,2.5188722892614352,2.4856311067791275,-2.935030196,1
-2.355634706,0.498466163,2.0908543308369847,2.7266945199409722,0
2.1634933562746754,1.065678811778735,-1.796849534,-2.564271156,1
-2.714905304,0.6724607077524682,-2.782868376,1.4354397387933036,1
1.2748244241058142,-2.522335051,2.4397341902207677,0.13157573175181358,0
2.4266314040263897,2.4096603371299326,-1.817795617,-0.716534232,0
-2.192241999,1.6498680608179246,0.024749493227175456,2.572845452369892,1
-1.750708711,1.130205969115356,2.9354209666362525,0.992287571,1
-2.587356403,0.5305460981711434,-1.920943502,-2.816983335,1
-0.990235816,-1.403375502,1.7326253928945246,-0.757916754,1
1.3977526823111788,-2.902566048,-2.911127199,-2.824119255,1
-1.683849349,-0.75607329,0.6470748187011273,2.915483314961837,1
-0.873542598,-2.666046559,-1.83059903,2.3871110028891724,1
1.1962751408862538,1.7412049442313595,-2.254990766,-2.190078068,0
-2.326523955,2.1430149858571497,-1.740194348,0.8589104722783301,0
0.096998197,0.2663394712431222,-1.82738785,0.8114765607239374,0
-2.741396793,2.9608336575457717,-2.839446561,-2.699060756,0
-1.052115481,1.9897521346172304,-1.456864729,-0.168389917,0
-2.892136013,-2.526724101,0.6477962912442425,-1.833849183,1
1.1655273781171527,1.7123470501030624,2.1020051968336997,-2.197203972,0
-0.266948706,2.6824886994230743,1.632501254665847,-2.298237709,0
0.015001470110365567,2.5342834910330323,-0.359767167,2.0245056530458125,1
-0.024937673,-2.359129937,-2.112870444,-2.719945483,0
-1.828111557,2.361684599222605,0.901188276,1.4331416092974667,1
0.7299687503599666,-0.680764247,-1.698833203,2.553687504058985,1
0.088978689,-0.113400713,2.9766245315612743,-0.69642007,1
2.1247518893534343,2.174064361901137,-1.603978738,-2.430961846,0
2.853720694295186,-0.444618815,-2.986678068,-0.005892997,0
0.7158021824847021,1.656529484688205,2.657652709341832,2.4910237736727776,0
2.640814920329211,-2.80724911,1.2706448029828064,-1.644852223,0
-1.874683877,1.8019114115955022,-0.497221865,2.499600454694015,0
-2.745389455,1.8130849769229789,-2.178993532,-1.940536791,1
-0.135889707,-0.626460355,-0.082966163,2.640159132186331,1
0.9443336133814388,-1.258143709,-1.962547726,-0.479722349,0
-0.290153836,0.6077664593970971,-1.403983779,1.6050554825809007,1
-2.409238527,0.36272018160392694,0.7411899194646678,-1.759010514,1
1.956068102997726,0.6925927512460652,0.8743332878878372,-0.013538965,0
2.457565303058031,1.1635654889257463,-0.708986611,-1.568364673,1
-2.573629951,-2.007834977,2.9560977125019585,-0.559398624,1
2.3921233636644406,-1.976583859,-0.447834772,2.763110802200692,1
-2.453206491,0.563905703,2.5150314041778126,2.6981002377255034,1
2.0760448626706545,2.1356065941608966,0.9130977247047931,-1.677461351,0
1.384071266909519,2.870306786752339,0.1556010880368648,-1.435815846,1
0.44082640658998695,1.1436621374436982,-1.750318143,1.315136085656535,1
0.5245971533063516,0.6740994548883132,-1.164072422,-2.068399139,1
0.7406993718339416,0.5173979349154312,-0.971926874,-1.224637995,1
-0.91653323,-0.060699969,2.8489184106669674,1.5813877321572383,1
2.110438434992931,0.033897413421186684,0.15674167067266165,-1.774052031,0
1.326275018,-0.470495965,1.454681152906267,-0.545667712,1
-2.348896877,-1.961677873,1.8694204684480997,-1.448301063,0
-1.413873465,2.5762085400139885,0.9458137372010968,-2.314154677,0
-2.138488379,-1.365795404,0.5639741269597969,1.516952819434037,0
-1.353021339,2.2238522244897867,-2.344918927,-1.754404992,1
2.8227895268572656,-2.191530818,2.3286678463428654,1.2236104524245723,1
-2.561477456,-0.097759027,0.1138761188688382,2.592837788495025,1
-0.473372442,-0.319418307,-2.325097471,0.8350353806259747,1
-1.734618145,-2.534800451,2.981514000424764,-1.382222232,1
-2.153681009,1.196942247583058,1.9300929355314107,-2.615535041,0
-2.367640155,-2.458957059,-2.71824418,0.9567388718057028,1
0.5298791384361845,0.9768399393595981,0.03400298,1.9050461124334896,0
0.2800098149914527,2.5124816087977493,-0.086108805,1.7439519672695925,0
-0.555837878,-0.388656631,2.0939522714275007,-2.354040988,0
0.3895065298992484,1.358018806672714,1.5025236925023222,0.5489611630198521,0
-0.311613095,-1.435305337,2.4565574121247336,-0.781272315,0
1.793952531200075,-2.810006322,-1.606984712,-0.926491243,1
1.029444379861225,-1.084015157,-2.751817195,-1.956794904,1
-1.445007886,-1.94371512,-1.777652639,1.6137416440401262,0
-0.527798136,-0.568924532,2.799638019956917,-0.319788972,0
2.5659487951943696,-1.205621411,-0.596242441,-0.622299864,1
0.2764729938878663,0.5054837451237133,-1.511249826,1.761505502502712,0
-0.020844272,-2.957738679,0.5480437999000811,1.788356649174819,1
-1.497199573,-2.772773944,1.8430719339043362,2.8576602958297626,0
-2.540618312,2.6282208439543266,-0.844353528,2.6486376515285253,0
0.8930359440146809,2.3414658746904795,1.71499815,-2.832013543,0
-2.607344986,0.15446763071126401,-2.222285881,-0.233794565,1
2.727781791386805,-1.231456275,-0.066523717,-0.69444222,0
0.778961785,-1.836930416,-1.440364259,2.1526071081840605,0
1.8680173431620304,1.7351381332238427,1.6255176559073767,-0.243375039,1
1.3733446351932495,-0.676771093,-2.395742519,-0.63975215,0
-2.048021735,-0.654889916,-1.215448708,0.5949640024075498,1
-0.830757507,1.2335379802750701,0.072880086,2.5169536710923985,0
-2.453847388,1.1262551318479934,1.0343812654202376,2.703759284476204,1
-0.770688798,-1.167372182,-1.965639335,-1.408268908,1
0.011344636530831842,2.0262777717598626,-1.294280379,-2.0535473,1
-1.367229174,-2.39443815,2.5601724978479767,2.235744912133483,0
-1.149049698,-1.518073104,2.432383884389494,-2.989368292,0
0.6034651679480802,2.496022565674023,0.051344933438116414,-2.982198242,0
-1.686771424,2.5346495633516044,-2.897865455,-0.631321404,1
1.7384683579978688,2.0285459621100204,-0.134352404,-1.60509749,0
0.5982283061169538,-1.417331811,-1.468414452,1.8455985803820791,0
-2.074404988,-2.96687113,-0.979348698,-0.05415627,1
1.2304823513719416,1.686691545625731,0.9811152668017806,0.7590532819015596,1
0.9944923339166101,-1.370840895,-0.705832062,0.6986190059973869,1
-2.606576038,-1.2280479,-0.561486331,0.20064409712361586,0
-0.081107356,1.3087912689239625,-0.159439948,2.4247799029499335,0
-0.718089947,0.15223023705693794,-2.980737662,-1.137132261,1
2.1994378638839542,-0.998541632,-1.480882,0.26122177465332985,1
-2.527619409,0.18963078990239524,-1.178005211,-0.701382661,0
1.7481900260228693,0.9717841116847099,-0.323363441,0.4650978785096367,1
1.6011525319213753,1.474702471,-1.888069737,-1.194484668,1
-0.910578414,-1.87474626,-2.927031276,-1.956196387,0
1.8494659624889227,0.27552270835482684,-0.950051838,0.6500666737767888,0
1.4390047520807503,-0.873433302,-0.203550951,-2.6147207,0
0.5825432172748752,-0.861557427,-0.398858114,-0.464396292,1
0.7944557324552566,0.4347920937268852,-0.467363713,-2.898269871,1
0.7257756877882757,2.277464844205962,1.6173094295633863,2.889693793500493,0
-2.165547972,-1.664879683,0.23560479133187462,-1.584709786,1
-2.792701312,-0.586270343,-1.274131595,-1.417434926,1
2.7190369021454917,-1.569275302,-2.223404573,-2.248084453,1
1.8379444409311754,1.2890884471604416,-2.223082827,-1.681481287,1
1.484058050661182,-1.352301613,2.889252450944113,0.2434203997254527,1
-1.847952178,2.152850727076399,-1.083146725,-1.26715587,0
-1.035352599,1.6091834893382266,-1.960722302,-0.709285318,0
-2.815003363,1.959759704097646,-0.955687402,-1.510962481,0
0.4793594542529953,1.229951302508252,1.8773762230976585,-0.913290327,1
1.8738051008944172,-0.210713998,-2.393146395,2.0778448962946756,1
0.28580869262768616,0.6148174316843127,2.624947618168412,0.35490890963553134,0
-2.966498816,2.223695046018616,-1.291493518,0.010601524704022758,1
-1.770680385,-1.218098589,1.1198930884022031,-0.422559894,1
0.7627837834883224,1.9414541478777059,-0.955067867,0.41004022995624556,0
1.6655273602388174,1.2907391566162474,0.2390606158911055,-0.699698936,0
-0.554988113,-0.401188728,-0.906926826,1.1944538093381878,1
-2.247508486,2.804724724303661,1.6739130118292405,-1.211021687,0
-2.744714584,1.2678190342735567,1.406154269818999,2.7817356631654597,1
-1.477766655,-2.503649459,2.4908085463105962,-1.448105792,0
1.3291886839432916,-2.636042173,1.5635088298570015,-2.237844617,1
1.1735180882496206,0.19405828712042883,2.7329287828035627,-2.778494142,0
-1.247707525,-2.582946496,2.2751858114383134,0.5634069219666467,0
0.20981767414739405,-2.211252647,-0.065806456,-0.607778069,0
-1.105488791,1.633133732991566,-2.632343761,0.8801143641732105,1
1.9379581872132707,2.443843697161946,1.4754995685324612,-1.305265927,1
0.6030447631422202,-2.151578335,-2.297636258,0.8317448528310876,0
2.106645927505217,-2.596511246,-2.363977607,0.39364384457614143,1
-1.690728834,0.6709087366658868,-1.712737048,-2.301108154,0
0.27344989298896394,2.1731708281957127,1.1107318329031797,1.9123508252157881,0
-1.401988954,2.315871907782154,-0.737764953,2.1146860071419615,0
-0.172946459,-1.392854116,-1.438447014,0.40600730618791747,0
-2.525938379,2.5803371675310522,-1.371219026,-0.986251093,1
-1.600190678,-2.981952237,1.155301420852787,0.5433174062053414,0
1.857867241182694,-2.753935359,2.571933868399922,-1.01467836,1
2.4784191750347624,-2.357211108,1.463523488817847,0.47614938859395917,0
-0.850852708,-2.525145624,0.6284190590804433,-2.841360702,0
0.007692595,0.6252514547619299,1.3951424837251318,2.948007805349075,0
-1.439437719,-1.065661072,-0.953127919,1.3894962711530106,0
2.590915609536683,2.845942497489353,2.674868199348775,2.276298046,0
2.9458642429237862,-0.744325639,2.689927919992238,1.566119774,1
-1.989240843,-2.727208873,-1.713096253,1.672506745725757,1
0.7901812873553054,-1.653862456,1.4515287268281556,-2.152066563,1
1.9310483631521667,1.7649658558243928,2.8354558242362904,-2.098322612,1
2.4396779664876016,-0.953384018,-0.503640811,-0.189329623,1
0.7614243192153349,2.9685802207082563,0.5997528183313992,2.560295190242444,1
-1.469830787,-0.609530029,0.026997177,-1.062588061,1
2.861202617785981,1.3541013233833628,-0.126711887,1.507828207258763,1
-0.195345006,-2.896648036,0.25916044686201634,0.7511113125672093,1
2.887244512,-2.75524291,0.072581745,-2.41107146,0
-2.106024591,0.662780034,-1.610593726,1.4950446677701468,1
0.085192156,-1.690722689,-0.037249934,-2.994709639,0
2.1764402619470458,-2.923929738,-2.957940645,0.6690236590778822,0
2.841125554740497,2.135600906123873,-1.487886524,-1.819999133,1
0.7566730838007327,1.9358264821324642,-0.827527975,-0.405872458,1
-2.307062918,-2.083041472,0.41010957015612526,-2.384063126,1
-1.787723251,-1.591937856,-0.336452801,-2.726328215,1
-0.00137417,2.572046438364489,-2.853218033,0.7859091912447917,0
2.015054190909254,-1.125234945,-2.21088873,-2.739961274,1
0.8634183566148153,0.31340628137441007,-1.62423007,1.9897038457904879,0
1.4130381129140606,-1.34142729,1.520178137187803,-1.530034719,1
1.051604771198165,-2.288729754,1.153436779999243,-1.567353486,1
0.4348161254502845,-1.965216799,1.3558016854077142,-2.634722554,1
-2.007493279,-1.895181121,-2.751938485,1.470075096961474,1
2.8857150284395967,1.670386730470094,2.163791772734373,-2.963954038,1
-2.292780217,0.35412203576917456,2.8672133087650042,0.9642775862892217,1
-0.755179838,-2.123104167,-2.082985834,-0.823480786,1
1.2828611840640436,-2.809084254,2.113065548769831,2.6493086141388345,0
2.3328987631849873,2.4781614563813577,-2.907964323,2.866753895699375,1
-0.801857311,2.215686710191049,-1.879146776,-0.320845544,0
-2.735013668,-2.759544019,2.6596566046178296,1.8636396751742348,1
0.17895626648275975,0.152749041,1.492527710857118,-0.949987311,0
1.571215655171713,-0.08994972,0.8275044174687896,2.7889767006188873,0
-0.172106655,-0.489572042,2.434495043648152,2.415482969498064,1
2.954512211299055,0.30517799584985505,-0.934430754,-1.557659621,1
-2.795421858,1.3603717452653132,-1.599142958,0.6398453113539437,1
2.4995541921863733,2.7012816443671603,-2.973539196,-1.097549812,0
2.0242681767913613,0.21867123210921147,1.845052400892917,2.119939697027628,0
-0.34424268,-0.846102372,-0.267400404,0.9167712157455976,0
-0.797045083,1.649929732186516,2.4239567621101346,-1.306132787,0
2.789937865045437,0.7363514803518636,2.269012627318446,-2.376501388,0
-1.491005178,-1.073885523,-1.183067093,-1.96883306,0
2.2092056851489943,-0.488327152,2.7787812748007283,0.5008342007408828,0
-2.169632186,0.2754282590037427,2.9612708863454538,0.39103012259564895,1
-2.988783929,2.598479421542515,-1.590633563,1.1311743184137395,0
0.09048093,-1.047397459,-1.304162858,2.5725591750426284,1
2.4715553755190234,0.07880904,-1.449028827,-2.385947807,0
-2.060541703,0.13351035444362713,-1.153020237,-2.747591146,0
-0.268995688,1.4771357547858823,2.3501706957599247,0.5117042740985358,0
1.3397527430546763,-0.815577175,-0.022570925,1.3777611390601754,1
1.3659493642337672,-0.452842413,0.2620040493499367,2.543132037305817,1
0.7919856296594019,0.8554477541195378,1.7077217543121606,-2.308662622,1
0.1373057498923651,2.756590417625892,-0.830037647,-1.230443121,0
0.6072477936285461,-1.673283453,0.3356709391418935,-2.066087935,0
0.47876076418743363,0.614275102,-0.489597126,-0.703521447,1
-1.52725033,-1.014466153,-0.009924197,-1.514046594,1
1.6970067802311757,1.2542114479546296,-1.384164797,-2.415389021,0
-2.998919766,0.5803131142889333,-1.731817521,-2.924505179,1
-0.845488376,2.7719907739045997,1.1396568457789034,2.146582217534748,1
-2.13156541,-2.560271072,-2.930821419,2.733973740116923,0
-1.198783588,-0.242970346,-0.632858258,1.3827416123571554,1
-1.140210708,0.21271729568430953,2.973493589732805,-0.335618692,0
0.30762924419853377,0.015168373865027007,1.819116948816193,-1.398962076,1
-1.977371903,1.5245589495891725,-0.506290882,2.482356053860123,0
0.8649557147603861,0.3860586702704554,-2.577257671,1.3824714308267883,1
1.116242193077749,0.8404315469229289,-1.392542859,2.6804359300466674,1
-1.070069238,-2.086614259,2.9232069296100827,1.4774776747426088,0
-0.511278706,2.615498585332241,-2.453295754,-2.474032701,0
1.0947061117715133,-1.93216771,2.502837091159705,2.0421550457932254,0
-1.161796655,2.333037493616221,-2.742673878,0.2918271164249635,0
2.613376642,2.1322978736141884,-0.863560057,-1.902777389,0
-1.73675647,0.087047268,0.5806376630188446,-2.8031141,0
-0.518690645,1.982322693863427,-0.334026299,-1.984947654,0
2.7291617581145804,-1.40234676,1.7905695938043635,-1.837235002,0
-0.460963625,-0.057464761,0.003811776,0.098843209,0
-1.650314756,0.095493132,-0.109723477,-1.747683017,0
2.929149357022265,2.1933803567193007,2.3254581061348976,1.1134263022973698,1
-2.040617816,0.4085523833984932,1.9286377897643163,-2.767581068,1
-0.02494138,-0.62326272,-1.727251622,-0.730499977,0
2.900985065216717,1.3394599581706652,-1.20277752,0.6321303088849772,0
-1.520062558,0.6650634541456433,2.377000137,0.3412607996553141,0
1.4000398527160964,-0.279966008,0.14474350598397923,1.1704504725292715,0
1.8744300303083836,0.9567083191526979,2.864951963340558,1.9189355267896966,1
1.6629612276472514,2.0706094738861527,-1.312734387,-0.407717076,1
0.38677751036754415,-0.225682089,2.084746909344478,-2.837588894,0
-1.744947497,2.2902392460111294,-2.645399174,-1.638070178,0
-0.892498018,1.5044433648701458,0.3610841770010902,2.7276282166819863,1
-1.63274991,2.2327224299323767,-1.302519062,-1.527010445,1
-0.009748811,-2.572772968,-0.694157922,-0.865944191,1
-2.039390666,2.164769071649463,-0.684662138,2.8915210770820945,1
2.3982476942266455,-1.831135803,0.030733034027630612,0.6108248301993173,1
1.9137630176617266,2.3138564979083682,0.7441081269329395,-2.789194781,1
-0.112341303,2.308821217117994,1.2845376152655597,2.2208516484567467,1
1.0444787383362435,-2.735789941,2.8080399372396636,2.508111243418072,0
-2.240522761,-2.323852999,0.23447100286212041,1.5423050073412998,0
-0.706960728,-2.181707019,0.063336593,-0.974603183,1
-0.889368267,0.8699132210422933,2.313648595377023,0.3515503851338657,1
1.125615064977814,0.9596819491274489,0.30687715534157967,-1.135451127,1
-0.733234891,-1.105777209,2.5049885788923287,1.959712023062659,1
0.47608423710732417,2.473460825845204,2.318452158887868,2.566166398511011,1
-1.669356854,1.3050182265833676,0.6553469995410106,1.4029838270076427,0
-1.419723816,1.1688544286297864,-0.541028908,2.0045507778378013,1
1.7721943509706382,-1.731854335,-1.896868342,1.3063903277091962,1
0.30284936836896303,0.34323546409229344,1.5150919407561272,2.1298247581307397,1
-1.566216596,0.33323728074330106,1.9737282569524632,2.2367650271700157,1
-1.27554367,-2.37507686,-1.603060477,2.6729970840871635,1
-0.225121725,-0.488557257,-2.921493908,-2.693911902,0
1.0121755768483425,0.5389624123499788,0.4531697909724226,-2.338062744,0
-0.887632983,1.8741488318408877,-1.950532657,2.2961235058946183,0
-2.271130198,-1.985104019,-0.133500233,2.6717994266912246,0
-1.022713931,0.9493079613482935,0.5320275359344571,-2.102264181,0
-1.510998592,2.5809166358629323,-1.891022258,1.1700593385306792,0
2.788166895601827,-2.282964047,-0.604908059,-1.656407133,0
-1.670630896,-2.286084936,0.897307104,1.4780610594642702,0
1.0607634601383378,2.5479387457149167,-2.125927148,-1.08092776,0
-0.932563142,-1.607507377,-2.146770335,-0.079779144,0
2.0066377682845706,2.7272383536199083,-2.223956207,1.9389433684364157,0
1.9474867377916496,-0.666131271,-2.339822255,2.940048040541388,1
0.9335581831729121,2.893174170249482,-0.098066906,-0.628842,1
-1.516887144,2.901432010632117,-1.480456383,-2.857423463,0
0.074810482,-0.737697042,-1.431704979,0.8076486988870406,1
-0.814388311,-0.58649467,-2.861726377,0.5344255713183452,0
-2.267573821,-1.717170847,1.3027069236758289,-1.120543643,1
-2.020738815,0.4645448823748848,-1.71057303,-1.374130716,0
0.7280358598672425,1.4391706881834896,1.4379581111734625,-0.106539529,0
-0.274218534,1.7258711053875446,-1.841791649,-2.086785315,0
0.9881703961770585,-0.542958394,1.2599907634210856,-1.460398659,0
-1.050768714,2.3800658951123435,-0.470060839,0.5457208183223066,1
-2.359906835,-1.927024967,-2.784673627,-0.453775129,0
2.933520026970143,2.2432389159087958,0.7974534896430416,2.166578951744796,0
0.5650161381145384,-0.787386718,-1.958721593,0.9182924505613452,0
-1.841692342,-0.495429497,1.9548110529315785,-2.224624185,1
-2.225871486,-1.653585506,0.31150384273379395,-1.48965913,1
0.019187624,-1.188104334,0.037453229450433057,-1.334211306,1
2.880074253651392,-0.043692593,1.4618606046494405,1.203279353,0
-0.056643751,-1.56682763,0.064309667,1.0858297423226073,0
-0.240484377,-2.508449356,-2.892100623,-1.032739149,0
-2.098656443,2.4371414755559737,-1.945003979,-0.634303716,1
1.2724650724288882,1.8925299600963656,-0.133721081,-1.913189942,1
-1.374628659,-0.486189314,-0.812432464,-0.907963457,1
-2.208877189,2.479861513025698,-2.821460361,-0.359987233,0
2.8819289550185196,0.9583436329446124,-0.867536018,-2.123414493,1
2.7832356338745656,-2.916081829,1.088325423678861,2.280824828671964,0
-2.849037061,1.3510491845430064,2.9930265675284096,0.8378548114400965,0
-0.511926313,2.246404316137692,0.3250754785357697,1.4966450807396399,1
0.5266739509110296,-2.770253445,-1.721130071,-2.527418556,1
-2.359873426,-2.907567038,-0.473010126,-1.928090209,1
2.1341791229638307,1.5002252252439625,0.4390619688929762,-0.065871928,0
-1.464788157,-0.150291205,0.8473756551864646,1.6933731611566527,0
-2.509907602,1.250788132,1.4563792605677115,0.35383320554913844,0
-1.714084826,0.23510752500705046,0.016229290891862203,-0.145739422,0
-0.236160507,-2.335046602,-1.902645091,-2.416007469,0
-1.545133034,-1.419139304,-1.529544831,-1.734425591,0
1.4125322729087335,1.911392397588708,-1.037344701,-1.16922665,1
2.0641940985150473,0.7435434099947464,-1.239370051,1.2816737555194937,1
-0.932443139,0.5193336860530384,2.955804179926809,-1.190433749,0
2.5831560042499984,-1.076085514,0.2417202262489404,-0.240097262,0
1.6989573740636166,-2.633443803,0.762733824,1.5640016660929374,1
-0.167130892,-2.368244361,-1.531169919,1.0780342206051818,0
2.372624313001891,-0.470348358,0.36247221,-1.62968978,0
-0.526720116,-0.979261153,0.9331532878291418,2.908193710050666,1
1.8798207119141175,-1.84701249,0.4660715598406009,-2.60152971,1
-1.518507079,-1.966693944,-0.986726774,1.072883814265281,0
-0.003640098,2.597455558975306,-1.723506961,-0.814745122,1
-1.020884539,-1.584218244,2.9590246147574675,-0.676646727,1
2.6430538829975907,-0.657159157,-1.775449928,-2.284762016,1
2.133379159053031,-2.807414157,2.7863675300356885,-0.490852729,0
-1.515753893,0.7046767932921751,-2.202522049,-2.567126559,0
1.9667001114574019,-0.451975352,0.10952947262719182,-1.939823947,0
-2.631454533,-0.793343204,0.036877514,1.5925837312681672,1
0.006312001,1.6950421061154177,-2.307403322,-2.616223368,0
-2.046834215,1.6320727613323713,1.5559813850322088,-2.151793173,0
-2.81406805,1.1116916172729905,2.131690699457865,1.5246461730610932,0
-1.783206116,0.5026073833520135,1.5441943237532474,-1.465027773,0
0.1663248082167179,-1.113237576,-1.646547496,2.817535960625115,0
2.4754917623215578,-0.325993614,-2.179331634,1.367443819923892,0
-1.465793219,-1.988893165,-0.710825894,0.17909885500043465,1
-2.415358021,0.43047883829115907,-2.907909751,2.351214364,0
2.5244501356731996,1.3984246410711085,-0.200703549,-1.470622377,1
1.464672544268379,2.590783211712382,-2.048797771,-0.205068064,0
-1.108430184,-0.859549266,-0.565453312,2.7107780662280305,1
-1.448176993,-0.043944965,2.7089248299707425,-0.143658659,0
2.1815971315287204,-2.647411354,2.7181825107794158,-1.874813118,1
2.879610208387705,-1.946538808,-0.333804313,-1.148313051,1
-0.400611473,-1.49685156,2.7919044745658512,-1.165650096,1
0.9196494723853377,-2.175315062,1.9463249090993031,0.25504766105708043,1
2.8766767471878953,-0.459586699,-1.82731275,-0.923886003,1
1.4217936365609658,0.9546391259752558,1.670084445706351,-2.559178247,1
0.48221265206871866,2.593012062217828,-2.352588483,-2.433988447,1
1.2996261871170836,-1.108905265,0.9514752621654416,0.27230707830215994,0
2.916399950039434,2.3343385017292437,1.0684366893702704,-1.429952243,1
-1.428551027,2.293462803413675,0.5120463916523579,1.7356906923126143,0
-0.300814761,-2.38155818,-1.003881251,-2.033104834,1
1.6909968985530135,1.203071937942541,-2.469522466,0.7283123925712625,0
2.244813041968773,1.1841857723997995,0.066671478,-1.12882029,0
2.322580497515373,-0.463170707,2.1323614814027128,1.697999029309182,0
1.8973617916851584,2.938785120969877,1.4925510952377872,-2.795754386,1
-1.76739639,-2.788829098,-1.86051858,-2.631362936,0
0.009702247,-2.830762721,-0.164525402,2.393045442720072,0
1.4914560754488564,2.663735541910537,-1.640119357,0.1865148984317626,0
-1.088523281,-0.037081226,0.3424549775057306,-2.782883217,0
-1.600463189,1.2286366754639841,1.6375681472417973,0.4167082049250195,0
-1.375025832,-0.5694953,-2.423779129,2.719077701,0
2.212064827261729,-2.606385919,-2.001056006,0.4865666471325212,1
-1.605419555,2.6064041880847695,1.5335434852264473,-1.360250923,0
-2.963391533,1.7966843472178482,-0.455461742,0.8542662711466624,0
-1.278151047,-2.142760444,1.0518695507144749,-0.298052471,1
-1.588981794,-2.174232003,0.48287756664980064,1.3532996412454459,0
-1.296678227,1.410855212082744,-1.901266808,-0.969505853,1
1.4692937207997332,0.9608611178824757,-1.376858239,-2.267189991,0
-2.74515945,2.0274910795157144,-2.549148303,-2.310929087,1
-1.573736218,-0.325981775,1.738722481418976,-1.515118044,0
0.26104949,-2.457764868,-0.212933969,-1.93416604,0
-1.732850647,-0.799029395,1.5680861922051443,1.4639185794014082,1
-0.510162141,-2.287973075,-1.31585028,0.032134659,1
2.216470672170739,2.8095276888799825,0.8248256101434812,-0.895881057,1
1.160720722166272,-0.982619185,0.7528407204996386,-1.53740057,0
-1.398067793,-2.548646466,-0.479153087,0.7090471205740068,1
1.7327696628637268,1.8620912690261626,2.954666697042983,-2.473465645,0
-0.041179389,0.1282474524144801,1.8272005582673536,-1.401848906,0
-2.58376608,-1.117447138,2.9035669743855657,2.3966471869475177,1
-0.628518234,2.2576319924703636,-2.803473095,-1.114775535,0
1.3608710879252666,-1.671286494,-1.809654291,2.170845276,0
0.6957237664604632,2.9341363098722146,-2.191981942,-0.863229557,1
-1.132719769,2.2807934263134584,-1.46822088,-0.879234014,1
-2.142996746,1.6524058958951224,-1.573780296,-2.590078367,0
-0.389347604,-0.651251256,-1.934344774,-2.198414641,1
2.3793432802995644,-2.592933081,-2.40413426,-1.529716313,1
2.717035137939013,-2.487694503,1.896088960457293,2.352312919912963,0
-0.732793551,-1.236633601,1.0642663695444483,1.2158076036613377,0
1.679862976944933,1.9834006879735542,-1.389627264,1.1217696113198938,1
-2.190565654,0.064387989,0.6773214990755667,-2.02960838,0
-2.540960762,-1.831522282,-0.476467513,2.3270458668922487,0
0.1914865472083629,1.490957350403944,-1.95513283,-2.364130812,1
-1.562295854,-1.116717523,0.28861211293319666,2.2874599221866445,0
-0.443444299,0.1127891270698207,-2.972318784,-2.800127623,1
-2.4973848,1.1939645128741718,-0.082851787,-1.842232809,1
0.555596632,0.26767291091421663,-2.467204189,0.8424766363028775,0
1.6029292357830611,-1.280673554,1.1249331719658455,-1.801682898,0
1.5403728822704688,2.4706450147363217,-0.348797257,-1.532267531,1
-0.604939787,-1.499535164,-2.992563745,0.9027396708266711,1
-2.744840148,-1.737655559,1.3346973367789268,0.9943500834947008,0
-2.560026528,0.9603284464744624,2.583449337454695,-2.552985186,0
-0.505870634,1.3766033406848486,1.0063380190674796,-1.640936745,0
-2.021596335,1.7054820242455921,2.7374679314327803,1.605500805256975,0
2.7792268931865003,0.6299725448222566,2.5745931641515023,1.142614167269321,0
2.4533085012065197,-2.030466192,1.8933912944636937,-1.819525194,1
-2.835425388,0.10551680425777743,-1.090489317,-2.738811829,1
2.881826272368956,0.9987965729399568,2.410873039293592,2.994495515231689,1
-0.64819958,-1.471577828,-1.896693644,0.091122647,0
0.636484665,-0.165463584,-0.676487911,-1.990364619,1
-0.348842257,-2.488541178,2.190286553325551,-2.718584087,1
-0.71612363,-2.399172786,1.6498829968024697,-1.123578127,0
-2.321366324,0.18894779318708288,2.4976620433772405,2.4518692267152202,0
-1.502093753,1.3179580557614008,-2.818294843,-2.208889221,0
-0.003165778,-1.627461393,1.7895711237608278,2.586433032315967,0
-2.974000101,-1.602505022,-0.362679924,0.3784757301143311,0
2.4954166655526064,2.3513009430917613,0.8230205968077953,-1.455671915,1
1.699726859270168,-1.784089372,2.7910339445809003,-2.964960506,0
0.4186230234474091,-2.469616518,-0.554402819,0.8096012418625032,0
1.1375909735514984,1.7134168180436111,0.5599662165886206,-1.492083892,1
2.3355194576092293,1.8666444780821259,-2.039686094,1.9590671052470938,0
2.8358670954628904,0.8233147008475061,-1.309168661,0.6395629876404856,0
-0.944789585,1.055678823853838,0.2687997567352407,2.5769436725385075,1
0.7074512592048166,-1.716109898,1.350659240051308,-1.194730093,0
-1.365654282,-0.649340247,-2.928019926,2.814843960967682,1
0.19398666815218935,1.6409633632377618,-1.452886666,1.4797087898017534,1
0.403023014,-0.455134957,2.824015357178772,-0.036937715,1
0.944751491,-2.907946851,-1.191268761,2.332149396960398,1
1.553754366696113,0.22052421705389857,2.400958242679712,-0.082676921,0
0.3990423851266538,-0.707082917,0.7202402203373053,-1.085990814,1
-0.687046935,2.7979575792436115,-2.332147921,-2.368467929,0
-2.740103883,-1.079732881,-0.610624545,-2.432906136,0
0.2947859722009776,0.49980917432921457,1.5061601616799685,2.8558086996948093,1
0.7161134837543974,-2.33009516,-2.468854541,1.6652811819022268,1
0.9020047712155606,-2.028513632,-1.479840164,1.5014423237551098,1
0.3969346908338789,0.5100003750152338,-1.739947972,0.7743478899462692,0
1.6237715724435313,2.3115133527830816,1.4203039489082947,0.45825390605409666,1
1.0395558434806613,-0.089331225,-1.638610541,2.293241836631612,1
0.19573579900455185,0.5659098668834099,2.940653482519096,2.910094069635843,0
0.5178659099996237,-2.796256428,-0.623114772,2.6237596803053354,1
-1.270160446,2.9956121111778957,-2.494094839,0.40868508603112286,1
0.092696161,-1.46788252,2.6916427838705994,0.7150272599838612,1
-1.618630299,-0.695710813,1.3273765612923754,-1.213819724,1
2.277637212367087,-2.005956612,-1.412969461,-2.13060832,1
-2.374926967,-1.198107459,2.995072478012643,-2.43402352,0
-1.721986849,-1.370299206,0.7147781068332231,1.472074178447115,0
1.5116020491242743,-2.948184108,0.9111027527967916,0.7844212762026181,1
0.10592809133926284,-0.724748632,1.7846651847673787,-0.936715227,0
-1.619926367,-1.139428953,-0.362112497,-1.715655672,0
0.6454274772329192,2.3052552150713748,0.5727607449724506,-0.319990155,0
1.7812125973494242,1.4882317372471725,-0.797651271,0.6249208239921709,1
1.379057161907947,-1.527220452,-0.802356725,-2.365343577,1
2.9260816698410004,-2.484734097,-1.988363249,-0.121008302,1
2.191631001267236,-0.864707862,1.6115768851880752,1.0562044398974164,1
0.831984463,2.0701035058010406,-2.914978262,2.574918231,1
1.9753570820177586,2.627203317910963,1.7615273031401228,2.271548444725635,0
-1.781531711,-1.084625599,-1.108673919,-2.344999525,1
1.3774755317075442,-2.182974644,-2.684945004,1.6526812203303827,0
2.427979018391576,1.5847400877907996,1.9521132769918577,0.5737300669846275,1
2.326478027488519,-0.019779106,2.9299357109247897,-2.379509743,1
1.8550842402083028,0.8483364960676516,0.4838764093271708,1.354863185166728,1
2.041749184793092,2.1773044010430596,-1.947714222,-1.817784421,1
-2.903000943,-2.208945253,-1.416705043,1.3262149353016977,1
-0.145394946,1.547421213504104,-0.080784913,0.3335847174598099,1
-2.33360048,1.6593497080561947,1.5487591931973288,-1.15463045,1
-1.028531533,-1.681911297,1.8830380562169164,1.4820408117706823,1
0.6548864291055163,-1.567067381,-1.968880004,-2.698386893,0
-2.726331109,-1.877183161,-2.396804806,0.33664603753465805,0
-0.851459233,-0.330325307,0.5644031015231388,0.9546104721210815,1
0.8892103192954681,-1.434860479,1.8577621217766165,2.5062580195153794,0
-1.104369917,-2.897607501,2.39492512,2.5412923977208566,0
-2.694321358,-2.970260449,1.8984286979564535,-1.191219873,1
2.4874930037759313,-1.69953856,2.1669276967595223,-2.588134382,1
-1.436178916,2.838773274873846,-1.612820074,-2.201922096,1
2.1423279148379715,-2.293195249,-2.415263349,-1.059449195,1
0.8119710395817572,1.2644782426721743,2.2874327029643746,0.24546915575463668,1
-0.639493279,-0.846997429,2.0814163708648437,1.342891856895993,0
2.432574082350836,2.7842127343896843,-1.199694983,0.17804471220503704,1
0.7909248441889973,-2.016906319,-2.679917796,2.2065834846918815,1
0.21314106453223935,0.4246452981602351,0.3294860725677289,1.5297642289961422,0
-2.126988332,0.6842906446291961,-0.183122931,2.381748957046346,0
0.11772562737795234,2.657609844444994,-0.880482035,2.8013682383399434,0
2.250947688550607,0.5055797384121279,-0.8777404,-0.744459855,1
1.6365125187497496,0.48378810701426733,-0.590474487,0.8163297684729862,0
1.3994003874056657,-2.862596925,-2.460823193,-2.433087358,0
-1.608397168,-0.438057365,1.8218993957553273,-0.89340579,0
-2.89513327,-0.099828882,2.9797715725477314,-0.905874026,1
2.767527112603889,-2.391929213,-1.961402053,1.3447324208742497,1
0.007274694,1.5907308207953168,2.1813500701733393,-1.493490744,0
1.0969750226384516,0.6456074198025368,2.169210175152786,-0.419376596,1
-2.688777416,0.4451167636350717,2.7532699147107467,-2.912212923,1
-1.558452069,-1.10359326,1.5950333273458535,-1.060338465,0
-1.565496821,0.8913480868022465,-2.721568266,-1.97641884,1
-0.551818628,-0.866400226,-0.917005085,-2.348669921,0
-0.834959883,1.7879566319484166,-0.516934789,0.5170271088941099,1
-2.018523544,-2.581731819,2.279736251589364,-1.011764423,1
-0.897976602,2.2661270968731504,1.2466280934524638,1.5375762659256775,1
1.0920209050059757,-2.365246531,2.747974926337366,2.454817722767565,0
-1.582679239,1.8239651468630473,-0.543621411,1.1026018071868977,0
-2.006382001,0.2313255039385247,-2.240302203,0.21700299214869556,1
-1.538436264,-0.285200827,1.007816203046585,2.262447489963713,1
-2.008265981,2.359614693,-0.659774112,2.0627794116352858,0
0.075287511,2.173251430577639,0.9769444051211975,0.052296844,1
-1.124768202,2.813454525711932,1.8053859459985064,-0.712876889,1
-1.999658442,1.6772125115597625,2.9396657268655195,-1.326150277,0
2.4951784340099747,-2.247775766,2.7132375255111247,1.4720334746583799,1
-0.920422624,-1.172209066,0.8606121236361073,0.561042842,0
2.5136202089621182,1.5974588052552852,0.2421892354435613,2.5653950510379273,0
0.5563837879993128,2.0981090139640637,2.0456559125871383,2.515169153697217,0
-2.594387812,0.5029180076806665,-0.189644453,-0.056745699,0
-0.240536378,2.0248001365340453,-1.089402615,-0.22349351,1
-1.795904743,-1.489700304,0.9625205,-2.29838437,0
-1.873069134,0.1682073574278844,-2.737361832,-2.238438003,1
2.180117633800493,2.0768805947699747,-0.91334337,-0.912052108,0
2.6190926955840217,-2.844953166,0.4817730785116252,0.5843434742443643,1
1.7273224030899677,2.7105030949356044,-0.865034478,-0.372999159,1
1.0277908831210638,2.803629734,2.3447541224202446,1.002318019620267,1
2.1403414300261323,-2.488773415,-0.737238343,-2.921445026,0
-1.93516657,0.7829554272144117,2.313369742402001,0.7966818599507728,1
0.9848286420513999,-2.377070368,0.9891629454802793,-0.273919696,0
0.9086413894909402,-1.042961343,0.4889156499790208,-0.455584219,0
0.3518223326103649,-2.11746289,-0.625050878,-0.754328056,0
1.418367124,1.2384570838083935,2.4531521083879984,0.7923335536991853,1
-1.112717221,1.6993479794119883,-0.018014139,-1.839040736,1
1.4844688099627588,-2.204811626,-1.931080013,1.5525355706108837,0
1.620868164427728,1.7446876128252917,-1.240049253,2.1995247442291133,1
1.3360088157724368,2.0038044573080427,1.2516329084813398,0.4775787524780437,1
-2.343631371,1.2656172717116956,1.1427646527491042,-1.1250532,0
1.414918614278557,0.30272732058796503,0.3564374312604901,-0.794371927,1
-2.299289752,-1.698429253,1.612989920016349,-1.371350697,1
-2.986481674,2.9821045267893007,-1.735906597,0.932298893,1
2.561532027449962,0.5982764078036222,1.7941836905067445,2.8582302728928894,1
2.162180555578715,0.3474245320701703,-0.817782417,-0.105213305,0
2.050957009143266,2.120127660903842,2.0751295341501823,0.5833464165000661,1
-0.138264493,-1.131971663,-2.979834869,1.586911625165735,0
-1.33801032,-1.021932628,2.0608873490822637,-2.686493057,1
2.565721988744632,-2.991828465,2.6350146889524364,-0.271449053,0
-2.387264249,1.044968203447124,2.3751385543273305,-0.371563099,1
1.148147424183998,2.8761763211357634,-1.555795058,1.9226967415361287,1
-1.228577344,-0.4419744,-1.309404789,-0.323929509,0
-2.969465805,-1.179366916,-0.328235616,0.7934411022365762,0
0.824168347,0.5027137108229569,-1.241809022,2.6844258956144724,1
-0.648181058,-1.698636353,0.3270776380079239,1.4935720192854811,0
-2.926598563,-1.341935956,1.9498671156001794,0.04212656,0
-0.549070173,2.585407677493871,-2.462789417,0.6934212046670947,0
-0.946867703,-2.57505961,-1.717532948,0.767599278,1
-2.830338397,0.5534928923361058,2.741102527303826,1.7705763742216156,0
-0.926417524,-2.170754122,-0.209613397,-0.642297383,1
2.8303977601431125,2.9392083270505314,-0.536492062,-2.107296099,0
2.4636572978574307,1.761253654,0.06764524,-0.807872142,1
-0.311005034,2.411287051830662,-1.892139313,1.840701126740826,1
-2.890856203,2.5234319588525107,0.001783678,-1.639513042,0
-2.982860983,0.35727881246864523,-1.533072777,0.7875860160650596,1
-1.312984311,-2.471855825,0.030309779,0.38691441772886614,0
-0.284459847,-0.251786674,0.5379007674000924,0.15812105646092078,0
-2.204594767,-1.817486121,-2.149253751,1.1597734933184753,0
0.17159047300179608,-0.420869259,1.7900339716370963,-1.045232041,0
0.40863997854576617,-2.553554391,1.4664245029506713,1.1711546688935393,0
1.8142777757812922,2.3068557480993217,1.5481696037725117,2.0669393407637626,0
-0.926072406,-0.939975828,2.665804919398898,2.4874472179572287,0
0.29098404663133515,-0.800647288,2.1960091815528022,-1.059533205,0
-2.078189503,0.8369560500328799,-2.744269142,-0.725388563,1
1.845982894167732,-1.228702826,2.5878928744411995,2.7349479996998243,1
1.8948978045907134,2.925859913952376,0.18458466906862592,0.4151973128338291,1
2.017000891622871,-0.043168465,-0.559679959,0.6885215470472339,0
0.9459570650932916,1.5053749301769983,1.0092041835605121,1.4743307715799707,0
1.0473580253325139,-0.117328569,-2.190392494,1.712659373611551,0
-2.815325092,2.9550005505680375,1.9707509396380791,1.0254636478878298,1
2.799640631,0.6748216887372558,-2.661402716,0.3562930440871206,0
-1.336774886,-0.783134832,-0.242489065,1.6476044783327009,0
0.017575286,-0.151918255,-1.188167174,0.23923345111621774,1
-1.509654873,-1.434037108,1.543552650867123,-0.944716413,1
-2.691601962,-0.937936285,0.8314332471997137,1.8839135200639339,0
2.771620088354168,1.4773225288498555,-0.426890343,-1.205284325,0
-2.222220059,0.7661186066766863,0.059299885,1.0662090986648476,0
-1.577201061,-1.058134991,-1.247427903,1.7859110530464637,1
-1.972621111,0.6508327021469733,-2.691869905,0.297165455,1
-2.616516145,-1.944740455,-2.321848188,-0.919647877,0
-0.937611494,1.9585156843695382,-1.645875292,-2.481679549,0
0.6210707448847783,1.1247041976000407,-1.231058304,0.616884698,0
1.6563394080398641,-0.914682366,0.15212303959867057,-2.120200358,0
-2.858119194,2.888207848864978,-1.201614897,-1.326587696,1
2.8394707990385264,1.3694011425786998,0.5117873276428995,1.195940370560141,0
1.2595594001724155,1.5800152817578947,-2.596864611,-0.523011481,0
-1.229218093,-2.576582169,-0.524406019,0.6970409124788803,1
-1.92901392,-1.169839537,0.8350249315029243,0.47594794534328067,1
2.212712779039343,1.747385818,2.7936663137161766,0.5831598606802633,1
1.190804198469758,2.1630375528864176,2.0399546689516086,1.312329852157406,1
0.001537256,-1.360758671,2.2632945236124353,1.6599326534238301,0
2.0274417117508747,-2.155264091,-1.111122731,-0.450689773,1
2.030111833803364,2.357320036287933,-1.290643714,1.1185750035945885,0
-2.533114763,-0.542560368,-0.079985353,1.593796889394695,0
2.3518334210227225,-0.976300585,0.16643333965140794,0.8846893342051452,0
-1.027876626,2.913229279044266,2.2546462774201474,-1.221583027,0
0.047677385994290056,-1.614956321,0.087023513,1.0999940689397096,0
-2.486873443,2.2207032288436306,0.562475211,2.937617391,0
-2.846450957,1.9889901065893927,1.7517782895272855,-2.202884928,0
-0.988166189,2.3087772182650363,0.11072577043352538,-0.592311075,0
2.4329785935050507,-2.439932853,-0.161263303,0.9142445878521137,1
0.6512486340900754,-1.414341274,0.3798774272060186,1.2513705857158905,1
0.5093124439601899,1.1067733558639343,-1.463527564,1.9970937016306962,0
-0.301862778,2.923343064627413,-2.860288076,-0.718107773,0
-1.917149686,0.3336571619643207,-1.540769434,1.4248676794048905,1
2.2911951740251126,-1.734693879,-2.03593429,2.2521431143708712,1
-0.832368509,-0.39249819,-1.674182985,-0.448110792,0
-1.612199562,0.9955646438050856,-0.006741525,1.7283626757774533,1
-1.123631304,0.033570093,-1.442860062,2.6068435814797892,1
0.13161400674661872,-1.959225022,-1.363406045,-2.502588215,0
-2.833104026,0.15553095642402592,-0.977262465,2.7826407315618384,1
-1.972011622,1.7634759164216725,-1.104171347,-1.658775684,1
2.8178209140078447,1.8154595924745944,0.7837253486719895,1.1827262233425122,1
2.9482888491035393,0.5592444529493203,-2.388597295,-2.61080324,0
0.9996406648432403,0.9456068635508892,1.489042757868532,-2.347327619,1
2.6694136485310302,0.30695048346386855,0.8973331261272923,-2.7908857,0
2.765845287093443,0.37555109246369156,0.3801786779677716,2.6613318973822793,0
2.5761010691020045,-1.678208449,2.5865929314355753,1.4197277362803682,0
-2.886595636,-1.560941108,-0.522119127,0.4969347330345286,0
1.2079783829321338,-1.738737636,2.020203085642134,2.074291943334928,0
0.809992916,2.526563463,1.877894561383128,-1.670258044,0
1.7920611978621626,2.719212473,-2.174361318,2.872187308746174,1
-2.850043219,0.13300346864263357,1.6433588338709058,1.7426286152775265,0
1.4080354148776077,0.17610823651897167,0.9057859324223729,1.1995931139186826,0
-0.032764655,0.5741098508078255,2.078208320745439,-1.122725873,1
0.13923796181179426,-2.949121674,1.1246183986607594,-1.827687212,0
-0.113992478,-1.738768702,-2.858797713,-0.10067669,0
-0.45099836,-0.449102919,-1.74716304,2.683227538489075,1
-2.978957089,2.3492726999840317,1.4214115388368924,-1.967567799,0
-0.166848082,2.933100489049636,0.8621894219058435,-2.235739657,0
-0.254146567,-0.190781421,1.8135799972986497,2.496977596956932,0
-2.50655074,-1.115776278,-1.209371239,2.9762887495141097,1
0.3553627001483983,2.2789889767199067,-0.443802903,1.336338902453619,0
-1.280486146,2.4707161409354006,-0.269122554,1.8223529838965238,1
-1.4650987,1.1616260515312753,-0.569049574,-2.811363462,0
-0.521950477,0.3001298505325227,-2.089430317,-1.896521369,1
-0.21082321,-0.943621725,-0.355556772,-0.235038064,1
-2.159543738,-1.912832548,2.088992360876966,-2.023687864,0
0.9954859980495652,-0.488831719,2.8094201158178453,-2.603373829,0
1.9823331961845714,-0.051304613,-2.967885775,-1.418038686,0
-0.553818885,-1.114831479,-0.825303216,2.5000314548230795,0
-0.834395806,-0.487023724,1.5667893214686766,1.7630013944902512,1
-2.495462089,1.2244202074020256,-0.104568278,-2.196876641,1
-1.411736616,-2.729787016,-0.838576867,-1.467561358,0
-0.707379616,0.48204328518454087,1.3940373122197194,0.632111919,1
1.0702638135596745,2.193834724,2.242946660769065,2.164316090155044,0
-2.080986507,-1.493585198,0.013951829565432838,-0.847564236,0
-2.20998619,-1.273498592,2.8525725699938347,-0.918439467,0
-0.48651559,-2.961591469,1.3164892787411926,-0.518699607,0
-2.381159623,2.8113404298280313,1.664599275510521,1.3569005365963616,0
2.7472340090500165,-0.555119493,1.3112012417546905,-1.762752616,1
1.1827232847127203,-2.915525447,-2.242167717,-0.448446488,1
-2.927443831,-0.228204867,0.1367504943900233,0.7296395855224924,0
-2.397679938,-1.913928521,0.6797002243031702,0.9491262747758356,0
-2.844598631,0.2422041726902293,1.709890391992996,-2.585394733,1
-0.520962809,-1.040932362,2.481993752,-1.885185641,1
-1.089837521,2.3906684699478182,-1.016080164,0.1880846435135659,0
-2.801787977,2.909414617050217,1.9496802472271373,0.8064056684800578,0
-2.635468361,-2.550780232,0.26984178474413856,-1.289613383,0
0.7367366850190402,0.5891548910866344,2.0319083896757864,-1.311737636,0
0.46718114694595503,1.6641799130325658,-0.055362082,1.9838619896336667,1
-2.212342791,1.4033865908828602,2.6578925491258705,-1.008700074,0
-0.801981346,-2.498701937,0.8489566774482702,0.3147043538092209,1
-2.757925448,1.5132721618278708,1.9757069744701496,2.4427176248445246,1
0.2744045170238527,-0.284519791,2.2568229271924647,-0.607819086,0
0.9326587514073701,0.6921735384055578,-0.767033401,-2.478660375,0
-2.871506768,-0.430573557,-0.112790551,1.936069609139352,1
-0.513530101,-1.313040752,-0.227421192,-1.572057117,0
-2.451836333,-2.321741798,-1.085073241,-2.923941495,0
-1.67878028,1.725138845594123,-1.592296845,-2.335622934,1
2.6944833599672346,0.7348206981097167,-2.639844303,-2.626536201,0
0.6727327541950183,0.24077281238947013,-2.589751366,-1.65410715,0
2.5742574869135293,0.4320648628861039,-0.358047611,-1.499067528,1
-2.197811746,-0.584209895,2.534199355987803,-2.707731626,1
2.9458728956571996,-1.753123679,-0.547395838,-2.729692151,0
0.5086932186481876,-0.098668408,1.0002422084086788,0.2560687637488357,1
-0.610933292,1.4265401868700245,-2.849873233,0.24617412524757087,1
-2.316742777,-0.383950001,1.746751901148099,-2.145235522,1
2.6148620926349118,2.3310281543484273,-0.510569575,-2.964150956,0
1.7384689600469159,2.285374820473697,-1.951571446,2.4971532528993423,1
2.484583663768176,-0.172254894,1.7882088647870518,-0.33031213,0
0.38427759551170704,-1.080965941,-2.043183928,1.4792195028841917,0
-2.991642933,0.4773161378926889,2.188116158270782,-1.672336279,1
-1.002603259,0.5249151171867767,-1.518778521,2.0849211439846975,1
-0.800380997,0.4896823189193169,-1.643273114,-2.751681978,1
-1.957798404,-2.722806374,-0.188376602,0.5198243455082965,1
-2.731948754,-2.457106671,-0.086849839,1.7950795932058572,1
0.7680550734943159,-2.371738679,2.3252536430489688,2.5047014087384802,1
-1.050259033,0.6961067512881733,-0.046037099,2.652142611778933,1
0.052491197692414726,2.7597948822723852,-1.803944697,-0.926779454,1
1.6880714405768238,1.7016644135602066,1.3930996437402303,2.157668787991825,1
1.2152770376628732,0.8165108668334033,-0.246449922,-0.19747354,0
-0.563031041,0.7212707982229221,-0.560016425,-2.115034115,0
-2.360822303,2.5468336514626673,-2.851566555,-2.367196429,0
-0.328170752,-1.422442399,-0.564906598,-2.29531571,0
-2.214558379,1.803947452350692,1.5546524646018227,-2.374482806,0
1.006742489,0.6558679401329002,1.2801763360813787,-0.153306573,1
-1.380079035,0.9820750161391674,-0.771855441,-1.686282594,0
-0.548225918,1.5796190136057238,-0.145240821,-1.200814419,0
1.9912116889429692,2.2898625310856087,-0.400497457,-0.751871876,0
0.6761936821137899,-2.652153324,1.1479389634055828,1.6937256322634813,1
-0.615348436,-1.9523049,-2.827089749,0.8234735969225992,0
-1.38603956,-0.216662477,-0.68186687,-1.950691224,0
0.050212010764224324,-0.242438864,0.7448857372189934,-1.488690033,0
-1.712165521,1.8860703585388325,1.213153469784249,1.6332387101493797,0
-2.260261129,-1.65576214,0.4531890972218391,2.1432080812374483,0
2.352687859010821,1.9914597735295638,-2.739612323,1.9252751079343575,1
2.394547065,-2.659505459,-0.502314637,0.21966193978020998,1
-1.603497763,0.10011393622266329,2.3157347277663876,2.2016550380745876,0
2.639023687544885,-0.09534121,-0.536598328,0.9947269141941204,0
-0.499436534,-2.748332424,1.3195287130227298,-1.314096352,0
-2.705488126,-2.876273541,2.588167611463909,-1.487543948,0
-0.312604845,2.703458717393133,-0.194898127,-2.528344059,0
0.3116162834799554,-2.470808079,-2.42947273,2.1088624428147584,1
-1.26347074,1.0720212006746177,0.053546012,-1.666039853,0
0.106921792,-2.586038785,-0.916725902,0.1370173501229499,1
-1.629633971,0.9611287810881626,-2.68912847,-0.091140613,1
1.2899746877362999,-0.420323646,2.2475184919136275,0.7931566874439935,0
2.7509574963524264,-1.295269123,2.632735985128483,0.6409355393141802,0
1.471073395280392,2.4129667022606816,0.3071831279509256,2.173084751697992,0
0.2501816375283319,0.5951935657034264,-0.329408563,-2.126168689,1
0.32101940009320007,2.8646893815970866,1.7231159743937061,1.4849909085206185,0
0.859852816,-0.912547959,-1.982308833,-1.65269039,0
-2.962067463,1.0408825253901277,1.871265351338602,-1.386531893,0
-2.448897602,-0.985637593,-1.247692623,-0.294741835,0
-1.415387674,-0.961603768,2.445328676095456,-0.990987883,0
1.713108280379382,0.7550022013467563,-0.974772326,1.9067296186821032,0
0.5704564175775895,-2.948287634,-2.587630791,1.515837356713913,0
-0.320833262,-0.56695325,-2.125036895,-2.056088436,0
1.7865147005754034,1.9741028037687318,0.3600152438323754,-1.229233141,0
2.596204900006981,0.7437743459713602,1.779852716710729,-2.980302478,1
-0.298082395,2.2256945179197345,-0.970600301,1.359307061233686,1
0.946048951,-2.086689802,1.6494229635264306,-2.324839258,0
1.3674845794316441,2.945810020674566,2.747888590870577,1.8014504583420283,0
0.207104545,1.0489474549244395,1.368650342064556,-2.949590854,0
-2.385802674,0.5823547924731747,-2.960792759,2.453433904640984,0
-0.062023721,-1.453397546,-0.637072982,2.1046584638400176,1
2.563157242584694,-2.302590117,1.6677638037334601,0.46936270929918145,1
0.513016546,1.6767127313749581,-1.662931879,0.18626980784974956,1
-1.083884307,-2.43292593,-2.369523327,-2.181171176,1
0.6893990934290279,-2.36501881,0.42062305554104107,0.5297823478635584,1
2.423379060731347,0.7582595779530852,2.9135270452890083,-2.81404452,0
1.2248768198707136,-2.841119532,1.3762654672482215,-0.684898745,0
0.6678465923555374,-1.142771567,-2.045369765,1.3410751085356942,1
2.427722282,-1.898505338,2.524218007221604,-2.158907345,0
1.4139712952971877,2.756670949074036,-2.115774709,-0.389459719,1
-0.975255106,-0.669133499,1.5188384347906592,0.967133595,1
2.812121786776915,-1.88712298,0.2595652159552806,-0.305243127,0
2.513136653554498,-2.936284605,2.935022404602565,-0.121594114,1
0.7532378834015847,-0.839684665,2.1151600181729933,0.3719276707102961,1
0.9768656174985892,0.8934282483640588,-0.816107161,-2.544054025,0
1.8462373565643002,-1.261704485,2.093581370866227,0.651858053,1
-0.877776251,0.5654828938417364,0.8729561541686257,1.2401004465520344,0
1.9340288070424272,-2.041470347,2.6648663086116997,-0.534956313,1
2.1627017902582644,-1.677122428,-2.825826167,0.44006426173710445,0
-1.052002326,2.906772029687696,-2.373279272,-2.716182804,1
-2.729893089,-1.698757829,0.47514669819203004,0.033380241868150584,1
-0.899545171,-2.467241355,-1.597577431,-1.895117611,1
1.4740010229362905,1.679678298007885,1.6620840783709188,2.814243266484892,0
2.3054276780041913,-0.013171517,-0.510383875,2.4946111062567704,1
0.6673515122888802,-1.233607998,0.3867841662910041,2.952896536176757,1
2.0968203609141733,-1.312321704,2.717726555503301,2.8887726688746955,1
-1.612998244,2.373552711008047,2.299216306192992,-2.761478561,0
1.0181351583701224,-1.168315722,1.0476757589512546,2.4813521651414607,1
-0.007324512,-0.513523015,2.5291876271245037,2.8446895064311963,1
-2.626582033,2.5370884148892436,-2.503388799,-0.97628272,0
1.5754447345819607,1.662221891638172,1.3549313440749975,-2.765325072,0
-2.202203712,2.617298989318491,-2.51123167,-2.528724498,1
2.0138756265472217,0.8475945193373171,-0.890063665,-2.005737078,1
2.305022519356889,2.9312265457710733,-2.700169629,0.32468029254121067,0
-1.432178491,1.9943210012982249,-0.923561449,1.2877757351180392,1
0.2371405291576627,0.2491402895698216,2.1479965870825284,-0.177573444,1
2.073597204866884,-0.819439032,-1.951302345,-0.267135734,1
-0.009865312,-0.129700814,1.849982471275693,0.3880736487605825,1
2.330664430552817,0.085112969,-1.651709503,-2.223024958,0
2.2101769256677253,-2.662963207,-2.294342328,-2.618048886,0
-0.457594817,0.19569369836156092,-2.880751614,0.093517001,1
-0.637443172,1.6418710947353885,1.9797397304773394,1.1098046183172325,1
-0.159026788,-1.70310843,2.0826892038153613,-0.94998516,1
-0.862248677,2.496069283122269,2.8535835335874777,2.388785738307025,0
2.9894083413664863,2.2134530634088643,1.2261451057204908,-1.237083603,1
2.717742293399257,2.2597609896825217,-1.555519246,-0.065025161,1
-2.579666036,2.7198531796033025,0.4366099663287355,-1.528796724,0
-1.245604118,2.8839382357791576,0.6936857508251864,-0.475901255,1
-0.000927229,-2.408699566,-2.54986344,0.5562464598023094,0
0.072024219,-0.845080852,0.3966837150681872,-2.563944303,1
2.663947028589278,-1.237729873,-2.569327256,-1.982974365,1
-2.427156513,-1.928372974,-0.499475671,1.4283053636131253,0
-1.365909915,-0.384440268,2.5725437273294176,-1.225069564,1
1.7683185195882585,-2.053098765,-1.930069522,-0.263082759,1
-1.595386497,2.4181684427655608,-2.695486253,0.5836353968630377,0
0.625376377,-2.603844435,1.3953852892253478,-0.186614733,0
1.3384402409688505,1.9615499156104192,-1.062603888,-0.093084702,1
-1.435435321,-1.790919219,-2.996431452,2.7817890724790235,1
-0.354429184,-2.921581362,-2.946368535,-1.269884589,1
-2.916373928,-0.752912294,-2.622368991,-2.764490453,1
1.0162883644473002,2.441047736657308,-0.5436805,2.020622581655595,1
-2.824407233,1.6661403358210949,-2.623200046,2.030636539,0
2.294198069232384,1.7158430542938854,1.924494146467734,0.3689073979939135,0
-1.410690345,0.859386016,-0.362750106,-2.967980634,1
-0.139045761,0.9071275473032729,-2.916698042,0.728162017,0
0.9151914373011376,-2.051354531,-0.413554889,2.7859956053347954,1
2.3051353667986945,-0.535071463,-0.900922392,-2.255515914,1
-2.788865493,-1.215223335,2.641700082,2.751680708002004,1
1.8751160434576573,-0.895051119,-2.138241403,0.5732008536340754,1
0.8790300432370888,-0.452558585,1.1498807733518417,1.4800913139104122,0
1.6983699814486801,0.013788668145043204,1.7498446653584008,-2.847141442,0
1.0824262004332175,-1.586196258,-1.37687825,-2.45218976,0
-1.845646418,2.9520493980120177,-0.507659217,2.5665923921321125,1
-2.022602831,-1.775646947,0.34688012289042724,-0.902804755,0
0.8634912514487767,-0.467720546,1.869583424792772,-0.410645573,0
0.4340950946295834,-1.0735608,1.2242459246319246,0.9284052537942848,0
-0.617993803,-1.343807383,0.684626249,2.6589098952660457,1
-2.204141856,1.7946997100733633,0.2579506368485438,0.15335817104315463,0
2.7701048854558756,0.6352487854113407,1.9831069664911078,0.086863493,1
-1.500879796,1.166941628748658,2.5390614266640235,2.047380573660453,0
-1.809818363,-1.098665286,0.10128404384206569,0.4296197714163914,1
-1.837115313,-1.61992596,1.5529864142126186,1.3819045002896546,1
2.0352528877733462,2.5975788436813865,-1.150433287,2.157569739423476,1
0.996070748,2.7466225433507967,-1.367555064,-1.38197099,1
1.225760692,2.5704646442296575,1.9473349487186074,1.3622373467601374,0
-0.676144812,1.3066040082118437,1.8065734585848867,1.5197140787436263,0
1.0608647897167378,-2.71721249,0.958289599,-0.130232067,1
2.7694156292981127,0.6431393002624262,0.6493635374117956,2.964331124218499,1
-2.438473261,-1.342102289,0.9364766338141539,-1.108582464,1
-0.923099112,2.355869638782652,0.4761234302387791,-2.382806503,1
-1.134824486,-2.543649741,0.3367796006828714,-1.960390822,1
2.1426909001506367,0.463884159,-2.643746148,-1.194746018,1
0.6980260034167607,-0.987010091,0.079060012,2.4561737680964137,1
-0.899784177,-0.984762825,1.918541047876193,-1.087460862,1
-2.532249935,-1.914330275,2.6928015047778064,2.599756755466328,0
-1.651127455,0.3210112385921149,-2.175791397,1.048065771069215,0
-1.888165224,-2.701257462,1.9493808432527961,-1.047597704,1
-2.348865579,2.0034237051733514,1.5743848652768904,1.1025507025918087,1
2.467492259067175,-0.064643479,-2.231661014,-2.631921541,1
-1.089353892,-2.479015019,0.2130566420825124,-2.913005893,1
-0.337420191,-1.929238261,-0.790391737,1.0502044486241342,1
-0.894217374,-0.951960677,2.9445043970370115,1.3128883363577177,0
0.083170271,0.4762539059854767,0.7210957891128658,-2.852547606,0
-2.518412457,0.8951361081399107,-0.813186847,-2.667335759,1
-1.214920524,-2.218299477,2.4978830533579277,-1.782447645,1
-2.137852816,0.7570129025316996,0.13147158166099615,0.4555947242147518,0
-0.384311112,-0.196984134,1.6727853350827768,-1.680466891,0
-0.620824183,2.7469523095676953,-1.860085793,-1.23735843,1
-1.850598454,-2.877027022,-1.38102045,-2.721195324,0
-2.071889242,-0.82390758,-2.875672698,1.5177393955842993,1
1.7735340826172807,-0.531517185,2.907995876245616,1.0739634888461946,0
1.4623304878844934,-1.846197458,2.0246257369302807,2.670278388129037,1
-1.582139001,1.1187857663182807,1.4816462919799882,-1.168984969,1
-0.149945985,-2.414765439,-1.961431176,-2.630576858,1
0.36099294327176246,0.7515773836636161,2.496717500602398,0.253108864,0
-1.436331775,-2.64315872,2.3097183165050206,-0.126851529,1
1.4239319366539274,-2.912103908,-0.071166464,-1.045664261,0
-2.818012364,1.654036842,0.077409917,-1.000918542,1
1.8347909034443957,-0.318459289,-2.979012262,2.666685792229953,1
-1.465903557,1.9834531323800482,1.8984923044876378,-2.025756412,1
-0.155983913,-2.758806129,-0.872689963,1.3858730602177207,0
-1.577583179,-2.297232416,0.042741305610053626,0.22191830624179243,1
1.0549735879269484,1.554826480815544,1.1748571875879312,2.0724732497691036,0
-1.662561214,0.41860047729897687,-0.839427855,2.772674142009853,0
-0.35832286,2.7582835988013397,1.6143939243546361,1.3107831724121946,1
-0.050617728,-0.339731194,0.15928912511044135,-1.238201622,1
2.4270596390308006,1.7659839315921984,1.8083751259502634,-0.401078427,0
-2.573466311,1.0984639075576714,-0.753518496,2.222581874704952,1
1.682030630699181,-2.128031148,0.6102943832310856,1.1532835555631058,0
0.4088254789461683,0.084253057,-1.63282155,-1.584558933,1
1.6080488318553279,-2.887861287,1.6734603762334572,0.16079241923483467,0
2.6173359143090167,2.9839292863375384,0.9809073906537682,-0.526456833,0
-0.149484549,-1.774707434,-2.404594056,0.47258035981281044,1
1.832970587799604,-1.429400894,-0.482083139,0.3286419706618844,0
2.4473869198203433,-2.168212634,-1.578700988,2.511182710714708,0
-2.762786441,0.9366938043591517,0.8371552993077094,-0.700473398,1
-0.191011926,2.1295077088833674,-2.01010762,-1.61059513,0
0.074102469,-0.541527462,0.4462349852711016,2.5250351165627745,1
2.5026121064270193,-1.619889962,-1.187132323,-2.027587912,0
2.566742228783559,-0.612815219,-0.301769131,1.8158446846647571,1
0.077840837,-2.281467107,-0.372907743,0.7831442596717908,0
1.3152545265422182,0.8721111166973641,-2.284915685,-1.173932849,0
1.4013878697792919,2.2811411660164485,-2.71688151,-2.746625352,0
0.8604271760343742,0.2882769249796855,-2.067965697,0.2897494901817623,1
2.8469240610051054,0.7854013223797498,-0.305153064,1.9651949276374516,1
-1.723065086,-0.514041415,0.1666073508650845,0.027239352304532893,0
2.525834815266914,-1.243991357,-2.660977676,2.498263227082452,0
-1.697594057,-0.725832156,0.18534974710846264,2.855282823289281,1
0.21161064977158883,-0.313540161,0.5018308771058804,2.8248489595028268,0
1.9076675925386422,-1.986191182,1.819560089425254,2.046594358823331,0
1.1441646237507976,0.9434007550035854,-0.354737995,0.8501723227167224,0
1.4254498329135465,-2.263078512,-1.456020239,-1.835508726,0
2.047271021436086,1.0800155491906063,-0.295328763,1.956334502930809,0
1.3006880399550642,2.481558489271781,-2.539158023,0.054944289,0
1.240487421457531,-1.755040879,-1.037242608,-0.486142492,0
1.7659537096235347,-0.038542794,-0.042779803,-0.414674289,1
-1.628465464,2.5384292136765882,-1.093193276,0.40479396461940365,1
-2.107321587,-0.394539647,2.422821097015307,2.972791431063553,1
-0.82948886,-2.076056722,-1.11329084,-1.03654939,0
0.8670527656939058,-0.023059653,1.6107583695937828,1.2078197069848873,1
-1.492147656,1.7055341393146684,2.0847712014888957,0.5903411385240105,0
2.566006255491457,1.6976887364073017,0.5723754412391937,2.4369959838799806,0
0.6021508814432339,0.12714676402404113,-0.862449958,2.2971799835666715,1
-2.263636975,-0.158983715,0.22447999125013096,0.3284946406186613,0
0.9113389829114591,0.034773745522893584,-1.459091114,2.141666376836999,1
0.9451519670131701,2.149126882261837,-1.343739054,0.8223413694169301,1
1.2850424704583707,-0.699569038,1.8734647092414072,-2.984947351,0
0.5695185012853297,0.6814108221127828,0.2030585582318123,0.7802909215166967,1
-1.996638858,1.1086888908142543,-0.985266223,-0.287677545,0
-1.001343816,-0.156382779,0.7294153590704866,2.0300608253733063,0
-0.099389654,-1.060657034,-0.072348726,1.1328219844230931,0
-0.9197957,-0.514307552,0.3770389020524183,-1.235944417,0
-1.745492043,-2.157646297,-0.884340101,-2.709942561,0
0.5008951602570093,-1.944543804,-0.735631246,-1.384663108,1
0.7823397980504962,2.1020739688011982,0.799806258,0.25502957204036303,0
1.0145024359322523,-2.820056173,-2.262932034,-2.430436584,0
-2.410817006,-1.437097709,0.19231356229923113,-2.311910528,0
2.610697447136336,2.1255408159264926,2.829866122997892,-2.744999729,0
2.108414682535898,1.8224044526489367,2.4126351876147627,0.16766500595885203,1
1.7273344246540407,-2.692278724,-2.544733263,-2.288806554,1
2.4887331797892482,-2.632983904,-2.39910284,2.5824624157771616,1
-2.355644509,2.218537792352243,1.7356247283737183,-2.758308069,1
-2.868915619,0.20633030108155914,2.983052422600604,2.2729809605939195,1
-1.1398474,-0.682144595,-0.672564023,1.4050728954300888,0
-0.953203484,-2.113217632,1.4826444515013026,-0.251906291,1
-2.539327658,1.7403136109523647,0.5118675837013758,-0.063784048,0
1.0400590028836785,0.032206097,0.8905208879309954,2.2049312721919296,1
0.681086209,0.9576029871256493,0.6831364165240483,0.1870786657997794,0
-1.968165534,-0.985934139,1.1586538041487335,-0.44714336,0
-0.563225929,1.5556157047833477,-2.966586836,1.073966881472031,0
-0.064640937,-0.739424513,-0.956780331,-1.962747028,1
-0.994487504,-0.651489167,-0.375306483,1.033803832065165,1
-0.278573883,1.777705825340104,0.8384279842702469,-1.862417523,1
-1.336960963,-2.524504881,2.674330529539933,2.319302887375599,0
-2.491222647,0.44445609508476025,2.7624109131649117,1.4828567396769339,0
-0.049126836,-1.553382067,-1.32577755,1.417427728028164,0
1.6834516394630796,0.17215994610859564,-2.274307791,2.6032102417595677,0
2.0685764074004096,-2.156767326,-2.659634498,0.2152060964984015,0
-1.295144294,-1.300501744,-2.476670443,2.7203150116283243,1
1.9809987579590675,-2.316992449,2.259592605904981,1.097736335778822,1
-1.047353209,2.2275033264907904,0.5881331266917504,2.0920190660063165,0
-0.184392453,0.003906241,-1.253939824,-0.673843848,0
0.4065124147693284,2.6823553422517037,0.6007065598088088,-2.115730849,1
-2.958022887,2.105927133,-0.81404746,-1.110204362,0
1.8043867376542915,2.672185794539013,1.4882705301117385,-1.956916123,0
-0.651730238,1.5563913146084438,2.4415548880234397,2.9916003836979606,1
0.069365443,1.9351489100516988,-2.720210143,-1.285051501,0
-0.77091958,2.853143071691364,-2.979638111,-1.151875573,1
2.5824735576774227,-1.15993059,-1.649599405,1.380531068615901,0
1.4720333579991918,-0.166932704,2.681504819,-1.783757523,0
2.480495003877585,1.5330484591517743,-0.790749955,1.8414517183402435,0
-2.200786942,-2.214105041,2.5796232194844357,-2.431316953,1
-2.975522359,-0.66581705,-2.376894153,2.1782189594655064,1
2.536161080657598,-0.105441814,-0.447170802,0.23423566166455156,1
-1.642832251,-1.212204831,-2.394136977,-0.321299453,1
0.6701497352019556,2.581342406349612,1.4344390237605493,1.3383824013191195,1
-1.152006227,2.3297597850602667,2.681734180079986,2.5935776192522226,0
-2.767181841,0.6261038178241289,0.8593506343517703,-1.229609039,1
2.954473098947579,-1.252875247,-1.700330051,-0.095126097,1
-1.061115721,2.544176759219665,-0.359539612,-0.539102672,0
0.7551727806510007,-2.513311972,1.5403976808991313,1.610392930829228,1
-0.155844992,2.734187646002569,0.4760346647744864,1.1714187254699446,1
2.5460697330186077,0.9980720605487541,-0.409043954,-2.851372946,0
1.3697958937908563,2.7891960696062705,-0.178589259,-0.961388173,1
0.11555655848267055,1.3706232341079554,-2.995857153,2.323270336391121,0
2.318177158069931,0.2477876016522531,-2.265727403,1.0308347676817275,0
-2.172926022,0.045282909,-2.438220168,0.5343920297850078,1
-1.091584049,1.9859484884250165,1.7996767572504888,2.9908432528466458,0
-1.454980952,-2.629193443,-0.341980409,-2.49957999,0
-1.92900171,0.5838008481693144,0.5527851080657911,-2.740035134,1
-0.342571491,0.18131215720344995,-1.391854573,2.2322590912529643,0
-2.033408114,-1.47658917,-2.05803351,-2.300720197,1
2.273875104042755,-1.33284501,1.3351441168071378,-0.432105842,0
0.8152408844035008,2.5690571770332564,2.0676472022594963,-2.586081645,0
2.071215211675306,-0.289058908,-0.899125639,1.0343275527697706,0
2.7012472385954887,-2.435187014,1.6084621815014346,-1.778951815,0
-0.719183263,2.242938097579499,0.2747951040740366,-2.595260112,0
0.048291301,1.7378514098485454,0.17328352659355994,-1.998664566,0
-0.32975355,2.546072208237896,0.9492239405646781,1.379319039051536,1
1.7156190446967017,-2.455839455,0.4892193556197828,-0.744508841,1
-2.165045018,-1.78374265,1.6869628423484064,-2.031065368,0
-1.125488357,-1.29075997,-2.708217817,-0.227049305,0
1.5955790530152516,-2.867084204,-2.324691297,1.321120077585407,0
0.5614859440374813,1.291485684292092,-1.619376271,1.822612699784429,1
-0.120773639,0.6618118450731427,-2.447079497,-1.7698105,1
1.640147289661849,-1.656549353,-2.444821035,0.5832196935126017,1
0.28761909697039645,0.6473635738997578,0.7098329781785475,0.001184075,1
-0.037356477,2.5449933917367744,0.2032903492784417,0.7038012144831525,0
-1.398183648,2.226559204813147,-2.853791444,0.34336057378664675,1
-0.696898229,0.6234251733628615,-0.838967701,1.3061274703058814,0
-2.878011342,-0.564663367,1.987581598454482,-1.498795693,0
-2.68349473,-0.020855553,2.8592007631607403,-2.615048631,1
-2.579661044,0.57069939,-1.499593723,-0.538612598,1
1.983042917996345,-1.806907895,1.3157996218885977,0.026913079605337842,1
2.4297461544856302,2.8377720017613832,-0.090235286,0.5078823546928013,1
1.4750552444253202,-1.087955149,-1.639557897,2.788111034658032,1
-0.404307653,-2.990455041,2.026309791150501,0.5979849677465143,1
-1.988648624,-2.819161841,-1.251105414,2.567322572841988,1
2.600947020213674,-1.133979082,2.0155859569243004,-0.34892806,1
0.9260684948195665,-0.993336745,0.095835578,-1.237323321,1
-2.633313826,-2.163730883,-1.255953033,2.8575227038567794,0
2.794032901,1.9659800549071864,-1.604963693,-0.350387157,0
-0.361302969,-0.678160531,-2.730718169,0.20716424534590638,0
-2.563128047,1.8115120843076626,1.1478428570686896,-0.88357796,1
0.882818293,-1.601777961,-1.40849961,-1.115198898,0
1.7820695996119786,-1.735851919,0.376687365,-1.797197313,1
-1.28977545,-1.587112242,0.8700280264397149,0.160373667,1
1.3277948754333195,-1.680339376,-2.945108786,1.0830574027820088,0
-2.310876249,-1.522168653,-1.165883085,1.4808125537452081,1
0.755350864,-1.894407381,0.5873268637184506,1.248887970663671,0
-0.666616783,-1.524282516,1.073896637488735,0.6653472008489834,0
-2.532527049,1.0000778414025255,-0.068892403,1.5202137418663648,1
-1.855694749,-1.450701493,0.2598764345851272,-0.109598833,1
-0.681807774,1.4761998865787334,0.3885093817696941,1.2616311233647117,0
-2.080470226,1.3739297708732234,-0.230831351,-2.797392386,1
-1.593050676,-2.84546165,-0.258752868,-1.044721437,0
2.9246973594795076,2.211024701741179,1.9540251620588958,0.006699294,0
1.8425249961046006,-1.398782115,0.36389680707914973,-0.642491632,0
-1.971948531,-2.564319412,0.3493102978296889,-2.414165191,1
1.3080185801158946,2.528810872356935,-2.027363342,-0.174368529,1
1.4326475583589513,-1.278962034,2.5245871177976236,2.330793353219465,1
-2.377473866,-2.835601371,2.858750897876411,2.7388501486267867,1
-0.466286373,-2.696620055,0.7132533164761674,-1.239539356,1
2.6203379214033253,1.7679715503258207,0.8975627048006611,-1.292976915,1
1.207611476650305,-1.264990399,-2.774214095,0.050607525721644286,0
-0.067892731,1.5780358381574002,2.1940432941266677,-0.873189068,0
-0.303161939,-0.177597482,-1.054655494,1.4603215417511421,1
0.1326071112377969,2.483734646331839,0.9018646313735164,-1.728620647,0
-2.011148108,-0.765693973,-0.918440758,-0.557209051,1
-1.898453578,2.8693360201589364,-2.125741363,0.915892645,0
-2.92158459,-0.55823377,-1.144899605,-0.707852174,0
-0.011535931,0.6022500091459069,0.5010680687658002,0.7842820207266783,0
2.0672860953227428,2.320302933687908,1.4235018033647853,-2.526346542,1
2.767754349059606,2.6843885180822777,1.2702227672721218,0.10463442841154258,1
-1.49628985,1.538106836993256,2.2671610722977356,0.9911256053396276,1
0.7744357971706242,-1.841971773,-0.853220863,1.338817332195073,0
-2.898607567,0.8475856631333167,1.6000218060614877,-0.991773082,0
-2.542993385,1.9147162733039913,-2.148979023,-0.775193364,1
1.2435246304066796,1.901915925908602,2.174291510931095,0.18250314966669334,1
-0.144769821,2.0899036621081786,0.3784625702848272,0.4719043704913868,0
-0.396159792,-0.763116168,-0.116754856,-0.810915038,0
-0.9387213,2.9619860520473633,-0.982719036,-1.461697515,1
-0.876455461,0.5446880438166364,2.465942919738991,1.7271855011865664,0
2.053446834454208,2.1540516641031466,2.523170378681204,-1.589572603,0
-0.249803814,-0.688814001,-0.708738032,0.91370191,1
-0.589181638,0.6979818355032226,-0.706323818,-1.133230904,1
-0.881536929,1.8225423360825586,0.606306217,2.8439863980996876,1
1.995937358278396,-0.08531635,-1.545741989,1.0434546687308712,0
1.3598761638716148,-0.214944121,-1.620467206,0.343429907,1
-1.477024486,2.6399899057826257,0.7733054882023165,-1.24841423,0
-1.70561587,1.300339700310726,1.2467596814505173,0.5827933890514494,1
0.6858061510753282,0.6232140169537383,-0.839379319,2.6244864600448405,1
-0.124329214,-2.878032599,-0.909831946,-2.218304528,1
-0.819697254,0.6495749102143957,-2.864013153,2.2212031873672107,1
0.6618547108090529,-1.227768742,-1.132768956,-0.205990941,0
-1.511449164,-2.973948433,-2.840655311,-0.853555968,1
-2.25466994,-2.865817952,2.1556156202090424,-1.355176118,1
0.018735463000806973,-1.923545495,-2.719650167,1.4691977969314882,1
-2.250258872,-2.845698586,0.5233819695804591,-2.919194565,1
-0.382284331,-1.266983709,-1.08349209,-2.976605741,0
2.786076482296772,0.10177861490122764,0.4350727982501028,0.9967349094721678,1
1.7851307462986021,0.6474546978550544,1.5731886329598535,-0.307588234,0
-0.772349158,1.9388034448931108,2.191863145040778,-2.173159981,1
0.2559611217603668,1.101854582916956,-2.49840758,2.5775809004565096,1
0.1206586363027844,0.8727445039005133,-1.930543511,-1.41339186,1
-2.2739927,-1.416007669,-0.045619408,2.0017775967437776,1
0.20234049012218058,-1.533218411,-2.732273551,0.731819015,1
-0.479040616,2.906123201,1.678559312470158,1.8501769156402164,0
-2.926589863,1.666771997424343,-1.832320136,0.5147752337298352,0
-0.315470566,0.42962310346607957,-2.199338823,-0.258649912,1
-2.778331884,-2.754003911,0.9464287846444188,2.7101902408330796,0
1.6643575122286984,-0.185065317,-2.664775559,-2.729879103,0
-2.052646433,2.8548630236041594,-0.608033601,2.060443751,0
1.2308546336915818,0.6325719552963975,2.6869566699224503,-1.617530576,1
-0.270662025,2.1883377940475723,0.31056784585346264,-1.521329162,0
-1.746501499,1.5172860062538067,-2.923266634,2.4851524644172978,1
-2.889492071,0.7859342812842245,0.6284877686520436,0.47046690632868593,1
-0.153941695,2.114581996131667,0.9559972217429058,1.6911736889963613,1
-2.306869164,-2.700608175,-2.828828946,-2.116764087,1
1.0020473415264943,-0.035869466,1.5135135369724253,-1.84961798,0
-0.798221748,2.330985291,2.6142872761711997,2.5303749299350304,1
1.909830265204575,1.1294152715873516,2.4820673641647826,1.2850895509958349,1
2.723617492352963,-2.851270008,2.5298525153674625,0.3344432168362488,0
-2.329213489,-1.710532382,2.1129557034894813,0.036701729079095635,1
2.8969063409714195,-2.294813343,-0.524979217,-1.008753342,0
0.096812616,0.800626913,0.9697768162899267,-2.992224721,1
-2.466237397,-2.789616998,2.187594878389664,-1.120246481,0
-0.797619349,-0.297772506,2.0958263835214543,-2.915002434,1
-2.288290354,1.1109787328454024,2.783355136245582,0.8567185277820455,1
-1.433259189,0.11918657271970368,2.849882853488606,0.1684592794067452,1
-0.758954222,-0.699446671,2.8022010515503837,1.3134991603902346,0
1.123037133732283,-1.60767407,0.3569078265814465,-0.859528809,0
-1.558790845,2.3733137160846276,-0.701065147,-1.303277025,1
2.5903223796502086,-1.815921621,1.473028708299136,0.9164828667855764,0
2.5229065702337135,1.9922828254036693,1.2317713076378487,-1.112570036,0
-0.026585932,2.666974568083079,-2.860784217,1.7659909429202338,0
-1.489137897,-1.88989834,-1.606652313,-2.641494051,0
2.9518789457170067,2.2192148593508696,0.12633581179336417,1.2906190713425518,0
0.33957217754104585,1.8694736667049945,2.068591149342068,-1.603257431,0
-0.241513376,0.8090864051374256,2.870644984,1.0961362745769883,1
2.385810064464944,2.076672305922526,0.49237838207138473,2.3619321603713335,1
-0.735469633,-0.724298817,1.6857938594560133,-2.192738006,1
-1.165048695,0.651434705,-0.479606407,2.6443422593293713,0
2.751036417714819,0.015487853,0.23437134219408762,1.347762550942627,0
-0.256410449,-1.859409192,1.4818150117375843,1.426715336,0
-1.53011338,1.9974991186860453,0.681895179,-1.582190338,1
0.9122348650122252,-1.598342842,-1.408602276,2.088055840818937,1
2.5769494154389134,-1.45870405,2.568306222511115,-1.567206921,0
-2.296395807,-2.650656732,-1.547320555,-0.688520756,0
2.5652902806558284,-1.547052002,-0.80720793,1.404935248461432,1
-1.187555472,1.1062089100774832,-0.407533085,-1.821330284,1
1.4043534058148168,-2.837767,-1.24599105,-0.862910765,0
-0.25069047,1.0792153918568363,-0.243570035,0.565944674,0
0.5746744705069036,-0.760370101,2.603827594528191,2.7351229852586565,1
0.491105305,-2.569854718,-0.053234614,-1.893484039,1
-0.100712869,-1.869101073,1.2231314738933063,-2.51742528,1
2.7198244583755447,-1.827744663,0.9639380162954727,2.5017741043769366,0
-1.512682116,2.605781394,-0.667952006,2.7631849035155405,0
2.8281831488071534,-1.87152057,1.9865240215863267,-1.839473923,1
-1.641356278,-2.495240976,-2.060778321,0.7933138094826475,0
-0.30448362,1.7456654230130102,-1.008019111,2.8117474038063532,0
-2.700764755,-2.622384274,1.208249392908817,2.3252333098371585,0
1.7730011498048963,-0.061097473,-1.382151832,-2.919290824,1
0.056708724,-0.146182816,-0.934524603,0.46843672783490975,0
1.372888184287639,1.2053294173694553,-1.420482949,0.5118221316875591,0
-2.107353128,-2.270388937,1.715135017554708,1.1624754125732153,0
1.6075734037897718,-2.085226355,2.4877115362227595,-2.201330321,1
2.2202218091863726,-0.885724252,-2.367395442,-1.279386237,1
-1.911311915,-0.055981688,2.6984720882386117,-1.032773031,0
0.6725939140926824,2.350325254439782,0.7804435781773922,-0.826805155,1
2.9450347630552756,-1.875518391,0.13953608937304818,1.7802329924207836,0
-2.996106783,1.2122595128546223,-1.40100662,-1.981639664,1
-1.35483322,2.800898555038705,2.3516115554381134,-1.717473261,0
-2.297839361,-0.815084373,0.5540188806004407,2.2028677714867237,1
2.7965407502404664,1.5069202090385927,0.594043276,-2.146007843,0
-2.555829742,0.5761612711752067,0.23438463460156278,2.076528646404613,1
-1.064364895,-2.761854856,-0.457750385,2.8150938236264356,1
1.7734494296191379,-2.797366958,2.2480734233890525,-0.169863062,0
-0.811391809,-0.919562755,0.5708655182331865,0.18359651064457516,1
0.9397634650095781,0.4418487902402797,-2.136332551,-1.456583947,0
2.046177432611005,0.9795510881737792,-0.309596248,-1.904391409,0
-2.953853784,-1.128675581,-2.670918258,-0.106295201,1
1.930808716549251,-1.287608032,2.0865249693302976,1.2273863765195365,0
-2.248426024,0.8673713476174996,-2.089921156,0.9287455216495122,1
-2.143713092,-0.644931804,0.39956562142916185,-2.697754971,0
-2.080149931,-1.07754705,-0.226079485,2.1509237635286063,1
-1.87636147,-0.915174297,-0.145342582,-1.225328664,0
0.7544866723252248,-1.460385391,1.6341025266794604,0.030924569107099842,0
-2.482170699,0.7619933713917457,0.41546102279254393,-0.968415875,1
-2.93305753,-1.795790747,-0.565742827,-1.800515797,1
0.4649467256380668,1.2739493635575405,2.136105940505014,0.8818957121024926,0
1.134055327528876,0.6506511913831465,2.912916345676222,-1.433996586,0
-1.402447917,-2.241998151,-0.085894045,-2.423029778,0
-1.379120419,-0.103914427,2.745573695580104,2.7828779630410043,0
1.4624414048193346,-0.664499031,2.1909676402592773,2.2527348114458414,1
2.461184284779314,0.840150289,-1.789243226,-2.453515363,1
2.4886530242407794,-2.666723351,-1.224659643,-0.078229398,0
-2.868139843,2.4414735520694633,-1.277274031,-2.828971206,1
2.9615399833591107,-1.131640915,2.2605894449122372,-0.279153276,1
0.9787554063299941,-1.553459103,0.017251962,-1.454092845,1
2.706503287590621,-2.634327526,-1.351956435,2.358653259299272,0
-0.119784255,0.600504671,0.9101602289738553,-2.574434929,1
-2.893567555,2.62704631,-1.370982928,-0.718121337,0
1.0925590243412975,-1.582176738,1.3984282210051093,-0.250546907,1
2.139658831724346,-1.328756185,-1.777065117,1.9901301232492319,0
-1.04204361,-0.528788124,1.762246996127958,0.8134592242474499,1
-0.349644657,-1.500656947,1.5852058131105853,-1.917413793,0
2.569677603518569,-2.098103585,1.829602151683777,-0.4545068,0
-1.883962602,-0.585726371,-1.670689103,-2.184038095,0
-1.565067606,2.204390835229516,-2.364345675,2.8352375266073446,0
-2.970009278,0.9494289263474585,2.139071909028516,2.603745888760586,1
-2.136086439,1.1892509787140408,-2.355904703,-0.884331037,1
1.3915581450419623,-0.924160643,-1.11975163,-2.303672287,0
-2.601371434,-2.308332052,2.2528486496713462,-2.932808848,0
1.1571952172117346,1.6117453793297871,0.4073298247645729,1.3846521670988912,0
0.9136180141506021,-0.266649065,-0.703737433,2.647991930431041,1
2.8316279554228077,0.9076284217501778,-1.816206961,-0.312605025,0
-0.02077506,1.5478203147639693,1.0066627879339158,0.088886577,0
1.0821873467229421,-2.85565892,1.6598119313061828,-1.730206596,1
0.9384548373668946,-2.316160487,-2.313234984,-2.786054137,0
2.461396861,0.6273525461508722,-0.828228383,1.7266664461158525,1
0.7564932037479926,0.7204831074776425,-0.077743234,-2.952439328,1
-1.449224961,-2.345539832,0.9744591141166561,-1.508275069,1
-0.299000016,-0.87941821,-2.140807572,2.7502213972963157,1
2.6005158697632957,-2.492350884,1.9641921211679785,-0.069757904,1
1.6424153074851073,-2.093057215,-2.206355173,2.3445450053712245,1
2.3869169510463646,-0.204527023,2.220946785689388,1.0047537090217808,0
-1.889941544,-1.026274412,-2.183636097,1.6436920135855981,0
2.911504348174498,0.2782699593960696,0.9351864846893561,1.4765554088018202,1
-1.654445385,-0.983992514,-0.526072732,0.5675298728728331,1
2.102955468892654,-1.474778732,-0.174667196,1.5092034672282697,1
-2.475690003,0.07736075,-2.13372178,0.23489338036409624,0
1.606936567892621,-1.578315534,2.0968706729082296,-0.99117534,0
-1.855290819,-0.20805963,2.256450492631231,-2.586401633,1
-1.034571203,0.9189790138146794,-0.854514788,-2.575056032,1
-1.008006187,1.9257563168191822,2.808225135030156,-2.761324816,1
0.4157029058104156,-2.368179402,1.082379174936035,-2.952646644,1
-2.911550246,1.661278958583444,-2.553388064,-1.168909954,1
2.748242544622986,2.9114827046848273,-2.031582829,0.36541152861510096,1
0.3548929709417994,-0.285715857,2.5482009495839737,1.5242034547449617,0
1.587161614091663,-1.382583409,-0.394081367,-0.075457809,1
