GrowthRate,Consistency,Infection,Temperature,Special,y
0.4967141530112327,4.152480635954594,-0.357489653,1.4449313072831877,0,1
-0.138264301,4.093171783232292,-0.793961611,1.6855779943047635,0,1
0.6476885381006925,1.408713655,-0.856384909,0.037804481672061956,1,1
1.5230298564080254,4.339819616597126,-0.811448044,2.4842306827022407,1,1
-0.234153375,6.465658164,0.1657387223840856,2.492329681857649,0,1
-0.234136957,2.4515357618464098,-0.896675648,0.24539718863749896,0,1
1.5792128155073915,7.096965302101185,-0.32614625,1.6890541365726484,0,1
0.7674347291529088,5.9755496421686765,0.5063994038284587,1.680332221786081,0,0
-0.469474386,3.531533356057924,-0.411303667,2.2942426319199556,0,1
0.5425600435859647,4.716940725324305,0.5266161543602597,0.17853188880303159,0,1
-0.463417693,8.196643615282067,0.4909340764141106,1.9696922584878156,0,0
-0.465729754,6.467095627011732,-0.508345735,0.6590979774985587,1,1
0.24196227156603412,5.017567309796296,0.45764436018549093,1.4145043417460015,1,1
-1.913280245,4.524633366078032,0.49555327654420145,2.968463241152132,0,0
-1.724917833,5.153218140903319,-0.205092149,2.445943876287439,1,1
-0.562287529,3.976472884115393,-0.579159033,0.2531751540274657,0,1
-1.01283112,0.7905009885619707,0.042541614,1.788984054545014,0,0
0.3142473325952739,9.084355821069462,0.8427951760003927,6.9550684402664755,1,1
-0.908024076,5.310649998398803,0.2792334648641239,0.3410297116141693,0,1
-1.412303701,5.796294530245074,-0.654155005,3.833381671,0,1
1.465648768921554,4.884184500246183,0.3655138494670398,2.4250053647288534,0,1
-0.2257763,3.529766398550824,-0.145593945,2.9744698774200713,0,0
0.067528205,4.628151038102459,0.183057595,0.6624553428537561,1,1
-1.424748186,1.8012104756113776,0.4681280700462158,0.6790427633491493,1,0
-0.544382725,9.554172996106608,0.029894703028889635,4.729334988960622,1,0
0.11092258970986608,2.530976003155208,0.6279679491466172,0.892049374,1,0
-1.150993577,2.936067432305641,0.44431115863325554,0.13017684475575794,1,0
0.37569801834567196,4.119481591227199,0.23014668003702132,1.835567209205919,1,1
-0.60063869,7.576151449704755,-0.698414368,0.26664607218871594,0,1
-0.29169375,5.029017998525308,0.6718982218231366,3.1851246334357968,1,1
-0.601706612,2.527728407939075,0.8718111706396321,2.0530285642195643,0,0
1.8522781845089378,7.508676721514679,-0.726069752,4.1545119470889205,1,1
-0.013497225,6.462001253570962,-0.023517741,3.0727211189248913,0,1
-1.057710929,6.076869914432905,-0.482222516,0.23782305308648383,1,1
0.822544912,6.431468482341681,0.5090466148511292,0.959528382,1,1
-1.22084365,9.788723801164902,0.44325927200939996,2.9794046787920454,1,1
0.2088635950047554,9.370189790072224,-0.718229759,1.0803079633381278,1,1
-1.959670124,3.6265693139934094,0.7540545425232743,7.1773794721942865,0,1
-1.328186049,8.247769985622305,-0.638053872,2.6616470289253966,0,0
0.19686123586912352,5.766336379517801,0.5945180512962149,0.031242592563302266,0,0
0.7384665799954104,5.998191632275499,-0.086039281,4.240288612630453,0,1
0.1713682811899705,1.6154583367133428,-0.343455413,0.21251024221497686,0,1
-0.115648282,4.659228469223608,-0.683521475,0.302864114,0,0
-0.301103696,3.3743528193268704,-0.664771488,2.6522236315517542,0,1
-1.47852199,6.6561176297866185,0.3237811094018006,4.004495269103087,1,1
-0.719844208,7.142161001,0.10086077589424103,1.5372490383804864,1,1
-0.460638771,0.8510272979673772,-0.755829157,0.6823055990194449,0,0
1.0571222262189157,4.955930271991459,-0.774604279,0.8656177655035614,0,1
0.3436182895684614,7.243723009588504,-0.85537885,0.8398056531597995,0,1
-1.763040155,4.626642075,0.4875346947470882,0.7910635265099376,0,0
0.324083969,6.458127290004729,0.4237641704585784,0.5565454175632882,0,1
-0.38508228,5.702330935254168,-0.883138018,1.877415730638777,0,1
-0.676922,5.683320463905253,0.1205401511939459,4.613293030130076,0,1
0.6116762888408679,4.457370043863405,-0.83064769,0.7336884181244452,0,1
1.030999522495951,2.566838391728581,0.8074915412178834,0.4132964444573837,0,1
0.9312801191161986,2.756939705149945,0.8142348383602649,3.647462316633142,0,0
-0.839217523,6.418705028910635,0.3964659796262602,2.707912487488918,1,1
-0.309212376,5.038916511037766,0.852377843,5.342579395490063,1,1
0.33126343140356396,4.722975510785551,0.6229060608273811,0.36189237155266485,0,0
0.9755451271223592,4.152219915355295,0.6570771518540988,0.3115570744088919,0,0
-0.479174238,4.389622309038496,0.13941570113986645,1.559282012699142,0,1
-0.185658977,7.093823588976279,-0.387881604,1.9060839983828997,0,1
-1.106334974,4.329511836263946,-0.56440177,1.3085201301637073,0,1
-1.196206624,2.3178705733968625,-0.345599956,1.8274213078985035,0,0
0.812525822,6.4873035510803465,0.2569908601781241,0.3978283575548463,0,1
1.356240028570823,4.590246672270566,-0.654686928,1.3063679253557048,0,1
-0.072010122,5.062791731065553,-0.482719527,2.1464304491463935,1,1
1.0035328978920242,8.215156613,-0.063878274,1.1337567660711774,0,1
0.36163602504763415,4.958878885298986,-0.533899803,2.275417394590608,0,1
-0.645119755,5.578367346,0.17728733943212327,1.2000106289860655,0,1
0.36139560550841393,2.6421530174033494,0.8463520569126597,0.8117291182830451,0,0
1.5380365664659692,4.560661095,0.4961787314062529,0.7236766370222186,1,1
-0.035826039,6.219052090417202,0.33285322829782604,1.0583256512066863,0,1
1.5646436558140062,1.8892525323175153,0.16544295196755754,0.046720727,0,1
-2.619745104,5.401690186231419,-0.024104181,2.208406609296551,0,0
0.8219025043752238,5.2015821452896125,-0.626872281,3.7300238982765097,0,1
0.087047068,5.082574911174879,0.7894209108537311,0.8758539621988283,0,1
-0.29900735,7.074317797316486,-0.502927996,0.094252684,0,1
0.091760777,5.668877029697043,-0.817382245,8.651382946377293,1,1
-1.987568915,7.9561437967128885,0.5000303584573904,0.6122305305299764,0,0
-0.219671888,3.0128209688119276,-0.648768931,0.27077164303830087,0,1
0.3571125715117464,5.271849134436696,-0.256208001,0.9232853845049883,0,1
1.477894044741516,5.168933572779895,-0.943430143,2.683078295776948,1,1
-0.518270218,2.861491012,-0.725864115,0.6960438275006768,1,1
-0.808493603,6.912590004182692,-0.653592738,1.7099360201347573,1,1
-0.501757044,9.649346611705635,-0.891179744,1.0742022913199665,1,1
0.9154021177020741,4.965987851032338,0.31331391324569036,0.25059135263266347,1,1
0.32875110965968446,6.010042176547534,0.6740155916062345,0.8018120704611948,0,1
-0.529760204,5.1690369516306545,-0.253369187,2.5810268076723806,1,0
0.5132674331133561,3.572830660185648,0.7491529534364014,1.893519968155972,1,1
0.097077549,1.3584794443959676,-0.573306851,0.25516312435021754,0,0
0.9686449905328892,3.5884530338092695,-0.349219153,0.35663295898258246,0,1
-0.702053094,2.2160832380965374,-0.698526014,2.047380868896875,1,1
-0.327662147,8.408204156118236,0.24111839083799724,3.357741200404275,1,1
-0.392108153,4.769780612153522,-0.160260818,0.85994955,1,1
-1.463514948,4.308161341905659,0.22656669368379734,1.8092715897888587,1,1
0.29612027706457605,6.778307649575612,0.5233498107883672,0.37421057422189036,1,1
0.26105527217988933,2.756497794288224,0.091406032,0.7461207292076916,0,1
0.005113457,3.4662719239908952,0.25526070980357574,0.040956931,0,0
-0.234587133,5.136144538497242,0.8705006287886659,2.924416090839324,0,0
-1.415370742,7.057537982846961,-0.401871381,1.0250201492240547,0,0
-0.420645323,6.003370090337576,-0.281672123,3.387004439738732,0,1
-0.342714517,5.496650285031764,0.4354067234186738,2.4645593538064983,0,0
-0.802277269,5.156235470472033,0.22261103411077343,3.529194635206381,0,1
-0.161285712,5.800471711,-0.642934191,0.672788754,1,1
0.4040508568145384,5.40330581,-0.24770538,0.4094011724185949,0,0
1.8861859012105302,2.9400554504461285,-0.064323974,7.144375905380831,1,1
0.17457781283183896,5.092158443266302,-0.161220324,2.5269346214663213,1,1
0.25755039072276437,2.852622682164495,-0.643450383,3.5920442982251863,0,0
-0.074445916,5.1621650858016475,0.8488601835685246,0.026440758,0,0
-1.918771215,4.038704117023517,0.5246375233879517,0.8753412262733542,1,1
-0.026513875,10.078763245565723,-0.037288336,2.715932364208645,1,1
0.06023021,4.920211232496576,0.36012205661367314,0.16238287256431927,0,1
2.463242112485286,2.1915208674768225,0.7945653442710436,1.675605832078514,0,1
-0.192360965,4.731639578646151,-0.727651715,1.120987032144686,0,1
0.30154734233361247,6.038717491275776,-0.499253899,0.035547049,0,1
-0.03471177,8.346727892305047,0.085402495,0.5383110464108343,0,1
-1.168678038,3.821095200122563,0.5980207427047173,0.6703637084324074,0,0
1.1428228145150205,1.835144052,-0.927490209,0.23725166069537967,0,1
0.7519330326867741,6.633674022861962,0.9680363,1.9968294689864303,1,1
0.7910319470430469,2.2388025882006977,-0.090186794,0.5551938677127909,0,0
-0.909387455,4.127689117,-0.281537719,0.6504065401445701,1,0
1.4027943109360992,4.4847590289780115,-0.414551124,4.570248807872682,1,1
-1.401851063,4.860733093399784,-0.651286585,1.2589296492537283,1,1
0.5868570938002703,6.378328914148671,0.5831478178600558,0.9955823745444831,0,1
2.1904556258099785,3.6327314354272247,0.9108283294921931,2.5737745398210548,0,0
-0.990536325,4.452541495666479,-0.17271049,4.807327287235757,1,1
-0.56629773,4.971459294101223,0.9048413895069125,0.050710153229192964,1,0
0.099651365,5.2991959150375765,0.6475952308700683,1.1892800387576477,0,1
-0.503475654,5.195654349415845,-0.037897745,1.8872280532526229,0,1
-1.550663431,5.872011550445159,0.34805235825226544,0.767103239,1,1
0.068562975,6.6876790192834745,-0.130031642,2.960399012,0,1
-1.062303714,5.785268231301936,0.1174468164251048,7.114093926531442,0,1
0.4735924306351816,5.907171047018437,-0.883907326,5.744459827,1,1
-0.919424234,1.8355536665070447,0.39252695060106624,0.6184449246797059,0,0
1.5499344050175394,5.100455398331361,-0.894350711,0.5132411063447863,0,1
-0.783253292,5.959015096003217,0.634169894,6.3160568567344155,1,1
-0.322061516,6.4578823891409005,0.649893859,1.2272990425435446,0,1
0.8135172173696698,3.6152984515324116,-0.525845425,0.46713974165286265,0,1
-1.230864316,3.68192145,-0.352674438,2.4551446139653006,0,0
0.22745993460412942,3.851798649432803,-0.037379243,0.6693246579159641,0,1
1.307142754282428,6.0728277997826865,0.19332581386496295,0.6218931424255214,1,1
-1.607483235,7.067762109848417,-0.425292677,4.228050123318395,0,1
0.1846338585323042,4.1850797854167965,0.18497280926385007,0.35461824820487803,0,1
0.25988279424842353,6.815924627254098,-0.404425854,0.13311941050409093,0,1
0.7818228717773104,5.246959618329188,-0.889018558,0.6271937997542869,0,0
-1.236950711,4.751428445675128,-0.9949449,1.8676135562557454,0,0
-1.320456613,4.577231540364062,-0.797697884,0.26269693309201336,0,1
0.5219415656168976,6.493222729204314,0.5845014003280364,1.2757832472767625,0,1
0.29698467323318606,5.651155634,0.9228626247666742,1.9741620985920196,0,1
0.25049285034587654,9.551650855295275,-0.146067601,3.777470372769894,0,0
0.3464482094969757,3.2955507140053517,0.025367907,0.5223908327991006,1,1
-0.680024722,6.036203404059951,-0.706303662,3.4003267932806818,0,1
0.23225369716100355,3.941597980376974,0.10206270536031403,0.5355138363867338,0,1
0.29307247329868125,3.261426026022712,-0.710690196,2.258760868602344,0,1
-0.714351418,4.978265725930056,0.22242866239766013,1.1266026425437181,1,1
1.8657745111447566,5.274704958814072,0.8665173351617077,0.24361504143914423,0,0
0.4738329209117875,10.836347110120185,-0.608602921,2.505370182808676,1,1
-1.191303497,4.631708368633596,0.529127436,0.4911940553163886,0,0
0.6565536086338297,2.739642541030633,-0.952995154,0.38868324081765254,1,1
-0.97468167,5.546021434988772,-0.249005517,0.887340212,0,1
0.787084604,0.8507199249072634,-0.778502984,2.1185345785513094,1,1
1.158595579007404,4.816086434791468,-0.295049117,0.5331370247460707,1,1
-0.820682318,5.032050564590321,-0.652926161,0.4058524582225966,0,1
0.9633761292443218,6.589200765890423,-0.25339002,0.020006988473627394,0,1
0.4127809269364983,6.947244498855694,-0.164954388,1.275966542339968,0,1
0.82206016,3.992860762184565,-0.398817754,1.1194910853095439,0,1
1.8967929826539474,4.698771970740134,0.31324389894625826,0.5328009314169052,1,1
-0.245388116,3.4677583387786584,0.8377041025178193,0.1102901723809343,0,0
-0.753736164,2.743874890384612,-0.198809252,1.121628572781153,0,0
-0.88951443,5.619789558761269,-0.615313687,3.1042739554002137,0,1
-0.815810285,2.4528289028068015,-0.458554484,2.512513047007114,0,0
-0.077101709,4.170746198856274,0.7080016469927379,3.943613641962006,1,1
0.3411519748166439,3.0096520802015254,0.14327944654029579,0.019257794217633566,1,1
0.27669079933001905,6.099366372580519,-0.089977935,6.7876085644658595,0,1
0.8271832490360238,8.602860198532976,-0.700726557,0.8353150265262207,1,1
0.013001892,2.3968240343933376,-0.100545383,9.291525266205396,1,1
1.4535340771573169,1.2939630342048618,-0.443015993,0.5823616000058315,0,1
-0.264656833,4.750226229299865,0.8863262557066984,1.2755626534211042,1,1
2.720169166589619,5.031395591915516,0.7681402188314626,0.8736876514006608,0,1
0.6256673477650062,5.437318613514595,-0.832194916,0.879370123,0,1
-0.857157556,4.10735897,0.033306978522485764,3.6938945537189407,0,1
-1.070892498,4.5987214023491365,-0.549883309,2.7441434854297486,1,1
0.4824724152431853,5.735020821081204,-0.178445821,9.694849191513729,0,1
-0.223462785,7.080861785289677,0.7536959965029129,1.9013228011921661,0,1
0.714000494,1.0899024593634343,0.05502904,1.244470293426967,0,0
0.47323762457354485,4.262121121937076,-0.331569413,0.1887837016781088,0,1
-0.072828913,5.427617587882127,-0.584223292,11.345393084273978,1,1
-0.846793718,3.164047790778528,0.6006497188129785,1.6038298905287787,0,0
-1.514847225,8.462339263534599,0.2490360307286943,2.411131275691573,0,1
-0.446514952,3.7291802395425258,-0.063869079,1.044253102739713,0,1
0.8563987943234723,4.917414625985434,-0.565031292,1.5868886653195236,0,1
0.21409374413020396,6.112044193684581,-0.331507252,5.714646209542613,0,1
-1.245738779,3.817430422396211,0.919686853,0.364049853,0,0
0.173180926,1.3068539043911658,0.040179875,0.6916751457201625,0,0
0.3853173797288368,4.142690946166933,-0.198601438,0.3298901587426267,0,1
-0.883857436,7.058881111854081,0.042844085,3.1425114748726934,0,1
0.1537251059455279,4.326209746429723,0.5579770117992173,0.1281071663778775,0,1
0.058208718445999896,3.307131397082043,-0.319782127,0.17031343191361042,1,1
-1.142970298,6.851344419005443,-0.642587758,0.7090519743092422,0,0
0.3577873603482833,4.338450207953895,0.1698722366780956,1.4438678672109324,1,1
0.5607845263682344,3.9796783726995653,0.33040820696213435,1.0426773877383289,0,1
1.083051243175277,5.298912179326619,0.4254360059170992,0.091703224,0,1
1.053802052034903,6.5415004192375745,0.7639751815322593,6.316105168894389,0,0
-1.377669368,9.763427063465091,-0.257651759,6.1096707222005415,0,1
-0.93782504,6.654472215314846,-0.849290208,0.6552209416981167,0,1
0.5150352672086598,7.319679932776689,0.9166971672618844,2.6299995419139224,1,1
0.5137859509122088,3.988067602024289,-0.129976145,1.7282288589761927,0,1
0.5150476863060479,2.9482637880610474,0.24651501934626263,0.5422444140811745,0,1
3.852731490654721,5.124662699238246,0.33261064625658454,0.6080878726758775,0,1
0.570890511,5.214339830519193,0.093027417,1.3512164791366645,1,1
1.135565640180599,2.8429745172708056,-0.589484941,1.0868248440017543,1,1
0.9540017634932023,4.6494109401919745,0.5102861002322829,0.6884465156975501,0,1
0.651391251,5.798635203438262,0.6075039486081633,3.2954387352301215,0,1
-0.315269245,5.72078679,0.10595117203487958,1.3134874706612139,0,1
0.7589692204932674,6.008575706768545,-0.022877679,2.1275411200516094,1,1
-0.772825215,5.5819294602748855,-0.772123634,0.41964903985822394,1,1
-0.236818607,3.9859826814598884,-0.832096677,1.5250273687481821,1,1
-0.485363548,3.972198746702314,-0.320870309,0.7653810072836865,0,0
0.081874139,2.602097204012248,-0.378307689,1.4948418679803024,0,1
2.3146585666735087,8.569550078,0.9073129019265425,3.0357771680110988,1,1
-1.867265193,5.026900729238586,0.5672454848868596,2.929923850264983,1,1
0.6862601903745135,4.550293888410296,0.31984859051811987,0.8745948808493113,1,1
-1.612715871,3.1424158370950828,0.035296178035210124,2.370152397429692,0,1
-0.471931866,10.871315804655556,-0.665264939,5.670288727956795,0,1
1.088950596967366,2.853343935554209,0.9569133443685678,1.9652314552147767,0,0
0.064280019,4.142304148787853,-0.249918604,0.3213004670379043,1,1
-1.077744778,5.831673672572121,-0.786148795,2.2770483279394127,0,1
-0.715303709,6.200425931488556,-0.012402209,0.2216494710373422,0,1
0.6795977489346758,6.915864110431368,0.7479960232261664,4.113175911968969,0,0
-0.730366632,8.615217015538526,0.7745820035546589,1.4540719300215952,0,0
0.21645858958197486,6.012315310921425,-0.978068168,0.9727237537888072,0,1
0.045571839903813784,2.887938400066665,0.7725914895027994,0.11739197927795626,0,0
-0.651600348,4.486109749756437,-0.457031565,0.9586013772560664,0,1
2.1439440893253257,5.615664745,-0.922055272,4.670354340999509,1,1
0.6339190223180112,9.136452083011648,0.6955805407257487,0.042412536,1,1
-2.025142587,2.204389043151406,0.7277335119764166,1.287374130408458,0,0
0.18645431476942764,7.405153010450455,0.19246215968470004,5.351885157319664,1,1
-0.661786465,5.359828739092833,0.14886751459271674,1.0045280903482483,0,0
0.852433335,6.675661070458961,0.6262405452428388,1.1178469613883124,1,1
-0.792520738,4.796010566728136,0.5726191054205596,1.7281559828092798,1,1
-0.114736441,3.3151347397473474,0.7802109468854082,1.2432809880653477,0,1
0.5049872789804571,6.501745558802664,0.10549489519340693,0.36929257274017224,0,1
0.8657551941701215,6.308862054211242,0.9352941854656174,0.037459706,0,0
-1.200296407,6.944113931479444,0.9922936618666769,1.8822514563420567,1,1
-0.334501236,4.9733907292427295,-0.76691078,5.071724305822143,0,1
-0.474945311,3.8003559533603015,0.6990875191082442,0.22491378883511973,0,1
-0.653329233,1.882426009952317,-0.000355485,0.4738580700604695,0,1
1.7654542402810969,6.638746536278813,-0.224867323,0.9247995783415249,1,1
0.40498171096095553,5.847778964887972,0.22614462,3.3082663490633273,1,1
-1.260883954,3.0684347342720812,-0.888068885,0.6273959854760566,0,1
0.9178619470547761,3.9228526534067516,0.012922237534159775,4.275063628088171,1,1
2.1221561970126332,4.0664823760971185,0.7417811400533334,0.11305155078409285,1,1
1.0324652605511468,2.0340311360351637,-0.573076968,5.6589657446566175,1,1
-1.519369966,3.3646352067897327,-0.14722021,1.6453597988030408,0,0
-0.484234073,2.7323392863872917,0.878961775,2.1504420897879375,0,1
1.2669111491866227,4.175041976224127,-0.142872324,0.916749487,0,1
-0.707669466,3.5226050033408747,-0.283264735,3.0464680065691847,0,1
0.44381942814622843,1.7459901582665025,-0.118926704,0.36440212830954305,0,0
0.7746340534293368,9.045180461138962,0.038905533,0.10029700567248787,0,1
-0.926930472,7.505081462058461,0.2639826882629377,1.006763275240865,0,1
-0.059525356,3.441961156960029,0.6013856018334622,3.8441333505767794,0,0
-3.24126734,5.544842793,-0.095795588,2.812396974097353,0,0
-1.024387641,5.83493018,0.6349618701802806,1.4561231954930696,0,1
-0.252568151,7.382171709546954,0.067441323,1.6979079487461355,1,1
-1.247783182,3.3627899466798428,-0.323038979,0.2782777735163923,1,0
1.6324113039316352,7.184213567964852,0.3159016562388284,3.6736999796342094,0,1
-1.430141378,3.904189392,0.43544450948698277,3.092547698652065,1,0
-0.440044487,2.3282751916627733,0.11609795125897504,2.1369639629523527,0,1
0.13074057728609134,6.448273118628995,-0.886770054,1.255434499925253,1,1
1.4412732890661155,7.581516848244856,-0.66023425,6.674151736,0,1
-1.435862151,10.175817947061368,-0.429404558,4.224457997368906,0,1
1.1631637521549596,2.600549469819573,-0.434748788,2.0680690626203075,0,1
0.010233061019587049,6.397839370161577,0.34684160049374113,0.9297965601896937,0,1
-0.981508651,4.180397512412934,-0.963302677,1.9247859864641963,0,0
0.46210347426327075,6.566717421048063,0.5113635540990398,1.7134082455927753,0,0
0.19905969557347003,2.059020897537499,-0.46931505,1.0025493850436535,0,1
-0.600216877,2.474460448602872,-0.379956308,0.7325098621979187,1,1
0.069802085,3.4482503536670324,0.055819656,1.045158159076849,0,0
-0.385313597,5.157928091336169,-0.568148798,1.706215974554332,0,1
0.11351734525124804,3.717837466923289,0.7689426271510551,1.117704115791768,0,0
0.6621306745210467,6.3181086878268395,-0.829262441,0.611894373,1,1
1.586016816145352,7.053789236515829,-0.111235275,2.862276513310923,0,1
-1.237815499,6.199155082490711,0.6988445389097799,1.516299601501276,0,0
2.1330333746562666,8.237575279321735,0.23168778884247154,0.14014797541995416,0,0
-1.9520878,5.831653258910686,-0.415340968,0.9187336206376817,0,1
-0.151785095,2.566206579319666,-0.158479584,4.324141775313937,0,1
0.5883172064845765,7.726753027076679,0.4133887606850293,2.814925936475317,0,1
0.28099186773503265,3.789687528788005,0.9465214867277987,0.7808971965843151,0,0
-0.62269952,6.820836999,0.786277437,5.5671586620674685,0,1
-0.20812225,8.147468433110213,-0.315134383,0.15939183706647247,0,1
-0.493000935,5.913376021460798,0.996395759,6.500459725610682,0,1
-0.589364757,2.0076823736707006,-0.992990673,0.563943727,0,0
0.8496020970210246,3.163575666980417,-0.944740488,0.01827157,1,1
0.35701548596504734,7.645488933770271,0.6476810303423877,1.1376442003704617,0,1
-0.692909595,4.661754628714367,-0.601074626,0.8893593831839313,1,1
0.8995998754332507,5.159147069884332,-0.878461463,1.5491006489775343,0,0
0.30729952087660933,6.517648832327218,-0.525703854,3.186862024016819,0,1
0.8128621188389601,6.392645724160647,-0.147799692,3.6957811315545883,1,1
0.6296288419236122,5.557599624770921,0.46113254086680966,1.0257554544872236,0,0
-0.828995011,4.5826632575590684,0.248671053,1.1236966593786466,0,0
-0.56018104,4.374663108535286,-0.524757565,0.32075475517337004,0,1
0.7472936051232618,6.715797650582686,0.006540896,0.097430313,0,1
0.6103702654334648,6.1071390621355865,0.8524282107971375,2.0500638569493423,1,1
-0.020901594,4.485399998764421,0.6300155539675154,0.13321492101382085,0,1
0.117327383,7.164224625986281,-0.35362043,2.647241050516542,0,1
1.277664895788425,4.741931769740432,0.9645291227113926,1.549105594907989,1,1
-0.591571389,3.2966756513312134,0.41724080087026194,0.44274768191669306,1,1
0.5470973811700379,3.4820586021933106,-0.875101289,1.5509844951478244,1,1
-0.202192652,3.042518327380468,-0.929678573,0.40422677853873523,0,0
-0.217681203,4.455179966792626,-0.663184102,1.1551320946618528,1,1
1.098776852,7.467448556672386,0.4557117361002936,3.214483813263948,1,1
0.8254163489880298,3.389809637938982,-0.632522148,1.2394934356463578,1,1
0.8135096360006385,5.376951522036205,0.022973538417667028,0.32197977062856287,1,1
1.305478807154329,3.6866213087451736,-0.81347976,2.5734677755958715,1,1
0.021003842,4.4793819174571246,0.8417723156603902,0.4134787183204517,0,1
0.6819529712949639,1.9799175760294956,-0.312078773,2.683023476,0,1
-0.310266757,4.558923541686926,0.8162641131212616,1.305363289715973,1,1
0.3241663524884421,4.612589240390076,0.8897512838210886,1.2093268927198266,0,0
-0.130143054,6.080575888,-0.987742705,3.8134659217798523,0,1
0.096995965,5.446561826510741,-0.071729626,2.4661409596114647,0,1
0.5951570254369136,2.6032157500959094,-0.950687889,0.066929081,1,1
-0.818220683,7.168396488087085,0.8173855326058117,0.7024491189033973,0,1
2.0923872756854602,5.42060608,0.036815089469151685,4.094656063007819,0,1
-1.006017381,5.396787034354974,-0.850111975,0.036992346,0,1
-1.214188613,4.981635293229722,-0.779446543,1.576030079957383,0,1
1.1581108735000678,3.9644851055555606,-0.232981951,2.6026249916688164,0,1
0.7916626939629359,5.435604679497452,0.8804683857457789,1.9449608591782193,0,1
0.6241198170521551,5.9511768718571645,0.3858183031361617,2.858672653444015,1,1
0.6283455092642799,1.5062086173088902,0.7352377323782648,2.5870063310589457,1,1
-0.012246773,3.9224783253078086,-0.267086707,2.355510321125879,1,1
-0.897254371,4.490106059192821,-0.913572601,3.4467800264156048,0,1
0.075804558,5.512341211388557,0.9486352744088282,2.075169858931686,0,1
-0.677161712,7.386622011854252,-0.965654019,1.029729186388518,0,1
0.9751197334177512,3.4565183708064353,0.895303306,1.2769737395540761,0,0
-0.147057382,4.004076306364316,-0.262645152,2.522672709102421,0,1
-0.825497197,3.9749317787068996,-0.97981919,4.17988949,1,1
-0.321385842,3.396944819790917,0.37831446344901654,0.6355096531278461,0,0
0.41293145427562433,4.305627009775475,0.9610806080627083,0.8373341313406748,0,1
-0.563724553,6.541604439975942,0.931251446,5.339758049032273,1,1
-0.822220396,2.8923290092713088,-0.678125978,1.7279269583564114,0,1
0.2436872114919123,5.855628790305806,-0.637504388,0.3943713257168431,1,1
0.24496657110872277,1.596195539963329,0.1310778292393202,2.179474411447235,1,1
-0.506943175,3.877324007115588,0.27460965285664884,9.368893408052024,0,0
-0.471038306,4.341021399564028,0.47883582733173125,3.4683426927836867,0,1
0.2320499373576363,8.349719346,-0.637899279,2.7388047670126907,1,1
-1.448084341,4.450395390494624,0.9180141735288689,0.46650559160929195,0,0
-1.407463774,0.5975130530981634,0.2774785125784758,4.177203290183495,0,0
-0.718444221,1.0022221862775003,0.6940938377411097,1.4922051574194328,1,0
-0.213447152,5.068059172693362,0.080131431,4.4016826169561964,0,1
0.3109075655980046,6.227541711579818,-0.171446305,0.8004412572017534,0,1
1.475356216949552,5.750911715254506,0.9543658131899919,0.12811951714757538,0,1
0.8576596232020194,5.335140212,0.16424274163967212,1.292435468752663,1,1
-0.15993853,7.324519195011334,0.7337471655983578,0.6289766208529528,0,1
-0.019016208,3.9208175585257368,0.9065847927325799,2.512141896097413,0,0
-1.002529365,6.789821112053651,0.35070925401731845,6.298072423884149,0,1
-0.018513136,1.7359702299471653,0.097877357,2.3486607047038865,0,1
-0.288658639,3.1901043341238675,-0.992978298,4.359565876594295,1,1
0.3227185603380895,1.3859172101363675,-0.919960719,1.2067007561489294,1,1
-0.827230944,4.450309398660416,-0.598297568,2.953670352213667,0,1
0.5193465142411723,4.907477565467315,-0.627983136,3.7035723572237376,0,1
1.5327389130025777,5.2282029844530395,-0.49048241,2.4817966581267727,0,1
-0.108760148,5.123766705774271,-0.390130725,1.4176479886478726,0,1
0.40171172209894146,3.1448933383765443,-0.279869013,1.9662830999038703,0,0
0.6901439917111125,4.619518311173569,-0.15892462,2.4113284391175975,0,1
-0.401220472,2.005106662788503,-0.802267323,0.5836061796400817,0,0
0.22409248181041677,7.726457950264501,-0.915276136,3.317038477581597,0,1
0.012592401,4.392747854203998,0.34788889814604684,6.004488419,1,1
0.097676099,4.022227761912617,0.07466965,1.2518719005121046,1,1
-0.773009784,8.177880656888165,-0.111711596,2.4150728470276137,0,1
0.024510174258942714,2.5155069329015416,0.2688798823367047,2.6713995055198647,0,1
0.49799829124544975,2.748825771936062,0.655358814,2.1708840818877095,1,1
1.4511436077950417,2.8075593502628697,-0.144614182,1.5842345761185472,1,1
0.9592708260852069,4.864257236601036,0.28223893010395873,4.268183320644808,0,1
2.1531824575115563,5.863263259275195,0.9071444476703174,1.1917749292875197,1,1
-0.767347563,6.479350936235667,0.6792489917231215,0.126098901,1,1
0.8723206367206782,10.143990634989937,-0.147998379,3.722944315741655,0,1
0.18334200573835174,0.5011350915984725,0.28943367562948596,2.241600904767384,0,0
2.1898029332176723,6.217471178248834,-0.645858156,3.7843793377808868,0,1
-0.808298285,3.8857388548555374,0.12104436979017974,0.2982705882246144,0,1
-0.839721842,3.827169702222453,0.9626565822768856,0.062471472,0,0
-0.599392645,3.760455743492245,0.03663023,5.447583108799314,1,1
-2.123895724,3.1824606583840533,0.8552765983802946,0.3196998262812758,1,0
-0.525755022,8.369049669206904,-0.185330159,3.3178060954303255,0,1
-0.759132662,6.684594654027805,0.9976896543692624,3.465584728826315,0,1
0.15039378647620763,5.046391957,0.15844007045511566,2.466838936,0,1
0.34175597577715944,7.702031505,-0.915462012,0.28142787627232135,0,1
1.8761708392158862,1.9749420694022488,0.17350959338277616,2.2016211536327384,0,0
0.9504238381860503,2.3385897373381477,-0.450854609,4.3980108240464775,1,1
-0.576903656,0.6440645356106245,-0.935037356,1.108620531088829,0,1
-0.898414671,3.601170919753425,0.6417066093893267,1.0672226970398822,0,1
0.4919191715065057,5.323397053409506,-0.448540726,1.1698713800776226,0,1
-1.320233207,5.205717155864668,0.593097108,0.17170821887594884,0,0
1.8314587658543537,5.298683822119761,-0.423564834,4.45172166,0,1
1.179440120721287,2.1778863378678364,-0.611347292,4.067909678433391,0,1
-0.469175652,6.606309485228044,0.9478711482088549,12.34053353,0,1
-1.713134529,5.479255036477996,-0.276709344,1.759836321941041,0,0
1.3538723741654128,6.466108562931997,0.2027524228863209,2.782144606,0,1
-0.114539845,1.2144756448198963,0.21996298562894312,0.4529780481139324,0,0
1.2378163119734618,5.622981718,0.12094696434700358,2.2024041879865854,0,1
-1.594427659,2.624469520164946,0.8293914870424293,2.0981182527823634,1,1
-0.599375023,4.205353494897277,0.34888214273373697,4.629492195174127,0,1
0.0052437,6.068729797272766,-0.192533992,3.553261647019108,0,1
0.046980593764742055,5.182187212511827,0.724760769,5.576345859031942,0,1
-0.450065471,3.2969200404413623,-0.637874202,4.062575124642984,0,1
0.6228499323474987,5.012546312368837,0.088473515,4.0604480028225245,1,1
-1.067620429,1.9369293695127139,0.9011007438875127,0.13168851007693702,0,0
-0.142379485,7.300534791796592,0.2507952597608254,3.7411112933340713,1,1
0.12029563171189886,4.589431961007498,0.6339369009497524,1.8703273948454258,0,1
0.514438834,7.237099888510652,0.3071214510903857,0.9575058313907319,0,1
0.7116148780888898,3.946936625807914,0.6787417270757807,0.11634882887998123,1,1
-1.124642092,3.952848023186834,0.8889757596904873,2.264382248921858,0,1
-1.534114171,3.471626426724307,-0.454156545,0.7955944150991016,0,0
1.277676821898509,6.7523478633861505,-0.660677837,1.2613826470224747,1,1
0.33231401197959165,3.581137685343048,-0.032018499,2.289700578206899,1,1
-0.748486537,6.289190864830353,0.4037248536484317,4.855719550217196,0,1
1.551151975522523,4.235095205,-0.545617494,3.4909381750258257,0,1
0.11567463429285867,1.0480734002167607,-0.991797099,1.1978465596448422,0,1
1.1792971840638264,3.859371864427068,-0.314129768,0.9813374826550011,0,1
0.067518481,2.6417835712743036,0.9377186709355769,0.5482941407604413,0,0
2.060747924881987,5.067805447364675,0.3899349212116934,0.9317897671901553,1,1
1.7553408424432044,2.6191845286510196,-0.197349112,0.23542044802120254,0,1
-0.248964148,6.851950201429234,-0.614847805,7.088208606,1,1
0.9715709509543554,4.817848279293946,-0.287820652,1.7062443159323806,0,1
0.6453759495851475,4.644808010482522,-0.660321133,0.2734864450253716,0,1
1.3686315575323487,6.311784275575166,-0.787388357,0.8702183966048945,1,1
-0.964923461,6.927813868151725,0.8134847451451077,1.5838991339825275,0,1
0.6860514599984393,4.959802496460696,0.9953006767509471,1.5223623237475596,0,0
1.0584244868495878,3.457599400901419,-0.671771121,0.072297879,0,1
-1.758739486,1.4520607677757411,-0.890954882,6.025392065,1,1
-1.183258513,3.627900486,-0.340537786,0.6442038795491276,0,1
-2.039232178,3.765575506704077,-0.076681638,0.032634142,0,1
-0.269406834,5.2141149059845935,-0.590357506,0.1590477039971296,0,1
0.7175422557959623,4.309706237723946,-0.397150176,1.7359294615281136,0,1
1.502357052096028,6.3758659441028565,-0.598258529,0.29650244669166076,1,1
0.07409478,3.774033457458621,0.5485211368649026,0.085240539,0,0
1.6286155455712918,4.885917666294117,0.4251558864945215,0.9548670176588592,0,1
-1.380101458,7.367974886393778,0.2699030315219635,1.9497537000108112,0,1
-1.703382439,5.683650427909933,-0.225564286,0.2372063046138852,1,1
-0.055547699,4.879924916622871,0.8180818826284719,0.7517965889371766,1,0
0.3840654489393073,3.796111116129646,0.939065083,1.0817473972746676,1,1
-0.032694748,3.7335372065700456,-0.652721375,0.3474217057681912,0,0
-2.0674421,3.298773494096104,-0.553974717,1.4107387300441885,0,0
-0.08912004,3.917986268434201,0.051262056,0.17813043167802614,0,1
-1.304469501,6.511331677488629,-0.817498861,0.095270505,1,1
0.6696725488300385,4.556223457415463,-0.127103202,1.467252497585345,1,1
0.36659824609684827,2.300453861237538,0.1635825295554203,0.5697639201917759,1,1
-0.939879786,8.536338586119566,0.044147142,0.20046693602184226,0,1
-0.513866917,5.639930382290326,-0.338182834,1.1029917439326586,0,1
-1.059213522,2.1861131989736613,0.084891612,4.9335223076079275,0,1
-0.062679097,4.116302145518352,0.9176019085176956,2.5761038539143626,1,1
0.9551423205012383,5.221772765656835,-0.587965191,3.381468560815649,0,1
-0.985726046,8.409184186594754,0.3096627167880073,4.110106555810596,1,1
0.5040465155178444,2.7837750834822614,-0.913206612,7.196450476389979,0,0
-0.530257618,6.952081438711893,-0.867167191,2.8814721480153715,0,1
-0.792872832,7.7989728539446865,0.10365644844717004,1.8750691964044228,0,1
-0.10703036,3.74269139,-0.790121639,0.9096023654712767,0,1
-1.035242322,4.444972762279533,-0.955306423,0.400913793,0,1
-0.553649305,2.9273815052524594,-0.656974005,2.3209320276889165,0,0
-1.197877893,4.593077717839391,0.12969834199914887,10.576728575136638,0,1
1.9647251329163893,4.926820051314138,0.40668190903786483,1.2598140712170598,0,0
0.035263552,6.319299996164741,-0.595042872,2.572386755438022,1,1
-0.699725508,7.1803669420408935,0.336518874,1.3667598715187685,1,1
0.213979911,3.503807870756706,-0.635047338,1.131033309483151,0,1
-0.11232805,1.065349871548011,0.22691485326251426,1.0563017307393308,0,1
-0.2209696,4.957510441447516,-0.17608064,1.404879174829219,0,1
0.6141667000434252,5.587075059937281,0.3075990186672335,0.9142400784895677,1,1
0.7575077100473051,5.498835375370083,0.9901055049584946,2.762799294177126,0,0
-0.530501148,4.346653504981912,0.8756339304651239,4.147269294,0,1
-0.575818241,5.249504199327869,-0.991436484,4.2892030785322675,1,1
-0.275051697,8.030889616704496,0.7708775287246115,0.5167610750176382,0,0
-2.301921165,5.763468337925018,-0.86701841,4.524982190442885,1,1
-1.515191062,4.253263149993831,0.9060931723196899,0.835737123,0,0
1.3668742674445247,3.9996043658080085,-0.436348642,0.7401216021775883,0,1
1.6449677135012837,4.660295284644539,-0.235930339,2.5947806402855766,0,1
-0.24903604,8.273479923661279,-0.81672359,0.7268132162005312,1,1
0.5765569630557664,4.633398580947605,-0.775454483,0.10884142376860928,1,1
0.3112501545435361,4.960411310958584,0.45348113045863925,0.9355890137018666,0,1
3.0788808084552377,4.035372858127394,0.8886644714965832,2.5564274193563756,0,1
1.1195749114345768,7.197966714883929,0.22149699,0.7918963371728178,0,0
-0.127917591,8.919674509,0.4317000310536221,1.9861224846985963,1,1
-0.955540441,5.901226098862777,0.523939489,2.1583220595016708,0,1
-1.60644632,5.165545807570852,-0.474371451,2.646534050443217,1,1
0.2034636358672231,5.073565666348469,-0.909540738,4.548587513722789,0,1
-0.756350745,0.2313864224285087,-0.996254512,1.133256382368734,0,1
-1.42225371,6.4903017285696345,-0.298701434,0.3640801768096939,0,1
-0.646572884,5.268332831991687,-0.517071544,0.7681677943675533,1,0
-1.081548004,5.856684101,-0.87536455,1.1318567339166166,1,1
1.6871416350725648,3.5770756118325906,-0.640943415,2.5027681245441444,0,1
0.8816397569494505,4.231086242045817,-0.751002203,0.026417963,0,1
-0.007972641,4.177950126993654,0.8297567612347407,0.758967287,0,1
1.4799441388900259,7.043245968146078,-0.719465573,3.0268248953715373,0,1
0.077368308,4.242480326793814,0.075296928,2.222530218101504,1,1
-0.861284201,9.165320644219594,0.18621191022432915,2.6315970420850987,0,1
1.5231240772696573,5.861724838030074,0.086978915,3.3406145536865646,1,1
0.5389100436846587,2.448634680008537,-0.801887132,3.057889555924776,1,1
-1.037246154,4.742907413496086,-0.362403276,2.292560112682934,1,1
-0.190338678,3.6966497556871687,-0.897459335,1.1584285427037728,1,1
-0.875618253,0.6112350603599515,-0.208660172,8.220744103339314,0,1
-1.382799731,8.19894188,-0.622802137,1.6836340613116938,1,1
0.9261775475316414,6.406285084440007,0.12326506656875957,0.45322213583652904,0,0
1.9094166404701305,6.066414635798625,0.38561678769820107,0.6929198905821761,0,1
-1.398567574,5.330807320599408,0.06423972,2.3654826317775397,1,1
0.5629692366905709,2.2359648626151247,-0.131526607,5.173601433,0,1
-0.650642569,4.0327657208891265,-0.225333158,0.39378267498549474,1,1
-0.487125384,6.683561549568026,0.6833835361940075,0.17187081191724132,1,1
-0.592393924,2.8975599404349945,-0.56126387,4.266208723061104,1,1
-0.86399077,-0.063538633,0.46843667905773767,4.936759443785469,0,1
0.048521628,4.545787984438148,0.514964649,0.6469759630576518,0,0
-0.830950116,4.716484891944923,-0.161599985,0.9473349839902603,0,1
0.2704568257798388,5.2711268328294185,-0.405398802,2.158725496226875,1,1
-0.050238109,6.457037287029072,-0.058917028,0.8007462510950253,0,1
-0.238948047,6.275211624462417,-0.813572148,4.193724135833106,0,1
-0.907563662,5.517539610487844,-0.908139936,0.22763390305816567,0,1
-0.576771331,7.391062776173419,-0.776793601,0.077444694,0,1
0.755391226,1.9620604383733706,-0.625709937,0.4676159461647779,0,1
0.5009171876243808,6.009163628954781,0.008353641,0.673990526,0,1
-0.977555245,6.253076726673885,0.6982732723222442,0.2396550788612017,0,0
0.099332305,2.520875427839521,-0.528715336,0.13589489913465655,1,1
0.751387123,1.9942587826352214,0.8703240214935561,2.817961226311485,0,0
-1.669405281,3.508115747048797,0.9098158178700069,0.35891508217568024,0,0
0.543360192,3.676917114969416,0.9178092096904105,4.905007459,0,1
-0.662623759,6.506838927004861,0.6751254693526476,0.9177306983040615,1,1
0.5705986685931593,3.770922433,-0.272349918,2.221000197356246,0,0
-0.763259157,3.2873029634375923,-0.854632178,0.5108224840965079,0,1
-1.804882101,3.776732526610882,0.13763746353298978,0.5497232625888439,0,0
-1.627542438,7.237264668308423,0.11736288787446747,1.709964230976935,0,1
0.048084946661381994,5.0260867487539045,0.6999515342191911,1.644885628335486,0,0
0.25972250172148187,4.641497949286176,0.9919821018922104,2.928332163621976,0,1
-0.904316625,4.7799890025978975,0.016314613,2.836092772355238,1,1
0.6385924587773739,7.584120668653045,-0.309591938,2.2214978693967886,0,1
-1.661520062,3.5016565467935163,-0.628196577,1.1925149192065136,0,0
-0.066079799,7.631016581880208,-0.99040035,4.426227237531192,0,1
-1.2110162,5.420992597843007,0.018227384977758332,1.9487853060553455,0,1
-0.651836108,4.679161236049304,0.11103733340519151,9.250437741428703,1,1
0.047398671316414016,10.001800995868564,0.6498769596347949,3.4226070617804223,0,0
-0.860413365,2.8887210204028073,0.009153936,0.090642978,1,1
-0.384555544,4.292628480865988,0.8329366973321131,0.7730725104136871,1,1
1.0062928092144405,2.5351375216719996,0.25616695314287097,1.6966834869516798,0,0
-0.57689187,6.904923941072338,0.6806724764421663,2.556455692639496,1,1
0.8356921120651418,8.378377867303358,-0.70339653,1.5985114974872472,0,1
-1.129706855,8.339845562809277,0.7106722606046294,3.084777801017496,0,1
0.5298041779152828,7.447897506292009,0.3502877088876968,0.664398585,0,1
1.4415686206579004,4.604759064408069,-0.659533935,0.4064662989479696,0,1
-2.4716445,4.269518045020307,-0.620472884,0.11084928340908343,0,0
-0.796895255,1.6576604550118699,0.8530012380884426,1.7034126012599475,0,0
0.577072127,9.071747070363585,-0.935569279,2.3333509606536507,0,1
-0.203045386,5.937956156296935,-0.074930113,0.7894946499388377,0,0
0.37114587337130883,4.016086190261034,-0.37304942,1.9016824960386893,0,1
-0.603985187,7.656113777973935,0.3301548799968561,0.10713329162629524,0,1
0.086589787,3.0544709664799985,0.6792587751379839,0.20915130592363818,0,1
-0.155677235,5.813244068445348,-0.279243757,2.4196784379976877,0,1
1.1677820616598074,4.654741731418331,-0.146195825,0.9179523679667063,0,1
0.2544208433012131,6.277354279760602,0.9638355690028284,2.2254266721626443,0,0
0.3376026620752022,4.872852921627757,0.5678330193584056,3.564265355038853,0,1
-0.411876966,2.0981442177775516,0.7944082618635828,3.8295150649941734,0,1
-0.487606224,5.151152745340076,-0.122475559,0.37788923092892757,0,1
-0.432558188,7.097728283750724,-0.531847592,1.3321755123109906,1,1
0.39445214237829684,4.941567188292029,-0.176273069,2.6479670661417734,0,1
-0.420984481,6.550230243178172,0.432183836,2.9742688523386236,0,0
0.2897748568964129,2.9089410286518937,-0.78113919,3.071222637924014,0,1
2.075400798645439,4.947478413460296,-0.459061789,0.5179750136619636,0,1
0.8711247034316923,3.7509790898228452,-0.906728199,0.4277106854782148,0,1
-0.326023532,6.49396168,-0.135304523,1.783257060339677,0,1
1.2012139221639448,5.062983124523991,0.6548914719592265,2.702517075123267,0,1
-0.408075373,6.380147352673225,-0.950672623,0.7687957248938054,0,0
-2.038124535,7.175420852315732,0.350647054,0.22120436257073545,1,1
-1.008086311,6.383237150242777,0.8649917490274792,2.522825218399922,0,1
-1.870791921,5.546236868587289,-0.526144277,0.712486735,0,1
-0.351513484,3.0035754829771895,0.3872696814552963,0.3639137849322795,1,1
0.018418379,4.994427778666197,0.9502038022004007,0.31968861520836245,0,0
1.6764373122752827,3.9338191959683337,0.9245561203049264,0.756408804,1,1
0.32692737376416264,4.3118720865915465,-0.530141614,1.7963028267371803,0,0
-0.219100529,4.250931698499498,-0.799337894,0.8875874233438363,0,1
0.8294055811834892,3.0401488504355108,-0.703434924,0.041756588,0,1
-2.211135309,1.0853228217320203,0.4040713369642843,0.20386265892635197,1,1
0.23561455810856594,3.6637139033444663,0.4515177509065511,0.6863987182695055,0,1
0.7708651938869668,5.386758903848318,0.348473123,2.1558817374519332,1,1
-1.478586246,2.3036459091450197,-0.327843225,0.20742391381907802,0,0
1.143754043206929,5.031364472943249,-0.66044612,1.6449490326882261,0,1
0.3384964074944141,8.800536849,0.16152218390450623,0.25540737534749475,1,1
-0.415287914,7.0461131105044785,-0.032639108,0.47553828994994835,0,1
0.6327818661062848,8.287083018,0.45766829424460687,0.37793968161396646,1,1
2.270692857804396,5.782255753865453,-0.117279843,0.1391903247356994,0,1
0.18186625505849516,7.335019645972892,-0.322720611,2.225401030996214,1,1
0.24822058630033608,3.552070539064425,-0.413042845,1.2450179037395575,0,1
-0.4593609,3.7113194659560316,-0.57705936,3.5563456647881333,0,1
-0.849844369,-0.478280412,-0.468507248,0.2082577488394635,1,0
0.8303358165442456,7.372290948084598,-0.810339122,0.3126830003005363,0,0
-0.856083826,8.080647959639773,-0.306285978,0.7318861826752082,0,1
0.071566237,3.8936455093054603,-0.926860375,2.9037232443357426,0,1
-0.477657447,4.492096587,-0.627172306,0.7298717235573718,0,1
0.47897982574639186,3.4922757726180773,0.4935408892388582,1.0499123410323026,1,1
0.3336621052869483,5.765307102954983,-0.349062023,0.717936762,0,0
1.0375399442578992,7.249865090606482,0.33647403395468767,0.16725086819578291,0,1
-0.510016399,1.514456052237918,0.4337683511945547,5.608030746308446,0,0
-0.269874935,5.818877061284504,0.16237068546422706,1.5905325420618721,1,1
-0.978763716,4.446656456561709,0.9173954827307969,3.100764931062489,0,1
-0.44429326,5.226788783933379,-0.957120267,2.147978433197859,0,1
0.3773004930448522,5.917988003348582,0.4773053011762842,1.4441399998982651,0,0
0.7569886166453519,4.623595122454358,0.917573288,0.1879143556994627,0,1
-0.922165324,4.792826293188439,0.7245434587058786,2.0585468076150857,1,1
0.8696059201056602,4.572249664890722,-0.664214616,0.3377140775041301,0,1
1.355637858804951,6.940632403576563,-0.346359387,1.0701791517893857,0,1
0.41343490322370086,5.837519920254993,-0.65509632,1.983716463674272,0,1
1.876795812558066,5.441167075474722,0.2026167276294082,3.048622458390135,1,1
-0.773789199,2.4580965578154346,0.4243759639589846,2.310652130778819,0,0
-1.244654703,4.242840513573691,-0.365852461,2.2266410268081103,0,0
-1.778720249,6.797338320678349,0.079013148,0.3227855022793804,0,0
1.496044311489183,5.075393146247846,0.38184114,0.8496889825885992,1,1
0.6543656563540577,6.319062939178277,-0.157320367,0.087720445,0,0
-0.055584671,8.533023600655268,0.7080310609109186,2.542198360289402,0,1
0.2799686263198203,7.077212138417633,0.5430998705756342,6.097674682420557,0,1
-1.125489047,5.1863166753994845,-0.870668912,0.6133503163174743,0,0
2.4457519796168263,3.9780216596085456,0.24225059818165806,0.18356557689825695,1,1
0.1292211819752275,-0.107099192,-0.529348898,1.2908869336945643,0,0
0.10939479460489289,4.663230155054295,0.11503652933455055,3.8856050891136777,1,1
0.725766624,4.347975008366301,0.9137768852659325,1.6058088967723632,0,1
0.4810092317367132,5.780732388790751,0.7581240091045003,0.095813125,0,0
0.22388402427913137,4.692189546050625,-0.190967194,7.320369469815563,0,1
-0.790474455,4.359229881126411,-0.416972283,3.5280930104053185,1,1
0.4714683571359957,1.4412021389855587,-0.531188511,0.2821920409419722,0,1
1.8820244964750337,3.120064341699867,0.06502974,5.0969138852579166,1,1
1.3454200461549777,5.953302081601115,-0.771503093,1.1981784365608938,0,1
1.593186626639397,8.431815262265388,0.098550016,0.9301053806298338,0,1
-0.511215676,4.804949232508753,-0.997332721,1.2362773128650768,1,1
-0.98960482,5.655622147148247,-0.352300739,3.5984379268600306,1,0
-0.12578692,6.904956313905611,-0.560131372,2.1545609463926683,0,1
0.055724912288694604,3.3782121275995003,0.9424375799215641,0.12215240887846276,0,1
1.0941915184709485,5.733628086570884,0.45448463913995796,6.321420028842259,0,1
-1.69246463,3.519019787335683,-0.300693239,0.3198308395642157,0,0
1.5295503194606137,6.729648876982022,-0.814309827,2.7374429591348224,0,1
-0.158007899,5.302806095903465,0.033601189,2.0219531306012177,0,1
-0.42688107,5.596903627962879,-0.573104237,0.4153477718474115,0,1
-1.012104375,3.434802805162822,0.072859092,0.3744239736256103,0,1
-1.654856672,6.414064719,0.670724708,4.085487921046416,1,0
0.8231705839619146,9.169425842462033,0.2315851042027708,1.0884026395235935,0,1
0.073317967,2.9841766091435877,0.2675768390900044,2.125968239119162,0,0
-1.2899609,4.320481984704952,0.082060578,1.4026450308828209,1,0
-1.295078772,5.463214948336184,0.8545312652628183,2.5991585145866773,0,0
-0.335784699,6.572812423991633,0.8638053688412066,1.304941113362009,0,0
1.669021525289393,3.880907429421062,0.025446402147104363,0.6776136820968311,0,1
-0.259591351,-0.66606058,-0.388481026,0.9031752857727838,0,0
-1.503142953,7.718378988,-0.080825988,3.9190931298885188,1,1
-0.245743064,6.521012239168285,-0.626884176,1.2623540080553395,0,1
-0.27272357,1.5141049390266699,0.27268863063617865,0.48019627349295807,0,0
-2.696886643,3.7848624164408884,0.000184672,5.4546308208305625,0,1
-0.054294867,8.136364859054652,-0.793399044,3.185166079416665,1,1
-0.23093453,7.895592836915732,-0.604704438,0.11455103304082141,0,1
0.6962063648134184,6.877280045357889,-0.040736088,13.704569207010298,0,1
1.8489560949453452,4.647775132080275,0.7751779814377167,2.374406383421996,0,1
1.1265650295477574,5.165974838,0.13278144126219482,0.34934163466126267,0,0
-0.268888691,4.738148389747747,0.3630700004169416,0.5414340752816065,0,0
-1.106525909,7.256479566537675,-0.321942901,2.3582058213506465,0,1
2.5733598032498604,3.248315187,0.14282278608846855,3.026084419310919,0,1
0.059218434,3.388400690231591,-0.105240355,0.5463383074147705,0,1
0.013929291912946203,7.020549173672031,0.31825982524632135,0.5940346315222018,0,1
-0.024125087,4.911277088976877,-0.898848868,0.7337989156697902,0,0
0.19808476076785494,7.7569347109076165,-0.013399568,1.822697750159745,1,1
-0.144360412,3.6569755860389086,-0.40801475,0.37704028470848555,0,1
-0.573662007,4.890443279,-0.347629877,0.22017266035406202,0,1
-0.546858941,3.1551740303120934,0.9218348631161228,2.2717816939449436,0,0
-0.03275327,5.014725362847134,-0.634610375,3.0200716843532107,0,1
-0.543424771,2.042906126002402,-0.377509495,1.3900154382438354,0,0
-0.712845783,4.024733158090075,0.019785151461743533,0.9045874321204632,1,1
0.10643022769189683,2.1274922701437644,0.7260538962992473,1.1314181259183895,0,1
-0.254977217,6.387846466382516,-0.166659834,0.983379228,1,0
1.5039929885826886,6.433178679519303,0.4877305617763421,6.436997203935174,1,1
-2.650969808,1.539474539,0.7127481964296047,2.9228110098367357,0,0
1.0915068519224618,7.667771491001146,-0.379967288,0.4666080259831548,1,1
1.246085192497629,9.994830252839709,-0.214499633,0.9696308552508589,0,1
-2.073390232,5.092012773472682,-0.286887553,1.5705788491493968,0,1
-0.342687594,3.71777148,0.6657116172358422,1.898588108968931,0,1
-0.371440866,10.648661182006093,-0.911306276,1.262915037249754,0,1
-1.407511695,2.3620630033949785,-0.383157822,3.322795858189003,1,1
-0.777816688,5.0402129337381965,0.3588171151902597,2.9186423112461877,1,1
-1.110575845,5.359244545263847,0.13088699913068536,1.4070331896904114,1,1
1.7522704434236227,7.690295240904829,-0.127421281,3.8541879917650683,0,1
0.9356783931474612,5.719477950253577,0.079896454,2.7813240143684217,0,1
1.2715550949941588,4.002732208423097,-0.604830828,3.0154045559396887,0,1
0.7216720640432351,3.0976312592240878,-0.138566757,6.265432011400335,0,1
-1.129051771,4.316356359507729,0.003405968,0.6197652249772304,0,0
-0.524520266,2.9861452781097118,0.8023782439092033,0.6229884559858697,0,1
0.48937456122791806,5.0956506395693655,-0.478329674,4.395590082471148,0,1
-1.222127809,3.871607640279027,0.7356570043298651,2.9588060179440583,0,0
0.7129984301723881,2.0119244134204988,0.2884828016519638,5.222179352341762,0,1
-0.240325398,7.5102915767498075,-0.959318338,0.13042183631707885,0,1
-0.374820808,4.004654953141921,0.44926267379878726,1.9764172394371082,1,0
0.7109599682034915,2.463726390049375,-0.928896245,0.312438424,0,1
0.44426331148603976,4.663481731024917,0.9947622536276262,1.4019442244520368,0,0
-0.360966166,5.136743131935318,0.7452733753823957,0.3386059711096017,1,1
1.159329803364248,1.5070665488419328,-0.405312505,0.27411178473186654,1,1
-1.081063328,5.663295334251526,-0.48517754,0.024485971630183505,1,1
0.6159356069442637,2.905684862619471,-0.237117836,1.9897958412038441,0,0
0.5931012579683838,8.422057618381576,-0.287666069,0.8895222122636294,0,1
-0.309546439,6.047921024153469,-0.255324363,0.22228391401095896,1,0
0.326133022,4.2002000197813665,-0.363446908,0.7796888309403124,1,1
-1.251113576,3.509664459365299,0.2422668136966628,0.3701164155030194,0,1
0.924027019,4.790064584872752,-0.671472673,5.684129072134695,0,1
-0.184902136,6.225581483,0.6919625848920263,0.7713393315619109,0,0
-0.522723021,4.949011742829601,0.6248049680626306,0.8127916520516628,0,0
1.0490092258368893,4.565682385726287,-0.047033584,3.6633887571442902,0,1
-0.704343691,5.116740581635791,0.7054599305570952,2.0868609680212846,0,0
-1.408461296,3.7922821375260907,-0.50570986,2.4769325616401474,1,1
-1.556629174,4.313588146313925,-0.964869089,2.0212127347426105,0,0
0.6060099513456396,0.828415122,0.23841585005964605,5.844825485223453,1,1
-1.280429352,6.947452461704735,-0.084181186,0.4638662119416933,0,1
1.7547941819843647,5.597595560643524,0.1343290925917413,9.026867633979874,0,0
-2.081929408,3.453088312,0.7986788180368061,3.555194586546617,0,1
1.6964563682900382,8.797469962710478,0.9398511471318869,1.778190745956606,1,1
0.2110174672026184,5.174032960784773,0.26890627951120605,2.1716189376668815,0,0
-0.096713112,2.9277128560496064,0.5281111797048768,2.0929462003532526,0,1
-0.544919087,6.713474842940917,-0.832383133,0.12034142582304266,1,1
0.39913611435207086,5.7960964330185245,-0.67856883,0.49184327305263653,0,1
-0.037634702,5.789159970968439,0.46640960990595315,6.512682154775981,1,1
1.1033018820165215,4.148488790696819,-0.137269087,1.5287039739704578,1,1
0.11422764866203965,5.900991448,-0.108069459,0.9507676837742949,1,1
0.1503017614618776,4.476483419557811,-0.382784637,2.871292458499148,0,1
-0.363612212,6.111882903291685,0.21471276695548758,1.4868564702631302,0,0
-0.056945624,1.1901110919787223,-0.629669909,0.026500337,1,0
0.3078017688920592,4.132253074041622,0.2538325586277912,2.665413137250083,0,1
-1.710168393,8.444310195616389,-0.652402286,2.635160838788488,0,1
-1.348185422,3.465865089199399,-0.872347931,0.3610033366559441,1,1
0.743264094,3.7923234050136267,-0.339284623,6.277362646241782,0,1
0.17086543812794186,4.104077323,-0.537719316,0.5069687572336858,1,1
-0.183983336,2.5703877282227134,0.7779832771126647,1.2240539252448877,1,1
0.018433933,0.5834384475434957,-0.890093092,0.24373865922730845,1,1
0.34758170536167105,4.538827202952774,-0.646772615,1.8490607667733625,0,0
-0.53975968,5.271718848163314,0.097439211,0.9414513639092049,0,0
-0.778304725,4.894989862922696,-0.037865618,0.8713542455209706,0,1
0.19584525509768155,4.7102428761042265,-0.908295963,3.508660071466729,0,1
-0.978372778,5.0860817417007755,-0.985495144,0.019215439060227577,0,0
0.40825275571447184,7.045682943101529,0.9761358839222998,3.1984482117203132,0,1
-1.702583604,4.619107628141567,0.31766940071767635,1.694689029775383,0,1
1.0291556373256436,3.8518348458254605,-0.269187738,8.551519001386016,0,1
0.472597482,4.437749030223827,-0.059135505,1.7804820840072415,1,1
0.25602973431387566,6.158693519513552,-0.466899759,0.1139432642945575,0,1
0.9826909839455139,7.824053757086499,-0.310252433,0.10394563240721988,0,1
1.6654744444625766,3.743712521661643,0.29808893453642793,4.293779551270439,0,1
1.0143700650181304,5.197867574057767,0.7656235977347414,3.680397623324527,1,0
-1.840874231,5.676714883871919,-0.631739954,0.8489597229980251,0,0
-1.279576967,3.0148439865423544,0.6807230107706375,1.9248394222296377,0,0
-0.624818578,5.040834334425837,-0.756886741,1.3450872268528704,0,0
0.026091050210833786,2.068652285,-0.570015553,6.8324629672635515,0,1
0.51765902,1.4618993925212025,-0.925649424,5.989901193361616,1,1
-0.725743813,5.733492815784514,-0.718376276,8.250309750192688,1,1
0.18676676447707832,4.232250517338434,0.8346062909281011,4.026540418123481,0,1
-0.755382932,5.404560815242438,-0.081122507,4.805951309275368,1,1
-0.611517803,4.964210046,-0.844668276,0.48995737136457584,1,1
-1.406661097,3.0471999026724053,0.9194536760779226,3.5557934728061777,1,0
-0.923233246,4.909491396071327,0.7579846155173002,2.4678822248097894,0,1
-1.351684606,2.5337973899702897,0.5093650417362825,6.5821678350766595,0,0
-0.975873253,7.781944716002801,0.8669455838951157,1.693817738173818,0,0
1.0536417966078395,2.2880593102800724,-0.559741158,0.17802785251213715,0,1
-0.949398889,4.6084294580628375,0.6727385860201727,1.8196180232999353,0,0
2.632382064837391,2.915456823905503,0.37998239270861234,2.320428191685063,1,1
0.4933179008808892,6.140842346721591,0.7395184991353767,0.49774603858238536,1,1
0.1848361236948739,4.337137257436995,0.5938231314852596,1.002124823849291,1,0
-0.85835778,3.9626665607575795,-0.307009874,1.8251124977470314,0,0
0.7003098794089914,6.706403090103109,0.5487970740345112,0.9371476632002665,0,1
-0.575637826,5.058861183355105,-0.475087394,0.9398399606525325,0,1
0.12200981464536144,6.033288891871934,-0.342815674,0.2856324740733293,0,1
2.5600845382687947,3.037348127,-0.784188566,5.651868387580396,1,1
-0.0960599,2.190366112144986,0.8701532319609375,2.776547714020324,0,0
1.1492733262856758,5.214415924080267,-0.417993273,0.002488425,1,0
-0.703176425,4.362307289010538,0.04124493,2.9015657906694674,0,1
-0.03498849,6.2528693449078885,-0.217334327,2.692570937767797,0,1
1.770800636,4.8401830946749005,0.919856241,0.019557231,0,1
-0.626967058,5.410150678,-0.329901658,0.9228151154848467,0,1
1.8124485579969287,1.7532349401175131,0.557091643,1.8666077275258384,0,0
0.7077519354554754,8.776873879228514,0.7108323092623601,1.205701467464128,0,1
-0.562466776,4.671516029935936,-0.128787005,3.0100307415573324,0,1
0.632407739,6.395173940678398,-0.243656371,1.1083653125437896,1,1
0.9725544496267299,3.327816659560747,0.49549164186525596,0.334147916,1,1
0.6218099622171964,5.616019804434682,0.8257919606124682,7.494341663401358,1,1
-1.57022472,2.3943104729505094,0.5098634661444765,0.5542493112998778,1,0
-0.727137176,5.904135676519342,-0.545747269,2.5295154109739415,1,1
-0.247518636,4.288051831228334,0.7766154948754107,0.30899954205450436,0,0
-0.074433429,5.058381007871135,-0.224836665,0.7980098813457813,0,1
0.620672098,6.395948060260195,0.1524588235558686,1.1668915905975088,0,1
0.17770100093325383,2.5349193775594396,0.6628712385854221,0.4269607920153303,1,0
-1.335344359,3.631016538774406,-0.623210465,1.1955270118896222,0,0
0.3801978510059632,5.9146485621735305,0.5690202713551062,0.3419629734390165,0,0
0.6105857452838231,9.196442949093495,0.192325596,1.6374504625552508,1,1
0.5597904479310398,4.723835330677036,0.7866832836552164,2.179582135704183,0,1
1.0807807255546218,6.182272235847865,-0.656059196,0.12893685311493028,1,1
0.8339221545489041,4.7860570602830395,-0.158635526,4.097935187802781,1,1
0.4591800792284367,8.884491189512598,0.6656861857336749,0.4094800915328339,0,1
-0.070165711,1.5055566660694888,-0.961536593,0.5107200091673906,0,1
-1.660960934,5.189242089338716,-0.775597266,2.1655753622048333,1,1
0.42961821913258585,1.748911932875878,0.9811304255134694,1.2650491097146819,0,1
0.20768768716311115,-0.013143141,-0.439211643,1.383878217829133,1,1
0.27157883719537346,5.594924106235633,0.9510863874479067,0.2742872109211401,1,1
-1.276748576,5.278995592294918,-0.634936898,3.2770726066894245,0,1
-1.08105654,4.430326124515597,-0.277811114,1.9197238691389567,0,0
1.0531528533329035,4.787611819920493,0.5057388890071413,0.29093507636078464,0,1
-0.039555154,11.196598868142516,0.315556814,0.9368077934826585,0,1
0.6815006973726244,4.483649723937131,0.16224479985811113,3.325782156752985,0,1
0.028318376130461172,6.020248723,0.059798352,1.6803037887291603,1,1
0.029756139,3.701270360772238,0.6868808873294805,0.230033484,0,1
0.9382838059759977,5.590465150081206,-0.530102874,0.9329064254062739,1,1
-0.516044728,4.523532649888765,-0.115058146,0.5559768123177508,0,0
0.096120777,4.178963035,-0.689095416,1.4574059387201996,0,1
-0.462275289,8.637797064,0.19188319146140875,3.7076246140369693,0,1
-0.434496227,7.354369926368678,-0.498911151,1.146349565917462,1,0
-0.309172123,5.273493294798461,-0.332315871,1.135998770865044,0,1
0.22213377163371284,0.39157612811206643,-0.057498567,4.715157869348551,0,1
-0.478748622,4.277981553494861,-0.946458829,1.7169184260803152,1,1
1.2557561255735208,10.406055128810166,-0.816124128,1.670302270763614,0,1
-0.894607302,4.538676666720583,0.3718584414164392,0.607378728,0,1
-0.186871644,7.206435144107316,-0.142060039,1.8715728265354414,0,1
-0.439731058,7.883884803905202,0.7295804439997908,1.7156213685805206,1,1
1.4469778843537329,5.437927832,0.3893440072883989,1.0111835894903776,0,1
0.19655477651157463,3.316356736263695,-0.983798117,9.354528414828884,0,1
1.0318445394686349,0.12937533643422316,0.23342466153426966,4.2722941106037915,0,1
-1.485560373,6.368326417217909,-0.812550268,2.7692817783312793,1,1
0.26705026586925884,3.370487994352904,0.5618663595809885,1.5415498297173218,0,1
0.889630796,5.352300903775384,0.983015377,1.2400157618732124,0,1
0.082283989,2.5003593208212718,0.062397588483023014,0.40888255646756383,0,0
1.0654803750653512,4.469524919059595,0.3655590003882607,0.7298102209743157,0,1
-0.51728845,5.067438109802106,-0.525371678,2.9740936852824795,1,1
1.40934744,5.537187162088596,-0.124804512,1.2093532351714131,0,1
2.2988981236192503,2.7703556252951715,0.7121906644727674,4.278714611272281,1,1
-0.36283856,7.393821897522704,-0.665154105,0.3201289150555229,1,1
-0.445502521,3.8062104305360576,-0.468928789,1.4199645823204978,1,1
1.453384477117701,1.6510610790935094,-0.109132649,2.0823800287388705,0,1
1.5795721457307124,4.781953160073073,0.42449778368802793,1.454849839,1,1
-0.522860027,5.0687506180529205,-0.24823209,4.400542476,0,1
-0.420186817,5.321178866343519,0.8554645595660078,9.124850194793176,1,1
-0.281784609,7.724264807370158,-0.811085897,0.24622239151712016,0,1
-1.344450511,4.527102326528281,-0.258391605,0.27842046856503955,1,1
-0.918651946,4.760760751262457,0.4179082468568438,0.27926936213472336,0,1
-1.004140767,2.793631237533813,-0.548026469,2.286238980902828,1,1
-0.767797565,6.641107005775794,0.3128262684593459,0.9325845552649861,1,1
-0.034684887,5.368618128156207,-0.671566084,2.643371644361541,1,1
0.23421473253652075,4.159944545411675,-0.88803943,1.0399731579024136,1,1
1.5505004928140769,1.1906506130690726,-0.757968567,1.975609564863713,0,0
-0.998354041,7.888824390110175,0.8599695662682694,2.938117587875609,0,1
0.9843223984765838,2.5446400710878856,0.10350176587910265,1.5891017834293728,1,1
-0.213988844,3.8174439812605887,0.592691551,1.5509004403368658,0,0
-0.04946371,5.716689022152006,-0.334690998,0.18474451508326079,0,1
0.6748194921666038,2.606884142766627,0.1853172957708933,1.057917217274385,0,1
-1.122722022,2.012980443493713,-0.010095733,1.5783346988834788,0,1
0.3824097461840506,0.7521048345986703,0.891475919,1.239722158860366,0,1
0.1664522082130561,6.441993905811271,0.4951492721082207,4.6208716628757305,0,1
0.4924512640081491,3.909627510547356,0.4610852629931581,4.740243025233294,0,1
0.2891686439078181,10.85454018494666,-0.907293461,3.451015364760953,0,1
2.4553001399108942,3.0112898687382534,0.099339338,0.9409613272110549,0,1
-0.637739984,3.1570979531421575,-0.066017092,2.5267320270710716,0,0
-0.530996955,3.869214059429197,0.855684533,1.006007459621259,0,1
-0.623140526,5.486269310276978,-0.485316024,0.52947752,0,1
-0.555477119,4.059593322429377,-0.460333093,0.839846176,1,0
-0.637387127,6.224664428005024,-0.177307502,0.14721694246516068,0,0
1.1890165311075518,3.042823220022691,-0.513260573,0.8062681810975664,1,1
1.4205042479898549,2.236816563072838,-0.741632164,1.2351231225850687,1,1
-0.570746294,1.403570521181785,0.7148296933016016,6.223673702356321,0,0
-0.832355573,0.5528516641256065,0.11655304880783168,0.7520376327980597,0,0
0.4714155563864041,3.9638619610498864,0.7227254379131336,4.654852987018756,0,1
-0.552223044,4.398039375213556,0.6622695308073918,0.5197662073296363,0,0
0.6329318177555108,3.7371259450336334,-0.43591529,0.42383583474247355,0,0
0.2029230208512997,7.486811594374323,0.095474889,1.4637571256680293,0,1
-1.515744115,7.456060419,-0.833564595,2.232603879842702,0,1
1.5475052013300616,4.330394025110996,0.8305037680615168,0.090689938,0,0
1.7958776730955217,1.412157773616074,-0.19147457,0.4996575749053033,1,1
-0.61278869,3.8665897838898946,-0.212647632,1.2164494114542814,0,1
-0.38770156,3.800357212165877,-0.394489259,0.8039554003303371,1,1
0.28586539072490497,3.685730075443884,-0.078672511,2.4939073060216197,0,1
0.33445679,3.6045621922035105,-0.496481227,1.4314425214208621,0,0
0.6585442726728304,3.6930742085503856,-0.250295454,0.3495619704462337,0,1
2.0102045387663496,4.226916768204481,0.5998940971697637,4.497432443494649,1,1
-0.176947227,3.728917802368887,0.6685110071703437,0.6931824136533354,0,0
-0.798297245,5.416645017251184,-0.391635045,2.6270628242302245,0,1
-1.379319228,5.720737431809722,-0.061971139,3.027489967278759,1,1
-0.73093004,3.1787098256350204,0.7476395525601045,6.602217288712327,0,1
-0.033126973,7.542130652014067,-0.894653336,1.380333120148067,0,1
1.7945578635177877,3.039875396318772,0.7782899239915708,1.9133689459265892,1,1
-0.517611299,1.7643987723693257,-0.561631309,0.8155644615679041,1,1
0.2237879516388985,5.761556142730104,0.3570784884287517,2.2675214007074502,0,1
-0.016422896,3.3651837311713204,0.1651033927692005,1.2449431319269213,0,0
1.188393273448084,5.642582941514776,0.10588149637850419,1.1512701044336595,1,1
2.5269324258736217,0.19266279779893924,0.7187204495056427,3.8685021693486794,1,1
-0.530868773,7.784911882966135,-0.796855713,0.10294208036403601,0,1
-0.489439443,6.344586816080804,-0.305943949,4.273504593986205,1,1
1.044160877069072,1.9990469016739967,0.076505493,3.822029987614186,0,1
0.6818914896263114,2.0424457523074286,0.6225777078920796,1.4119228814825846,0,0
1.8467073257360336,8.344531808195056,-0.567113833,1.3474847714659568,0,1
0.5839281853259639,3.525240193004083,0.6058596827485525,0.8982302204609537,0,1
-0.359292091,3.3316303025347525,-0.200723035,10.290777728860492,0,1
0.5906548306923093,0.46789581170143446,-0.622172287,0.2356970742992616,0,0
1.1087035805829077,4.298443588796892,0.5179728808869652,1.784246444147895,0,1
0.820482181,4.544560770328494,-0.818202197,2.2894062164054185,0,0
0.5072740311072977,6.4309861935389705,0.029534748,5.4462264078080915,0,1
1.066674689589154,2.201843143631049,-0.872248432,3.030106292811201,1,1
1.1692955904456728,1.9594264155187808,-0.28716429,2.0647908692538683,1,1
1.3821589910375272,5.901925269552954,0.20215359801278532,0.2484350984448953,0,1
0.6487098875896427,7.013460142,0.11223108297442619,0.9359586130012886,1,1
-0.16711808,1.8576952977642338,-0.190689164,0.29895373751523674,0,0
0.14671368643332283,7.163028172599482,-0.141904012,4.260842106865897,0,1
1.2065089665083568,5.075083682973643,-0.546460893,2.769560260801358,1,1
-0.816935671,7.183610678149291,-0.088234823,2.8338105564896576,0,1
0.3686733088729012,4.859559276964767,0.9065097114416685,2.112580382106272,0,0
-0.393338812,-0.044555835,0.7009058355675808,1.4146688381109467,0,0
0.028744822934817487,4.696065235367922,-0.709534262,0.32496976477476214,0,0
1.2784518626072987,7.120287637,-0.940438425,0.8000445545590062,0,1
0.19109906801990334,3.2125079618325714,0.8670486254332612,0.2944860346268792,1,0
0.046436548,4.2240700621850955,0.0534995,2.581336774021078,0,1
-1.359856141,4.647732992898043,0.075675646,0.3492515532931576,1,1
0.7462535660272207,-0.79902776,0.5614359914130447,2.422085811871648,1,1
0.6454841811410754,8.342695150874953,-0.370622052,2.3569700539478955,0,1
2.163254723,3.1972486402056512,-0.036184862,1.2297979326373674,0,1
-0.307778235,6.011470864945598,0.9373258262934752,0.2905802940302179,0,1
0.21915032766393897,4.826597727703582,0.3442973738648143,0.7560914364319298,0,1
0.24938368371075526,7.515238113,-0.692509936,0.7715988305963771,0,1
1.5774532797634744,5.812112244856162,-0.733546504,2.4105148124361255,1,1
-0.095295532,4.530151456958051,-0.591470483,0.2414966492475446,1,1
0.27902152577033923,3.212969815,0.533423349,3.532986485876418,0,1
0.6078965097165392,6.595701402764278,-0.409245992,2.8626444607715626,0,1
0.1866091231563581,1.2531173920907666,-0.957222307,0.4123440668694446,0,0
-0.446433615,6.291780840551785,0.8883487270113237,2.5399715387158355,0,1
0.19408999289830758,2.8019104968902546,-0.660573167,2.2083344664946223,1,0
1.073631749859772,7.504567324,-0.980883628,2.757611343845289,1,1
-1.026515299,5.322599085325391,-0.525736795,0.41879826871110987,0,1
0.132969674,6.288247535700218,-0.529942426,0.3429776596202311,0,1
-0.700120815,5.163977627649439,-0.155989498,0.5396423599650295,0,1
1.1950466289248425,1.4952458097180066,0.8407796630000737,0.9110079681067367,0,1
-1.523186905,3.278541673209323,0.7583698355581958,3.156508251088198,0,1
-0.558921847,6.344778675222765,-0.08621089,2.6782410047761083,0,1
0.37721187506452086,5.333311634719688,-0.17820019,5.192613193062236,0,1
1.5655240292343404,7.361979810611344,0.11001817294970251,0.12083709918610591,0,1
-0.065750261,5.806549126074343,-0.513091976,0.023247148,0,1
-0.555199527,3.0665962185946807,-0.895630016,2.402212697747163,0,1
1.8811570694405901,3.407871724558732,0.8784482723424134,0.6550299342356852,0,0
-1.4480139,5.205834781046474,-0.62660203,0.8131681544427709,0,0
-2.198805957,0.37191186799978926,-0.603198542,1.582852440164252,0,0
0.4400144500533324,8.346883771,-0.055079342,0.21609072911977015,0,1
-0.502054224,5.883493472755115,-0.01677331,2.058327774570393,1,1
-1.021232817,7.454069194097745,-0.963131581,0.7865221016636268,0,1
0.7083564472993533,1.838792118381662,-0.704090522,2.003235007948134,0,1
0.24380071377119883,7.489130320710512,-0.243690363,3.5916182730263366,1,1
-0.564078631,9.462997822055497,0.3674613870210781,0.3753388624440851,0,0
-1.280304399,2.358243289245365,-0.543163086,5.343622461160347,1,1
0.8724573282801447,6.542803589807534,-0.153971108,1.512975574167389,0,1
0.650201178,5.002219889374587,0.11469012943293366,5.126024364518368,0,1
-0.099175864,1.9111323035035115,0.7771849892465841,0.4657062798557225,0,0
1.8466369960476658,5.985767943703739,-0.347858995,1.8555258966673271,0,1
-1.070084766,6.667206409674697,-0.732883468,1.0346504587740804,0,1
-1.525525171,3.797746894662306,-0.021455548,2.97640782,0,0
-0.69190807,7.331833040510446,0.4934432033681242,1.8623465755799726,1,1
-0.045586016,1.6664731864216047,-0.780280486,1.3644756371051066,0,1
0.24333944932269183,2.0104877071007117,-0.150633017,4.8833588644447685,0,1
-0.241236058,5.273194791177505,-0.964429717,0.9467933636364604,0,1
0.3520553965142968,5.050770555944544,-0.932881637,0.4968719625697188,1,1
-1.251539424,3.566853023,-0.034093274,1.8735032044752198,1,1
1.4437646040732595,6.619188871943772,-0.403605404,1.9564835384623083,1,1
-0.082151178,6.0617886284318985,0.6902145980108243,1.1564061071773102,0,1
1.1172958315881276,6.716278141868032,0.20430861225290853,1.3334391476489256,0,1
0.34272534637770413,4.753727129295465,-0.092134077,6.415546093897423,0,1
0.4567532191537839,6.205160535956682,-0.184129258,2.638660254284017,0,0
0.5697672802322039,4.108699393940011,-0.00550904,0.23442034038607992,1,1
0.44770856001731496,9.107637380173191,-0.919122338,0.47684453461104814,1,1
0.6427227598675439,3.3749084597560284,0.7855867128413199,7.424429999588405,0,0
1.3291525301324314,9.210594858916625,0.9966063114679167,2.5926554382806306,0,1
0.19652116970147013,5.069775894178817,-0.63702575,4.931270118572706,0,1
0.7090037575885123,2.2489782208625146,-0.75923407,0.7244131849230547,0,1
-0.089735694,7.736158700977202,-0.712845073,2.708559561981116,0,1
1.4401172154494728,5.251802776789918,0.3220541164687343,2.5035458771381136,0,1
-0.676392302,6.7022481967604755,0.32288167690154945,0.6982356717208159,1,1
1.8009404329108156,7.447711837085187,0.6958483245568219,1.600646800336204,0,1
-0.040157951,5.675911108290051,0.5036527768525065,1.9745807558361257,1,1
-1.430775102,3.8155183103743706,-0.100620653,1.312210797676227,0,0
0.12810441491078928,6.951426755338501,0.22571072313063767,3.51099441,0,1
-0.681051657,5.001511014909191,0.3765693407360158,3.5779551860483516,0,0
0.8406435489887241,6.3717156372168375,0.025472940570450353,3.802263352627923,0,1
-0.652623979,0.6925388524170772,-0.048698031,3.2534079239323317,0,1
-0.446183433,5.893963434019704,0.2901948912853065,1.3391874172719929,0,1
-1.889540731,3.72282835,0.11494909795130748,0.9607166633097156,0,0
-0.452306319,8.306619274357061,0.2878846106718207,3.5601711546372043,1,1
-2.423879327,6.2461746957781905,0.2257095479267277,1.347479296160877,0,0
-1.583902823,5.4797154916985935,0.4383931210273093,0.5657112069036668,1,1
0.7604146561442974,5.972619986700443,0.28560701756575213,1.4158863359152634,0,1
0.7858001586508322,3.0031182942465637,0.039484973,0.3059523241649189,0,0
0.42545756178496474,8.246513381056108,0.36359362256877303,2.3529065327500027,0,1
-0.966976143,8.982740836833809,-0.10103607,0.8187091695223674,1,1
-0.047711356,5.785827021096432,-0.516657548,0.6039915149604514,0,1
-0.003602539,8.180807137147276,-0.99716356,6.270390847942097,0,1
-1.158364689,3.8617036026549325,0.11992829429168639,3.0000999971104036,0,0
1.5033983017671506,3.4057728675500387,0.181310453,3.093578940779253,0,1
0.8773622905756714,5.081849497457846,0.9440979295514287,1.9548539308787916,1,1
-0.220964174,5.869882076735797,-0.277043332,3.6548496953297414,0,1
0.026885839,4.212026637513759,-0.211733514,2.8472655371245614,0,1
0.20838280794755248,6.075536380736968,-0.596400837,1.826459364010719,1,1
-2.041734868,5.612778964146828,-0.85893141,6.494777044300216,0,0
-0.247177383,3.0033864494178903,0.5456089857234812,0.4253840923486831,0,1
-0.681984248,6.037586034903443,-0.500637871,5.742776072614723,0,1
-1.00162001,6.727056485043042,0.21780972206007587,1.0264508753641974,1,1
-0.281100293,5.342938635180782,0.37554607109096305,1.5032439093680472,1,0
1.7976865268495226,7.305296206523385,-0.057526625,0.26190217932961785,0,1
0.6408428612670098,2.565192413006096,0.7527042260543833,1.5535247593050212,1,1
-0.57117899,5.935900844263704,-0.112410318,1.8894151448741139,0,1
0.5725827813561586,2.6594385872064503,-0.430182754,12.151033464730512,0,1
1.3993554365860021,2.771837283533825,0.7920310459232447,7.393211334881711,0,1
0.9246336829127688,3.7381383325244197,0.7231285684999129,6.786297232562711,0,0
0.05963037,3.1158796328515104,-0.671920106,0.8566121569070488,0,1
-0.646936778,3.9040083625177244,-0.948077963,9.481177858802532,1,1
0.6982233136135899,4.571699378577622,-0.820028887,1.215694423570639,0,0
0.3934853854217496,6.674308972662769,-0.426905203,3.8188745141320255,1,1
0.8951932200277323,4.357681922588595,0.9445196034834213,0.48750893137116347,0,1
0.6351718016819695,1.8287485864608146,0.11703230632165007,1.4097642515936684,0,0
1.0495527153193351,7.280135692990321,-0.253476536,6.763501172251141,0,1
-0.535235212,3.325819732769921,0.7774321892254927,5.876111871493565,0,1
1.3173940656343257,4.882559145790743,-0.093727337,2.3023488458363244,1,1
0.19759960469239965,5.893073013881423,-0.369522743,3.197137617000659,0,1
2.0752608726252655,5.399220836805566,0.8824390574913148,0.3882054377567858,1,1
-0.689187818,7.1883590950429515,0.699035332,2.5578133593893306,1,1
1.7359638031652493,5.958006286785518,0.6873367508388819,1.9249353706703989,0,1
0.1979107834626478,3.277380840605784,0.024569486100426197,0.1920346782178166,0,0
-0.651418004,9.357124347983323,0.5788767976309099,0.2401791521803046,0,1
-0.483885834,5.388666926676467,-0.641293281,0.22957319885785749,0,0
-0.320347308,4.7053195467569875,0.14644591511248728,2.577296984722714,0,1
0.4241659464019164,6.927850846111141,0.9676918456950914,0.3056386188995019,0,1
0.5228354880354996,5.498901891860145,-0.418083139,1.2612173328867347,0,0
-0.573700004,5.798456385878654,0.5887046584953504,0.8831645189296587,1,1
-0.024354592,9.984367997201375,-0.019043186,1.5992572741199684,0,1
2.1422703586118637,4.449757143489907,-0.920388634,2.4515950624683587,0,0
1.7275431701007113,4.364478211965208,0.5260387956313348,2.308604387290633,0,0
0.4363236696740321,5.233157024024927,-0.662861711,1.4493579092292403,1,1
0.038003478,7.143031871162077,0.2629471342655003,1.2484921547125871,0,1
0.1200313267182613,1.9869319396192018,-0.828671612,1.0143831203698208,0,1
0.6135179727304166,1.0688882170469896,0.8937347949919296,3.959698516,1,1
-1.022792565,3.825769458759705,-0.416552226,0.803499452,1,1
-0.257376537,1.7321540818814256,-0.547070617,0.6004969227501872,1,1
-1.668584074,4.150337304948723,-0.741727192,2.7198150999573834,0,1
0.39922312260527926,6.004999392258581,0.8920043866780956,0.89183516,1,1
0.64719594,3.218502272895473,0.42380748488261033,3.754616411436604,0,1
-0.483186462,2.146346846437315,0.4833217774361773,0.7946627098050952,1,1
1.5739867632900328,5.1386743234306955,-0.001190877,2.4209533143621225,0,0
-1.225765663,6.7250869692303406,-0.050544429,0.092316175,1,1
-1.46437488,1.6100531229667747,-0.779957514,0.9740973649731355,1,1
0.22445181855997204,6.640464796611968,0.11968219116798351,0.8408433285962656,0,1
1.0470983026121545,6.634612407476652,-0.50616701,3.393030284375843,1,1
1.6839276914578687,6.908170204313256,0.9542906656008117,6.8258560282600405,0,1
-0.458884263,7.4369604297433725,0.5931618800302947,1.235638932904678,0,0
1.0786808334312956,9.404027849319231,-0.17401588,3.4840683665998218,0,1
-0.03850847,4.287815902761889,-0.697317483,2.4059113166378365,1,1
-0.1726273,5.219143160155716,0.570663382,6.846026513382488,0,1
0.8836599374866724,4.167123133503949,-0.755892466,3.333165157543472,0,1
0.6523228784134196,5.003953689511621,-0.621332493,0.1612882532340668,0,1
-1.576392157,8.065746711272624,-0.576958965,2.4985103128122472,1,1
1.4765403497258958,2.3099710321386624,0.11378127654618875,1.5335862161495375,1,1
1.3800913541474515,3.277900655668849,0.5741133079807326,0.033145257,0,1
-0.625562702,7.754361873009122,-0.371370243,0.5788684363938713,0,1
0.39580353343740904,7.040073014,-0.830660371,5.095826961812198,0,1
0.4940301862827388,4.273736706365844,-0.070923073,5.209039783744079,0,1
0.2606737658239071,6.708804002,0.49622048231987104,3.207413336874006,0,1
-0.550305154,5.682431684984066,-0.556672314,8.010427226804323,0,1
-0.671623368,8.000549218001975,-0.560150904,3.285423025633957,1,1
-0.025554071,5.149019187653545,0.8944540546934217,0.020513213817977813,0,1
1.1727290192593647,7.051264227745165,0.9083074542383558,0.6788894530346707,0,0
0.5436001545944323,10.28402382098524,0.9809314641231528,0.062205803,0,1
-0.370614332,6.196198310094933,0.6153192031495602,0.19767030166513794,0,1
0.7716987106483447,5.098656331589687,-0.623631662,0.4939526607711477,0,1
-2.848542621,6.444893970441958,-0.576036958,1.4005794410547616,0,1
1.1487657003721035,4.269438284,-0.319549517,3.761601127450865,1,1
-1.739713779,9.775935411049463,-0.363734937,3.960521450847589,0,1
-0.362440941,5.360142075391963,0.9130554981560182,1.9152770758707307,0,0
-1.119669895,4.454133359548974,0.5781479657633872,5.2670714971336405,1,0
-1.294681476,3.3286219899599274,0.4480175843231078,1.3865436830204299,1,1
1.1608267873785194,7.194440383212877,-0.628073552,4.397099704648234,1,1
-0.467701201,6.734374825655477,0.8190511187246592,1.210511654943132,1,1
0.3465038817307158,4.005291257171813,0.6557407590123476,0.6493146376905385,1,1
-0.046920579,6.152902690244845,-0.672716317,4.963732587127474,0,1
0.47704082722312147,1.9828880635742872,0.742340664,0.9818338332088705,1,0
0.076821891,5.369941150146312,-0.455504927,1.3999573597881911,0,1
-1.282992224,5.905512704153389,-0.838260508,0.7975569248616408,0,0
0.996266819,8.414659619118446,0.31364461302842006,2.174381132916707,0,1
-0.493756583,3.458362394542621,0.30760931876866127,10.609163898684857,0,1
-1.556581899,2.4432947423953513,-0.810135981,0.051689327065365664,0,0
-0.428115161,3.2091440781499165,-0.362296382,4.602132614009246,0,1
1.5007597906343109,2.326862999,0.9856289245110772,0.007867568,0,0
0.8502217421134929,7.673314715517966,0.35685333401747377,0.9058301670742602,1,1
-0.348652134,8.097278590048074,0.4601503332066583,0.36930487747460056,1,1
-0.349257704,5.640433155897658,-0.574165429,2.832202661046539,0,1
-0.321635051,7.442589891370297,-0.842435858,0.10387298293031641,1,1
2.076747983560841,5.267916761,-0.446196621,1.6125643613080698,0,1
0.38193545223155334,4.809776704598468,-0.50220323,0.6989054139417056,1,1
0.43004164719106963,4.333924761892477,-0.530911799,0.28697933582615054,0,0
1.0302834540318422,4.379218017244869,-0.614491356,2.9552253047508468,0,1
0.23878915902651351,1.9043968873819375,0.14951138131080866,0.4903101602269257,0,0
-0.259042146,5.528509527214678,-0.343793048,0.50636861,0,0
-0.196349849,4.919332179571913,0.6406900300950609,0.6433790805428905,0,1
-0.071601259,6.490721448155751,-0.632105164,1.767486217861733,0,1
-0.037222237,5.187046992877219,-0.070745858,2.155655179822535,0,0
0.7276295436369798,4.6745925968618165,-0.972684327,0.035518581013588416,0,1
0.051945886,3.2576139399847386,-0.036635355,0.553799848,0,1
0.7326400772155792,5.144306473643523,-0.888323558,1.1276472055369968,1,1
-0.08071658,6.476474461632324,0.9554470237452872,0.8068652065761052,0,0
0.07863519,2.7133220178322786,0.5811842573008257,4.311274730407422,0,1
-1.998200685,5.174947507361479,-0.019777047,3.099592073,0,1
0.9163276747024814,5.466085903058968,-0.826825284,1.9664119666048032,1,1
0.3464884758979927,3.5638704327634714,0.18489088158082856,0.8251075952018811,0,1
0.9980101098596522,3.8242873901839998,0.517527501,2.412432937894422,1,1
-2.896255378,5.461221697532429,-0.618565494,3.7111630585964943,0,1
2.0883747047807275,2.733157963414754,0.13641668157498166,1.8068989564418745,0,1
-0.139589628,5.699847430498785,0.628421797,3.0692311550064217,0,1
1.1081828167375165,3.209291253,0.5364955552926327,2.7654412004327757,0,1
-1.039905927,7.125707386066432,0.6059840357343058,1.6960370254042714,0,1
0.6127739050625697,9.675655490776599,0.7586468497394396,0.7484655600670203,0,1
-1.053415563,3.2784863965963607,0.8753642043189405,2.739127467734424,0,1
-0.623768961,6.068415724749349,-0.18895769,0.4633506027111397,1,1
1.9140313538667861,3.5465161902359617,0.13753820504575454,3.023609470045077,0,1
-0.190682401,7.081908347595579,0.5813190520912217,3.2648675251417503,0,1
0.21743287317972287,2.469483182,0.39427962789156634,3.453571980563393,0,0
0.8700677306887542,5.961173516855426,0.9910404565287576,1.2807905905850385,0,0
0.49568188797260465,3.2540220662212946,-0.972644698,0.4275768143327439,0,1
0.15041890514357642,4.586030821803263,-0.289733569,0.21010690353813313,1,1
0.3649610024662254,2.937949449705386,-0.437944147,2.720171653705939,1,1
2.403415585238275,6.644700941791507,-0.4753683,4.34770462,0,1
-0.057618797,3.326039291120826,-0.554940435,2.104440617615723,1,1
0.2010990467149675,6.103928518663655,0.4182476816304581,0.31134381351909834,0,0
1.050654396007612,4.311803943475335,-0.830481053,5.463552353988215,0,1
1.1055259329579838,4.771055256402274,0.48321766788667664,9.038354653898887,0,1
1.1870303055603801,5.295511814800257,0.3868516840325469,1.136127881366523,0,1
0.6387302220291846,3.4763506566823024,-0.498391735,1.8068738407718758,0,1
-1.143004913,5.420734227081774,-0.494332434,3.0032175726227934,0,1
1.633431532301096,8.060669128708822,0.25772117068900435,2.6665674887300983,0,1
-1.146345393,3.4438104283345714,0.5243422109673557,6.870782278955529,1,1
0.30263546523903323,7.343620287,0.752971226,0.2440710844455247,0,1
-0.75427585,7.996195266975569,0.7042791277089515,1.7384558610115795,1,1
-0.064138347,3.367690021943912,0.9297659883277063,2.354865714790653,0,0
0.3287624103034804,2.089890789818896,0.16276979067302233,4.416340158,0,1
0.32135721545027307,5.6039218,0.8173111226807193,4.144687624017616,1,1
0.42192075423528475,3.905184954466254,0.6170265465208216,7.633406884180236,0,1
1.613711269058647,8.737206438326005,0.7893352486280272,1.4352013046380139,0,1
0.45353430151397983,5.0696150809996645,-0.976746797,3.552885149884346,0,1
-0.244156635,3.3956011839296414,0.9318059837316219,1.1147226407621367,0,1
0.9640871682883573,2.705680977976577,-0.052939674,1.0974491981669714,0,1
1.1894704889246406,7.179809918181661,0.5963659791496858,0.584313108,0,1
-1.227607815,3.8576320518316267,-0.745591761,3.410106434780268,1,1
0.59740007,5.087657598920856,-0.208117808,8.511155341,0,1
0.7011727423108983,6.911605490224962,-0.457078674,0.5923473239198996,0,1
-0.297563503,4.031483296138339,-0.416682459,0.11553703328602893,0,1
1.3757068133116195,4.908142342519679,-0.75348876,3.3806717101395574,0,1
-0.150055587,4.966863180354959,0.611527665,1.9363792219967726,0,0
0.12557645347154225,6.366649023032184,-0.981515371,6.422748094940075,0,1
-0.173071824,6.181488671020651,-0.374989086,0.5813443275169983,0,1
0.015579047581467534,4.559772537490343,-0.651178914,0.14735262482099637,1,1
-1.096275087,5.127298122993035,0.178077881,1.3562896056921603,0,0
-1.440050883,4.256441976953023,-0.491495195,0.17868131633483944,1,1
1.5945050632249722,2.0447751861611105,-0.482003091,0.6070538870147542,0,1
-0.846961348,5.515201714796259,-0.023323712,0.2692991455538117,0,1
-0.991392349,8.784383521666136,0.3053780786818514,0.5075462158420192,0,1
-2.153390114,3.232561718617874,-0.757390591,0.22442264190216885,1,1
-0.638961748,3.453940580794594,-0.648977095,6.154144953737821,0,1
-1.323089793,3.2585444567125172,-0.505650511,0.6530196509486172,1,1
1.642015160136369,6.449183557446245,0.9474964282359211,1.1736056076775971,1,1
1.0098170893426341,5.8969709083928805,-0.205695,4.577597281404589,1,1
-0.688150345,4.682924615167087,0.19798018126205297,2.262198160180648,0,1
2.2524358053443088,3.163961877,-0.516914375,1.9248655836863502,1,1
0.9817654869915943,5.184753583279848,-0.01908095,2.445381734403272,1,1
-0.324831384,1.8707557453283914,-0.851761651,3.5301056603654737,0,1
-2.499405715,5.286853133714986,-0.930515708,4.202053965830306,1,1
2.2909425725907417,6.743048772175868,-0.062532946,2.058021360722184,1,1
-1.389572467,2.4976017267326442,-0.202681425,4.414682097917971,0,1
-1.645398747,1.9349634463406726,-0.726239361,1.5331462734348176,0,0
1.0225704320096403,8.158875783,0.37520285784146745,0.6494968571834616,0,1
2.439752406339273,3.776480721,0.9858069817985289,4.241805962600484,0,1
1.3842728185105182,7.271895691887644,-0.208706358,1.5594714498961408,0,1
0.5639091200523596,4.692004669604336,0.24911727183478893,4.731850532975104,0,1
0.594754342,4.676090366117345,0.9259518847289714,0.081993632,0,1
0.8534155587803077,5.876825399,0.6630699448937505,1.0133875151919665,0,1
0.7589285897867651,3.232002286507119,-0.072895553,5.905537851854114,1,1
0.2811914239693758,5.264994286991291,0.4749789689198387,0.5744312765203875,0,0
0.10420110395187607,4.237021170351815,-0.743729919,5.678696614342729,1,1
-0.062593128,2.359013113189937,0.024207710927598436,6.153991434312566,0,1
-0.753964589,5.674964149452798,-0.441879446,4.276554870289854,1,1
-0.280675077,4.473384386244168,-0.677672624,1.6587039217181696,1,1
-1.692956814,4.6859503431105844,-0.147438187,2.082231408818731,0,1
-0.098339627,2.5796781131716844,-0.737970891,4.074557988394694,0,1
-0.988591107,8.182800735525609,0.3979702163489711,2.9912997580477607,0,1
-1.103589317,6.753428372772232,-0.087519912,1.9890119053890816,1,1
0.17989415115347845,6.928311768343957,0.062289265,8.063799848912177,1,1
1.3920022863445993,4.389110595116636,-0.707248123,2.314666004764018,0,0
0.918316606,1.5416342209931595,-0.720456678,7.4166948585620815,0,1
-1.570500604,8.905834764979021,0.16683087052024814,0.11820207466197477,0,0
-0.989628137,4.877804983988264,0.9700194956588926,0.29922949720217523,0,0
0.9407711879882159,3.5024004079598923,-0.807498834,1.2009859440006407,1,1
-0.982487394,5.833603148966228,-0.428537143,0.9718740636374774,0,1
-0.22463315,7.334241576006595,0.7389182330757751,3.0532734843186216,1,1
0.5500520990245519,4.953898887829068,-0.855455975,0.3501692766713618,1,1
-0.968344455,7.557150335878749,0.7517714427339026,7.467350259138372,1,1
0.1053755061459599,7.165999877033737,0.048571967,0.7568652272169676,0,1
-1.334025495,2.8472376251958833,-0.183466452,1.120464933175803,0,0
-0.601367644,3.652419788681047,-0.380638871,0.6424640131181872,0,1
0.31978193414253697,6.915074326559535,-0.405765684,1.7319730352313578,1,1
-1.592993734,-0.425225128,-0.388394835,0.12083527487634947,0,0
0.440474738,4.701088613670023,0.7696061619203916,0.3242791924849912,0,0
-0.019637799,2.1383375967506564,0.44759046034957106,2.7392497714456865,1,1
0.5524899544171478,4.046892397,0.33944601566230115,0.4128201389546647,0,1
0.22391413406466143,4.402359821941592,0.5974982979040016,0.5371043141410315,0,1
1.3641404299738442,4.283511244184984,-0.485770674,3.1499013432889873,0,1
0.12522450264790727,3.8954774957747826,0.23608562416351142,0.19588988788385378,0,0
-0.429405541,2.805712700742372,-0.079867522,1.1506352173802108,0,1
0.12229750303228377,9.583822533637372,0.5648832704003868,0.046667016526744196,0,1
0.5432980290363879,8.734924008322702,-0.381487779,0.8517664914967402,1,1
0.04886007,2.675868359487434,0.2863572337397915,2.4011664615911332,1,1
0.040591691,8.164233502607134,0.7644248236346269,0.18884836021390236,0,1
-0.701991688,4.2010690190542945,-0.195699048,4.384497237971277,1,1
-0.662900918,5.258374946663421,-0.866755825,4.804789706182935,0,1
-1.402605272,4.873452080206168,0.032101645,0.22184161342995534,0,0
1.7495767431869393,3.680502717492068,-0.308055024,9.362469515313913,1,1
-1.243863235,6.967704687212294,0.3444507610943499,0.706303895,0,1
-0.692905198,5.251773061153315,0.9020658494972122,0.1756998303070643,0,0
-0.718407266,4.046897153561517,-0.028783364,0.010159991709117525,0,0
0.8949243769444413,2.390821112399055,-0.06761954,1.0502646085644098,0,1
-0.294949678,3.212809972561759,0.3091696003829205,1.9874777060420243,0,1
1.2477420726737338,1.7172397687958063,-0.793004993,0.807470959,1,1
-0.673490624,5.024447096830339,-0.492987622,3.6245452511898626,0,1
0.27899416222380197,2.6066688154312083,0.837958651,2.521836191627075,1,1
-0.835347053,4.468878974962918,0.3398852267275325,0.8620629153928205,0,1
2.1451491277733883,7.740203707220742,-0.973111912,2.650847617088008,0,1
-1.187598419,7.398599145843171,-0.590749055,5.643145772618747,0,1
0.3098207102270275,4.935446211794765,0.3656745320577981,0.19543735260435702,0,0
0.6337768809320985,4.825830548,0.5287984051251484,0.7308662563885103,1,1
0.41379909745149823,8.759749098842017,0.6797191453480838,1.2447286634464516,0,1
-0.185287659,6.041512240717422,-0.415646393,1.378270987313247,0,1
-0.1298207,4.344387080246954,0.8620571925551253,1.5626267167446806,0,0
0.043811472,2.147963765759096,0.10589378715578479,0.7151418519605731,0,0
-0.147002002,5.787746436329487,0.3930780447757858,2.2007856216086568,0,1
0.9638791167949097,6.658647545165724,0.1934777255598159,2.0717511119089718,0,1
2.2105230015913513,3.7366969509727124,-0.754519891,1.724654166905526,0,1
-0.557491785,5.582405510276065,0.9262293187697597,0.2415388548265087,0,0
-1.36980298,4.272853410169942,-0.75424884,1.2962248462074546,1,1
-0.088282048,4.631935201601994,-0.490236087,0.8808178494391211,0,1
2.5797093376543185,0.024355884875337352,0.6272557604459603,1.3507656890752389,1,1
-0.803674568,4.556437192567729,0.23719392300220288,5.098671103,0,0
1.6391168054440675,6.938738604816109,0.676298331,1.3098976071608386,0,1
1.6777008140764407,3.737194888866884,0.031472377,0.028158887352523497,0,0
-0.553588242,5.105052736430633,-0.246013529,1.1554867926790242,0,1
0.5689830791852754,3.488098586616159,0.8436909990955699,3.4368118551497706,0,1
1.628396623128538,5.720883352585545,-0.927495365,3.0288093893983508,0,1
-0.379127741,4.566953604927653,0.7122604407060917,1.4405848983728193,0,0
-0.20358036,3.1215169186359866,-0.53836443,0.5747482740290368,1,1
-0.581680914,7.665102935330255,0.6974726555079356,1.251308541787928,1,0
-1.014756731,6.857864027,-0.721606773,1.658860571548083,1,1
-0.649277545,3.7901864721436507,0.16043792738108098,17.918202824056536,0,1
-1.223940267,5.995576618835555,0.776215838,2.066649853166589,0,0
0.034083468,6.074824005640761,-0.052920706,2.3700726731119666,0,1
-0.769973231,6.284602470022352,0.49313334760678584,1.3523997755046053,0,0
0.2337859117907477,1.6114882080098445,0.6093432357111168,0.8754277620759419,0,0
-1.555895646,7.013213082065256,0.47298841743355835,3.3527905387657255,0,1
0.33088023221445706,3.860602074148537,0.8506594737491966,1.3661256949520877,0,0
0.8335289616089246,4.284344133117466,-0.106331539,10.47637583891255,1,1
-1.993735643,10.2757635,-0.653749122,1.2217360715288466,1,1
0.37405656984757213,5.603746761442023,-0.904377873,0.14084553727897273,0,1
1.2276689924732922,4.227355049105649,-0.507080261,2.295047184016711,0,1
-1.209641019,0.589411254,-0.713604992,0.095528428,1,0
1.6725723868377034,7.779528267892712,0.11589748286896095,0.5767021840835176,0,1
0.4190190093660452,2.309580658382795,-0.630109326,0.8731013516162333,0,0
-0.705011856,2.993122193000993,-0.922132585,2.6901788174465255,0,0
-0.055769078,4.337295401824302,-0.928020342,1.3633699522983156,0,1
0.5583269125217224,7.832823583400585,0.6631389967297232,0.058128468,0,1
0.076005391,6.546479973331518,0.18289986288604965,1.918656666808603,1,1
0.5387559924463692,4.68432498,-0.283829396,1.060140021065478,0,1
-0.920673593,5.616584127277642,0.7884560854804938,5.0978540655226166,0,1
0.169360824,3.7992286142577885,-0.859606777,1.3845443715200842,0,0
-1.413714497,5.279307379130701,0.9606441454556518,2.4686932126292653,1,1
-0.111226061,5.146673489556274,0.23258358050892203,0.49402351923286186,0,1
-0.903907641,6.937539791362706,-0.633071492,2.8623622490262837,0,1
-0.735529943,6.934356244877899,0.3581381979539371,2.552766665019874,0,1
1.2360931752104374,5.987954764,0.5267625195671253,4.688517161140535,0,0
1.091310120594269,4.275304884907795,-0.141314433,0.068813652,0,1
0.609138121,6.483644588780253,0.7232652124910948,1.186606216494093,0,0
-1.092312765,4.816063067593907,-0.698535185,2.273596787521162,1,1
-0.31640845,2.836171262573734,-0.442324833,0.20000291348944774,1,0
1.2130976999791834,4.1934244161781224,-0.813015277,1.0573142183850635,0,1
0.14171691363990474,5.169053967568649,-0.578244319,5.699686214761822,0,1
2.319329539981694,6.820431567329491,-0.522542376,1.145169766653634,0,1
0.39331783939437187,4.632943655685694,0.8352663818434203,8.454122879223645,1,1
0.1920491164900316,2.581602577520788,-0.843780622,0.11703668795024015,0,1
-0.309116464,5.113483366593639,-0.14516976,2.530489518899394,1,1
0.1335409047822823,5.226912080113105,0.064797374,1.7398462196133393,0,1
-0.152469836,5.3716752578055065,0.7973861076043216,1.3884542354930018,1,1
0.7081086766885905,6.839743032,0.995392437,7.070422454554602,1,1
0.9567023167945841,7.037846480179796,0.5067762298396716,0.2777206190660753,1,1
-0.785989461,3.811578255236667,0.941581981,4.526708599800699,0,0
-1.331232954,3.7677130839021133,0.5742022650717475,2.350384668949588,0,0
-1.836205373,2.9196025780890538,0.9264052819428332,0.5994987090186235,0,0
0.5079913269125437,6.397631340560952,0.41454145188891034,4.638834842896265,0,1
-1.103366606,7.8976402166754305,-0.840473149,1.121765392763798,0,1
-2.152890593,4.369836144182154,-0.196159626,3.3664630933966087,0,1
0.3885786045309641,4.5171388705500135,0.2931945676049408,0.9847815787855881,0,0
2.4929995174327906,7.933565113797952,-0.298562981,3.806689671,0,1
-0.006070912,6.011115706430015,-0.453232164,2.0246625080748575,0,1
0.8384907744516419,5.8724714096021104,0.15479853426618195,0.30408129338947737,0,1
0.081829359,2.6181669880525464,0.8670037534048698,2.097720394424095,0,0
-0.098889653,6.357456138558838,-0.930036253,0.42476522368568254,0,1
0.9190764829877686,3.1417273189804833,0.5384624070828754,1.061793509052152,1,0
-0.290274544,2.7319596281300838,0.4454545560892542,0.3733715344482717,0,0
0.26739231407190295,4.306456846466576,0.9279068507765742,0.044524174540648706,0,1
0.3216978061960136,3.8284145531026197,0.8614224446650871,0.47622642803914733,0,1
-0.668090454,4.556800611229922,0.5244651240883857,1.5373456472341853,0,1
0.9920423495365228,2.1180367309501626,0.040817529365197336,1.3138656862782343,0,1
-0.174959757,6.9176326129353445,-0.591464894,1.3922917263802472,1,1
-0.755745159,7.2553725890328575,0.090471437,0.5692053133041608,0,1
0.5365098435704035,1.1053150517183714,0.5307039878393076,2.311389038251472,0,1
-0.898467982,6.956915611,0.7913384252757862,2.436571405967083,0,1
0.028181157369128247,3.3789427403567474,0.5794240184210981,0.8862337211945229,0,0
-0.009118997,6.713951073965572,-0.60946613,4.2601242464491405,1,1
1.085895565831578,4.863107014667169,0.1993726284561188,2.065779531050215,0,1
0.4746982328799528,5.057551128161998,-0.335653081,2.4968198403561064,1,1
-0.025026959,4.629804701157562,-0.981588665,0.6496326333426861,0,1
0.8177662992002871,7.424258408466972,-0.599558128,0.001223645,1,1
1.3902075490173134,2.5208239749499435,-0.7735587,4.010533380470795,0,0
0.5578103063518622,6.215680677470017,0.6854382470789371,3.4567175168252744,0,1
0.010352619843380607,7.202660329779101,-0.482987496,0.2629342221104284,1,1
-1.311836232,6.432680161080821,-0.430604062,0.9371457384025966,0,1
-1.065113663,9.649397828646835,0.9198731435977685,2.165513165,0,1
-0.305224704,3.9421064745506023,-0.241826554,2.1117428103667746,0,0
-0.609512202,6.9146096451870624,-0.98082872,3.937236768154446,0,1
-0.186971303,4.787818729317159,-0.432307703,0.3022695084288102,0,0
0.056649924897107164,7.466812152705339,-0.761400839,1.1240264361996926,0,1
0.5296927543567308,4.9846220085572615,-0.794382877,0.20456256257606212,0,0
-0.070498778,4.224248436275061,-0.84502542,0.9872660294036024,0,1
0.4865016438262019,7.6121444077432585,0.18651894035075456,0.030445451,0,1
0.064474415,4.016876122,-0.621304553,4.570926329,0,1
-1.975466566,2.1745484821988876,-0.277514412,1.497505822735269,1,0
-0.939335394,3.966306233652343,0.7240354322600335,3.791605183423627,0,0
-0.144087556,6.238065893177065,-0.15132372,0.12354805389114194,1,1
-1.209694743,7.784077503174183,0.8313827001032752,0.516138092,0,0
0.5999287299962045,5.222258750593024,-0.004123893,0.6005351985676478,0,1
1.5307508323436974,7.636394134,-0.20232677,0.9777743965117937,0,1
1.2187618516973167,2.283650157044813,0.5007778541814032,3.2477469349828376,0,1
-0.213442871,4.113473070364194,-0.853649802,0.9773387059830794,0,1
1.490726136849952,4.422849765691797,-0.821043234,0.4579548950010875,0,1
0.14866745720211155,4.770881145054961,0.3039474278459213,0.13439666599544745,0,0
-0.337085971,5.168188776500393,-0.026118574,0.16565862807845966,1,1
-0.613402664,6.3818219147843855,0.5808305006384205,2.8546261329810583,1,1
-0.302469686,4.110386324,0.8325416746870629,1.1768645142357483,0,0
-0.388176819,5.278057373906251,-0.223266245,2.5905768407346628,0,0
0.1704162223754877,4.909754219351897,0.19282005316929252,2.2932144053768555,0,1
0.1605739810498646,3.148220192,0.001393256,0.2908897816099361,0,0
0.00304602,4.772666621837129,0.9632213112848658,0.30837320739364904,0,1
0.43693816974634986,4.712680940205764,0.6621688147131903,2.8157880501819386,0,1
1.1906462747863413,4.6698388699939075,0.8234754165547071,2.5550111704297187,1,1
0.9495541354413237,5.063518913162902,-0.491319825,0.949729304,0,0
-1.484897968,5.151347081226772,0.5450528463251887,0.1611672784557532,0,1
-2.553921135,4.135409642,-0.46905355,0.024343597,1,0
0.9343199112392737,7.5454294679425296,-0.582514933,0.6797956530134581,0,1
-1.366878698,2.6610387415939667,0.8885323193111017,0.018530124053183532,0,0
-0.224765402,3.5580597830602074,-0.961391167,0.5229181634077248,1,1
-1.170113026,10.559927248447112,0.9307774073268593,1.087733505944404,0,0
-1.801980438,2.92401729,-0.701476206,0.25888698255084447,0,0
0.541462728,2.2924906505804827,0.6388761635865363,0.22024982329247894,0,0
0.7591551603026468,6.468953490002436,-0.448154894,4.5351587261907165,0,1
-0.576510401,0.845760292,-0.298595345,1.7612200013654822,1,1
-2.591042292,4.529452180055122,-0.566484577,5.450057654233555,0,1
-0.546244448,9.291649850152977,0.17102808496215927,0.8487643164713432,0,1
0.3918040054025465,1.910128155693199,-0.303808905,2.2611035576936107,0,1
-1.478911569,1.0360710285225734,0.3147860789893264,0.4580508177005269,1,1
0.18335991977915564,2.0016375960846036,-0.968705364,1.926451900758783,0,0
-0.015309849,6.796719136693971,-0.871250233,0.27757201653058594,0,1
0.5792914996010884,7.249553439971625,-0.800677695,0.004165613,1,1
0.11958036841415326,3.9748224060429824,-0.162012629,5.362771791335443,1,1
-0.973068941,6.3664248080021375,0.6295923453199521,1.618887336141899,0,1
1.1965715016644913,7.7805106550239795,0.7763558207567653,5.232966658811873,0,1
-0.158529573,8.574692829,-0.51037852,0.8124253460366061,0,1
-0.02730454,4.507329437640304,0.148739448,0.794357279,0,1
-0.933267959,0.39705656466002637,0.536729985,1.0238357793860202,0,0
-0.443282251,3.3582421551806263,-0.42234114,2.4486298451579356,0,1
-0.884802714,4.146391610129485,-0.181984527,1.6685398140202576,0,0
-0.17294606,4.482122406843219,0.047948405,5.190020983815938,0,1
1.7117084801423434,4.624281197982561,-0.730250307,0.051540233100139804,1,1
-1.371901143,7.237789195861339,-0.948035413,2.4633454448054715,0,1
-1.613561398,7.548856853375163,-0.694388381,0.8019335496935354,0,1
1.4711703274936085,4.656652692150433,0.2537072425070668,0.39747184113866607,1,1
-0.209323677,7.196969752103637,-0.852763477,1.4283152137856403,0,1
-0.669072739,5.7153227332621785,-0.62060727,1.4066527632909978,0,0
1.0399046873960764,5.129011945725144,-0.324292229,0.2947067349142188,0,0
-0.60561554,6.813088314219928,-0.844259871,0.4510328690845333,0,1
1.8260097135469362,5.144504096475831,-0.616601458,1.049053665921221,0,1
0.6779258713392691,9.115622354195525,0.8225395779670222,1.0512404266207416,0,1
-0.487911408,2.1231776664108817,-0.961401736,0.7641558836150515,0,0
2.1573082132655035,3.9696582018159647,0.30686384834872427,0.32161761226758867,0,1
-0.605714923,4.746962206,-0.231182138,0.008766543,0,0
0.742095372,5.878905380915981,0.34529747886474227,7.028848339484699,0,1
0.2992925804064919,7.535920974206178,0.17738344072680912,5.747002014727727,0,0
1.301741289398798,4.951202865527686,-0.553002491,1.321942366408733,0,1
1.5615111967268527,2.1555407009875855,0.6944189751467771,10.617443924229908,1,1
0.032004149065766624,6.685027792910009,-0.016119235,2.2395962486995016,0,1
-0.75341787,6.509917532283929,0.6450720378269434,0.1426859851637092,0,1
0.4599721429391164,1.116282681241188,-0.187974928,0.25048754366280856,0,0
-0.67771537,4.992391732658401,0.9693711078304781,4.956517842828916,0,0
2.013387247526623,1.8197163386394042,0.5409787170025926,1.9887867403768924,1,1
0.13653533108273744,3.670697804995875,0.9319004102251469,3.705359509378583,1,1
-0.365321551,3.1943821460744006,0.028652958,4.57085918,0,1
0.1846803058649084,6.6185293964839715,-0.052617735,1.1882043723959128,1,1
-1.34712629,5.233660348344368,0.5109076186505157,0.099485734,0,0
-0.971614039,2.4288179984879448,0.7605825260268604,0.41720051139636355,1,0
1.2004139079444254,6.760131925914685,0.9282915917311161,0.13778278320620757,0,1
-0.656894279,2.1323883521431712,-0.350896188,0.41833298836725985,0,1
-1.046910983,5.660227580941887,0.5974091476852779,1.0570728309032746,1,1
0.5366527525272862,3.3719786614168887,-0.578708805,0.25157277809698886,0,0
1.185704154662997,4.268645835,0.091148693,0.3648029147046623,1,0
0.7189533106650667,6.008541496076768,-0.640303703,1.1805379019110929,0,1
0.9960476858058164,6.042898798119058,-0.305205276,0.8315489865043436,0,1
-0.756795089,7.673938147111921,0.8627167344129185,1.2609387446559983,0,0
-1.421810667,4.835492600657093,-0.7078186,1.1213347785053518,0,0
1.5013336519554867,5.612901725926681,0.26480179027039297,2.068336440118921,0,1
-0.322679839,4.124525355,0.18590854585480665,5.535267600359654,0,1
-0.250833016,5.363979765245595,-0.758523295,0.2282741420405165,0,1
1.328194141849058,5.878972096017024,-0.348041912,0.20907759407589468,1,1
0.5562300094006599,4.803380305091248,0.12596300903053148,3.832009178224698,0,1
0.45588777208160763,1.3924990318150074,-0.625642782,1.4120462605268904,1,0
2.165002344901084,5.662941793,0.6012473128256308,2.908333066522388,0,1
-0.64351823,5.729122954710914,0.9443130190694997,0.48521832501196166,0,0
0.9278401280812372,3.6396530473040984,-0.5704812,3.5305767591179884,0,0
0.057013125,2.4312259278549715,-0.62617607,5.150011739203671,1,1
0.26859227886325693,7.951758301007931,-0.090129856,2.018364264077464,0,1
1.5284684264125317,5.982891021788804,0.4955305542800643,0.22382838045535866,0,1
0.5078357562896237,4.541837938156581,-0.43679878,4.513213263658537,1,1
0.538296079,2.725934233705025,-0.960240183,3.1451295917118345,0,1
1.0725073373098022,3.356370343157308,0.082441256,2.7796232911539485,1,1
-0.36495273,7.605180793572464,0.9132011355346152,0.074839305,0,1
-0.839209667,5.275323881736092,-0.217446289,3.2085278935870267,0,1
-1.044809194,3.898825865998587,-0.159730892,0.2968863550600913,0,0
-1.966356589,6.019378462449312,0.9378034342280759,0.5030504969386967,0,1
2.056207129940322,3.3712036251073525,0.3892152232534567,1.7214038186126612,1,1
-1.103208366,8.001686060560758,0.43834384568425033,0.6157172416293821,1,1
-0.221253624,7.705601069793451,0.12540401074213525,2.1655657135030415,0,1
-0.2768133,4.066851857594447,0.9492184217264832,1.8733463377202981,1,0
0.30740669780910074,3.7426595059382795,0.3777329688511122,0.22891374248870583,0,0
0.8157372125392968,-0.236266397,0.790065503,2.1343120100807047,0,0
0.8604734883597454,2.036838456897264,0.39875773146644233,5.152857646,0,1
-0.583077439,2.3210604500844876,0.4702316496807919,0.35135115309899567,0,0
-0.167121714,5.270380681974772,-0.419178156,1.8179452540005876,0,0
0.28257995048829965,4.347532591117281,-0.393042604,0.8366915333300405,0,0
-0.248691126,2.309329025169517,0.5659692991520584,1.230934543052185,0,1
1.6073455760199926,4.437671915070886,-0.406587422,0.6765482194610466,1,1
0.49097495163825133,6.010674295294697,0.12554014160306326,0.8743160381957968,1,0
0.7348777860498175,6.055678699831175,-0.501295378,0.058676009,0,1
0.6628812686674127,1.2006594382822375,0.6339667616181388,7.985570217975291,0,1
1.173473857485325,4.743473039032338,-0.778997298,1.9605917083097104,0,1
0.18102155870370695,2.233318446056779,0.6588932795233289,1.389118716402711,1,1
-1.296831948,6.803457394280548,0.20545960101520366,0.9680926544292304,0,0
0.3996879517526416,6.568292832706997,-0.62618093,1.5503401165242423,0,1
-0.651356894,3.203945547351083,0.084070771,0.9564135624598952,1,1
-0.528616682,3.4679095951992003,-0.435002326,0.8922864993692298,0,0
0.5863640187550933,4.077465899003386,-0.353065331,1.247042774582679,0,1
1.2382830714336357,0.49441321053732157,-0.296943917,0.6458809054303649,0,0
0.021271577,5.671936346881154,-0.873361506,0.39702358838705165,0,1
0.3088330125989638,4.454310907319739,0.9719233688028348,1.6265925681083009,1,1
1.702214944635238,6.940350165135718,-0.936930744,3.7000331026757465,0,1
0.24075317948856828,2.8031815640748947,0.3249937463685568,0.3317034901512023,0,1
2.601683114180395,3.7617541035001367,-0.257544704,0.066564192,0,1
0.5655096456315442,1.9869494839217694,0.29202058189339786,0.5668801519862033,0,1
-1.760762759,2.9914188730114937,-0.287503494,7.796303658508344,0,1
0.7533416211045325,2.636036007863562,0.34750129251771744,3.529355897795429,0,1
0.38115838488277776,6.991947357692892,0.4584710189367216,1.8120178105999494,0,1
1.2897527540827456,3.6034763024972154,0.3811052807992896,5.297174820647664,0,0
0.6731813512699584,5.248351369489227,-0.772076037,1.1785804099184638,0,1
-0.138455984,4.238473192276391,0.31378646930936926,8.182371422320102,0,1
-1.224298236,2.461069467974374,-0.440024901,0.7028121125025868,1,1
-0.209023257,4.663399153656715,-0.942397259,0.5496784572831495,0,1
-0.850520454,6.1982066637271895,-0.170338656,2.0324884567234704,1,1
-0.58052345,2.5844812149132954,-0.132913794,0.9501255075659156,0,1
0.5885784044206096,6.618225581462758,-0.065651733,1.9689546889659975,1,1
1.6699045043514062,3.300558157044607,0.4096483307814325,0.7276739699055842,0,1
0.3946715298229811,4.034032147854319,-0.382312382,1.9242414118649682,0,1
-1.195883062,6.061366246020095,-0.369438974,0.6452269583821373,0,1
0.4446026682201407,3.673127685561024,-0.878895488,0.10463409716153169,0,1
1.196631486645651,5.075149718671732,0.3736424319845919,4.863927996524692,1,1
-0.609782904,4.370618342423815,0.1356521827991679,4.294673492,0,1
-0.134017167,5.258736013407637,-0.301149775,7.067046381287035,0,1
0.014688194729197093,0.23852178895300558,0.4103779578347093,2.521278040193317,1,1
-0.784898313,1.3406363695838341,0.074715498,2.295948652384293,0,0
0.648280434,6.231934012093676,-0.061510108,1.6374347303609094,0,1
-0.120948149,7.0743628112981005,0.022649087322252903,0.2692180406335095,0,1
0.41953244390702776,3.1790265929369577,0.27269625053411306,0.41955483220819334,0,1
-0.887492178,4.511943295657732,0.32000520914919894,0.6834873407762075,1,0
-0.4374583,5.589438505804603,-0.422084362,4.417394804775742,0,1
0.7223813578277714,6.386435203317408,-0.718513273,0.37982746819398644,0,0
-0.372833152,0.9446454566583027,-0.686731638,5.1246082550235705,0,1
1.7269638512334051,3.2279195060432455,0.2787817718060033,1.4795793839906997,0,1
-0.399636186,4.33484124,0.745746572,2.514533639559837,0,1
0.22468472575188592,6.406280394472098,-0.181007443,0.23361711625902384,0,0
0.9325908318730899,9.996860967,-0.660959679,0.6267754292876562,0,1
-1.418365733,4.5439885463805645,0.5132049965877092,6.365020684432379,1,1
-1.760808812,2.1860450757920225,0.6649789488388971,0.6189011172146697,0,0
-1.525656315,5.804536154402596,0.7611648862419331,0.703436555,0,0
1.262584103427182,7.641991579,0.2136628578274664,0.4402895663371702,0,1
-0.551858146,5.216028241959002,0.7214571187761694,0.2763957625190784,1,1
2.5581992856682523,3.186702909691414,-0.969170083,0.5312088841361671,0,1
-0.564247599,6.915987882960038,-0.785528396,2.0562716314489786,1,1
0.18455130319703697,6.3270912369968695,-0.814847866,1.215288904864278,1,1
1.5421099525678756,2.947838311608751,0.425209369,1.6137780492043168,1,1
2.006092888159123,5.762851235068684,-0.860836433,0.2610485884259555,0,1
2.061503576636398,6.994531135317745,-0.007271255,3.240153076561151,0,1
1.2083662305931424,7.363780085117787,-0.054586203,3.0658307920926067,0,1
1.0240625258114624,4.867102049381088,-0.378592953,0.043652766,1,1
0.5925269492011831,4.283841107641362,0.7408103398841996,0.9674428817582222,1,1
0.7783610761666377,7.454547644162526,-0.659133596,0.1424992649102423,1,1
-0.551185716,2.579678994,-0.295074431,3.1414517670366338,0,1
-0.818198883,5.877158581842011,0.5483430000458582,2.6732543680447662,0,1
-0.003374457,2.2599467452711415,-0.939155371,4.645332641771919,0,1
-0.170184623,7.130752544519206,0.3459008004927373,0.5394327434684684,0,1
-0.453228049,4.483908968777677,0.6327954527231412,1.218700165806874,0,0
0.6963874474567153,7.537166471294938,0.8645356776763344,0.40787798301320505,0,1
0.9553052085705107,5.982825512711054,0.7525932809829698,0.927995194,1,1
0.088406886,2.55355954,-0.361231766,1.4773071410256375,0,0
1.4775300810552618,7.849255464154487,0.17272828264590512,0.10961109941676302,1,1
-1.141689114,8.102490532855459,-0.845413014,2.5096230053606536,1,1
-0.193659459,6.7645729851984315,-0.484259993,1.5674280412492785,0,1
-0.716822321,3.47682427,-0.811555243,3.5317041715199813,0,1
-1.866536617,4.3879720912851825,-0.36962542,0.634305534,0,0
-0.082680686,5.290854434811519,0.7503744269174579,4.6727203109104325,0,0
-0.121747508,3.5925792013371334,-0.305666321,13.281960022991099,0,1
1.513449743242131,8.384693144926409,0.1237962060028528,5.033994705870552,0,1
0.6308116845547775,5.288652943452074,-0.133238304,3.0091873425444273,1,1
-1.024186824,-0.406696094,-0.082166951,3.346553920507356,0,0
1.8540925663341883,5.678711625512441,0.9391441036731165,1.7054314864977111,0,0
1.221033695525353,4.303685206365373,-0.407691063,0.42182200714467705,1,1
0.5820977034686158,4.850146887763104,0.25464893904634267,2.2604578478055704,0,1
-0.226484099,4.2627612684286005,-0.159874661,2.4948256266866586,0,1
-0.959439237,6.614092833213375,-0.877707638,8.451432955990617,1,1
-0.372206776,7.239375557106762,-0.021338337,1.5587234938389474,0,1
1.088748619704186,5.566106324517308,0.6266866580902166,0.6331757371652856,0,1
1.884586305934609,4.321377625723682,-0.802494063,2.301954556797353,1,1
1.543243528272189,4.917325590381659,-0.860816305,7.762582177909924,0,1
-0.488849422,5.039199233155257,-0.692736959,0.39011804986083887,0,1
-1.119617433,3.395139920270326,0.5288002227786122,0.7890441596969796,0,0
0.14088624691120394,6.157857297,0.4479907682894759,1.5612524047648166,0,1
-1.768439366,5.920084647720932,0.1300355378122211,0.3731764157532934,1,1
0.32316771418478146,8.080882479553347,-0.063547192,0.044942474361156656,1,1
-0.147602586,7.510699561,0.7766516294052441,0.8219096655444872,0,1
-0.466036502,3.6286501648197396,0.533395648,4.010461915,1,1
-1.594703067,6.640596749017929,0.6238845026036104,0.088882906,1,1
0.5136001065697166,3.0980932338110567,0.6265246027013085,1.1204836742858888,0,0
-0.53270084,6.391864201881699,0.28543430949111603,2.8726570901013617,0,1
-1.169916836,3.9667716024797843,-0.083970751,6.123000568606273,0,1
-2.872262213,2.953493553248831,0.7293555051713008,8.463822894,0,0
-0.027514905,5.560090685394809,0.8520148352065013,1.0962568739750207,0,1
1.772251596669744,-0.349134256,-0.952387913,6.006895699581159,0,1
1.661259215,1.498048851189544,-0.896890253,0.072122882,0,1
-0.457096257,4.645016232451433,0.9174865938168746,2.7401880993357652,1,1
-0.60221206,5.164883533269685,-0.445678772,2.0586167250755727,1,1
0.46877425607502377,4.261362459683622,0.7467388792988374,0.5740895047298298,0,1
-0.998385439,1.8411274025648026,-0.222409762,1.4157847194408713,1,0
0.30179189981946597,3.364216315722989,-0.761799885,0.27749850748399635,0,0
0.7660802783846903,5.782418654474788,-0.8391136,4.105165398243348,0,1
1.2269332238843076,6.163563541256725,-0.686984202,0.8860164852697413,0,1
-0.100154076,4.967553764808118,-0.50021361,1.9672367872518213,1,1
-0.20367375,7.313667562073977,-0.022963292,0.34579529042488505,1,1
-0.877982587,5.794794046918469,0.4029958011315671,0.46175890435038225,1,1
-0.826880354,3.5050886920835755,0.9727971529705999,9.64574981,1,1
-0.226478892,4.438995893176765,-0.116986513,2.7974335572116735,0,1
0.3673655068161781,2.1942676855842906,0.036369885,6.538858248032753,1,1
0.9135846262332494,4.7837220192171666,0.043631403,0.7015310642352216,0,0
-0.803178951,7.224201238442677,0.078868711,0.3596003801120949,0,1
1.4926885689595217,6.3705801694219355,0.035481314,1.3986060317058464,0,1
-0.271123601,7.804018651838244,-0.98245049,1.3650803969456982,0,1
-0.021367294,4.394229512402013,-0.996550356,0.3846141258808948,0,1
-0.747211679,7.692199589028515,-0.804667364,2.642658633773034,0,1
-2.42424026,4.613391547,-0.796886793,0.8981367286280244,0,0
0.8840453963610497,7.943170165139788,0.40979381790959213,0.4124874006327947,0,1
0.7368438970924334,4.956286505115752,-0.590167935,0.8068844945726535,0,1
-0.281327557,6.414462747608553,0.7894282095112257,1.6586610857163673,0,1
0.066990717,7.950224728619711,0.857212659,2.5926947637832405,0,1
0.5159392177040995,4.613144742837589,0.9517866757917974,1.315138828456916,1,1
-1.562545857,5.436777975088348,0.8781626097740403,1.4913877405687002,1,1
-0.529052677,7.5777268504126045,-0.456223356,0.2991959687141018,0,1
0.7942646796218271,4.7339936721398725,0.019553689407024955,4.922948875017541,1,1
-1.254289423,2.358215434987678,-0.64909006,5.282396783885753,0,1
0.2935579321666293,9.286014109,0.6124193103448663,2.3004002449699867,0,1
-1.356581805,4.060471071325726,0.7768634102881922,0.035577387,0,0
0.46642998243352635,5.317512101875086,0.7025776785950297,1.5403770625439712,0,1
-0.035641482,7.312013338902254,-0.133266103,1.984287223773896,0,1
-1.615131816,3.7830121925375964,0.517347769,10.462896735459903,0,0
1.1647393544571714,2.9842641735557396,-0.804841661,11.07668278695714,0,1
-0.734591577,5.5074745935496665,-0.919510459,3.8983883657502783,0,1
-0.810252437,1.4138472041752208,0.5064728286175217,0.13191850945922087,1,1
0.20056919723094285,4.424187846264159,-0.149289451,6.127011383,0,1
1.1486373494287152,5.490077328630812,0.9910985294791383,1.8969112769479335,1,1
-1.015821819,4.460096206349672,-0.805491568,3.2277632470111994,0,1
0.06167985,1.913098113628506,0.7112553630704674,1.0457722862791181,1,1
0.42881650033057295,8.188355912408024,-0.040033869,0.7703530543854697,0,1
0.6931056072631441,5.207076307898351,0.6543003910077541,1.2444238698800707,1,1
0.1764415552772252,7.862304235523482,0.6342545643402897,0.31769725945988947,1,1
-0.367027839,4.4799274996391105,0.8319840027241547,0.8834268393647546,0,1
-0.827590221,3.239976036618472,-0.404299977,3.8984763583744537,0,1
0.086143883,5.538361841,0.8995987069240061,0.07737872,0,1
-1.072139012,4.568425747343561,-0.696666079,0.32710491934074337,1,1
-2.921350483,2.644477084017284,-0.836062445,0.2673283106444518,0,0
0.4365598041576678,7.939568517574991,-0.136768965,1.0319294215647037,0,1
0.9039348410861953,3.755459554212008,0.6566459372836853,11.60957225107102,0,1
-2.362932436,1.319467230408863,-0.053157739,0.38076696644369884,0,0
-1.009730705,7.656332107914666,0.6585733550610282,0.3144369437843006,0,1
0.6191542610051978,3.9914039683747538,0.45937361158861045,4.9315197638919335,1,1
2.0574954697116987,3.7843522147687514,-0.581143228,4.274997712125471,0,1
0.020793707675407894,1.469224825940052,0.8977632497989276,0.065543077,1,1
-0.728002941,8.481882973193981,-0.878437663,2.7862831814003903,0,1
-0.182896441,2.421038825580625,0.7965594150875899,2.1311232663671635,0,0
1.3748764191481848,5.116898961,-0.391113102,2.9198026640147554,0,1
-0.645964179,6.825240645080881,0.000296166,1.3644241934146666,1,1
-0.799192007,5.843433866006194,-0.155296255,9.507159062330937,0,1
-0.482743522,4.8806913760156165,-0.656330886,0.089674713,0,0
-0.953328608,1.5966682834251675,-0.283706267,0.5341166533687272,0,0
0.12267031599479553,3.380550328465432,-0.614131127,1.0101708836026666,0,1
1.6246784584695606,5.375600676085044,-0.592227049,1.1948666792598472,1,1
0.3230792731160291,3.425651860026007,-0.625886328,5.085937883192949,0,1
-0.252353502,5.406718919997536,-0.021965239,1.6419809409528479,0,1
-0.291811269,6.3634868176302835,0.5958627350226311,0.092320342,0,0
-1.563190809,6.925005771600203,0.137940068,1.0480343803715186,0,1
0.883109777,2.547641284374633,0.7864131771016838,1.0773887922928433,0,1
-0.077837197,9.393292109957908,0.2730889771534484,6.7330666709101745,0,1
-0.180479914,6.534958689108262,0.3786802312652089,1.8285709426129078,0,0
3.193107567844861,4.996571692661872,0.3352144594540063,2.0192865495753223,0,1
0.29875290836568624,7.179073166153281,-0.101081614,2.4983101881757777,0,1
-0.75179105,9.730815543999947,0.3786776444001656,2.9396938448376515,0,1
-0.426357596,2.122559797886261,-0.860584507,2.015995707104234,0,0
1.1484457091967548,4.5494747150172925,0.7197029438313263,0.541504,0,1
0.11327041053776446,0.24313668025334323,0.5556242868878347,4.143675675946703,0,1
-1.438277978,5.385303065296049,-0.509540084,2.634430829740994,0,1
0.9192289345752035,5.730788483850281,0.5360649085081648,2.708587648540001,1,1
-0.668144086,4.921675769114481,-0.974714797,11.342672719384282,0,1
1.8732977762175456,3.6909328580033804,-0.565506855,3.2443021148110818,0,1
1.0800480657146485,0.9009709676233495,-0.869725523,3.533955026488909,0,1
-0.447321896,5.747067366823537,0.5604538332357893,6.048490492989918,0,1
1.281016361735113,7.910868968,0.5117483023567744,0.32770787538816776,1,1
0.067855511,3.817963088533136,0.6272720476036613,1.3772244639144888,0,0
0.8527736751222195,5.880119858,-0.991036613,1.7377030720403057,0,1
0.48473281729447476,1.8637113731598989,0.002465453,0.7987942985952742,0,0
-0.846356655,5.914426127385028,0.409672395,3.6577185978943447,1,1
-0.643549832,4.2132354045106855,-0.689197743,2.8744985551756117,1,1
1.0299608175811612,3.4751640987941714,0.29958145502524935,2.5522489943380555,0,1
-0.334775332,3.479272717567739,-0.831779801,11.720479455876623,1,1
-0.403648463,4.212776836,-0.637348288,0.6005389202831924,0,0
-0.955122579,5.764866631385071,-0.04840637,2.6595048427363968,0,0
0.42359906559346105,2.3756735976089645,0.3071303053622041,1.6032672644305779,0,1
2.062524919243145,4.205769336864295,-0.708261746,0.7508104817555039,0,1
-1.067532914,4.917056444001704,-0.629553338,0.3501045738822433,0,0
0.024219457,2.8019215509362816,-0.591107266,4.5244961037862925,1,1
1.4122205554154292,8.593330403350034,-0.522598391,1.8099869868576306,0,1
-0.079641391,3.293009039877317,-0.546892303,3.485182611770565,0,1
0.4523717962497339,3.6611261727330193,-0.209701783,1.5764327084239695,0,1
-1.062393528,3.043384100355004,0.3075793016734458,0.49686395190659266,0,1
0.4283070972076486,8.596960174276235,-0.123936434,0.8236168079754196,0,1
-0.187144265,6.105810457198963,0.5519478174997763,0.9610417804213309,0,0
0.985729996,3.1268159875127157,0.4385370118972296,7.219013942254992,0,1
1.1873860515647512,7.212463117719937,-0.746946172,0.011298410270866286,0,1
2.589563642018614,5.401397388577757,-0.902316753,8.490245095395885,0,1
0.5796331732135757,5.514506842223003,0.7558831279992122,7.870750632007013,0,1
0.32579631658216646,4.311045582495095,-0.840337867,11.119774968538099,0,1
0.19438430157733602,3.501168026086053,-0.703321639,1.2947734079331432,0,1
-0.353166293,5.675532198109202,-0.955733449,6.637887940876938,0,1
0.33848384346169114,3.9098255400088195,0.25667273059730755,1.0070353898553284,0,0
-0.29540141,8.633511259,0.16474112631669713,0.053292643,0,1
0.1684609762696143,2.4614177895137916,0.9738073328705112,0.5081005280654082,1,1
1.3175975356079597,8.072313545709891,0.773864793,5.811645847198643,1,1
-1.006542565,4.7773623024043985,-0.178313645,0.027720610236964073,1,0
1.1398785611290454,5.598171468042212,-0.256828318,1.5792903269073613,0,1
1.3171150673398653,6.666315533258869,-0.406295931,0.15722423884457695,0,0
-0.118068527,3.7395014099911275,-0.69518616,0.6748558058468602,0,1
-2.121854899,6.728496769397273,-0.723832687,0.18443420816379677,0,0
-0.607821987,-0.415087711,-0.735432584,3.9255030398991124,0,1
1.2969945465611092,3.560020933556122,-0.771770486,1.7884260442195101,1,1
-0.022868062,3.1518743853178695,-0.518975915,4.647749551472215,0,1
-0.999302232,2.4929879752564768,-0.386662739,2.331769564466924,0,1
-0.504774921,4.570090323842098,0.9231579420778318,7.082928959,0,1
0.840620027,5.771499936,0.15694650200377147,1.4262004697618642,0,1
0.5467335682013793,6.405319996998612,0.9751915490265619,2.0361518585618015,0,0
-0.238932099,5.481753514400816,-0.255066104,1.7175008758399448,0,1
-0.366824412,3.6686130702129063,-0.084746735,1.3243066982770273,0,0
-0.391758149,5.738032875650334,-0.350842682,3.7410777009682836,1,1
-0.922410184,5.248571389701701,-0.634224698,2.068601474718259,0,1
1.6153756894694418,6.872112335872032,-0.713670584,3.2320417136450628,1,1
-0.322320469,6.553873405863033,0.8901583956156638,3.086962700032577,0,1
1.2171585208254965,5.060952827841258,0.9736213635975115,0.4240243725885506,0,0
1.5213160519224513,3.205493987677486,-0.910181007,2.100578938904033,0,1
0.9983108981479604,3.6940996883358386,-0.699308251,0.4454073441038946,1,1
-0.431620313,3.9004212807239336,-0.152951815,1.7508757712297396,0,0
0.40373009033660945,4.369467332167488,-0.627333047,2.2628992688076557,0,1
-0.024195606,5.536100855179507,-0.272239213,11.781481069942318,0,1
-0.903701861,6.430348780256117,-0.7418073,0.062036208,0,1
0.324359282,4.8977626139692445,-0.086976487,0.1913537611118418,0,1
-1.179039791,5.032249575800945,-0.456610768,0.16030993675340166,1,1
1.1876793884615637,5.286612610000008,-0.296189888,1.0161963142632462,0,1
-0.464617297,3.9681893737353198,-0.811374697,3.4473236453118696,0,1
0.2011596558728393,3.149215484714088,-0.143743899,3.716520889114994,1,1
0.28328787154614216,1.4891242053785803,0.9665152219231397,2.671047334008908,1,0
-0.258904974,3.609701283846255,-0.342333906,4.543689741496353,0,0
0.5866938014752747,5.946290906535574,0.7528585496848701,0.779754301,0,1
-0.474903657,3.594177123920865,0.6863982832473703,0.18456973870374777,0,1
0.8712972974572442,4.524385925,0.9041168365944212,0.11982493539520445,1,1
-1.34597968,5.932862574824634,0.5802190245341889,3.8228803234552817,1,1
0.12637957954641182,6.041378992845337,0.3191936541176299,2.6219010639602067,1,1
1.9389289990582848,2.840934295667922,0.7131688884549152,2.3987355542574997,0,1
-1.000331325,6.994118712907283,-0.848710639,0.8300503360472624,0,0
-0.677744971,7.254700178710971,-0.074338686,0.9557657821016143,0,1
0.51390785,2.7403002855628804,0.9785124772301177,6.345584779236095,0,1
0.17958178193959795,3.3523262607176916,0.5392003025894645,0.13186243505385725,1,1
0.3506300992735592,7.382181366292383,0.9241507560744462,2.9720679578858094,0,0
0.4891871301476635,4.706292957489398,0.5592687122669582,0.7410648152527233,0,0
0.6347214685617699,0.5604441050962983,0.7497639348842884,0.079675413,1,1
1.1096998419562232,2.2006369905346275,0.413059265,2.7140157413596486,0,0
0.40981865692851255,4.501260749655038,0.5210040088344796,0.8036790340625425,0,1
-0.241257655,2.6739146994307963,0.04635602,2.5613298981840034,1,1
0.6725737012027313,4.173152458727118,0.8484754016282658,2.459637114361263,1,1
1.8998819348952156,5.064792427367157,0.6500778212467233,1.5305192919901807,1,1
-0.132633746,7.924509208069457,0.6877699313312644,3.0045162681722175,0,1
-0.974529305,4.419092167544422,0.34601820192610466,1.7399516580914824,0,1
1.1070806692869728,7.145083599145518,-0.390840106,0.6755293308704151,0,1
-0.120381164,7.8575203240735405,-0.928740409,2.6493850536414403,0,1
-2.172669546,7.868619338704152,0.8713102588190891,1.7790046139582953,0,0
0.8474216771504216,5.569509186771136,0.1722406976109938,0.025617934741539203,1,1
-0.535328186,1.0734217043220515,-0.403714058,4.638327074,0,1
-0.090533282,5.921649731,-0.701729784,1.5777468144264972,0,1
0.33198033056901455,7.0967997756270815,0.6590463310015093,4.059433388613855,1,1
0.1904996797790664,4.837865789129165,0.6730403888951577,4.286669260937679,1,1
0.7094518171390395,8.489167740150497,0.629015936,1.1774541781710302,0,1
-0.435486371,6.719667122934915,0.2901653839335725,1.4171714740823451,1,1
0.5131057981760827,6.136546754305568,-0.267969225,1.0748676310393135,1,1
-0.259546678,7.172761422411676,-0.39185943,1.1936269596748887,1,1
0.738810481,5.666739702521756,-0.98289046,4.510394851760882,1,1
0.6153674840130534,0.014379001,0.6672151173764806,3.1036970926317884,1,0
-0.935438702,4.001722097059269,-0.825134605,0.2705530891834468,0,1
1.0859821161750323,7.394336054495707,0.26150999608153525,1.884796069727541,0,1
-0.535963445,3.3848173198034077,0.008149894,10.996778449354329,0,1
0.8080577982811451,4.553054989526122,0.053378718,1.8104577866248965,0,1
0.36728731340134063,2.9103273721938576,0.8534256906155466,3.0823591268211255,0,0
1.8381836767951225,8.567845190403538,-0.936769977,2.9312074448187424,0,1
-0.223465982,8.362984915,0.5467844492575447,0.8625430735803012,0,1
-0.349316796,3.2322622097185416,-0.895895203,0.9299503549069161,1,1
-0.019419606,5.294596000778168,-0.923692788,2.575262684302382,1,1
-0.303179783,3.6390119044719045,-0.140364604,1.3862284886240395,0,1
0.7999419019420501,6.229889278062756,-0.873849651,1.6905963647617255,0,1
-1.616310608,6.019366154484658,0.5782879025858241,2.495889721036812,1,1
-1.053682419,6.623411143226531,0.059126187296674404,3.0063308688322232,1,1
-1.067802922,5.663836895415774,-0.941922435,0.6335808191761038,1,1
0.9503075919735757,10.870812412776935,-0.918998627,0.3175079562180442,1,1
1.7106133725819253,2.944152469978522,0.22533705947895877,0.6900423606870572,1,1
-0.104449219,1.5787932911269715,0.6122236353168098,1.4166772776875334,0,1
-0.168821723,4.213819598597077,-0.124400937,0.8375302773027699,0,1
0.070052163,1.864023468879465,0.1091613430712488,1.6803395261092036,1,1
1.1618783026081905,2.0150754599880143,0.5996589080998032,0.10989619140663781,0,0
-0.927353134,2.997370691604066,0.22101234808363834,1.425681307011526,1,1
0.23836898273478513,3.155622189136745,-0.550479525,0.917684007,0,0
0.9751976297824297,3.0907637960998797,0.2261040517389572,1.5300029478516635,1,1
0.5010941699398452,6.036437900890823,0.2565589181304271,1.0982091912615863,0,1
0.1895816165987434,3.9876218778293278,0.4682139617622534,0.6687811912650584,0,1
1.0010460925671412,4.64097085,0.24174837511360248,4.689063469753673,0,1
-2.703232293,6.788465549,0.938484261,0.40855769908635575,1,1
0.6778753195309076,3.4673549504371475,-0.605423383,2.2874216766356557,0,1
-0.654075683,4.4709082025905555,0.9021813591341525,5.171082369874163,1,1
-1.830632897,5.731519972185831,0.076678981,1.5472831390891337,1,1
0.5112025995249807,1.1168643987595575,0.34391228098982407,4.181546828289003,1,1
1.3736585451629577,0.2301889820988352,-0.801076805,0.2667233361903123,1,1
-0.137448515,5.692234657595446,-0.238848117,1.3616024934331348,0,1
0.9528745472029388,5.9840285611337976,0.5387582929263453,1.2213850343743038,0,1
1.6122782579886454,9.128440269704821,0.4138220301979807,0.016303888055888893,0,1
1.3149144535840473,5.316189752,-0.919721224,1.1713043180565832,1,1
1.639964529371393,6.639479435,0.093188527,0.9209931501060576,1,1
0.7421274910718922,4.609054712828052,-0.823443614,2.216105789220361,0,1
0.075433639,5.594454443170172,0.9917128583563246,5.571908199056419,0,1
-1.601965812,8.334513683499068,0.7945931770665893,0.17939233000944252,0,1
-0.246062488,0.7520143637487289,-0.957838679,0.7934361108611375,0,0
-0.843246595,5.827232515143361,0.7172991578052617,1.1742068513457231,0,1
2.1709427174978138,9.271173460154731,0.8388592011168152,1.2146193707261224,0,1
-0.175885812,5.564068438418685,-0.292903555,2.9816190980447637,0,1
0.12320480678448567,8.301145926465695,0.43900331009553173,1.1718012861203106,0,1
0.5514853760404675,3.741575700941115,-0.115792508,0.055073976,0,0
0.043602446372453724,4.935905011672573,0.3104649691526882,2.4764667346205957,0,1
1.695051040430753,5.067049404777175,-0.319365191,4.322686668621139,0,1
-0.622649362,0.5648178412824585,-0.354881527,1.4427012191744195,0,1
0.1946074552372427,2.6636443442995996,-0.151132222,1.7402867885476017,0,0
-0.742470586,2.806249841232028,-0.708864483,0.35571054454161455,0,0
-1.320022511,6.644132156065055,0.6622779288707652,0.49857967318970264,0,0
-0.611769091,6.7443062113681105,-0.302604209,0.5362040094471174,0,1
-0.037036797,5.648072885413066,-0.199700892,1.1268429528648507,1,1
-0.429302225,6.648205793711412,0.7881092254042892,5.266216307293502,0,1
-0.69242098,4.6717011745564525,-0.006752372,1.4753887379932515,0,1
-1.406317464,7.403863339079086,0.088507819,0.4266281515704564,0,1
-0.083105573,5.017576885264144,0.91299625,0.6187315773372932,0,0
-1.504720374,5.115728094853513,0.7734527662899784,0.9690654293080843,1,0
0.7600559636896026,4.4688147334751775,-0.661066582,1.9523945315229003,0,1
0.082439753,6.3689009552728555,-0.05356994,1.1597553975966084,0,1
-1.457551499,4.1576023667741735,0.942592455,0.9966246328208349,0,1
-0.309209077,6.952862754396136,-0.255267404,1.6635710706276834,0,1
-0.752156406,2.7357017185679866,-0.256853783,0.5537084645460246,0,0
0.31917451041918043,2.8021674905436122,-0.609939536,0.1643804478067396,0,0
1.3404504460231446,6.374853510253009,-0.771353772,0.049434571175050124,0,1
-1.87517247,4.822911570833974,0.48060958151196354,0.5787247359615847,0,0
0.11502607914741717,4.092217167693743,0.540060937,0.1921233993671547,0,1
-0.160132796,6.780115464950919,0.9380259270059998,0.8199725419213897,1,1
0.6713400764504657,3.7854771718278313,0.546836422,2.965025061210068,0,0
0.21319662823768915,4.599597491,-0.513295012,2.5196359063648908,0,1
-0.751969332,7.798455900142319,-0.919766843,1.887979785999535,0,1
-0.319053936,8.078284692,0.9708747687393204,3.8278575132476487,0,1
-0.796025857,8.144796420540654,-0.319098609,0.6627597979432354,1,1
1.0760071385985983,4.435748446132178,-0.376056915,4.326581355088891,0,1
0.021311649,7.461405809968941,0.811910419,1.0191167530234277,0,0
1.9011906857530074,3.1020943444626434,0.17019979708997224,1.0246311940054698,0,1
-0.060660814,3.186194250555878,-0.570257652,1.0395699907688993,0,1
-0.708406767,0.29908829475127785,0.7781924854324791,0.20649076656978413,0,0
-1.513714393,8.345736404,0.9867217101094867,7.417388826786456,1,1
-1.803139676,3.2720403018478432,-0.826642878,0.2981761810296322,1,1
-1.584135943,4.746934841,0.7245032566049745,0.8337167040614002,0,0
0.2671266510114834,3.179351316143432,-0.218968605,0.769268138,1,1
0.5087250232299338,6.390330496660281,0.048144893,0.15523008478076264,0,1
-1.581190702,4.248732679,0.8296319515299615,0.33036289491450405,1,0
0.8950383140761154,2.3903662191341013,0.9467583915502344,0.091791221,1,1
-0.483061052,5.883325128372121,-0.475672179,0.6917653342827297,0,1
0.14679301198554937,2.132539950379543,-0.574298458,4.029659907,0,1
1.6122206282554243,3.3251885493690176,-0.838966883,0.8293413161432489,1,1
0.8968393158655319,0.7862217707478383,0.123595705,0.26407492006375066,0,1
-0.268530648,2.1520837756047864,-0.972791209,2.075187922,0,0
-0.891192225,5.357058339440956,-0.176203405,11.368496269580296,0,1
-2.151815401,1.0709279237941507,-0.853231967,0.5287744713723295,1,1
-0.719153319,2.0377085507565686,-0.189548434,0.6558168370631738,1,1
-0.211130239,4.995262167734384,-0.920135621,7.140206572409445,0,1
-0.987179527,3.9127862078138946,0.6704345212175378,0.39391943777903604,1,1
-0.131256967,8.984073271918618,-0.580522012,1.4316613022396647,0,1
0.076851883,8.667793092,-0.343382579,0.547958461,1,1
-0.224855982,3.264155074497693,0.7400959932127837,5.386871958941083,0,1
-0.650002581,6.1142752368069635,0.49253212266441015,7.982242231180687,0,1
0.16865467196672768,6.498565113758903,-0.561923277,3.3715350440263667,0,1
0.44194064956940904,3.8050422839511935,-0.856201163,0.7560417863134395,0,1
-1.090399077,2.0089169270035923,0.431347554,1.0333100812990417,0,0
1.41093238,4.975403101383884,-0.218594899,0.5549505025648428,1,0
-0.098588132,4.654308650371778,0.5321599982364424,4.428378744465981,0,1
0.018849622944847662,4.128471006058762,-0.109410455,4.919841491658416,1,1
0.7082144232565571,5.884633736,-0.307995174,1.0855638691829967,0,1
0.23321613126350166,3.4985407859888022,-0.097589184,2.1373288906509917,0,1
0.9531366339132451,2.696004904841714,0.4971179713413534,0.36197252884676573,0,1
0.2871241652018242,5.218165940699664,0.8044405730807482,1.141632207173013,1,1
-0.612437375,5.771940185137752,-0.900465607,1.9966242862635943,0,1
0.36150352520610163,2.646710112199894,0.048223082,0.9735774067196714,1,1
-1.143726207,6.856181221982162,-0.934329142,0.8850867560074985,1,1
0.10855970577652314,1.4590377244478439,-0.06318091,0.001998983,0,0
-0.033229991,3.8437730825687133,0.7705656581938007,3.262278011881357,0,0
-0.208116857,4.483982927604782,-0.276819467,4.402542524651194,1,1
-0.128537511,3.7275525746961407,0.8649008421612865,6.977667114231688,1,1
-1.881849045,3.8698790528976152,0.2612169433012188,2.5407337189638226,0,1
-0.548724908,8.742148964616227,0.8683106875860127,1.5916550815122472,0,1
0.092844901,3.2982318219222027,0.5143332508250393,0.6274622299653433,0,0
0.15985639199740037,9.882443444943828,-0.793129667,14.527363758852132,0,1
-1.027675141,5.874253559462104,-0.537697265,1.7819910141337412,0,1
1.2657078408647007,5.1841102746239835,-0.211659091,2.286094556468385,0,1
-0.866174848,5.952480706775332,-0.659786236,2.293963902839814,0,0
0.9694572005267368,10.059855498503904,-0.01017679,3.7319119434629826,0,1
0.42719436187168486,3.012813992137104,-0.057263689,0.019439243,1,1
-0.64622731,2.7591641621272216,0.9125183960547625,0.49755599944083573,1,0
1.775310892609512,3.490267606856158,-0.132544234,2.190440098666874,1,1
-1.193636832,5.064286293929122,0.5712536085759956,4.510367725409289,1,1
0.9191541736100015,1.5484577503748533,0.8838210897029597,2.312517434165397,0,0
1.0005823180429783,5.044678478637216,0.753977662,1.0671355254714425,1,1
-0.670620209,8.387094266827344,-0.582664751,0.8974410465872649,1,1
1.3924653000643288,5.302814781249555,-0.007940211,2.678424706482535,1,1
-0.250046515,4.414629082049446,-0.304520435,2.7036907764740485,0,1
0.28869362927985703,3.763679102632745,-0.20028261,1.868186483,0,1
0.2603218387712207,6.797023409103129,-0.278386348,0.6891173553406763,0,1
-0.134308741,3.348334453523905,0.6527184203500083,5.184667088287499,0,1
0.8108082731597821,8.692791841198495,-0.09572189,1.6053881922535087,1,1
0.793488721,8.866719495428715,0.047388664,3.1259901091947433,0,1
-1.748531973,5.513501597323575,0.9648947140941493,0.48238150905107996,1,1
1.3043402428781525,4.9769698238467095,-0.880041456,0.8433133394750378,0,1
-1.662491988,7.061319616483119,-0.02408472,4.1521666358588245,0,1
1.0325462043416573,7.189597004454651,0.5481234138922322,0.10281192765843458,0,1
1.1267051368275833,3.3880165378811693,-0.697676084,1.4361724231700057,0,0
-1.09096643,3.946889733726596,0.22306318922954782,1.314423253137211,0,1
-0.410814288,2.355305130633409,-0.521070441,2.782454527068325,0,0
-1.105704668,5.818129876668114,0.7348082264491351,0.6622755381323759,0,1
-0.21492103,6.333255766913782,-0.345800669,0.4945313843242883,1,1
-0.308034284,2.300148724277454,-0.341874366,5.2109738349826475,0,1
0.7796605322693398,4.089602190367682,0.19638775703578704,1.695907860247294,1,1
1.3103087461196083,2.3054921648373017,-0.632874184,0.22116953953299204,0,0
1.395683810789956,3.2024003795123246,-0.430222722,0.428952845,0,1
-0.562168027,6.102034120452599,-0.1667363,13.49477850485748,0,1
-0.209221874,3.5330358666434414,-0.292724274,0.4353396099009921,1,0
-1.683438192,4.398348087935402,0.049754436011164804,1.8856570872834724,0,0
-0.805870066,1.745376544105369,0.19928028813793253,1.0898960513636102,0,0
0.9648516330974576,5.373980419449328,0.13333490750032917,4.336092575831903,1,1
1.6155828235482317,4.911453360310702,0.3083366239838645,2.8143708742528912,0,1
-1.234348872,3.5420814999336754,-0.384500967,1.8173962389964786,0,1
-0.592464259,4.621971404635052,-0.747147546,0.021594122,1,0
-0.026405757,5.360589761006889,0.5216150828621542,4.237116773146392,0,0
0.2801611588196068,3.3702637021813118,0.701560765,1.1763763860268641,0,1
-0.80960352,2.0474749119964413,-0.485987536,5.364111594914154,0,1
0.4240610444640897,8.611148865,-0.185816088,1.3685295438386156,0,1
-0.473839347,3.7334545905794547,-0.002861566,2.369808142,0,1
-0.014452271,4.806479793626221,0.066653686,0.1436207799339449,0,1
0.5462842480036996,7.0216794700406275,0.3189803421753037,2.734173260905024,1,1
0.00642227,12.058110375140968,-0.916793533,0.824967456,0,1
-0.436385891,2.5110271002222686,0.442954165,0.8657517922551147,0,0
-0.109609804,5.899654427,-0.876057986,0.2526141753599824,1,1
-0.088362959,3.5848954294117874,-0.063422865,0.3176565523138104,0,0
-0.37001103,3.9224193908465783,0.6553422711383883,0.41099791406441666,1,1
-0.258796063,3.559575958,-0.097569373,0.795607568,1,1
1.598647170504717,2.748690064,-0.701820502,4.450691010489134,0,1
0.5609194479412387,4.917417276430677,0.9700676900119194,0.9185554779739035,0,1
-0.295480318,2.0509946259035288,0.7785709241485266,2.5773388634749166,1,1
0.6969544045107356,6.893615133023741,0.542627266,0.17274498890590384,1,0
-0.33381949,5.110005872,-0.176976794,1.788563430265172,0,1
1.1731246375866413,5.844869946,-0.632308546,1.3151401610452098,0,0
0.3696421921980939,4.067622776107554,0.8828223628370024,7.629606296302298,0,1
-0.107302144,4.265592131576503,0.064702253,3.7443054851116195,0,0
0.4477169258102776,5.575127810334656,0.7047109207749702,1.2133143778778106,0,0
-1.570876152,2.671898735188349,-0.315809988,2.9845791700611266,0,0
-1.126767469,4.284019131173328,-0.329423366,0.42895923684872694,1,0
-1.193925006,3.280772972243092,0.9710809613480782,1.652609068653862,0,1
0.14294309476370676,3.2188623788179713,0.043666097,0.15509958886309258,1,1
1.732514999485092,0.780323519,-0.718609152,0.8556945578257728,0,1
2.2313001461926323,7.678653178959999,-0.560650644,0.5120107226470385,0,1
0.6380511014407572,3.6269224936924624,-0.036111441,2.5381594384721264,0,1
0.5008444749444569,7.32675211,-0.915058179,1.3470447899743603,0,1
-1.801057734,7.1375846427885845,-0.074932029,2.7811709403306564,0,1
-0.5426738,2.4280005869670127,-0.162118316,1.448431446814606,1,1
-0.787783752,2.8231775286543086,0.5586725306389739,0.18090974455282594,0,1
-0.620847598,10.121005918711369,-0.290116071,2.658827547497152,1,1
-0.168143819,8.501851883854286,0.9650975230791987,3.582270496042981,0,1
-0.472090578,4.936962973343792,-0.638460161,4.677071815,0,1
-1.97929981,5.514746212834699,0.18197336993626978,1.6972265284011447,0,1
0.7479102561175338,3.7383071941056225,-0.820601406,2.8014792588862862,1,1
-1.072743026,5.864705428,0.467727968,2.7890106531046612,0,1
0.23924686411114954,3.5656361985550573,0.989507376,0.3386126704047376,0,0
2.0740826697499735,0.9352924714032307,0.6382772755032644,0.35878136192228594,1,1
-0.919384592,2.356888426977898,0.11140708144060252,0.1470466064161218,1,0
-2.530287523,5.042185495701174,-0.030517285,0.771070963,0,1
-0.286004222,2.7378655289948246,0.6700599225336938,1.2830405170806112,1,0
1.100959634998571,4.865445070172931,0.8719481694214486,12.32959191731166,0,1
1.9583474542205939,2.850677921134274,0.978413052,1.127726287627682,1,0
-1.229549594,3.435292154996013,-0.206921545,2.591025848544484,0,1
0.4966992232365217,6.706330612826384,0.9818349495890246,2.364403227091167,0,0
-0.465310457,5.4949610952802095,-0.688147496,0.4575234832894187,0,0
-0.105948354,4.980671157373306,-0.492900448,0.12057705343549358,0,1
2.6443433470170348,6.757927946141303,-0.821967751,1.5793459045414449,0,1
-1.502970328,5.961217186694695,-0.456522967,2.4099839290831513,1,1
0.25373966149457344,7.893126582502735,0.5358751032360223,12.698325956411804,1,1
0.4676931717654332,4.080281475,0.7058487163568994,0.8882384467339589,0,1
1.0857863249393471,4.140730042944982,0.5577852902051434,4.533751885586639,0,1
0.097983153,2.3977814672173094,0.26213155633539253,0.9623150655732473,0,0
0.3080505395041023,4.142038565,0.027933025,2.338574130296851,0,0
-0.391648567,6.929539788604892,0.41740857842729295,1.8238651375416757,1,1
0.26912694124510733,7.599974744524268,-0.218332901,0.10886758498185374,0,1
-0.343192275,6.920610336173336,0.6826167029994037,0.16326286315680671,0,1
0.6215718898560508,1.4116162669011274,0.35438018795357085,0.04196539,0,0
-0.369610336,7.166290425321469,0.39560939698881703,0.9267205611689038,0,1
0.37710039390218647,1.3229627534558586,0.071871986,2.739276091973427,0,0
-0.029262814,6.796234648244695,0.7704579684223452,0.3793097051787415,0,1
1.1260502507721681,4.264430947,-0.495970533,1.8620625252133731,0,1
-0.051393724,6.405066627867711,-0.237704693,0.6816813126628792,0,1
-1.773032468,2.335103304210868,0.5552851393553782,3.1890259310439806,0,0
1.2619215007139917,7.342335265412293,-0.014502208,3.2029012815993276,0,0
-0.905732301,2.070050507790222,0.7784280268483816,2.986997729236842,0,0
-0.653766339,3.6630901782936447,-0.30720136,1.4881800781941046,1,1
-0.595661294,3.0038107444619295,-0.261339662,0.6697338398871889,0,0
1.3744380931708173,1.491430294355002,0.7774715787732507,3.315618789251793,1,0
-2.135674214,5.189055135176937,-0.07125936,0.4118369221544947,0,0
3.1377485336599937,8.612178235673923,0.032249168404973494,0.6843035551259156,0,1
1.0560568090660518,10.333810444640019,-0.334472569,0.4065536809679001,0,1
0.22323891412915967,5.194311574172495,-0.446660116,2.243005538532508,0,1
-0.054894001,7.233362550135045,0.311897422,2.3182285152517683,1,1
0.28555407485765694,5.464189275857074,-0.760318677,2.114038741223261,0,1
0.5211224283793383,5.997766389536426,0.7585452823658185,1.0743442182882172,0,1
0.645215586,4.315702697745523,0.5584062735302158,0.21110108342645215,1,1
0.5556044660034485,5.390153850845204,-0.618503473,4.8420523418134795,0,0
0.089580681,6.074957409212857,0.3880398916491308,1.417459781657354,0,0
-0.19733842,3.8430805422473373,0.20526584257126967,1.0450279844644235,0,0
-0.151273284,4.845011400214024,-0.630929899,1.777472209457743,0,1
-0.19490828,4.883139762005023,-0.453592988,0.4283439228482269,0,1
1.1337700968670645,6.652806634661049,-0.182026993,0.28439199651553326,0,1
0.5935567222808619,2.867935656744639,0.39848547049094774,1.0401539768143404,1,1
-2.940388635,4.896915582784697,0.2774468176340119,0.5155235490439247,1,0
0.655900777,8.824010938105395,0.064469695,0.560195928,0,0
0.19473619471877485,7.3281203051718755,0.5368210862280685,4.460742600361541,0,1
-0.018708756,7.698358098,0.5158754792123319,1.513278321684488,0,1
-0.388518453,5.048863680356068,0.23571830812451178,1.3212401947839296,0,0
1.1241127199860135,5.641995127372047,0.5739801667696505,2.339011318174534,0,0
0.9475264621228578,7.004472333,-0.33147325,6.054368016005241,1,1
-0.772877668,8.120511059061862,0.7624990566452112,0.23801433926425722,1,1
0.4070522871245351,1.0967941742342266,0.22982017160388146,3.5859352027628844,0,1
-0.971656735,2.3691173859003087,0.6447270276248611,1.754232250470631,0,0
-1.379618165,7.618888202805296,0.09255821,0.31603545334271327,0,1
-0.626717225,4.446221288462393,-0.56312351,0.7052216237001004,0,1
0.8623934723827588,3.6565584214838456,0.084820257,1.3169559908441275,0,0
0.9531250453760867,2.4916780260087923,-0.257776672,2.3499748997924885,0,1
0.51308542,3.889966596911781,0.394998072,0.555746056,0,1
0.7250957868479971,2.1952614331523503,-0.048412417,1.5309145909010122,0,1
0.5161782871149584,9.182188545464953,0.6722256098553754,2.308281460969778,0,1
-0.641481595,4.955127896038853,0.35614502464383335,1.1911001477078274,1,1
0.43192254467394064,4.8840989164745645,0.3690888660626479,3.975927736676882,0,0
0.8004095252276823,6.176153350335664,-0.565689333,4.0721374262381556,0,1
0.7542913298135743,6.924690338533139,0.9684995329825807,1.272366615703253,0,1
1.188913371474643,6.891776313109279,0.6833504185429775,7.218341449990339,0,1
0.7083038472010638,7.147243887815144,0.5780097691213892,0.15718854786579542,1,1
0.3514482075415829,3.7383088984182873,-0.33956955,0.006736088,0,1
1.0701502383164274,4.404266390086278,0.071263306,0.958228454,1,1
-0.026521259,6.538063310884551,-0.725793624,1.8380743065408174,0,1
-0.881874651,3.945221877,0.076951953,1.984185739824101,0,1
-0.163066964,4.989786736,-0.708221507,1.2942291968884692,0,1
-0.744902645,5.797527528849629,0.10607568797920242,0.26679609043855734,0,1
-0.675178275,6.570370164620752,0.29744376030981123,0.3738583635172509,0,1
-0.144518671,1.4446380752595975,-0.219608066,3.8230867926686964,1,0
-0.792419921,6.4294913,-0.002910243,4.048560677047149,0,1
-0.30796153,4.532551884296549,0.7513067753491718,2.2410934249649452,0,1
-1.893614667,6.414915421728762,-0.782873711,2.1825861131076776,0,1
0.21329370737293857,6.553863384709658,0.5834657859993058,1.8210255530469346,0,1
0.001205475,8.215830122238316,-0.658490898,0.45361522584878217,0,1
-0.817088631,7.706907295242406,-0.926584034,1.1181093416917927,0,1
0.6592456684324051,7.693143325220593,-0.628850795,2.3807621927371523,0,1
0.9375701376265584,7.887340638332477,0.5300863799409794,1.5411464746525925,0,1
-1.607559864,5.582757969631892,-0.189747853,0.037510234,1,1
-0.762724779,5.064370174073679,0.7450410336923639,6.1390507262118925,1,1
-0.76914235,6.745634166356669,0.049415082364531626,3.7262882162079403,0,1
-0.939903101,6.464161902866045,-0.955499296,0.6036837393821609,1,1
0.8294748419317485,4.381867527,0.4334272192038535,1.9166171696207441,1,1
-0.193826139,5.809646817616536,-0.779534183,5.134127158641544,0,1
-0.264514841,4.929807066430811,0.5787592669238488,0.20187620041161178,0,0
-2.003862364,3.292134183079888,-0.6637949,1.3984491442865046,0,1
0.6354180302092264,7.580921483,-0.309107228,1.2185057412633855,0,1
-1.239258395,5.110398485060179,0.5225428592507206,1.0559605380902604,1,1
0.05993263,9.097416515,0.9084627149528433,3.610767019575903,1,1
0.2773769379581917,1.7490154596003347,-0.257132099,0.9581570329492247,1,1
1.360658595838651,3.8864424543132676,0.6588004403978716,0.13156036093595322,0,1
-1.308820399,5.065277673381743,-0.618415469,0.13621026449733295,0,1
-3.019512156,7.2747621952578285,0.6143595404049822,0.087370109,0,1
0.18384954475369486,5.798938745,0.3149881185125021,1.0523707051090212,0,0
1.8005111815108537,5.620945508361503,-0.614512986,2.534579895819335,0,1
1.2389463529394373,2.745472414891706,-0.394992079,0.4556149759823033,0,1
0.20965941527462578,2.6861172055410574,-0.736458223,2.079565492994621,0,1
-0.491636186,5.645009321,-0.234065978,2.3236695737514177,0,1
0.8071225966373103,2.271788012363283,-0.592702718,0.5892848096331529,1,1
-0.9735462,3.936244499421343,0.28799590726094704,1.8353716894865684,0,0
0.47635776935621926,6.001834658171715,0.9890102084411174,2.3095295186242577,1,1
0.5054701591666269,3.035351455446448,-0.975981674,1.2570184142438077,1,1
1.0602099074988798,8.210711924723613,0.081839627,0.8211058500927187,1,1
2.7596600389110777,7.447872688,0.14733319509801945,1.9307075122982587,1,1
0.39241596717876703,1.8571600033233993,0.8284175793616237,7.619572587062781,0,1
-0.508963626,3.1352575136360255,0.012010669533875085,1.1131856561637323,0,1
-0.025574312,0.428445511,0.087402839,0.99428959,1,1
-1.769075905,3.4348172749037333,-0.056694397,1.248238388436545,1,1
-0.694713131,6.532776953144799,-0.462191391,0.15855918363864496,0,1
-0.409282438,4.172210115450286,-0.887941734,1.6111240600121433,1,1
-0.524088398,5.921594487231935,-0.182684636,0.7970705118423232,0,0
0.152354872,1.9553313634365117,-0.894817058,0.2589014536557325,0,0
-0.822419932,6.595950509163811,0.10098493893183558,1.2556806884943168,0,0
1.1210306673244714,3.8897815441433004,-0.385412714,0.00677945,0,1
0.000207065,5.024339364565811,0.067204803,1.0276109353977974,0,1
-0.009300321,4.814250997213895,-0.731406071,0.22350685351224048,0,1
-0.327894717,2.4569029582154323,0.8652599314787193,0.049185277,0,0
0.15519068385897913,2.6938313365204354,0.7890424870998698,3.479948119,1,1
0.8250982646676347,6.935588938006852,-0.620006982,4.9598096384329615,0,1
-0.867130216,5.797984315003391,-0.313111433,0.46556634799106733,0,1
-0.658116489,7.100098083106854,0.22698554370395918,1.5500088770175087,0,1
-0.303726029,5.6493164710050365,-0.808627585,0.6513443753127526,0,1
-1.345870923,5.285981269618433,-0.290864358,1.3607677135189848,0,0
-0.81925786,1.547978762666467,-0.497775426,1.147642035,0,0
-0.476220874,4.4592666064776605,0.8310334574333933,0.6268233289256838,1,0
0.8743891807127275,4.945231359192512,0.7050212725784104,2.4105711955599225,0,1
0.26256132900192497,8.906214396545149,0.1596654825337276,0.27047359902678814,0,1
0.19358991136754436,6.373913264197355,0.040692674,0.10906608852636475,1,1
0.8508979621679722,8.072122363419057,0.8614515890907943,2.9192397789387203,1,1
-0.137371788,6.195075411789457,0.8648555659576307,2.1928096411632327,0,1
0.3904648499288896,3.5773935461010415,0.9386602507033208,1.3804075299074574,0,1
-0.103221753,5.234248432299703,-0.749242232,1.261433398828439,0,1
0.26536234939962844,5.472447292528466,-0.678884378,1.3759665907546463,0,1
-0.582758658,3.1216888604586366,0.35347339735977323,1.149036831395309,0,0
-2.438817158,4.231225246814158,0.082868953,0.9980981336225206,1,1
-0.134279162,4.588466012645656,-0.96306819,1.3850571554127813,0,1
1.422748136,8.211239665130236,-0.876049928,1.5037367075981283,0,1
0.9262154022415924,0.8385189492180434,0.7761607645176103,2.3546767684553056,0,1
0.9653974845911707,7.411636841432086,0.7377415910787726,2.4840913341125166,1,1
1.2361307218062179,3.1264095300812347,-0.285458156,0.9484380595993922,0,1
0.088657591,2.255841625460772,0.7821012338610693,1.067303411524739,0,0
0.1973157074055956,7.359884260076928,0.18735014879580358,0.9358425408770085,0,0
-0.617651895,6.463796138468762,0.6118112940378038,1.5380521569117316,0,1
-0.316072856,7.509037404762379,-0.145137858,1.2079060142283264,1,1
0.6157711497711416,6.6014038950911536,-0.773203345,4.407226217684937,0,1
1.2038844371688162,9.119690003474805,-0.132545875,2.3838333245434113,0,1
-0.139446276,6.117447673888971,-0.085400404,4.578476790569864,0,1
-0.450189265,4.687045247753683,0.101888388,2.4698057680523284,1,1
0.000527959,5.685852754642685,-0.788834574,7.080377490162279,0,1
0.6012067489291149,7.486938256691927,0.9828037260992228,2.019757072042765,1,1
-1.443854816,3.441249349479766,-0.511726358,6.623635222032528,0,1
-2.296180953,3.696222834937238,-0.602895193,0.3443541103611714,0,0
-0.550536849,4.3820799708041855,0.053605837711873106,0.10780957290023692,0,1
-1.220712426,0.7908344024693355,0.074416359,1.730839683,0,0
-0.508140198,5.276156816835094,-0.120358524,8.207966426237737,1,1
-0.147780319,1.2277425920979477,0.543784293,1.0812135838629051,1,0
-0.453248409,5.106118625865238,0.033308801457205384,0.4766244376040344,0,1
1.4524675344707454,6.730579512270499,0.21939091028996827,1.47437139,0,0
0.32674476460232005,4.046247078712328,0.44749277081557115,2.092791001763432,0,1
0.30047435961082836,8.354231740373741,-0.949949797,0.7571946882370099,1,1
0.6222071440434019,2.0789982011630244,0.14128836509008957,2.508914315141932,0,1
-1.138833118,7.382521363263665,0.7683889424567385,7.3869405151482015,0,1
1.0391117874202687,6.350274112813842,-0.965222514,4.545336626379238,0,1
-0.075764287,1.567933503378622,-0.189635792,0.6894514521412461,0,1
0.6704806172412126,10.421588598081065,0.8524549004116599,0.7911989175557951,1,1
-1.071857233,4.872509428992068,-0.293691195,0.9289696898166078,1,1
-1.553758766,3.2450319556887366,-0.082542352,1.0035757695303922,0,1
0.8178896580250287,2.185825610431966,0.9630827860886255,0.21143115557713743,0,0
0.3764095260975166,4.559963944680652,-0.601352282,2.870656956756946,0,1
-0.902051554,4.745186255,-0.869489622,0.9093293925340277,1,1
-0.869663081,5.205291057079329,0.7188451817226087,4.237528932491776,0,1
1.1254347844147694,4.404407688,0.736930682,5.232965573066465,0,1
-1.189411893,6.266450620230187,-0.055844331,0.049469411033293206,0,1
1.6426729532559634,4.224740334673507,0.028414349,8.931350459,0,1
-0.900620735,1.130071765519058,0.6716127392356721,2.4759054871144732,0,1
0.638391926,4.701277008700718,0.47711899623159026,1.4695732932087127,0,1
-0.328618476,0.2650446932534436,-0.469701996,0.9870444180268266,1,1
0.6031874310823431,5.707541261782779,-0.96621329,1.4617734140804193,0,1
-0.544114002,3.041399539434729,-0.040599675,0.7849735562484396,0,1
-0.162792906,5.326720709831601,0.7178246521912828,1.9493647076460343,0,0
0.040919175,7.628149963049209,0.7916693533803243,0.1951821663541588,0,1
-1.002187456,3.1025026094639996,0.9124523941523077,1.941085233533081,0,1
0.7408243454201259,7.122512517024235,0.7591264752255624,0.6441187853014613,0,1
-0.513213566,4.133220866627694,0.16008711059619674,0.03558435,0,1
-0.228599915,8.506389604,-0.110788802,1.6090773193359151,0,1
-0.994349375,4.2696947736035735,0.5496996930681981,1.7276231221324665,0,0
-2.562333659,3.3190140289866172,0.4796432687311929,1.1122353434593002,0,1
-0.191027763,6.374476900790577,0.07628686,0.1500640680431991,1,1
2.412615421612916,4.128420540752728,-0.825345255,4.476273517,0,1
0.7846042878980238,3.317100971741983,0.8521626935738376,1.8905680453185267,0,1
-0.01926038,4.044320298592417,-0.088794925,0.24594789434173223,0,1
-0.262890829,4.910786935633997,-0.273332436,1.430501658857913,0,1
0.022465893,7.684360262489708,0.2591347903375434,1.375341670094841,1,1
0.547119115,1.1318245090808459,0.34767592233395384,0.12460603024657946,0,1
-1.180812815,5.046161317900841,-0.578624166,1.8671774850607366,1,1
1.114321694668872,6.249807189308086,0.6738776896199123,3.3039226959353925,0,1
0.7153813154412441,5.386897149983592,-0.420125813,2.7646688580091197,1,1
0.7181857257079345,7.619730338867068,-0.626632148,0.4537244494454563,1,1
0.4384757388097273,4.851309340482952,-0.187200294,3.965247246,0,0
0.019616657693989903,4.630897116,0.46112016179493054,0.8387492945340668,1,1
0.6728612359668199,6.184659094026687,0.9309163568796068,5.856460481862974,0,1
0.591814134,5.198627629902699,0.6185625287428664,0.14890398559176662,1,1
-0.354040711,4.219182523439058,0.8806967553403835,1.3318762095286527,1,1
-0.573601773,6.032288079172759,-0.718788392,1.8182547858061604,1,1
0.1018562952619867,3.6949434135667096,-0.857646402,0.5691075373332231,0,0
1.5490201514951873,3.777645695961346,0.11540952381334235,2.9513897357208565,1,0
-1.239107076,3.944011956468773,-0.419405034,1.9717944392990014,0,1
-1.467525266,7.706138320332815,0.6561099459385458,0.03655084,0,1
0.16476084123651674,-1.442032712,0.34397574280465215,1.8748683278456453,0,1
0.050887702,5.791197669525885,0.9414563279715888,1.3524945218120386,1,1
0.1733416643704082,5.068543628400445,-0.490415289,0.4363846619790557,0,1
0.24395319790850026,1.6382590815237594,-0.028431771,10.920838441140509,0,1
-0.223202255,5.619453558272005,0.002480955,4.549204477942068,0,1
1.4898634386020821,5.951503983663064,-0.52164641,0.6920570517801199,0,0
-1.600903978,6.179278463,0.18018679897601553,1.5577191848071132,1,1
-0.828497025,-0.303656126,-0.113428028,0.7610635072709125,1,1
-0.10325476,7.732778823708877,-0.106556888,2.9877212966176954,0,1
-1.643188811,3.5245265906303183,-0.274526704,5.328012082730702,0,1
-0.175854404,6.373135493506352,-0.966141295,0.8889169477865111,0,0
1.6614701657280182,6.482147561364572,0.044190474,3.2755127346285025,0,1
0.020886488295961788,3.246605828761414,-0.329504329,1.3799346541670297,0,1
0.23070090571868349,6.320919904703101,-0.997360262,1.010278846153148,0,1
-1.260164765,4.229013518175283,-0.384112585,5.5748964264831775,0,1
-0.616361408,0.8572456413236855,-0.442743334,1.4283522489237712,0,1
-0.37519638,7.3354838510555584,-0.213103694,1.2600086417752938,0,1
-0.317715097,3.449910074,-0.736296021,2.2321338892248863,0,0
1.2816437950037687,3.2910130745238915,0.015367649,0.605548649,0,0
0.5576910607251245,4.193868263926555,0.38488070503625993,0.7854715541790761,0,0
-1.111457957,5.544473450654776,0.2603711381091449,5.377843726841744,1,1
0.24650477843200488,4.885459178355795,0.6075098951383813,2.269701142909589,0,0
0.49822174849678513,6.096133849414341,-0.095983424,3.504736938506552,0,1
1.1401490385212665,2.321021266942682,0.038183461,0.6324697345596757,0,1
1.5805406865683735,3.5152272591385305,0.6208038817179666,1.5696049309657936,1,1
-1.015094192,4.768005855356932,-0.144597658,7.108436089662473,1,1
-0.810857511,8.795774585,0.40319869979919387,0.7675165282860642,1,1
-1.257577859,4.7723749231724835,-0.130795263,0.34984156358689134,0,1
-0.234019859,7.170444527323263,-0.164527611,1.430319409317294,0,1
0.4663583744463345,5.0771103375686355,0.5204112490583206,0.9814614010151907,1,0
0.9873345165891019,4.032682725124863,-0.650326169,0.34770043890668717,0,1
-0.075951024,4.506551151771119,-0.322828056,4.388383251435472,1,1
-0.319847523,4.663160575942237,-0.551655447,9.360630433754912,0,1
0.15175799224874037,6.207291477921477,-0.281780114,1.6813564802164607,0,1
-0.835142902,7.749222535153109,-0.539250355,2.980438645343774,1,1
2.0895387216947734,5.719361695372642,0.15881126217330932,3.9185351001567676,0,1
-1.607661027,7.374155357483511,0.5963416052356905,2.4145030537464383,0,1
0.18474057889572446,3.070420524740629,0.5732261224358037,0.090321221,0,0
2.0236062192296393,4.1707389823719385,-0.270998071,0.3430819098583505,1,1
0.006799845,3.5513949315846665,0.9775208117885235,0.14726981061488786,0,0
-0.190039035,5.628889181749705,0.18770872941160155,0.019857468,0,1
-0.357445423,4.282083229641173,-0.201199396,0.7305562875746661,0,0
-0.180391682,6.459545874068391,0.6710785584828509,0.9963320595674475,1,1
1.3728484746765302,3.137996576735117,0.4597480252852817,0.5515853507838019,1,1
-2.211861911,5.0860619466425625,0.4985506736482088,0.133572006,0,0
1.5334337012963255,6.373715822024512,-0.607721301,1.5094626612086535,0,1
-1.423957152,0.8693944499187793,-0.063351385,0.6385362551808116,0,1
-0.266652329,9.243262614660406,0.7236562616492055,3.179634866820078,0,1
-0.42924442,4.4336962302402485,0.008076015,0.016170438194959457,1,1
0.5885532697707198,0.949920173,0.36690548684210067,3.6970031793498834,0,0
-1.598124352,5.316187797153572,0.1758674660685291,6.1912678296290515,0,1
0.46217266608194285,5.066886935946302,0.6847135754367641,2.518513456853485,0,1
2.0243096232868525,4.836211240855014,-0.43087832,2.6458435282848782,0,0
-1.363174005,6.982382225853333,0.15095055577272976,5.422981574354493,0,0
0.18970616761039566,6.494889942854112,-0.753530664,0.4690948715128473,0,1
-0.661982178,5.595752382,0.3804215533989357,10.430000620141115,1,1
0.42588720619303577,5.900311267893295,0.4639356767054241,2.9698547004221942,0,1
0.019147777,4.791283101123827,-0.914325358,2.5934244438162866,0,1
-0.641486909,8.550981698480097,0.35158192725597015,0.8959851716371813,0,1
0.487872285,2.041607963284467,-0.170619692,1.5783361615170597,1,1
1.804348109786743,5.279303348431793,-0.751806248,2.1221578520037734,0,1
-0.190903792,5.130049262,-0.160184905,1.9369734003469903,1,1
0.7197579421481819,6.626560812129186,-0.611534141,2.4414557020814263,1,1
-1.293272958,3.3122922451502017,-0.168880936,0.17194762524439505,1,1
-0.956436377,1.5126547952069278,-0.231321944,0.8790215801627433,0,0
0.47240627788037737,5.313646032196386,0.47678327387211494,1.138322460199171,0,0
1.484116028535965,5.562460984437208,0.5484311163327176,0.6039117142300499,0,0
0.355613349,7.9791988188952985,0.21405730876909335,0.37899996897814087,0,1
-0.313058031,2.4592759073498276,-0.954626316,0.29915310071576484,1,1
-0.000708595,7.309387533433441,0.862044558,0.9126224542183875,0,1
-1.250407734,9.734828728054243,0.37246656019289537,1.3602317187507273,0,1
0.6045153263553668,4.2444702249550454,-0.9316091,0.13009370627899702,0,1
0.8823330623234091,2.418115561013552,0.6376657984282357,5.854581306003024,1,1
-0.452090333,4.186051267253258,-0.599467691,2.898411435361268,0,1
-0.470042148,5.028009934742761,0.1584423791422136,2.6249860441814956,0,0
0.2658782296520485,6.127575750013829,-0.06673126,0.3795638928231993,0,1
-0.436719736,3.817210540323905,-0.160322435,1.8516761663305439,1,1
-0.066132615,8.110397068294684,0.7794274402487951,1.5088750717923813,0,0
2.0997217891665154,2.7709353699838766,-0.125277417,8.087551480085448,0,0
-0.247025701,1.521589696,-0.849311765,2.7540490786113287,0,1
-0.358340152,7.213420848574635,0.8932774544299051,1.714920772753504,1,1
-0.647541806,0.45075793758760074,0.8410704624792551,3.8051049814573714,0,1
0.7441919714999368,4.591740462254568,0.3688653791631975,0.33706044199472557,1,1
-0.181224173,11.235362258416096,-0.064214944,0.030666978,0,1
-0.649373038,4.975912894080137,-0.814281054,2.3438719066981064,0,0
1.321304032273012,2.7584646986075008,0.5814962371549524,0.2069722362939418,0,0
1.4196030045136372,4.885205072426412,-0.849044171,0.24531548547964213,0,1
-0.600423566,4.898398422760933,-0.86279803,2.7304809275031774,0,1
-1.866539951,5.321299880706233,0.074767685,0.6308873531315894,0,0
1.0075136898369221,6.324525964319239,-0.67974352,1.981119364,0,1
-0.684629826,2.9217776632645216,-0.984539465,4.987658905945387,0,1
0.7906255991627686,8.375096110473587,-0.153773138,0.7609827236533646,0,1
-1.970103818,5.490228568745236,-0.725565537,0.48961341914223644,1,0
0.8925973382993092,6.453588092803607,-0.678969169,0.2253586519527885,1,1
-1.211171929,3.743701200488715,-0.846178723,0.27958731702159006,0,0
0.7307641190665245,7.572764273991067,-0.589812493,0.12848554655875913,0,0
0.014273067836434106,4.485895182373871,0.43096835954877877,0.18344647458784366,1,0
-0.953939419,5.555105026987063,0.6178546144355828,1.1312838783659513,1,1
-0.407036313,3.1337878456257817,-0.094932712,0.7738708313703397,1,1
0.6863184569567008,3.0061367471957463,0.013107631762835359,2.4521697300197856,0,1
0.10589445311523424,6.376410612905765,-0.934689931,4.084162936070968,0,1
0.5844129804724842,4.112786339585228,-0.861367477,3.072125875465481,0,1
1.9764405845154855,3.292353824991246,-0.484864549,1.5127587390821815,0,1
-1.564241612,3.7136333159459394,0.087796841,0.2161553325021672,0,0
1.617212574968624,6.3979061434348425,0.4791022974699859,2.4741444172815887,0,1
0.10435593752321293,3.741924277592778,0.2100061226760661,0.9014335631427782,0,0
-0.898784048,4.7646901367956715,-0.21574429,0.17908455895255226,0,0
-1.330313626,5.030055500574194,-0.763351854,3.696233111840236,0,1
-0.189120391,1.165302227979402,0.5615464697743788,0.8256336835459946,0,0
0.9216501119244593,2.057747189252964,-0.272427897,0.49243757843181535,1,1
-0.12754912,5.672555778495125,0.47210802896557924,4.102906812445154,1,1
1.5111549302473475,3.5259412776946055,0.025957683828683686,4.648309477415165,0,0
-1.45117569,7.1134498225608365,0.4773241071236505,0.8279146417551866,1,1
-0.012088948,6.933614208501089,0.8145791229051438,0.8763942649752926,0,1
-1.252393444,6.438337332710875,0.842059032,1.7332330009439483,0,0
0.3636318826249679,8.639543574625195,0.07021356,2.644323048101885,1,1
0.8868873900973003,4.833821344513634,0.023016729531277536,0.13046248609597808,0,1
-0.420761794,6.297763851807678,-0.468643069,1.7995736335484334,0,0
-2.604213857,3.8311980468079376,0.8715996630585827,6.107573029065073,0,1
0.19894814679649453,9.904739825737447,-0.084161666,0.6078773888549852,0,1
0.4367385517335095,8.967267304872038,-0.744817521,4.789997653235446,0,1
0.40429475496169764,5.023760869035584,-0.134590171,5.998209538584055,0,1
1.235782191822154,5.773172459810384,-0.7458935,0.627104041,0,1
-1.07105368,7.718595198729611,0.005063369,2.8064893459008333,1,1
0.6802161054504494,4.705720990371786,0.12255102971242438,0.5456526242979358,0,1
1.192507512477975,3.6867518584005907,-0.324488477,2.675855519811702,0,1
-1.778587584,6.747979502013765,-0.856698772,3.1932405339918226,0,1
0.31965182591897723,5.1568784921673405,0.8870070712664782,0.567926535,1,1
-0.504179831,5.365988899290521,0.5467062269668592,2.516643585422661,1,1
-0.081522673,3.3314573138640693,0.677762161,3.3437390571947327,1,0
0.34767648353833636,1.5646557032732074,-0.266263211,0.8881381039790102,0,1
-0.487228564,5.472284819758202,0.52166206,0.3671313231182465,0,0
-0.675708079,6.809924083,-0.02925421,0.1929437567282876,0,0
0.034152417,4.548386501847916,-0.597833023,1.7131292795113815,0,1
-1.087245939,7.872859039117733,-0.751153246,7.642365539703968,0,1
-1.085825129,3.592167349168911,-0.309898261,3.4626498159007544,1,1
0.6793732829565033,2.89059109,-0.724895777,1.1448334795348702,0,1
-1.148794035,4.865539385607738,0.9965379524081373,1.538419551172778,1,1
0.6663125009092119,4.834814849297419,-0.90162202,0.655697134,0,1
0.4625912928539512,6.539937462670445,-0.117712801,0.35601981233036895,1,1
-1.725806729,3.4500743518720305,-0.095812955,1.3158734502434395,0,1
-0.677564652,7.736188473629796,-0.398736143,1.2453832722923714,1,1
1.1941094030473725,8.933833925016508,0.14270313141389068,1.4759960299508006,0,1
-0.981165531,4.921711946063316,-0.700045952,6.106917085777146,1,1
-0.464404262,7.4994208403686375,0.5678247611744673,1.8521534181993409,0,1
0.4620608932518965,2.887005859,-0.335104564,1.8616508848557178,0,0
0.7833905092825955,7.150443082363832,0.18268517959728348,0.27398850650569223,0,1
-0.251538886,7.094552817118926,0.4312784721339187,11.303632534238632,0,1
-0.597510195,6.726874560379757,0.7780842353803223,2.964244859275939,0,1
1.4223698616985077,4.968873822259412,0.6715748729044002,4.194450991351527,1,1
1.7388996637975789,-0.908497882,0.21661805620711916,1.069896538,0,1
0.9788580507817954,3.7165457126957415,-0.223213639,1.3948249109948014,1,1
0.085318143,3.748167964630796,0.00640934,1.4766397896775558,0,1
-0.808265722,3.043490123879045,0.5374695867576051,0.43157767551802395,0,0
-0.830444407,5.244486009094133,0.7550910851189461,2.3390729099115775,0,0
0.5225141052657575,4.1620731089575305,-0.792436144,4.665608733117134,1,1
0.4183982208886837,3.3507759804699564,-0.230287475,0.3575496712360854,0,0
1.4015985929464294,2.8823997035043605,0.5522331968270011,0.18054597723037147,0,0
0.6504500925361392,3.5689740290295426,-0.136696475,2.6804932835794766,0,1
-1.503080302,7.242998423699857,-0.335544472,0.6382129253035389,0,0
1.0519476177229186,3.677949890745012,-0.177354606,1.9556012431912957,0,0
-0.998060627,3.970122587133455,0.2056894935727016,2.379865905117641,0,0
-0.383971272,4.0866047699535075,0.999610288,0.7769527651331215,0,0
0.2502002062516945,5.6779870276188396,-0.014015142,3.376362734450632,0,1
1.9956674897839644,5.912498977057066,-0.58301105,1.5969664246537507,1,1
3.109918556005361,-1.089313078,-0.674306849,4.065106872678622,0,1
0.6067230591361827,7.043270427655216,-0.915300505,2.8818690479219167,1,1
-0.183196619,7.872736068487508,0.11763446983664294,4.058647482798997,0,1
0.5345056484805503,2.899626925276661,0.089144183,0.040734793,0,0
0.8876554258738361,3.0554035105303305,-0.589532146,0.5581220434294663,0,1
-0.320667626,4.099493224443457,0.39065881290513405,0.1886388105481575,0,1
1.7952113559123222,3.4879919610867907,0.48221408325936155,1.1670902079882397,0,0
0.23007075919140207,5.4478537478932125,-0.481803589,4.4138248962365765,0,1
0.49774308909139425,1.1069494272822715,-0.311800472,1.260495988295926,0,1
0.6659242520544614,2.7641447839265205,0.9809433446945133,3.7904175525568395,0,0
0.4215866106144557,8.078394400349815,-0.251471064,0.7925496509061917,0,1
0.8389405004696122,3.1435600653039644,0.5216033435122036,0.8297285023863616,0,1
-0.617253187,7.486856556,-0.094549147,4.518318205905855,1,1
-0.558301754,5.710676391180273,0.5866896557219519,1.1096147466158346,1,1
-1.100154233,1.3814645708234838,0.5380464775652958,3.1190632931013327,0,0
0.4395012306202264,6.270658390432413,0.3355120503970712,0.5400603698859905,1,1
0.7789365035121141,4.764665395614293,0.7095566925911585,5.944063903418578,1,1
0.4577728661518858,4.089065887500519,0.8784369897553703,1.7093484820359044,0,1
1.6744924333475373,5.4899141863440075,0.1599666409041678,2.848603711613121,0,1
-0.005596019,5.949266971133584,-0.525062186,0.1875572460215753,1,1
0.6687416555925126,6.415183644,-0.202742077,1.357164436,0,1
-1.091700876,7.356505695096004,0.5166114270265865,4.626048740951543,0,1
-0.387099702,5.816271825556713,0.30176697,4.191770060397336,0,1
0.6955377575657775,2.2487318224272763,-0.644403323,0.095890353,1,1
0.849102111,4.052709084697618,-0.897520918,0.7239449569126822,1,1
-0.293966948,10.886096670537242,0.36592318708412974,1.1715294441385435,0,0
-0.071599252,6.448982120763455,-0.497841952,0.378124,1,1
-1.517873747,9.738574601622993,-0.000659513,2.618654128821252,0,1
-0.357029201,7.790868164,0.4934935450251885,0.407937133,0,1
0.8903831635197862,5.4836041431114975,0.12533356131266626,0.8512530643002495,0,1
0.5752050161065663,5.602814139562235,-0.833394834,2.177010891757751,1,1
0.5006657213812097,4.926839920246309,-0.628839526,1.3159050627519793,0,1
0.049773687,1.524390768307001,-0.561343632,2.683185381285161,0,1
0.007063159,5.0360945049364485,-0.484271493,6.4990773857094535,0,1
-0.660321139,7.421349105084394,0.13080678390100853,0.24783366533062332,0,0
0.6988284202025348,3.8007200103575927,0.00793156,2.4727696655643885,0,1
0.4209729443893898,5.823905998123619,-0.593679923,0.5236236388302248,0,1
0.49201884799279927,6.7031820917863945,-0.864890313,1.070498696995747,1,1
-0.526034843,3.180639121375049,-0.657135591,0.06682967,0,1
-2.15334292,4.0973942713126705,0.9687626252372066,0.29215063900543964,0,1
1.0971527117536957,2.9641770190456818,-0.0629061,0.7706700366582342,0,1
-0.478837456,3.3556687866211865,0.7346910094042249,0.8370575507576838,0,1
-0.862775764,2.4247894326938777,0.6975049333376866,4.596891672341452,0,0
0.6934789119139937,3.1991030772439464,0.023039114925747395,2.708141597957464,1,1
-0.39201264,7.838911361595678,0.41337541692108704,7.164213581479366,0,1
1.0599363840466218,3.169045941819415,-0.614495979,1.827944395182648,1,1
0.6170059495766975,5.252918438,0.3767934098538166,0.5533886049750151,1,1
0.6835693232004776,3.9942624926580885,-0.455230841,0.7939674436925541,0,1
-1.365955711,7.3577318740738775,0.6641241935083015,0.7708424412820827,0,0
1.2119439853864005,7.622324593207233,-0.832551734,0.7905177219787691,0,1
0.26125053123385605,6.728139964277894,0.546277346,2.235371103474424,0,1
-0.369277139,5.612269106205511,-0.800126187,1.5134861187679418,0,1
0.14338846734225108,4.537880926318203,0.7623784737886179,0.9736459392165895,0,0
-1.776235233,2.6162505916175003,-0.391590964,0.32289728428104914,0,1
0.40865281148067084,8.887057762244394,0.3087867296611495,0.044775825,1,1
-1.029371508,3.480653964494893,-0.024995443,0.49393694223620305,0,0
-1.352670286,6.327292694065683,-0.267393709,0.22739345094079835,0,0
-1.522359186,7.1191311452467945,0.2908836663669929,3.0783786140431397,0,0
1.1126883749899252,3.889439006189341,0.8950459611024759,0.23868891316087318,0,1
-0.629263394,7.076025054631924,-0.917460505,2.576363404275957,0,1
1.5337277099164992,6.528426406677711,0.8377057117662086,0.9744092508708979,1,1
-0.535801463,8.455927670763531,0.21816331004202705,0.15241996834662105,1,1
-1.707357958,4.061307067146577,0.6146286015381046,3.3504082343373374,0,1
-1.11652444,2.4282719654405702,-0.232250093,1.7332427192933897,0,1
1.2358116200069387,3.9890204891109775,-0.05631405,0.5377507651768262,0,1
-0.155898178,5.417707085068663,0.737701504,4.5015261891109235,0,1
-0.548287296,5.116425454170113,-0.17030406,0.092628922,1,1
0.1600182258527877,4.213124207450899,0.069319133,0.4508413043777273,1,1
0.501782736,1.1816050820455142,-0.959610154,2.789031551492203,0,0
1.1173988159024608,5.940965992258213,-0.682803988,2.4714631709561266,0,1
1.4484992298929262,8.944688958,0.2833730159495995,0.6829301024329906,0,1
-0.359768646,5.928502476246007,0.43395380212775425,0.12806369978685828,0,1
-1.326047686,6.218271038107027,0.16520187356899885,3.9049563539595016,0,1
-0.413465161,6.144890612310204,-0.713379927,0.7528739750634567,0,1
0.26028050658288615,5.79409334,-0.109189143,0.43559924844371856,0,1
-0.963758926,6.863331933736189,-0.289810467,1.4515962251494607,0,1
-0.957150915,5.790747362371332,-0.008677312,4.820946473771983,0,1
0.34378788154988543,4.374645660693448,0.7406580691081885,0.089046375,0,0
-0.048652352,3.408022179982492,0.5517228773173037,2.903194566538552,0,1
0.032796995,4.502052689438649,-0.832020997,1.6994767357227853,0,1
-0.758495335,5.628258992901332,0.7806183955491286,1.1083332312893746,0,1
-0.230400714,4.367834077754053,-0.056465698,2.7257842373401218,1,1
-0.924233144,5.628677366262861,0.4877242897719969,6.752488110021724,0,1
0.8901984111247868,5.878300267400835,-0.719921537,0.520668801,1,1
1.0352493347237526,6.666358862540363,0.34143905141409614,0.31014606195961353,0,1
-1.846187862,7.565589937677961,-0.527347965,4.880977665916374,0,1
-0.92951086,5.156014836957715,-0.123238206,2.2109903074086863,0,1
-1.496529255,2.3844468697046786,-0.96627426,1.1524571134644492,0,1
-0.650023934,4.309791806,-0.696778724,1.7031586869718032,0,0
-0.08343797,5.088125134813199,-0.815839014,2.737804215443326,1,1
-1.44964522,1.3284624876458198,-0.520511654,2.965891588615363,0,0
-0.921859813,7.777329040204965,-0.79996382,5.048813557189755,0,1
-1.003957372,5.284755825020932,0.3838200532391238,1.1131904699389328,0,0
0.20726732939894396,5.762705669,-0.941920196,0.6946119686792059,0,1
0.069344337,7.7310529250525315,0.23548100124999594,2.0414381797510335,1,1
-0.721737553,3.7397143397153063,-0.718584338,1.0747769575449184,1,1
0.17682087213939798,6.148083862,0.8903229143557938,1.8057544626562791,0,1
-0.546680085,4.780271753796129,0.8661881462197085,1.089405380641319,0,0
-0.27165511,4.6318262659681615,-0.548993795,0.3320992198730433,0,1
1.673452090298537,3.4556152243912415,0.22884259644605898,1.2675945126020778,1,1
1.340461051790348,8.331206427373054,-0.943989361,2.3482961780630087,0,1
-1.299581237,4.248999919848858,0.8635770861023482,3.211726694299974,1,1
0.8297324178791745,6.398928493791404,0.045974616383419376,1.3597760530633463,0,1
0.8113965544915921,1.2499852250561272,-0.913553697,0.3612169863562526,1,1
-1.148263289,7.359977059379573,-0.315000014,1.0712194890551057,0,1
0.8187776437548606,7.104422311914117,-0.846301076,3.0863074146705194,0,1
1.5379319184125528,5.194868220594606,-0.214111121,1.0649814889515168,0,1
-1.122544806,4.546115067724151,0.33985268432264615,2.384950270517146,1,1
-0.917502821,5.800000011227133,-0.060220184,1.4153592605874092,1,1
1.0176614668435024,9.577581322,-0.232555651,0.5520950345620684,1,1
0.271495311,1.4735266021930298,-0.761685909,3.1807466837232496,1,1
0.5514762752395233,6.564054775148255,-0.510121909,0.17594393984961232,0,1
0.3405892164004968,3.176765395692195,-0.799713425,1.4884190358935003,1,1
0.39069592092814415,4.960163207400537,0.6149974633133215,0.4686391274810814,1,0
-1.326472128,4.504239761842674,-0.729520344,0.13884084405026423,0,1
1.0473177066214483,4.143363484404489,0.190746733,1.3980646766905849,0,1
1.1695899924277735,4.979069741894541,-0.314519173,1.384543751241911,0,1
-0.229390744,2.731657709444419,-0.548043231,2.454489015,0,1
-0.04347695,7.058360872255934,0.2789368789842075,2.731029074259412,1,1
-1.531107503,1.4117129776027992,-0.085995381,2.6023738413499853,0,0
0.5142547560178349,6.079529025656684,-0.199709065,1.053770222634658,0,1
0.5720574417141441,4.346928294930858,0.18570400978444312,1.9976594528388163,0,1
-0.062191017,2.6581502123850926,-0.017464743,1.720507316599022,0,1
1.1243533598705027,5.404766741,-0.393031583,1.094846980387229,0,1
-0.334077231,1.886097826587044,0.11812257553050332,1.8186932669905795,1,1
0.5646059258936003,5.079427643,0.3389971531013891,5.884302510844143,0,1
-1.019664339,2.154246184376891,-0.946613683,0.42859990215810095,1,1
-0.023552151,5.922544168635662,-0.068256542,4.724077836,0,0
-0.174354258,3.151285332739249,-0.884633431,0.10987461778247444,1,1
0.22530792204094158,4.098011965941382,-0.627189172,0.7374638559729108,0,1
-0.369526929,5.587898775886324,0.12101746815594616,0.6797627784801097,0,1
-0.131472596,3.454915776315528,0.7323778305311615,1.9689523653307406,0,0
0.8260471714415063,4.884072000663395,0.7656113583769697,0.28134210006442206,1,1
-0.436764237,1.9723389975102927,-0.86011198,4.280041730320326,0,0
-1.606577101,6.261751207192312,-0.161789827,3.526943630252296,0,0
1.7495839042054206,8.529827611101542,0.16601296600910254,2.111483908245972,1,1
1.3814540786904865,10.584417735819923,-0.705860191,1.226506192939577,0,1
-1.292262695,5.182336293332878,0.5308644334895434,5.404813574581546,0,1
0.6897078052451944,6.576408281594373,0.4884705168744776,3.552716022481387,0,1
-0.502974771,1.4387486541850216,0.8066820274135893,1.3835568278221066,0,0
0.26348721533105957,8.005468652611176,-0.983027976,2.4204737954093107,0,1
0.2942241290134937,6.552457009448212,-0.566631512,1.673711582,0,1
-0.2344078,4.032133110097534,0.6543734284906435,1.7731834827454147,1,1
-0.783765666,7.4743616005780185,0.3411601016538708,0.8038708976942653,0,1
-0.690541052,4.491047846709317,0.7887797073969816,1.2401079777074608,0,1
-0.916191915,4.083949633970887,-0.885640691,0.16268353555149231,0,1
-0.831822208,5.9506698508549825,0.19392793143288567,0.8843059811673251,0,1
-0.06717829,2.873291000339363,0.13809314978734832,2.3803272848275925,0,0
-0.715759989,7.043249528799896,-0.928651167,6.124429333839104,1,1
0.6820520657126199,2.8880203761463132,0.027044153824967054,6.597143293,1,1
1.4872461553359273,2.8998904203536275,0.21904062261984847,1.6226134852490142,1,1
-0.580053241,3.1806204231833313,-0.617413652,1.865969875,0,1
0.23940450053537707,6.5190000750322445,-0.453340834,0.4109048953458985,1,1
0.49968511030293383,3.766449276960585,0.2806946925954741,2.376908407,1,1
0.4720022709192744,2.3040084312656623,-0.063398105,0.14655864614743314,0,0
0.075955268,3.788640000128404,0.7160273151366536,0.670066465,0,0
0.7426824183597224,4.935915258639026,-0.315236468,2.2074306578289584,0,1
0.4822489526806572,2.638055032671229,-0.466680683,0.7430264968720219,0,0
-1.237662422,2.696637781931313,0.9697318806896855,0.1022642444676005,1,0
0.8691560643892732,9.222592668,0.8222715402601668,3.566040448046255,0,1
0.8872908372667421,3.278869192372226,-0.94201451,0.7430841340169976,0,0
-0.763286104,4.353915262453986,0.5414572306131318,0.13036860558451205,0,1
0.037937835,4.265525998401428,-0.779330452,0.15546511268110783,0,1
0.6833289928110694,4.157286384459116,-0.94502961,0.5800597829496758,0,1
-0.20931382,6.242693479938205,-0.452608968,0.39206856925391037,1,1
1.0729780477660118,6.896285900944099,-0.461308242,2.9770982340052123,0,1
2.3638724946193608,4.388091136936816,0.6386375246939293,0.7762841834479091,1,1
-0.785986033,2.527043426815302,0.4213344918856703,3.2663937187101744,0,1
-1.381044603,7.548880455697807,0.9632188546640286,0.38194815905235835,0,1
0.30381859560487573,4.809317817606635,0.4230258006236369,1.3580119982684369,0,1
0.7215625051261435,8.460643629714337,-0.163488893,2.329742232108649,1,1
-0.230866374,0.5088282048696744,0.3978553218904337,2.1110530351167167,0,0
1.4532606633210343,5.390806442566641,0.9989181343728042,1.8382365007305894,0,1
-1.3386058,8.837212667752416,0.42028376512505616,5.175782698032646,0,0
0.6929186230316111,4.2934717291236835,0.5233627119606366,0.5189024071423118,1,1
-0.605860821,4.549013153330728,0.8767300303805188,1.3613276634387244,0,1
1.7193779062072967,5.591023383180677,-0.772697477,4.308201732848592,0,1
1.9925153531681183,3.8824083622300853,0.4095685868954537,0.162189681,0,0
-0.766656588,4.3758561358945345,0.7016119159348979,0.11502152,0,0
-0.549557136,4.324369811617194,0.9087572004417861,0.5313253441274005,1,1
0.8595878869798019,3.7451585311472533,-0.578061421,2.0049025030076533,1,1
-0.38713065,7.457713100401119,0.007858015,0.601884878,0,1
-0.045411218,5.922156065,0.36110969528896364,0.42203445605587436,1,1
0.025388421,5.501256464206604,-0.505064541,1.2279413217761999,1,1
-1.919673156,6.617142013780233,0.2009457265005481,1.9017543572949893,0,1
-0.013837746,4.471288333593066,-0.484842435,0.5715217236966165,1,1
-0.689727774,3.451592363294199,-0.333085959,0.7153256827081623,0,0
-0.493122822,3.794751390770885,-0.116962607,1.9015537267572578,0,0
1.4436320034688142,5.003566082209217,0.058380197493133945,5.827877779566042,0,1
-1.256506894,2.881576583254196,-0.101268257,2.2462714548825993,0,1
0.8132051867479773,3.9994779668266487,-0.01360896,3.054832576688668,0,1
-0.27896293,3.9677667162571306,-0.402822487,0.9139697870924967,1,1
-0.279760168,9.249112459658027,-0.682069812,0.6356073731938064,1,1
0.7903718960517113,-0.54762988,-0.905300045,1.2112535913499163,1,1
0.34005129456889044,4.640760557188734,-0.608042555,3.291507117368175,0,1
0.570612997,8.451387585629542,0.16388728301156608,1.2187139919878143,1,1
0.9681846605328611,5.243688928264908,0.5722308956062647,3.7510485047448157,0,0
-0.331308383,6.5068349468421856,-0.661504805,8.978685802265975,0,1
-0.612236735,5.199652630199536,-0.782889284,0.14950456246398186,0,1
-1.085150527,3.6653332375670393,0.4985807210985005,0.092947027,0,1
-0.82541053,0.516168131,-0.389683339,0.3240726870125197,0,0
2.9490944253087252,5.410911374072605,0.902998878,0.970217237,0,1
1.2446795807367868,3.448786790795218,0.4286359412207461,0.28092145397102464,1,1
-1.351074366,3.3993291876693927,-0.346487906,4.0906906050840695,1,0
-1.322457957,4.0020254880417765,-0.420914504,0.046836664,1,1
0.4818660617184915,8.489722813246987,0.047396773,0.7589887219523647,0,1
0.547264797,9.809675084507946,-0.841710663,0.4083850963640477,1,1
0.5488838353173644,5.434415875056802,-0.764646975,5.362991723,1,1
-0.254955794,4.070465552176545,-0.648284237,2.2141822949684964,0,1
-0.12545426,2.6455471650975793,0.5494471866091204,4.861524693871581,1,1
0.3278795241593574,5.937080323092138,0.027714719,7.174719753196271,0,1
0.085893006,8.565811200130288,-0.978865754,1.3747208868418266,0,1
-2.219300373,4.505319225949687,0.347033055,0.5339795723607038,0,0
-0.229799631,0.24200791849355152,-0.152619643,0.43067019904829706,0,1
-0.851406434,6.3400993436310475,0.021704729927595867,0.504421018,1,1
0.17521141890851205,6.9707994229000985,-0.571767513,2.466070838382019,0,1
2.985259003,1.8283087192283052,0.10356445678820725,0.082572805,0,0
0.3674816654743044,5.352968367325905,0.9583064795029772,0.10545406030227664,1,1
-0.313529686,5.902452032272198,-0.853110618,1.873716309257744,1,1
0.9218015019772522,4.853785395982123,-0.432165201,2.0547638661628445,0,1
0.4826878872092127,3.4184581618292924,-0.514004814,2.1888198080716776,0,1
0.4200944904518413,7.031874447127112,-0.502901378,0.9300497025944434,0,1
0.606850593,4.193240508062635,-0.242587285,3.2792261629370483,0,1
2.0565435648295414,2.029627674600136,0.636219569,1.5255287268914928,0,1
-1.130888435,0.9010510286606381,0.8257173799287747,0.22290390616334677,0,0
0.47363207681145447,7.521699039998619,-0.595569825,3.1900772340250185,1,1
-0.92638113,6.233327952942236,0.085899876,6.118101958810537,1,1
0.5555126463422483,5.175947094258338,0.2737979443309606,0.12382807063570235,0,1
-0.918686511,4.119450726298393,0.043654948727689824,0.9930281771754396,0,0
-0.417366814,3.942003171593746,-0.131847212,1.336971750908555,0,1
-0.295089914,2.8485267031167774,-0.616048988,0.31675095698484046,0,0
0.975816719,4.137088710880231,-0.023561282,4.0455016853440915,0,1
0.9184544439424138,0.7598255697596512,-0.197570345,0.6685682702167463,0,1
-1.245717376,3.527872693062972,0.5911267250045393,3.055794561539643,0,0
0.054934110999848726,4.378124967297812,0.5272087183259904,2.223361512814011,0,1
-0.709579855,6.219760094380838,-0.732002638,1.8228343661928348,0,1
-1.258504911,4.920147073253273,-0.822961895,0.42674005806407217,0,1
-0.21701705,6.589846227751118,0.816307886,0.49872743144773535,0,1
-0.308482788,7.698270210226859,0.071016778,0.097012059,0,0
2.4267164863455224,7.116340187648204,0.7156018745651813,0.5507493859025754,0,1
0.43295982536069616,5.941019694757114,-0.883697759,0.8475950782945503,0,1
-1.377617501,5.023725358361569,0.053031233,3.5812638566316903,0,1
-0.564774004,3.0384239831728816,0.078853029,0.912651729,0,0
1.0213832954293984,6.479888102758633,0.7214040650842999,2.809909029942273,0,1
2.088442772869925,8.359494764443058,-0.804780004,1.157646129200819,1,1
-1.585983312,5.684212079300837,-0.519108873,3.073009872006947,0,0
-1.879924385,8.834518296852245,-0.186923372,7.482165308852489,0,1
1.8709651753717822,1.9488565838778324,0.7316829508398843,0.5484567823797712,1,0
0.38961417737090387,2.691673230440917,0.87776663,3.965960224,1,1
-0.868292732,6.710403015496525,0.9854492391872558,1.9447916229496993,0,0
0.5346290861224353,5.528580420306502,0.9183869729170431,3.3997568143246673,1,1
-2.635747739,7.627564353143615,-0.988116488,2.1087271412166735,0,1
0.003375507,4.969056718546521,-0.904583317,1.103119922291734,1,1
0.32782117284308526,3.2640491549433364,-0.704786362,0.5177356109698503,0,0
0.9242701395378298,4.572813515589915,-0.302275806,0.14521714050470638,1,1
-1.013895952,1.9346320581525318,0.6598360619739174,1.533666514971041,1,0
0.085687161,2.742818653805931,0.7853123906709609,9.276646351715394,0,1
-0.925424626,6.944887996,-0.626331187,2.6791406981503902,1,1
0.2553837556743171,6.745574829,0.23932830323941734,0.7930470313221419,0,1
-0.895346322,5.726008569612154,0.8347239701305531,3.5112964025554465,0,1
-0.408100839,1.5578449580790612,-0.072536528,2.9305366151066723,0,0
-0.995815395,4.283192848974223,-0.792912856,0.6615571738913156,1,1
0.651136242,2.550000222679899,-0.0843727,0.028821657583423716,0,1
0.8584511166566653,7.353066508,-0.248410195,0.25149527481884826,0,1
-0.23462057,3.8325557328747974,0.15531599213201397,4.196126758657941,0,1
0.038237995,2.828504578436901,-0.122682631,3.622655800032386,0,1
-1.448591415,5.0595923302428485,-0.965308146,0.6997079505359908,0,0
-0.299676648,3.7196910863307764,0.9879954668273423,0.6714921942450237,1,1
-0.050204617,7.967487820407413,0.087080475,3.1487689242208408,1,1
2.620793091029975,3.530378204931618,-0.052738489,5.5527909541445295,0,1
-1.111967026,2.2015434815507375,0.909234743,3.020427683783045,0,1
1.4641772387524374,0.6941729684849687,-0.688279265,1.860671186782905,0,1
0.996858773,4.938426995173169,-0.621524795,0.5559159444906476,0,1
0.2806364044901364,3.876139772284147,0.616029498,1.4920325437071336,0,1
1.7586204841951334,2.1421907869765464,-0.47833784,0.5318721037671464,0,0
0.3721054726068629,7.3784529225115705,0.5984542125830539,3.3006387767880745,0,1
0.3891591956679287,6.334490294858484,-0.456933034,0.9786537064939753,0,1
-0.053120653,4.943564242,-0.93362474,3.5878903161415256,1,1
1.2235688824186275,7.728652488341734,0.034029447773431976,0.9612693760033233,1,1
1.0964692338108837,6.325072066797226,-0.606627132,3.476241075278084,0,1
-0.625677287,3.354288196963135,0.5156925858649422,0.8108836622538766,0,1
-1.319247195,2.921559672018468,0.28239926646429625,1.1601109917338448,0,1
-0.202980637,6.635963088907722,0.8472053359558356,1.9115627434905695,1,1
-0.800038564,5.792733912934702,0.5659767145314718,0.14576000612814938,0,0
-0.063524575,5.339495535941324,-0.63844809,5.921002934988283,1,1
1.2374381346841392,3.3070043942621856,0.6003164733295927,1.7047819518626066,0,1
-0.457301655,6.215895134011507,0.28347408962804654,1.417821611175716,0,1
-0.042823381,3.4890022337321014,0.3379032835212499,3.657601876894998,0,0
0.058022734808395225,4.796026690812644,0.6645257719402975,4.016292744823643,0,0
0.8484308822052846,7.893888293,0.1476481383778805,1.4773789485725455,0,1
-2.246889334,3.6783315283797084,-0.067992971,5.241791628003054,0,1
-0.606700295,1.854021485854278,0.2732820707174559,0.13385664985364998,1,1
0.21128369227947272,2.8949056162597793,-0.404085142,0.24032977258890104,0,1
1.2000789564268612,6.988597653375247,-0.634805738,1.8165867424371993,0,0
-0.491902448,5.509462274760419,0.2331756761424928,0.8741154672759235,0,0
-1.876552706,4.742245242622493,-0.532303262,1.2480825846922585,0,0
0.6197114459661363,3.981812389376861,-0.840169781,0.7952296583667426,0,1
-0.635362389,5.9707198151063805,-0.998891631,1.0374646370645575,0,1
-1.189666659,3.301790298019553,0.21663880280013426,3.459219002222702,0,1
-0.62434539,5.611331137285192,-0.275702433,1.8002256055285886,0,1
-0.184525358,3.537490862374086,0.504621941,11.862281754603627,0,1
-0.604744665,3.204681229449892,-0.249647203,3.091792255317964,0,1
-2.205566057,3.7250251303499766,-0.027993104,0.6394913293909064,1,1
0.8970661968871322,4.249185107032076,-0.185830054,0.61398836,0,1
1.2748750412787222,4.902340328132594,0.30114958221869226,0.8186398671713753,1,1
0.6515219913395057,5.4709115902222285,-0.287721676,3.7063271677989653,0,0
-1.13768567,-2.376730583,0.9275352998846178,0.055333746,0,1
-0.201491534,3.384698885,0.8722939731970603,0.5232004379144968,0,1
-0.006521315,4.2168600452879215,0.6960558053145627,4.706040045327553,0,1
0.5987943895619102,8.010124077216659,0.8406005411454962,2.0427272227134203,0,0
0.6683404887180808,2.8399947832357357,-0.101720623,0.5145568867191112,0,0
-0.734173799,5.3255932361998255,0.072860794,0.4947315302148779,0,0
0.081995556,7.9900606194716755,0.4841851851164889,3.969981305694082,0,1
0.4572804046152411,2.3740629401054543,0.3922918498770822,4.484062279622976,1,1
1.4558223221467665,5.787950451728805,0.7813571912109416,0.5917809144067568,1,1
0.7045065398247231,3.3954563321309594,0.43266205451339057,1.091214981046954,0,1
0.7890566873755189,3.9907325154215307,0.9957694164569211,3.5987254653753133,0,1
0.083826628,3.3937783320933708,-0.3029884,2.948131517936164,0,1
1.4104591452035038,3.536285383168228,0.6659954844788358,3.363115333979197,0,0
0.4097627959594974,10.443824295812986,0.3952696456653284,1.461275256650164,1,1
-0.86108791,6.688911744143331,0.38277289043003715,4.850614197482885,0,1
1.4033699701251907,7.203475723572418,-0.34832881,0.7889065548226953,0,0
0.6979032725390276,5.983986973672993,0.571203585,0.3407989387314551,0,1
-0.443044021,1.7874864231960839,0.8007520446951983,2.467025230441039,1,0
-0.479492967,5.7899159406466145,-0.562903077,1.5502526598840825,0,0
0.2965755451407618,7.145859229014693,0.25099367423340824,3.8563376850678095,0,1
0.4631847952675847,3.293201051921777,-0.215730342,0.16928491374053783,0,1
0.19729226563120644,6.930653334322253,0.9790962385897541,3.711858880584353,0,1
0.3113086734428849,6.408672419708157,-0.042334368,0.6942829309137971,0,1
1.6999573745763805,8.70408009,-0.543359652,2.1275851868060225,1,1
1.0715431522348857,4.164433974972763,-0.23628475,0.081912318,0,0
0.19063559126502433,2.8047780354485465,0.30767677963325246,1.8810710330648042,1,1
0.9413105807674833,4.2767437812549085,-0.847821257,2.5265377498586092,0,1
-1.032523904,7.871141986327247,0.2072038404424752,0.9201072764070176,0,0
0.39792704994680894,1.343188238316074,0.862449518,0.48518977905770677,1,1
1.80930635,0.8632485691379355,0.7007255753157009,1.5427826119208008,0,1
-0.218045895,5.178790557863227,-0.864652927,3.581809322588718,1,1
-0.847633929,4.114821414451688,0.9867797574781363,0.7817856773896957,1,1
-0.652088889,5.015455786351369,0.39745384740775824,0.5819598020213261,0,1
-1.089633037,6.890623542,-0.675438351,0.6540528424504483,1,1
-0.784761908,3.8948613077622953,-0.975167822,5.9570484859494774,1,1
-0.370508099,1.2539883381387589,-0.657434727,0.8903158425516716,0,0
-1.405567019,9.088963114399888,0.6763518413714771,0.007221502,0,1
0.015618333949603047,3.0055434251224478,-0.95672135,3.0435978711494647,0,1
0.9022771737866472,2.881925755975805,-0.533705393,2.403116745063157,0,1
-0.90775618,7.207440027445193,0.5146111906697508,0.2752354941983214,0,1
1.5192839236417688,4.231021757916964,0.17222107179627022,8.386683948849301,0,1
0.5107920885275947,4.873220295930379,0.5654714207203837,1.873304685801335,0,1
1.0305805856240573,5.965580248120636,0.4923010076535759,1.3894147578357514,0,1
-0.657834554,7.167166206219991,-0.898797226,0.9632433729206968,0,1
0.8545252270666157,4.333078613636456,0.7850228381883031,4.578799911696855,0,0
-1.0919339,8.039904011828598,-0.545936331,0.5593311979347053,0,1
0.8902475008365087,0.7284003025303889,0.1067848804595275,0.6730973997046278,1,1
0.17183933979353122,6.519574473906154,0.28857631305555764,0.2611533680119317,0,1
0.5532512199847837,3.3209448839646853,-0.662743578,2.846905280367549,0,1
-1.175594606,7.744542633215983,0.9524625134019489,1.8104507606558018,0,0
-0.895069842,5.2840889576610905,-0.023688088,1.8784339282956857,0,0
0.5972282182533848,3.6541893359811968,-0.884714609,0.4930045872977393,0,1
-0.948348004,6.325682186043265,0.8745240895556807,2.106331927,1,1
0.46320629209912306,6.786376694414503,0.17253568638653616,2.900245019103723,0,1
-1.367137806,6.283788245717276,0.3983863959627527,0.8859867244213343,1,0
0.8481742126666681,2.940607520733879,0.05035158,3.2323928391741736,0,1
-1.232523315,4.031965752755831,0.6694759095539351,0.8578480237965501,0,0
0.5522999376795232,4.991854326,-0.933733076,2.8387797431312762,1,1
0.6256309336460009,4.917480694699879,-0.463243269,0.068624184,1,1
-0.696771818,6.499490950876695,-0.060703287,1.6021981083244223,0,1
0.5820265670847269,0.9701975349867835,-0.846792767,6.981799630845588,1,1
0.26044226333355597,5.668654109107007,0.4118133386533165,7.952547208826901,0,1
-0.538841856,4.420037291,-0.212673172,0.6618823417689526,1,0
-1.008554684,3.3229987672320958,-0.454664019,1.164639996667488,0,1
-1.962625692,3.515026444460801,-0.993242306,0.13009683926558333,1,1
0.3496500472996937,4.5709246709640725,0.4396606234999074,4.132518543369412,0,1
-1.564802771,-2.202170209,0.6676186177457235,1.6813099942680356,0,0
0.095344199,3.597420858,-0.209918929,0.9725934603423584,0,1
-0.263448216,3.2483703507074133,0.12843595406673103,0.2393033174917045,0,0
0.6791427754381955,6.065566418645249,-0.544626748,5.866164274720279,0,1
-0.302045499,3.388946634978959,0.24439529256026615,1.5109775042219573,0,1
-0.329447786,4.5697724,-0.975725083,0.6651578522318362,0,1
0.7318707042882956,8.084553255322604,-0.022712206,0.8622278806160331,1,1
0.3350580290841175,6.988703039630847,0.2884109636813845,0.6313324870846705,0,1
0.3161559571827783,6.804542799886905,0.836383546,1.8416510412926979,1,1
0.46926758980852623,4.000255139178297,-0.237328366,5.317479652546188,0,0
-1.535572123,6.086064558579305,0.5303804059620596,3.8855434048423008,0,1
0.75678868,4.532204399092812,0.19537405988700152,1.2337834262906875,0,1
0.6124687940136023,4.607813578646124,0.8540242258501611,3.503148008206928,0,0
-1.016683129,5.819370687493099,-0.203244649,1.1001916780469054,0,0
-0.244080474,3.8060128231581354,-0.36180932,0.5815260026419458,0,1
-0.039307288,7.9860062088864066,0.7742839973882876,8.198527113296294,0,1
-0.134496784,4.679739720804125,-0.901511197,0.7244881828442689,0,0
0.33385996656853467,6.236721133,-0.727229214,0.7823086875959258,0,1
1.4313667818311835,7.911200958514597,-0.835191131,9.149838350935042,1,1
1.0817667276728287,7.063307549,0.6862199131528053,0.28757329557576417,1,1
-1.312219193,2.1821617946189504,-0.978785153,2.8586875691189735,1,1
0.6220699903060487,5.8897917900197685,0.7233143109940963,5.491901636592467,1,1
1.3289333195354096,6.701438788921294,-0.097464409,1.434039735,0,1
0.38680852068920263,6.783726044321497,-0.991949442,0.005049893,0,1
1.090980425185967,2.7734103317707377,-0.196709646,0.940195889,1,1
2.012270445700765,3.685929525965352,-0.626398318,0.23659656961472492,0,1
1.0237095461069814,6.989116471483243,0.24880097494432607,1.0763513700180165,1,1
0.24930859564172886,3.4764792586347086,0.3587175798432931,3.121550385554414,0,1
1.0450884740847535,4.400607886671372,-0.024944859,1.1550406649769733,0,1
0.14488783309689118,8.151751619003939,-0.918960949,1.131004080666561,0,1
0.023903043,4.904401499230421,0.3122576087344038,1.6274208008335573,1,0
-0.351414236,3.546451724332314,0.6840775672110424,1.7430677848290952,1,1
1.5634133588321082,3.244765286,0.44064855465280295,3.8800035987446035,1,1
-0.818428666,5.665438659170376,0.6599158379106371,0.7373661916544091,0,0
1.532367724678116,2.333703983045582,-0.598980953,3.4482532051789643,0,1
0.49986412374037137,4.505328072207163,0.7777758793129652,1.669116207497363,0,0
-1.399306175,5.666461069980043,-0.355613099,0.7148634596497413,1,1
0.3676492929914216,7.598299641095335,-0.973190371,0.6994725559563638,0,1
-2.100026508,6.335096160739991,0.6867832926581414,0.8961321090062365,0,1
0.6255080168310357,3.5718697640356423,0.8836425379294535,1.9493934846783247,0,0
0.885231483,7.356838635,0.31111639483469755,0.5248390335236097,0,1
-0.592355956,4.400969924905045,-0.537126739,5.059813763803866,0,1
0.12354769595558233,2.528593955901182,-0.496511071,1.7109208938410798,0,1
1.9541574337502863,4.655917281469055,-0.066814253,5.051851752414545,0,1
-0.505746704,7.876338402291404,0.795662159,0.095031107,1,1
-1.058907587,5.330480100129851,-0.700804688,0.8389598280194205,0,0
1.4816634024625988,5.025043728659573,0.6519473391669739,0.046143558,0,0
1.9625871905307948,8.274423289405707,-0.417394383,0.6356003809649101,0,1
0.003695672,2.137290305891146,0.6171723388581958,3.9610969908436218,1,1
1.0114630354083562,2.4288017718944555,0.8405423952030773,0.07459334,0,0
1.341475915530881,1.7683070580663358,-0.145012256,1.1459237539115839,0,1
-0.742484233,5.7452963729601105,-0.269898692,0.25014498719821554,0,1
-0.485305835,5.332986254230249,0.6044426379426036,1.0785896364854086,0,0
1.230874513154735,8.085472734559552,0.058965765,3.6508590035222346,1,1
1.6850142787085094,5.486950154273541,0.3688980969263942,1.9513970536004985,1,1
0.5628808601743548,4.1916856810413945,0.24565847392235907,2.669350464163248,0,1
-0.879814354,5.003589745756214,-0.694222309,0.8588111622603222,0,0
1.9870611116994412,5.235414836921916,0.6895807205791233,5.779061243865544,0,1
-0.530970898,1.656477453343666,-0.608449777,2.4706661671256476,0,1
-0.335137781,10.420663288669786,0.8645642881415616,1.0956668146964843,1,1
0.34233783448962146,6.0397420362038226,-0.498857417,1.1118719343711632,0,1
1.5541604207147741,5.420016616045178,0.4677619465474838,5.018829336239001,0,1
0.8539759765522237,6.230327968557161,-0.430689213,1.7179534903841496,1,1
0.41486550036191044,6.418821961,-0.364429183,2.450932347583623,0,1
0.4632885301181062,4.7188930289951365,-0.379996294,1.0792570277241322,0,1
0.043514669,3.7375177275185987,0.49578450805216656,0.5064138309205505,0,1
0.5581395145185063,6.198901372643408,0.11363023593878618,2.571517837215219,0,1
-2.529560078,5.771421681062905,0.7659049116949943,1.8720879587001542,1,1
-0.296607459,3.380219801821184,-0.385254562,1.3916731090719072,0,1
0.241321935,7.838071222734528,0.38398504411348866,1.9564436572354162,0,1
-1.151014084,5.586704072645967,0.5058971993262213,0.46710908132061163,0,0
0.386323318,6.459638724535261,-0.697035774,3.1591632266842486,0,1
-0.204471221,7.7838417753598375,-0.198821285,5.919294675180141,1,1
1.755475698,5.043777642,-0.034365011,4.4347082430468285,0,1
1.5730197252148563,5.633904014,-0.28862522,0.7755522061920829,1,1
-0.465805569,6.620054477012233,-0.355774808,1.0417713579936383,1,1
-0.150837712,3.5502778323998956,0.37283978799528383,3.3047148332724205,1,1
-0.073947566,5.108103325692002,-0.568267205,1.808314931236061,1,1
-0.451659476,5.251097173302297,0.41878149050225755,1.5877676663212494,0,1
0.19502498402812674,3.087882896633211,0.8700883927814611,5.224806543284609,1,0
-0.758282069,9.635273577347757,0.13039504235550226,1.5358490468241142,0,1
-1.130615335,2.185413113015195,0.22286847347894811,1.4469599243922802,0,1
0.6227112239002686,2.4037921926256844,-0.862134596,0.085853815,0,1
0.6295295842218108,7.628453151407158,0.7289538072356565,0.14388792604766984,0,1
-0.80431576,6.426532501593085,-0.429104426,0.014895950634815315,0,1
0.8953554307625996,2.9480703650384443,0.23010233105712974,4.889316602,0,0
-0.631577729,6.214578030203386,0.9582243394896046,1.049803998820058,0,1
0.2531652380379812,7.935700889994619,0.1910052011456156,1.2643351301423478,0,0
0.820344013,4.939473884806029,0.44941897492875515,3.733659438871325,0,1
-0.033612565,10.197645800149164,-0.109360764,1.8793557346173904,1,1
0.4547409121411344,1.551876378263929,-0.879268313,1.880662795557644,0,0
-0.516429644,6.387646907718205,0.595198699,0.7034726874348545,0,1
-0.196466583,7.333056672442007,-0.930002317,3.590431357183474,0,1
-0.205859431,6.782687803210493,0.4013156577757082,0.3626360634821814,0,0
-0.746578347,4.591288546708704,-0.954156854,0.10922832510701143,0,0
-0.176774163,4.419117035977701,0.7246104731533412,0.4254048934998615,0,0
-1.548618299,5.888290342174515,-0.684727928,0.6232316773949108,0,0
-0.491153747,6.631508973304139,0.028542991,0.6634380640271352,0,1
-0.284875493,6.204946872564727,0.19430140896629466,2.2204403927157874,0,1
-0.256179752,7.080115781586779,-0.084909185,0.4913525014244515,1,1
-0.241497446,2.9622600858665296,-0.318473021,2.2580912682011967,0,1
-0.0617642,4.544458041752731,-0.064371408,0.19111120094938755,1,1
0.4794415180860639,3.119968135752492,-0.377168492,0.3184662229550451,1,1
0.8745170741325226,4.227774447827716,-0.123755306,1.4218951371945328,0,1
-0.649765227,7.030441783628611,-0.282174018,5.099422958727083,1,1
-1.203200855,5.215967841450458,0.1324096470142906,3.9260579302164986,1,1
-1.042044412,10.213718326299539,-0.524151676,6.931692134074568,0,1
-0.487202921,5.386812734379434,0.97731311,2.1023836400822433,0,0
-0.351921318,5.119383761159472,0.001739907,2.252881052852531,0,1
-0.769996066,5.212365838880433,-0.611675845,1.9617811707529922,0,1
-1.296116664,3.7243826142801284,-0.045866501,1.9500597922508724,0,1
-0.456120827,4.884326775244812,0.7328302590496485,0.31827365186202794,1,1
0.18142662011397137,7.255576054223292,-0.956386414,1.5693803374205733,1,1
0.5950294658355647,5.227941336255545,0.3591082382145776,0.9757419955139915,0,1
-0.557423053,3.4130805402330573,0.095935594,1.1687190652670765,1,1
-0.412997822,3.1498307590427297,-0.660884011,1.4829972887936802,1,1
-0.926698309,4.0995962166683135,0.6349528786098413,0.27484056754307506,0,0
-0.03143917,5.147726868821761,-0.262230755,0.8909740138685954,0,0
-0.848428634,7.3871730709525245,-0.412395942,0.13110379873386224,0,0
0.5731278132412001,2.3190227172671265,0.6562503837138021,7.791131388,1,1
-1.785866492,4.360347444222487,0.2770500923833292,0.2523241487654476,1,1
-0.359629672,5.288620038870158,0.7965181673496489,0.5982269615989619,0,0
0.3011073391917421,1.3325884647411308,0.2597674073423988,4.438196830492339,0,1
0.18383451632250436,3.3328034340671873,0.4816353158642306,1.3183034453785258,1,1
2.6930336639804966,3.640222920527627,0.6728917925192257,0.29152538533273514,1,1
0.34980002456790754,3.4080592522990036,-0.890520728,0.9697652711230567,0,0
-1.004054597,5.383779090043295,0.5520979177387606,0.24629779930997306,0,1
-0.095464247,4.678880780996405,0.22741296369915354,0.44682716825083013,1,1
-1.776246333,3.8894277947979274,-0.860984407,0.10686452269411958,0,1
-0.080599749,5.855925253,0.017155843737430176,1.1533166112224742,0,0
-0.833056057,8.446149435292499,-0.835083844,3.2863629710256297,1,1
0.9153902755601617,8.278513033483504,0.47189440344644473,1.7636297206862261,0,1
-0.549540275,1.1544564558753274,0.093003428,1.8645623276305616,1,0
-0.116765916,6.154144367670279,0.9071470748245947,0.4477477110509505,0,0
-0.635557841,4.643953419872323,-0.633729257,0.8428653576395448,0,1
1.7388513518533313,5.3103106857307125,0.21206690504075687,3.7317866869159864,0,1
-0.321242766,4.203433932914903,-0.576835731,0.1839152174310896,0,1
1.8325570434792018,5.235177259774405,0.2281299694547967,3.9028799722803105,0,1
0.8141517621182666,5.302814792144037,0.4452994047217129,1.3220959391402656,0,0
0.48206672733538614,3.8420964853021538,0.44460865865907717,3.6298199482548243,0,1
0.3687331473175197,3.207264904349638,0.6301479813652198,0.7654700675694676,1,0
0.39379729821625153,4.102608634761031,0.7071004559166334,0.8275277503843581,0,1
-1.927672579,5.468518528913531,-0.845456547,2.7854690556785564,0,1
-0.278883394,6.197992683368528,-0.313465686,3.0741989056742796,0,0
0.8451579711843216,6.706697954680293,0.3742450407196114,0.5218068268347278,0,1
-0.048897183,4.011619953866175,-0.002827425,7.214327971725702,0,0
-1.405189847,5.567689134605473,-0.618648106,0.17654821159928485,0,0
-0.052404451,6.925005183906597,0.10541914033339594,0.14192453989246115,1,1
1.7041055162554912,7.331189790288256,-0.185128694,1.8102279270342598,0,1
1.2468917155347194,4.882334291736956,-0.219923445,2.565604708030509,0,1
-0.062004009,4.558136550120775,0.6195074348713276,6.482556247241466,0,0
0.9514492770580866,5.382248467672785,-0.184803332,1.0382055057606312,0,1
-0.36650702,2.7005850542051886,-0.947090989,0.051233467,0,1
-1.703871587,4.612780977928984,-0.883873322,1.8471158453427396,1,1
-0.924465988,6.489172797,0.7124880833832405,0.6841245211416505,0,0
1.5628887685081978,6.283894258887402,0.9212016200250426,1.1346054378491774,0,1
-0.273993082,4.459464791272222,0.37681867291141513,1.3406960642495063,0,1
-0.243383979,5.435436402174333,-0.271263412,0.1333752271410786,1,0
-0.299838196,3.350699319418625,0.8772006315894549,1.3309931511273285,0,1
1.904136589573007,6.406984296,0.32560617275147163,1.1113658972078104,0,1
1.6259589153620633,4.844357127727053,0.6886670983986753,2.493372793625967,0,1
2.218780233448134,4.448097096607723,0.5317046080740186,2.075030114532778,1,1
-0.15904521,4.276552327813227,-0.241721368,0.40966377124761005,0,1
0.29562448874709507,4.874212266200284,-0.042595598,0.4616935860099953,0,1
-1.516642549,4.104244710136083,-0.627735691,0.5780490897278562,1,1
1.4769344261182744,6.316286072005127,-0.415971799,0.39434361261107176,0,1
-1.167779551,4.209432903967638,0.5562513225730434,2.141293196900941,0,0
0.2167755637626291,8.185928192054762,0.7879567837662165,10.380784795921889,0,1
-1.097302528,7.930421006962762,0.4489208465028236,2.1117283420009705,1,1
-0.588866827,3.2169130202909906,-0.069652607,1.8662713604119505,0,1
-0.837262431,5.139408538858561,-0.826981462,1.0550212053582069,0,0
-0.607875261,3.698686757,-0.886104103,0.7496203928314509,1,1
-0.539122703,4.346704873622777,-0.251348871,4.839895964244469,0,1
-0.548268795,9.004854935289593,-0.072356562,6.947657065046048,0,1
0.8333339117803071,4.384857165768402,0.21824124442659376,1.3734404578106643,1,1
-1.104862793,5.720452074154857,-0.987020957,0.6855454737263809,0,1
0.22054142701386686,6.082642588016556,0.9794457809326127,2.9404148979269578,0,1
1.2179591523055584,2.9987412550335186,-0.272122233,0.28417991920510494,0,0
-0.513196365,3.2898090511815905,0.6961893276022428,2.901352083674543,0,1
-0.717918891,2.5879552571837623,0.069933411,3.4179461271718754,1,1
-0.230524625,3.228058532204446,-0.739121091,0.26684324216137484,0,0
1.1797252083607102,-0.700060219,0.5951311050690438,7.5325120671714325,0,0
0.1941076309533577,6.089164801587256,0.41965414983975213,8.468909203962273,1,1
-0.531214295,9.108387683,0.05487217,5.520355454961194,0,1
0.48387665118803974,5.295641478073054,0.029106182667560043,1.3704961591564488,0,1
-1.10229215,2.167462281318785,-0.825040788,0.5649224954824311,0,0
0.68135951,3.714447234200104,0.3116978971477482,1.7445920995412998,0,1
0.4086073077017676,4.082246309950007,0.8224903115085995,1.089226220692739,0,0
-0.307808471,2.9648304455732486,-0.813510162,0.4612142812582513,0,1
-0.838585798,6.7203652767903135,-0.472977099,1.1021719743452523,0,1
-0.886680922,6.620520088750668,0.8046159468841976,2.180632605498774,0,1
0.5348173363459102,2.6890964123646808,-0.43131218,0.14710645994999172,0,0
1.2289805024890619,6.450162088895016,0.30788734435985265,0.811184237,0,1
-0.637307747,8.053625327154531,0.06963633,0.035910245594380164,0,1
0.45838670355148425,8.805116410459119,0.19265521000772412,2.7685568326988363,0,1
-2.087027019,10.730424046171926,-0.168422197,2.0471465625603655,0,1
-0.584617731,3.1960147011136053,-0.400017059,0.12944429668955693,0,1
-0.031058933,10.648440852790406,-0.902933099,6.689873785784086,0,1
-0.909683417,4.2915872229824235,0.48856187858832834,0.045762699945186856,0,0
-0.936506375,3.815069089238971,0.4921869243884536,1.7830042793706213,0,1
-0.667779556,5.654144749755691,0.3414514801574464,2.9955020572118713,0,1
0.29219272832637316,3.8358773318139754,0.28726757623924115,3.1013600689273657,0,0
-0.187329018,5.798088281293052,-0.512565736,0.06977332,1,1
-2.238231233,2.3598456245253967,-0.955310132,4.7377731641562555,1,0
-2.120700153,4.522494795873131,0.6174307937708794,5.013118903981331,0,1
-0.606865178,7.571164468723358,-0.017722929,1.6482909884135755,0,1
0.45768658605355206,4.885877417137688,-0.386323739,1.315881330469948,0,1
-2.747504843,5.283191573479765,-0.796136186,0.091810332,1,1
-0.499730176,5.950517209434623,-0.874556818,1.6508633532400696,1,1
-0.526247857,7.341323259,-0.302266556,1.053161783383469,0,1
1.3883377782084478,1.689550575621134,0.60947413,2.9639055883108405,1,1
-0.385021812,6.169048104,0.837447499,1.0346385468458301,0,1
0.38298898474092846,4.463721721516474,0.7935027292261294,2.301374935135681,0,1
0.14125714008746323,5.333275790623677,0.8400016694993098,0.21385269572811266,1,1
-2.13056648,7.119900339524753,0.8154506862586854,0.285322505,0,0
0.7682072166317373,2.6116266971763116,0.054449503,0.3009719177698001,1,1
0.21539650545628794,2.974711117113821,-0.561168723,0.093188703,0,1
0.5082686396745896,1.1291400805723875,0.5960931656736408,1.5588435894111166,0,0
3.9262377064363267,3.901682116472447,-0.57257405,3.1594449055457656,0,0
-2.084112939,7.660864688757632,-0.465585446,1.8853269290823447,0,1
1.7246966497611085,4.758825623053061,-0.533491356,1.7111199281021372,0,0
-0.287447519,2.3197502086904285,0.029964807,2.282771925470077,0,1
0.2873289044030093,4.028642510849906,-0.356344984,0.8299563980375039,0,0
-0.045512245,2.024276593018754,-0.691687901,0.8986900204323588,0,0
-0.424236333,2.7496277965376765,-0.093653176,0.7545429159459147,1,0
-0.569832928,5.777637820527427,0.7478144775703339,2.490346218943096,0,0
0.32950873557300914,2.6522533473879424,0.14110570989994442,0.35261615373407246,0,1
-1.517173697,7.225268610406603,0.7566712117751742,0.026221706324637883,0,1
0.7505791675217656,4.857759418339328,-0.60825563,1.8136535470890485,0,1
-0.416194405,5.171189407889051,-0.666052253,5.707818469368885,0,1
-1.130069339,4.443254064784212,0.15115425139684047,1.8801830591054345,0,1
-0.450012858,6.545695677087446,-0.073342197,3.054993888495814,0,0
1.2571492168625729,6.566319775554021,0.32034528329391376,2.2343105612083467,0,1
-0.535335087,5.670108703824343,0.5892535820535632,1.376067168706739,0,1
0.35845361820962024,6.129578211815296,0.5026145913043529,2.5344813455211646,1,1
-0.730956276,4.575820660159149,0.8845223473171222,3.475726143659319,0,0
0.7579218499236196,6.084406013818097,-0.203487182,0.5090920879599529,1,1
0.6855077387902041,4.324244449052387,-0.587226516,0.8193393111348197,0,1
1.8486088332964115,5.004463244324804,0.1018252798957715,0.5064987674949376,0,1
-0.175563945,4.450712501267406,-0.77851376,1.203591308,0,1
0.6686548047579066,4.085562921361608,-0.422297753,4.326769241064943,1,1
0.09806754,3.6217764045564196,-0.584223889,0.8468725556503216,0,0
1.2958717818630143,5.935380207717771,-0.206872566,0.938302031,0,1
-0.718832388,7.621211825626927,-0.77756685,3.937478815079696,0,1
0.7450053128772811,7.342203943339118,-0.936316511,1.4487570040326931,0,1
-0.194697296,2.486869328109129,0.3135880092600636,1.5333678610347565,1,1
-0.064188177,7.578406102813746,0.2204979565796097,3.943704351494298,1,1
0.091752484,4.363682996764142,0.41671787207732236,1.3487558093689882,1,1
0.2522403964266774,6.201466030291183,0.32077288054268793,2.2886269255324296,0,1
-0.116229043,3.187569335905578,-0.771410638,0.17907202977690773,1,1
0.21471318317052634,5.283959827748011,-0.417842237,0.3935673736656475,0,1
1.5781180575621845,5.627446365793814,-0.74094678,1.036292040937329,0,1
0.9854496856152184,2.0307904161606944,0.6859448040971263,1.3657564457785742,1,1
0.8691545924968965,6.216534332688378,0.49380731071104655,6.7471859023053185,0,1
-0.455539526,7.691870016,-0.596945994,7.057036749451734,0,1
-0.889240828,4.650704108636744,-0.317381519,3.810265166758566,0,1
0.9553005582377528,7.720336261656026,0.9332299845284284,0.7584220703237717,0,1
0.8760467925297942,4.620613013095185,0.18831871575930292,6.650045011859479,0,1
1.472670675750982,6.699169062093235,0.6023111946023145,2.3381179915570156,0,0
-0.603980626,0.5628600680978009,-0.47081793,0.9982557131434291,1,1
-0.229548655,9.837555558626928,-0.57989416,2.4191430089106607,1,1
-1.639484163,7.990916490485914,0.5678338576930968,0.033321505,1,1
-0.392471106,4.430748991492642,0.3717449104628803,0.31601045676759537,0,1
0.9965705105794472,1.055821946712364,0.3619558584235274,3.5402195864525425,1,1
-0.466495379,5.576056736610978,0.10526916365838779,2.0745093499249583,1,1
0.6404797952008238,2.1121489058524863,0.12715668555309767,0.9057257932347241,0,1
-0.190503106,5.889707075114976,0.47139501061250755,1.3889627012291526,0,1
0.32405702822156063,5.823131438328564,-0.459995038,4.710751640070341,0,1
-1.14769139,3.1171936619959504,-0.294463068,1.997053111685325,0,1
0.08520945,7.241934047228755,0.7432735410401101,1.0154916887655778,0,1
-2.991135971,6.6111494056123465,-0.382269598,0.25640928402071295,0,0
-0.186896158,6.951646674577127,0.092619143,0.6955629357199374,0,1
-1.630473244,5.017715407337791,0.4052789280133682,7.664597570463494,0,1
1.205994516546816,2.168951866172587,0.999849654,1.1502414614242757,0,0
0.7774073527645112,6.955744544422275,-0.129417337,1.2767099914800952,1,1
0.46667098196608103,4.459257201728418,-0.143814247,1.3806943380949708,1,1
1.521006227,2.220439713614662,0.685176759,4.310124479499471,0,0
-0.948916521,7.704078731948652,0.6110062225197266,1.8523199681743847,0,1
1.7473631979155582,9.198815041,0.46215176346909703,2.366230594,0,1
0.9321915642603847,4.917503742041594,-0.073540725,0.9866707560239929,0,1
-0.236555287,9.318242309206584,-0.35212176,0.0590381,0,0
1.1356201471829441,5.182629457222699,0.21746096516969726,5.346512608,1,1
-1.106293512,4.239088191667298,0.7524465862632819,5.956872665506899,0,1
-0.824514162,3.7390830916290447,0.7675549164171731,5.957870408932883,1,1
-0.608589723,8.274164815985484,-0.78300331,5.753662806587289,1,1
-0.528977708,3.439712237224456,-0.143299432,3.3774161987441786,0,1
-1.056557643,6.470538619949975,-0.070556088,2.3078021622422233,0,1
1.223083067095325,3.8816723298815834,0.9552307350475064,3.722346664932871,0,1
-0.2588544,4.079386474851274,0.35599603048516903,1.8353145253095333,0,1
0.35250496835687956,7.060499387939133,-0.185507165,0.2885945348143816,0,1
-0.570351366,4.2399263074212925,-0.947884228,0.992590621,1,1
-1.820603301,4.190409241159413,0.13077032019839185,7.101361777512913,1,1
0.2700573583914221,7.265609394349614,-0.807848049,0.8650698648640187,1,1
-1.912254975,8.194794586443246,0.6688999146955261,4.047301043200888,0,1
-0.068634046,6.289379606568467,0.5050373211407242,0.1956920203168939,0,1
-1.368315039,3.6904604487521016,-0.07898168,0.8134833723009979,0,1
1.987275999230808,3.978783001404841,-0.141578441,0.8645012922162264,0,1
0.9113627221747217,5.159830527480075,0.7946779311375374,0.10596321253493608,0,0
0.10575379127148042,5.641860123851315,-0.423083299,0.25360946100034465,0,1
1.2637066776546686,3.0242681797204565,-0.501960076,0.42927270850071586,0,1
-0.846315977,6.446075879159728,0.8783948656515241,3.6380425256431077,1,1
0.543479379,5.171026659279198,0.6184916735069652,0.13100221375413862,1,1
0.1998104337187135,1.568583362723741,0.6412511861343893,0.7096416173760961,0,0
0.264020081,3.142147035078539,-0.609612371,0.020454243542800832,1,1
1.2723535001067678,3.9917426526966726,-0.713408017,2.3790076099811204,0,1
0.7324921027798023,4.8542846223178895,-0.9479409,1.9367638997908596,0,1
0.28872366282502326,8.778557591007992,-0.525916982,2.0711750494149896,1,1
-1.654887436,5.4763426122792564,0.5483809834286495,0.9380331441807154,0,0
-0.960046295,3.3184562202027497,-0.519923162,0.46706420504439844,1,1
-0.122708934,5.441261608614327,0.4582065671897524,2.548219898245284,0,1
0.093372374,4.295824505092238,-0.496183469,3.3332642475545513,1,1
-1.130203725,5.649516479067083,-0.209415004,0.2983960910142571,1,1
2.411676675578421,6.161135374,0.9663245798228168,1.3342939798592641,0,1
1.5163940552535728,7.4184612944478765,-0.510376537,0.5719422258998708,0,1
0.6021183203924835,4.951427008659948,-0.247258745,0.3681025707191933,0,1
0.072036861,8.277921055199666,-0.397825639,2.650965403,0,1
-0.21220897,6.816045325072382,-0.780750027,1.5448004539116913,0,1
-0.95191846,3.5851209103756245,-0.020211716,0.4871653598343529,1,1
0.077480519,9.419711331496927,-0.242618673,0.7421273952788964,0,1
0.2577525401427507,5.653989026540195,0.3897741716145602,6.801615194940312,1,1
-1.241760575,3.329750992,0.6351890939030924,3.7767112051856446,1,1
0.33417641724489744,8.305826102460843,0.088499429,4.239639650527505,0,1
-0.155259049,9.15555517,-0.935607156,1.2324170833521133,0,1
-1.907807558,4.933949472560879,0.23784471246944316,1.9553073419391023,0,0
-0.860385011,3.9926994792488073,-0.88921854,0.9456720420198204,0,0
-0.413605533,4.655250085092676,0.23271264719804985,0.16179542683285428,0,1
1.8876876573401904,6.429463455,0.37005989853837695,1.0252187963480037,0,1
0.5565531245337582,7.555713310061028,-0.604464745,1.802709429220592,0,1
-1.335481569,6.140974661727147,0.6386922974435421,0.6769524446706383,0,0
0.486036289,5.203446417,0.8221702631480972,3.7670992894479043,1,1
-1.547303989,7.996023540608855,0.6261739282276393,0.3276281454902443,1,1
1.0826910538870733,4.374327053896955,-0.38978162,0.9149776207896415,0,1
-0.471124652,7.061838676733814,0.17328602489126887,0.2668431523358904,0,1
-0.093636189,4.423874403297443,0.8296302983824555,1.0378235709422698,1,1
1.325796648,5.862045916021787,-0.358670548,0.080938499,1,1
-1.287163569,4.772874870419097,0.6400556445308501,0.6364183584670942,0,0
-1.397118185,4.888295634694378,-0.981049737,1.0241036008057376,0,1
-0.583599326,4.245226965,-0.992706594,1.3008090583475254,0,1
1.0383788510193166,7.6897080623613885,0.5194233206779348,1.5691936210617177,0,1
-1.519346075,3.534147924,0.5228951642542423,0.6431427788595617,0,0
-2.832155598,3.519535494902583,0.5779543757045875,1.4806508944513617,0,1
-0.451158858,9.241987132,0.8600536757763246,1.4226411275638697,0,1
0.5517407999109204,6.955695129308663,-0.764187376,0.7601154070884455,0,1
1.2002617497388293,0.2297726026139273,-0.53603003,3.546271904871738,0,1
-0.463161362,3.869482521579193,0.8074498407476152,1.5777358462789532,0,1
-0.411426607,1.3760213248758917,-0.645527604,0.8077419151228811,1,1
1.1539007342557472,3.0986186131694895,0.36445853515316795,5.8877417402114185,0,1
-1.8697417,-1.277029332,0.060926,3.730111341602227,1,0
-0.388520775,4.7260208446121155,-0.833612646,8.101169664916888,0,1
0.19042388992505774,2.716116361677377,-0.429472676,2.356830235424885,0,1
0.44921872128503426,5.119810513592877,0.040744432881935744,0.9503472389064985,0,1
-0.509806693,1.7497574822349504,0.7047002333676682,0.6594003047692096,0,1
0.034441012,5.165823706,0.4150769792293474,2.1772318999712756,0,0
-2.488327353,4.170167443759345,0.2437663229098661,7.9074180895160575,0,0
-0.658248412,8.003905930377192,-0.00793422,1.970826581239461,1,0
0.4535087125544674,7.822713723491249,-0.402632032,4.267625510575024,1,1
-0.982294034,6.570691206020566,-0.761510177,0.7982805970470157,0,1
0.058984221589597374,4.346772438677575,-0.181847931,1.0449658890589553,1,1
0.446872501,8.970760790520586,-0.942963012,4.734785745329755,0,1
-0.342549201,1.8939294443203587,-0.577888221,2.828290868854224,0,1
0.1704637709965709,2.1928827408726748,-0.135033248,7.970297421486951,0,1
-0.962732565,4.832433800221871,-0.162789629,2.9812149375109405,0,1
-0.20661128,9.508076217842238,-0.911409138,1.1902838431951612,0,1
0.6102161695892225,4.595322186259825,0.17812030705058257,1.514595105316287,0,0
0.15697296096843422,4.633509513581436,0.099368512,4.615506700175371,0,1
-0.58653127,2.1161792877763816,-0.843791392,1.604347643604999,0,1
0.224216404,6.891859170540757,0.8863261049208786,0.5898091820896604,0,1
0.714609791,6.906352508658708,-0.801234442,1.1440543274956614,0,1
-2.049941279,6.578150403,0.7096683024746722,1.452646910001176,0,0
1.1590740649558977,3.7415586543052752,-0.999380536,0.20344502367653122,0,1
-0.336254739,3.5865864632539886,0.7645621900907662,2.7233024205036274,1,1
0.42548993324023027,2.413755499190059,-0.960560536,0.23161632405599092,0,0
1.197246923645228,5.167745003521867,0.515624064,1.0381111722789724,0,1
-1.371673697,2.8391853414429966,-0.276618377,3.265642790407094,0,1
-0.709441002,2.6451669895014227,0.4764336002726397,1.2606090492283033,1,1
-0.288548696,4.152618566178648,-0.196509589,3.690516953692345,0,1
-0.783753521,4.021687649631568,-0.858184155,0.8367400046063486,0,0
1.7349365758368085,3.924042942,0.5350133907907282,6.322926547684913,0,1
-0.856772094,5.932889193680523,-0.857494629,0.47009937732947943,1,1
-0.555546779,5.158095604300558,0.8442408719224359,0.07803089,0,1
0.20438903160297678,4.423687938977765,-0.898051928,4.118125893752618,0,1
-1.202149526,5.366025856622964,-0.041349444,2.7902885401980164,0,1
-0.395680712,3.0169459177907356,0.4460688617015913,0.5278890011414527,0,0
0.31745326125017514,5.210557247819356,-0.21350707,8.365251151246309,0,1
-0.332860404,5.301204985689267,-0.565533051,1.395435737592251,1,1
-0.093386859,1.9939062812850388,0.5181819227920541,6.034542773220375,0,1
-0.529332112,6.991387508740724,0.5685894095774529,1.4065112842337055,0,1
-1.514470309,3.2371325895460092,0.8453899679087344,1.2768429968522241,0,0
0.32159321133923857,5.180619598,-0.247669779,1.1925438600340648,0,1
1.7549330716472415,7.328823481070541,0.012503469,0.8155614024503429,0,1
0.018401631,6.851353515427739,-0.273743114,1.5258585718624458,0,1
0.22526411724754952,5.068666777137671,-0.485836356,1.2049853229024197,0,0
0.6927227551168594,4.275001994235863,0.5020659230752171,0.074878106,0,1
-1.269330497,6.895023817151134,-0.32069631,0.6033868381778223,0,1
1.7025146581296056,6.349389956,-0.143701116,0.479366157,1,1
0.20232879642280202,3.76326996,-0.192652685,4.041373462814132,0,1
1.631856899089109,3.410212705996619,0.42532245129349167,1.8269393158298814,1,1
-0.733032996,0.8552896366080036,0.8355912522213595,2.88516316,0,0
1.8180619225578247,5.308063683367175,0.3335121226147546,6.285035382244006,0,1
0.7751554940347831,4.834604509963203,-0.056834808,2.065869741,0,1
0.5530400858523584,7.272382749285084,0.5584102294777669,8.103718912703597,0,1
0.23402445435314795,5.718110186960733,0.28194264824427506,0.7472471033240693,0,1
-0.248528618,7.668458388345381,-0.878779286,0.41224640131944973,1,1
1.2005316584738726,3.6052715441676586,-0.808672827,1.032714751441602,1,1
0.14035986984804696,7.276300661935236,-0.924166112,1.2727754823569413,0,1
-1.967069704,3.9421672417906897,-0.086367348,4.514488271536546,1,1
-1.117186462,6.555192123584544,0.6517068686779297,1.6416903908104425,0,1
-0.185845752,2.082483214938613,-0.373833661,0.6911337337353418,1,1
0.3099989831655551,5.470270598732377,-0.231679634,2.7145143635281412,0,0
-0.056588489,1.030624117,0.8189542167357813,1.409759223,1,1
1.2189707897936632,4.465725028,0.6738068906333097,0.35378928698536743,0,1
-1.951101864,5.8807079877558275,0.330096225,1.7199143131987389,1,1
0.1435879365051602,3.9580628975378085,-0.466392436,4.847123524,0,1
-1.817979225,2.8991247424880653,-0.765917035,3.698217295158742,0,1
0.7597122954841684,6.692236938591868,-0.967882355,1.7676953543139577,0,1
-0.094458714,4.793074420306153,-0.785978655,0.9466845490813907,1,1
0.41960997202411815,4.0208587059386565,-0.414807113,0.18199224981153006,0,1
-0.863882961,5.083791842308553,0.10358012715899134,1.2684321658471802,0,1
1.279464931657751,10.273338283891178,-0.871999834,2.789293793,0,1
1.0417246640588513,7.307005699563088,-0.727544443,0.8934297623909087,1,1
0.5835443030118876,7.3251473363756805,-0.637838595,0.5369274029770954,0,1
-0.129517247,5.871092637984728,0.2639641859666124,5.3583343009855575,0,1
0.5798572852951321,5.332970545154295,0.23157959796024885,3.446957548,1,1
-0.706892568,0.2078354233391675,0.10153145274430586,2.033745473533382,0,1
0.8555556590207121,3.642039307073736,-0.498997151,0.29417913897636166,0,1
1.649480894323921,4.0388511735950505,-0.257760618,0.3130943926416743,0,1
1.0706105599791862,1.2502158719049339,-0.806620567,0.21788850684306416,1,0
-0.72960247,2.6851684195691328,-0.547078792,1.9157711900272387,0,1
0.3614173172731029,1.038327058154732,0.7954104529451609,0.24560752896156168,0,1
-1.293141544,4.923352328605255,0.9593834928716569,3.698275517673626,1,0
0.5723903111756757,6.637531941697632,0.2953191712805894,9.913715694051856,0,1
0.45060341286253885,7.213549037248658,0.8336465840468403,0.9125113252822001,1,1
-1.86981634,5.829568924158482,0.2854838008028502,1.2090636201911893,0,1
-1.161783844,3.0732073176028623,-0.933607028,2.487279661224922,0,0
-0.283138897,1.135869682960081,0.99352517,5.534104356870899,0,1
-0.300859747,1.4862626011969962,-0.802095397,4.490402465203213,0,0
-1.209476935,2.462034845491003,0.3652836028901214,0.11863359088200974,0,0
0.38897872935218375,3.2222806039286507,-0.494327594,0.37042378572388013,0,0
0.2514736089405121,4.680503004016827,-0.216037774,2.809708661901137,1,1
-0.194269132,2.9716715637460633,0.29186836960187645,2.335237443559772,0,1
-0.7557915,5.677951787336523,-0.127025301,0.2859369218229761,1,1
1.0487071264165635,4.535452994401054,-0.498907882,1.394569786202177,0,0
1.6554071130882952,5.021091423482051,-0.331107626,3.0356749475757923,0,1
-0.483561484,7.280501105,-0.316903766,0.49379870399797954,1,1
-0.612166917,2.639536532,0.9186478090164274,4.100350197113623,0,1
0.4912076654119963,5.837409156584736,0.597226032,0.10885276280855485,1,1
-0.35802938,4.972053543047854,-0.082902457,3.0483110049512083,0,1
-0.139397201,4.3330274380606095,-0.600358159,1.9132824448786527,0,1
0.7396531517246714,6.770512641731921,0.6220322205253119,0.757255,0,0
-1.909356088,6.758028309114015,-0.685635057,2.5526035283303496,0,1
1.3183023248526693,3.1070184080231438,-0.579075566,3.049879169905405,0,1
0.072680524,4.635678832284151,-0.267973216,5.433141939043965,1,1
-0.411493145,5.562423365168131,0.7606963917039802,0.9170188339520308,0,0
-0.089234154,4.453986503954831,-0.736426663,2.316831187587123,0,1
-0.037570645,6.170042664575597,-0.755531614,1.845705816541322,1,1
-1.731201303,5.562384035820551,-0.012050023,1.4897487990302418,1,1
1.494938227453236,8.665122480712025,-0.447178918,4.422136455,0,1
0.041325632270618466,1.9394417281404248,0.13745588329631975,0.006344681,0,1
0.4430021304473752,4.755128020505205,-0.096726631,0.662882325,0,1
0.9515497705740428,3.1829949769756176,-0.130081787,1.5455813072373847,0,1
-1.021162458,6.208214910878088,-0.776054059,0.39274342712657545,0,1
0.47347189903522846,1.765656219908911,-0.71790062,4.769034065830125,1,1
-0.267641091,5.692625420449773,0.6421571548937002,2.085949061,0,1
0.8467707752164937,3.739903137303318,0.7717654751434888,1.2997271360047549,0,1
-2.12722742,3.531676267757972,-0.530632934,3.3715772776202217,1,1
-0.0990943,2.1070035929186255,-0.773078997,1.198899114871679,0,1
-0.602820656,4.069848107597988,-0.893166656,1.6358477837925778,1,1
0.4322629506341555,7.169001060581851,0.21659522748379367,0.005509573,0,1
0.47004418736820214,4.949622632941041,0.4307064250004111,0.9104681724338858,0,0
-0.707625895,6.255360835748949,-0.254380022,0.2988349006570412,1,1
-0.712173864,8.329283644,0.35935173498127915,2.3403584590049658,0,0
-0.110665369,5.527511169645152,0.42591763111905223,1.3041139664853696,1,1
-0.896642227,3.8824008558753187,0.8706845627938107,0.7183777946900073,0,0
0.8419836954521269,5.93450443,-0.870252724,1.2615933754668764,1,1
-0.3692072,3.911407707371416,-0.615416554,0.4705078939341227,0,0
-2.906988219,3.991154633405661,-0.862948025,5.182845865806007,0,1
-0.374822057,1.9602144007620304,0.735987867,0.11096756139703072,0,0
-1.038543821,6.852514982168785,0.5851743200671371,4.011148864319024,0,1
-1.631275815,4.227994848701122,0.14928414124367806,1.4322535562042145,0,0
-1.237426638,5.364196491631724,-0.83267318,1.929630967265945,0,1
0.10940847183297006,2.928076142786721,-0.453375283,0.7208084091581316,0,0
1.3286408282482312,5.871895259430945,-0.404560304,6.8042526336369775,0,1
0.313184474,3.4761175237298323,0.12148639203083422,0.662156306,1,1
-0.606503388,4.716582556596352,-0.483912212,1.7777305291889653,0,1
0.4559041951707027,6.7556520624782515,-0.854080272,10.046439830755427,0,1
-0.45909031,6.581518624465058,0.46152460370659876,4.258850695154276,0,1
-0.694600369,4.955939854966119,-0.401839577,1.537163619747109,0,1
-1.154362668,1.4637379345865633,-0.095251646,9.286683676376681,1,1
-1.751828807,10.985621140121282,-0.74466673,2.4170989341269586,0,1
-0.389923707,8.491717940546271,0.6050966067891592,0.46815728452702504,0,0
0.15805348992013185,6.445349649776597,0.1310637538481152,1.0403928203088793,0,1
-0.09662367,3.4935924368180586,0.8031712524197256,0.8144132493711338,1,0
-0.415966928,4.772815677,-0.009056874,0.8432307740224995,0,1
-0.945746061,3.9131591404469663,0.8828513436357595,2.858039994164841,1,1
0.6082461916849685,7.527711878192777,0.7837364087626519,1.7554045105074467,0,1
-1.31713192,5.525005781703667,0.15291971291846784,0.077674414,1,1
0.7760279138434754,3.431672283280334,0.8677868762997267,4.198447592,0,1
-1.002217019,4.0584898017504365,-0.353822505,0.7042168882335911,1,1
-0.752435237,7.242376285139809,-0.268715675,11.668837436414348,0,1
-1.466785191,8.200195693640957,-0.909044097,6.166537627807992,0,1
-0.501402147,8.056663126972492,0.17840181352770612,5.644590692975013,1,1
0.9753124584779789,6.514064130107955,0.44384793985786675,3.333367291438165,0,1
0.5156280884439565,4.494750262394726,0.5470383804842063,0.4984959825670746,0,0
0.9784221120280351,-1.483027651,-0.700367428,1.5212798300396897,1,1
0.5221425459339358,5.594320047616443,-0.111681855,0.5079856357678953,0,1
-1.103669829,4.996342482311799,-0.646273576,0.6013332308014688,0,1
-0.330789224,5.279964192642708,0.3242546977084977,1.8881039140486575,0,0
-0.780199129,5.1077946940664125,-0.684107255,0.083381296,0,0
1.3305749040390402,2.347475676101686,0.8083273679121499,6.977342104705152,1,0
-1.196788646,6.1148171137023715,-0.538730709,5.018558673,0,0
0.8936976893891109,6.264432628063701,-0.417195467,0.9585491750631816,0,0
0.8929538701087693,6.364677564119319,0.7018126443019994,1.448955588854627,0,0
1.8296202017160872,6.893154007146773,-0.08306478,1.2551661932375562,0,1
-0.409686593,6.208103289843247,-0.952008108,4.277530256916021,1,1
0.7123221595801621,4.179941176922179,-0.010827498,2.3333660900428588,1,1
2.2816518365388427,4.858326304,-0.830913329,0.6517684685328231,0,1
-0.617641677,5.182249734506754,0.9706894373746213,1.1842205124092189,0,1
-1.535040248,5.215398898213237,0.17622314091120472,1.120612967725567,1,1
-1.880010034,6.9964353119434595,-0.486934765,6.404783291,0,1
0.7127120288613313,6.287337506044982,0.1274353590952355,0.3854976498147236,0,1
-1.883150208,9.154686879139906,-0.846265793,0.18769044879909302,0,1
-0.372319053,9.412937959769344,0.5997826085376341,4.250867627521002,0,1
0.4373131870389607,5.159299165,0.8506561077283274,4.539964565749891,1,1
0.18517553682991406,-2.673311097,0.7488887764123191,4.107377428090402,0,0
0.42544486418417227,7.4736649322545325,-0.316484795,1.4306911666235886,1,1
0.22228985580085406,3.919247322025891,-0.348463761,2.156116524365221,0,0
1.2788658133133932,3.3970321563379864,-0.929824778,1.6573064032399818,0,1
-0.952316381,4.203109450021266,0.30280071740183345,0.14395426720120116,1,0
-0.676995138,4.106713906370787,0.069809568,1.8118636269328716,1,1
-0.772659445,6.224539620210785,-0.081307257,0.027415339092784482,1,1
0.8301918118626102,1.8811284417475491,0.815261907,0.7860478715510851,0,0
0.9003985883950636,2.844558508416797,-0.664242198,5.385118885874052,1,1
0.4512253193185082,5.686317108394833,-0.980667467,0.7249413266865221,0,0
1.1834936668899279,6.2458880608266165,-0.853367096,5.621051186942365,0,1
-1.178040867,6.283083289872024,-0.553257124,0.5757213958733773,0,0
1.667224111551137,3.425927442133402,-0.933428901,0.7553951596306872,0,1
1.5232386217122582,3.043468701,0.005687421,1.9799148913086366,1,1
0.7356219972457467,3.9867303324241616,-0.37181909,2.8678369821730985,0,1
1.781798909,5.4797455045694505,-0.639033984,1.3918531510237202,0,1
-1.656623208,7.970954739,0.5001681498973243,4.276103071,0,0
-0.524448136,0.9051256284584994,-0.591097348,0.08214493,0,0
-0.735303461,4.558542486083267,0.3752102019875865,5.107095017075512,0,1
0.7214793237573432,2.3346431179495926,-0.301470188,0.4370778375885367,0,0
-1.05014074,1.6955146452930205,0.023655521325109063,4.3124507121059645,0,0
0.7574951493374855,6.933913290689633,0.8677340797026396,1.024530584137122,0,1
1.3705361439967134,6.089249148998677,-0.92529673,3.5766155368669033,1,1
0.6952029000839993,5.898867031894524,0.000529015,2.227445049741664,0,1
0.2837510236615011,6.842051679461987,0.7088459206552364,0.38702783442051963,0,0
-0.987873341,4.040562206467728,0.175948497,5.0032326411167185,1,1
-0.846850966,4.134724967332944,-0.446258966,0.5634461001273394,0,1
1.2496189052966666,9.371461233,-0.20463773,0.5597985243394847,1,1
0.7793490039053323,4.506857891480851,0.3605312574571491,3.365941755966488,0,1
-0.039019519,6.470264226108182,0.7816237886276061,0.22381548313423874,1,1
-0.417909546,5.012763082,-0.917867253,0.5021498160318196,0,1
-2.025807873,1.3034829398431698,-0.856922356,1.4010590197279094,0,0
-1.070852419,0.9107419923974636,-0.349896953,3.5495336747429165,0,0
1.9114190871397234,3.8420315601201906,-0.534440631,0.3191265440779902,0,1
-1.280455571,7.112202503339978,-0.470138228,1.5866787479007487,1,1
0.18947982122108065,6.576583313272007,-0.557460003,2.484322870352579,0,1
1.0074439731951985,6.8281543284480675,-0.608349902,3.940747050518607,0,1
-1.254922668,3.025907642127369,-0.738752066,5.484214018693539,0,1
0.1847104747810833,8.231744980244628,0.867908264,3.070887670743872,1,1
0.937915538,3.0702133996272316,-0.711621072,2.1158721833103202,1,1
0.012499321907250335,5.425648797339937,-0.59119245,1.1369803971773604,0,0
2.8684030556667683,4.979295420184527,-0.507468552,0.23781518238795438,0,1
-1.668599259,4.652252359370827,0.8660297462608411,2.473937067423825,0,1
1.0587285298838789,7.6771842765912135,0.5114282672021695,9.850008469372447,0,1
-0.172801737,3.589778959668079,0.5793988606310294,2.669382749347712,0,0
0.7719201548366751,2.300789488576144,-0.790483481,0.033704598818590906,0,0
0.44130715169924584,5.039990972412839,0.6726197500313433,1.3713899468892785,1,1
-0.733156197,4.200346531426947,-0.183613836,1.9071890558861562,1,1
0.22899639245934025,11.75476583816529,-0.474353948,2.3402651383895843,0,1
-1.857901451,6.353014953,0.15150016704062108,2.5439739926140947,0,1
0.6032475005713938,4.181318849562752,0.6443658116334678,1.6333815382491454,1,1
0.29815846599052565,2.887776861625827,0.5573043021498187,0.5055575697437743,0,1
0.6386601686431024,1.2394231788624306,0.7799949651622642,5.701555895200405,0,1
1.0581183250871502,2.949561828525134,0.8562643720308878,2.385844624171409,1,1
0.3676198402097109,5.229883543518263,-0.523755857,0.5405752388690699,0,1
0.1480894197982762,7.854657303189539,-0.152284212,0.7781655652042546,0,1
-0.881068337,7.243378284775838,-0.970742922,5.100239164717158,0,1
-0.712220764,5.4581896632927585,0.758643319,4.369340784586628,0,0
1.186734620177331,4.353664669,-0.690855697,1.038880037230584,0,1
1.4363354057059785,5.537624712824308,0.7229496246853886,0.078120474,0,1
-0.238110436,3.9627240050308483,-0.341225356,0.099425654,0,0
0.046002747,8.436727991527752,-0.26373282,0.6679219994069682,1,1
-0.904614375,4.621619637,-0.921735491,1.983765405659989,0,1
1.1727568452674448,4.827324283506546,-0.34624242,1.7550760032163484,0,1
0.6654168236917787,0.5683551499586637,0.7767273656025282,2.009303058,0,1
1.9412174364637491,4.609130306954472,-0.948905198,2.5266175647867475,0,1
-0.878323077,6.6729682759298825,-0.187345054,0.038431396474672024,1,1
-0.378007899,2.8645548459229095,-0.93720074,0.22205440468995857,0,0
0.2314459225255723,3.4985593310143743,-0.25815315,0.8909606432875145,0,0
0.6464895377257707,6.585422035,-0.654718718,0.33650596388506154,0,1
-0.215667638,2.0466855529638934,-0.495563213,0.15661518655758314,0,0
-0.87296109,7.115602015083837,0.755196746,2.0486674398330504,0,1
0.8814075289235711,3.935712219653796,-0.127901559,3.378439814345988,0,1
0.7211353625455816,4.222863559017594,-0.452404017,2.7937131503398147,0,1
-0.916274101,2.7522431897488118,0.17867675590109555,3.396973038435891,1,1
1.3554428011054958,5.756092520855766,-0.71578608,2.192369738818382,1,1
1.1701987091966037,9.91974397,-0.481216785,2.658658807912484,1,1
0.13429649724779288,6.562994478921264,0.092495935,0.6343007907322071,1,1
0.079597862,3.2714294761189286,-0.524953916,9.925987660050279,1,1
0.5540577711159071,7.271241170982952,0.3582554748017466,0.4046379283181164,1,1
-0.86170307,4.366640908131501,-0.017017395,0.4828540459166964,0,1
0.030031479,7.748969962855119,0.5439781405093818,0.6819458280694194,0,1
-2.152383545,6.613352804328725,0.8964890714449372,7.404531715631236,1,1
0.8764556455029355,-0.886283131,-0.768390221,8.894383287094474,0,1
-1.561493222,2.991840734089945,-0.33066998,3.1684542799941715,0,0
1.503419828428999,6.8887704456707795,-0.360901874,1.9834169612197412,0,1
-0.330120094,5.303314544290036,-0.697634161,1.468199097092792,0,0
-0.211666982,2.952488104584299,0.6206062746669416,7.0549397861812695,0,1
-0.627733906,3.7328209690123746,0.519757408,2.378975133271609,0,1
-0.288038874,1.187526759821239,-0.031149058,5.79105467,0,1
1.4185313451480366,4.823253424947208,0.075541556,0.7612058963033945,1,0
-2.487808657,9.421379452031529,-0.880911724,0.8122550317121816,1,1
1.2769653860881878,6.6098667814646515,0.11101470465409125,3.8582479742808284,1,1
0.33802348110170816,9.380834002376847,0.5826830480392728,0.3246965247957468,1,1
-1.207021648,6.76479418,0.14765514716771433,5.834872444032825,0,1
-1.075312393,7.054958686705383,-0.46938726,1.416417495952507,0,1
1.676393027208203,8.948157375490048,0.33509654466867445,5.218597677483435,0,1
-0.94550688,5.754526518684453,-0.27702314,0.8213356035338604,1,1
-1.153350511,4.6255453569862395,0.089746569,2.5172726951099778,0,0
1.1373145423647293,7.065315033244024,-0.024869273,1.318941780135052,1,1
0.33855287628591424,7.907680474,-0.237649998,1.9713010748042281,0,1
-0.937925577,4.040070714575582,0.43775596078827017,1.4038612572536084,1,0
0.216624975,3.5568618353199417,0.7677522239717636,6.829514852102873,0,1
-1.025752684,5.277712064861761,-0.989574963,2.355995510534235,1,0
1.1008213984226052,6.662997733863325,0.8672330384607345,0.5788844909658408,0,1
1.0613709648731335,6.5961820973231235,0.023030272166449928,4.808724559679466,0,1
0.5320061988219431,2.1516647996248017,0.40146376072653034,0.6963643288175568,0,1
0.3616610612470166,8.823212134126644,0.7112491323517542,0.9291729747415906,1,1
1.7611881248673737,3.717670141206299,-0.065792615,0.21544593704048748,0,1
-0.000313673,4.469870006222841,0.6699481467297805,4.604500694,1,1
-1.181874125,3.1946912800243608,-0.644760361,0.6740584484580465,1,0
0.44947391283230687,10.396657671874175,-0.681664931,0.599286966,1,1
2.0860470495371137,5.484141340575935,0.3149427377123071,5.058033036768597,0,1
-1.014759493,3.298049839,0.7402860111034744,3.2749224710265854,0,1
-0.361462767,6.727847099924892,0.7848523550720787,0.3041564745198492,0,0
0.41644603810145264,6.538271558620066,0.28748091675449317,2.933486669781879,1,1
-0.053904849,4.624545952840232,0.05097846,4.8844553402242274,1,1
-0.98230358,6.681213425566766,-0.337213825,0.16352935161001772,1,1
1.1218578562304709,3.349416078338271,0.9600008311986628,3.4883972052944627,0,1
2.3200407220172594,4.014163450101496,-0.360608627,1.5855817010097466,0,0
0.19613145902390733,0.9795666908678742,0.48837221446318635,2.212467210798417,1,1
-0.90406829,2.3520978315608745,0.0639636,1.3579140333268611,0,1
-1.548960525,8.615261611,0.2170246850506934,2.3933528747067467,1,1
0.2579759812211809,8.282857255444629,-0.213038899,0.069385512,0,1
1.1038773433162576,5.131577297297925,0.9296462509444956,2.8769168962180256,0,0
0.4751677464953816,8.325862894379675,0.1433646521985421,0.067824547,1,1
-0.002403841,4.679851026783391,0.875575261,1.215039630152025,0,1
-0.589271652,4.513179394864184,-0.984817168,0.327309721,0,1
-1.092163633,5.113021296931112,0.14534116638224193,3.4697106520724437,1,1
0.8347513263248821,4.750156809352869,0.4343737794505429,0.7527669437795943,0,0
0.9137716213855857,4.569607352879639,0.49016034232443606,1.2106152900591212,1,1
-1.545729787,7.286796214299105,0.8099537635633627,1.1198592689042681,1,1
1.5898389781806839,5.300271307912406,-0.991196782,2.961227362001593,0,1
0.5740712208940013,6.424963528867609,-0.999339681,1.312259168806024,0,0
1.3995946451457935,7.062761050554662,-0.055473078,3.111399401187315,0,1
-1.342127748,5.776371591309466,-0.94141259,0.15270033340960382,0,1
-1.365824155,3.059457348183522,0.9490651073247491,0.42538166341573325,0,0
-0.14896931,2.2942682220719224,-0.555869651,1.603845930548121,1,1
0.5027844268951942,5.297561269614611,-0.054670541,5.878262520723214,0,1
1.7963608229269636,4.657487390350131,-0.87772474,0.1553995768044603,0,1
0.7060789138151315,5.174782857840244,0.044096832342517045,0.088079783,0,1
-0.242681277,4.967891921502828,-0.24008775,0.3405109115502953,0,1
-1.026369208,10.167147320333134,-0.910679942,2.049719049,0,1
1.230000573,2.339547488717324,-0.329751467,1.018297117219944,1,1
-0.964705426,1.0201074603577505,-0.21712796,3.492261501963981,0,1
1.6284685547723217,5.664753667,0.979842983,0.14930302749740765,0,0
-0.28438465,4.247154891,-0.584228256,0.4373423516600446,0,0
1.5905820726178503,5.632135739459902,0.089559231,0.713425333,0,1
0.6789312900592783,6.167766044568002,0.9746310983972573,1.9709069857015098,0,0
-0.136995489,7.568209390357795,0.5840384158802703,2.3114620273305833,1,1
-0.519396372,1.9855483592321232,0.9867350017641778,0.26524257142645435,0,0
-0.340907877,3.886564204285674,0.9365966293203385,5.757844630963328,0,1
0.4283166923752375,5.857522517761527,-0.020920916,0.8341974393938807,0,1
0.077156496,6.540927191374453,0.39275169974113155,2.4977225211357856,0,1
-0.593811408,9.386899100576771,-0.779113746,1.4855478086759588,0,1
-0.16563141,6.911407942227735,-0.11770235,0.5040073377692874,0,1
0.07857703,4.8864228082274455,0.6180370845333949,3.744572789,0,0
-2.128734094,3.2191284941146767,0.010670641954286797,3.4101145901846315,0,0
0.4581681147886987,3.8714202945619616,0.4053980656344638,1.0086001031245235,0,0
-0.979721225,3.814594354085787,0.4915026599685539,1.7764154813281723,0,0
-1.153332403,6.310467257027521,-0.493061718,0.5963423045290202,0,1
-1.687344347,5.513994891171661,0.751398746,2.341408958112177,1,1
-1.793892498,2.352700858315642,-0.080355138,0.7393085172035943,0,0
-1.355447503,4.128197061819134,-0.579629793,3.7168082134375395,1,1
-0.709020958,6.755095106902841,0.7308317635768875,0.49022907150398926,0,1
1.9532591375265682,5.703324709948118,-0.164362388,0.029828174,0,0
-0.525879676,6.137289232025541,0.5006248767594395,0.6253381047735803,0,1
0.17775010626803134,5.7658434201145266,0.096066144,0.42404248444598963,1,1
0.4004813865063287,8.252861469217718,-0.236256496,1.4197178531874894,0,1
0.13106518621584873,5.4720861276487405,0.6197528300771387,0.4555668268326275,0,1
-0.077443461,4.227954404258604,0.16893986328922606,2.8809932024186606,0,1
-1.195293764,3.168489917732879,-0.218875795,0.55248389,0,0
1.4509275482792119,5.499218916419424,-0.780804259,2.454948149762064,0,1
1.8071966436378852,0.11859197044983194,0.7908906275334158,1.7277330387464527,0,0
-1.682658694,4.631421996334576,-0.929060829,8.573412033,0,1
-1.024028591,4.588320280157312,0.7263746967361124,18.44031700961491,0,1
-0.279810342,2.271058292765438,-0.28007695,4.073163888719879,0,1
-0.964537795,3.1434683226880082,0.2786775270028117,2.8540941269047355,0,0
0.5059655534558652,6.619315060296483,0.8443994476713705,0.9770079450617885,0,1
-0.728272202,5.461423498149925,-0.696586769,2.7989758463535432,0,1
2.1650560678066024,5.203576667414655,0.13390095127762036,6.278075679966691,0,1
1.190548594343596,5.6126950678640455,0.5288657247403841,0.047310331409740315,0,0
0.2125740306322149,5.185255175897847,0.5151676654381148,1.5440115466721793,0,0
1.0269862633197322,7.485725125716629,0.051263829,0.4917967402758844,0,1
1.105900424357309,5.246858363407298,0.24947891981291614,1.6323312153961451,0,1
-0.563947488,2.083573772362499,0.515053988,1.2563940748964895,0,0
-0.816217245,8.26025993,0.6820552755148235,1.7149523488362235,0,1
0.078143063,5.740680534657692,0.5236261937517275,1.6012965108003367,0,1
0.861636124,3.8214925384098644,-0.291990114,6.443110781829833,0,1
0.13906039865341766,2.493196563409963,0.9934528021154663,1.6067551092159693,0,0
-1.576996482,5.791828441916091,-0.130994613,3.7446217581604895,1,1
-0.802824444,4.765655990051249,-0.951070594,0.7707964632249554,0,0
-0.073972864,8.148293572064818,-0.274766097,1.1528652133794055,0,1
-0.075665604,4.308185438666344,-0.744434091,1.2713174407740644,0,1
1.9725421767898081,3.325238420635066,-0.757114769,0.6534780382145075,0,1
-1.385987942,6.791592436471857,-0.43692992,0.9553951404213632,1,1
0.5055892418358746,6.850563785433662,-0.893249012,1.8251606452619815,1,1
1.4891131083282896,5.337302735220391,0.37702437681912615,1.7358954463016034,1,1
2.271449745422796,6.352714095349817,-0.852022232,2.023596257,1,1
-0.404397423,4.924625758515524,-0.593420889,0.8671672547589614,0,1
0.4914294527201998,5.467730202018494,-0.814200571,0.7591020791677453,0,1
0.5697603571986469,7.329981765127846,-0.873664538,1.891531171462867,1,1
0.19548173155329082,6.250636668043006,-0.464496669,0.28511371,0,1
-0.098845201,4.661451123334751,0.14379793532073992,0.5834646433831169,1,1
0.4359753895000459,7.704725091852302,0.9293711128936835,0.086081694,0,1
-2.532246085,0.2702892544169755,0.7511133086992126,0.15076401853430652,0,0
0.6820694900626313,9.104146623,0.7518678508906496,0.5577969343736302,1,1
0.12617790366196718,1.5880818102185295,-0.647865928,0.039444993,0,1
-0.222474897,3.745814350455408,-0.470185613,0.5631630164840319,1,1
2.046862195719558,4.918164929609862,-0.847213366,2.1282844709998088,0,1
-0.674934019,4.707038658543677,0.5569366798303701,0.1261076817090289,0,0
-0.403075989,7.012822080053109,-0.860367397,1.1480160951307408,1,1
1.991553302204734,2.8843267627795313,0.1133913416417065,4.886196734246101,0,1
-0.832061305,5.521533634966127,-0.504248855,3.1335695486459887,0,1
-0.550115283,3.8435758035604923,-0.513108732,0.728946263,0,1
-0.147025423,5.590281958674833,0.9814501104952102,5.175353824543857,1,1
0.8407344821295493,4.870455480404247,0.5135596139570748,0.7999001778869715,1,1
0.2078025073533134,5.185871305365955,0.6738787165821003,0.1505583845633957,0,0
-1.292625347,3.9001503350713085,0.14396537068802528,10.25073139679108,0,1
-0.532168563,3.979872099807835,0.7420285747874984,4.080788259225744,1,1
-0.607354433,5.574545028054854,0.2909810783327058,1.254467147950827,1,1
-0.077221045,6.8874310115120885,0.8923474095926907,2.1954844796951787,0,0
0.4258436586298291,3.8034413316043043,-0.437322828,2.2247820287753575,0,1
0.4182057558879721,3.2624649108541806,0.19063909156579006,0.4325400333669679,1,0
-1.776011754,6.226920331343674,0.38026269587378425,0.4464086892082495,0,1
1.063940987560856,4.934992213884621,-0.21412539,1.2681749189194451,1,1
0.2525688459966235,6.660996267971904,0.7594159648081065,4.851159021787567,0,1
1.3845320475939062,3.188405573257705,0.9596063262083088,0.020088096,0,0
0.4441983272906719,1.4411221491531383,-0.012461017,3.0511646823999556,0,1
1.1013229577357622,3.9339918363473316,-0.21871869,0.11849555559628748,1,1
0.46654531145012695,3.4672947814699677,-0.056124143,1.3010265781848003,0,1
1.3462257562027482,4.8424232,0.7054734914638632,2.0315196779838494,0,1
0.5222506360177785,3.726309571459221,0.29093685103633526,2.3215665386133213,0,1
-0.097915246,6.482033902672899,-0.910455255,0.12051781258083338,1,1
2.2724347204468818,4.423699475154968,0.084339821,1.0846450254547357,0,0
0.8890371222798921,5.300948997547802,-0.965399755,1.7533577890087153,0,1
0.5737444210044131,5.315269116881888,0.5570707420068108,0.13665519417496574,0,1
-1.276304417,5.389910184824375,-0.343375453,0.2902701840169674,0,1
-1.288307617,4.951741779090053,-0.055985036,2.179199980432113,0,1
0.2927154821418534,6.021201380820627,0.597356212,1.4747758438101009,0,1
0.1455211977682408,3.408689732348385,-0.907102365,0.35306547581153963,0,1
-0.614122565,7.798835853307766,-0.682916929,1.5324654178845967,1,1
0.1409827,4.526925233262929,-0.204079247,4.876634919,1,1
1.5886269280435958,2.3769017242026367,-0.540149673,0.031420697,1,1
0.6954024745502987,5.376146713983546,-0.324197148,2.057988356888067,0,1
-1.14100851,3.297639035,0.996349476,0.15300723029023983,1,0
-0.111508827,6.330669069,0.6508288751476214,0.012940660957935175,0,1
-0.804966481,9.419211152084756,0.7678036299202171,0.32657842549865945,0,0
-0.387699916,3.4268558168842995,0.8741092671315507,1.0995024180411768,0,0
-0.413615666,5.6647446664479695,-0.318128239,3.2424542557169533,0,1
-0.477645583,1.4889888225907448,-0.405846084,0.6619740066080956,0,1
-1.255135372,5.907810458882694,-0.531875015,1.9652521988208804,0,0
-0.127654682,3.2285724,0.6602338226162452,1.0591901390042424,0,1
-0.560607637,3.750330763131035,0.3591037245703699,0.5340127037165314,0,1
-2.92944869,2.797427020320344,-0.527656035,1.4441104999934067,0,1
2.052972024501663,6.464302452109471,-0.246012342,3.1936801032481306,0,1
1.088769654216672,7.014608714946525,0.013423528,3.5734527537017113,0,1
-0.376300725,5.046770429317015,0.056280114547507365,3.748363927101879,0,0
0.018819049740598424,3.271146589328561,0.7774554571034293,0.8266653907980902,0,1
-1.171654347,8.179046072207726,-0.238867734,3.1544842550890952,0,1
1.6957228778108653,3.4991797444906876,0.8170480610010247,0.47696736129154965,0,0
1.8972886947731116,0.6759354001451223,-0.117264879,2.6820692335323395,1,1
0.1566937282465246,5.916778019914137,0.4927453495847076,5.927863671219752,0,0
1.0235306441853447,2.7904506527169666,0.8605086399701121,0.027678311,0,1
0.17528677893392386,6.977217587,0.8151514079265327,1.1609371672391975,1,1
-1.336725439,4.237724606653162,-0.886094265,2.0869474276732087,0,1
-0.411823369,6.207426481088392,-0.58859141,2.4198192547909567,0,1
0.13192796677195706,7.803000693104316,-0.046189149,0.38738251499674503,0,1
-0.454547719,2.582282270758556,-0.13689142,7.164235658115613,0,0
-0.218653277,3.868125738215189,0.2817833296744141,1.9104028996109006,0,1
-0.091399558,4.848657854685873,0.8894181016508245,0.3590683333035066,1,1
-0.080878498,8.075102638068687,-0.775190577,0.041472049445641736,0,1
0.05225849,3.6832345641191093,-0.09628267,3.0581523462956697,0,1
-1.060605066,3.8109926081019854,-0.615177924,0.1661214500848504,0,1
-0.717016149,5.956281151111617,0.788215197,0.3040912764627794,1,1
-1.284584266,3.845542548578858,0.9291603716033057,1.7105325064019794,1,1
0.9778155496862003,5.305051765795233,-0.042596636,1.8501862361565329,0,1
-2.105646942,1.8969251580637465,-0.791979405,2.3223830199668907,0,0
1.1535903433169254,9.428659885113193,0.5705893334453465,1.0001473100188132,0,1
1.3863493972628433,2.3045815393811933,0.394282701,2.973544025586083,0,1
-0.302180587,4.356494592019583,-0.290658347,7.327094062512204,0,0
-2.603137088,4.935037928,0.7748149479379269,0.6324235857521452,0,0
-0.361310562,8.825376269,0.9516637795654144,2.428238993602407,1,1
-0.064184161,2.350308438,0.11570769826039085,5.275238994647803,0,1
-1.01059822,8.967408270957502,0.1314558226885847,2.3185519341781347,0,1
-0.515218394,6.514353642204045,-0.40497299,2.285814982122429,0,1
1.5301951988633513,5.8341906488464925,0.16901207196662837,0.5066194413260448,0,1
0.664927162,3.030732625964089,-0.120715359,1.5319958265796076,0,1
-0.924564114,6.142282484076148,-0.395617946,1.6534615770019798,1,1
-1.59759917,3.553026755,-0.865629607,2.4088095449278315,0,1
-0.327017318,7.533322506396825,-0.494584281,11.50266025671817,1,1
-0.213456779,3.057875941784534,-0.604290701,0.068445598,0,1
0.4961991873633163,4.773683011087832,0.084083969,0.13491523247671944,0,0
-0.535316713,3.889453823973657,0.2033400435271877,0.16231180452322463,0,0
0.5114995753618614,3.0249540751460104,0.21714344861203294,2.7171960172472462,0,0
1.9351540400602292,6.482639633815829,-0.223637998,0.2931841582437742,0,1
0.8155010224442626,6.070917494819267,-0.157540533,1.9481144672495319,0,1
-0.048088507,7.418020397801994,0.668476859,0.7851043142431923,0,1
-0.183150471,1.4402497835836652,-0.047534373,1.222470741348444,1,0
-0.356673134,7.128341404682088,0.9755466642742447,0.4858334156237209,0,1
1.1806409124521446,10.010897810713788,-0.12076554,4.0214220580263955,0,1
-0.627313446,4.096717821646106,0.299161889,1.7645049458746351,0,1
0.045222709,8.790297224,-0.899274002,5.785025585513926,0,1
0.051197902,4.473677455880347,0.30667984883762167,1.7094331206541942,0,1
-0.501784193,2.255180524877386,0.7028527888300122,0.2645684113071217,0,0
-1.372465548,4.3887351151864085,0.8849156770665925,0.37475768789273156,0,0
0.32297450361766816,7.096407935350552,0.994641223,9.033215692165635,0,1
-0.061003972,3.323647035336937,-0.435642709,2.5860831185765956,1,1
0.5002404694365699,3.799322681987026,0.15074012965143369,0.10106874389271409,1,1
-0.533600306,6.187078864586382,-0.098564029,2.433312500709446,0,1
1.2208212988130478,5.006120233477145,0.127634961,1.0626453433854306,0,0
-0.876773781,6.169245904973481,-0.685094086,0.7340520549977168,1,1
1.7120402840178925,5.475659081516672,0.712299145,0.3346155643191178,0,1
-1.74763651,5.959250639103146,0.8191378866891752,3.6639627196504576,0,1
0.43477006455689116,4.135397628380918,-0.100676674,0.1319406999409004,1,1
0.47543068252662346,5.463461884060785,-0.439140277,0.6845171853355989,0,1
-0.795557068,3.1452539886081325,-0.718333145,0.7316703818777596,1,1
0.4243939378610126,7.5768672450067776,0.36752964955560885,0.35086337461131484,0,1
1.2795186697601588,3.7314505663653725,-0.375536321,1.4193048243016377,0,0
-2.216818839,7.257694975098779,0.8190771398267773,0.023543283023904484,0,1
0.5027448074908146,4.5327860780342695,0.34202494968974007,0.7161390186732559,1,1
-2.49327082,5.403998021514642,0.2913706503484814,5.4250035101573495,0,0
-0.965664804,4.010070898218599,0.1188042317964817,0.743662936,0,1
1.6291663649009451,2.968009137663942,-0.908447321,0.8940103054379847,1,1
-0.581782033,1.510479224789397,0.8638448713711739,1.2817359279963267,1,1
-1.173879964,2.889351682815081,0.25587498659892005,1.649673112229717,1,1
-0.197937729,4.3521822935681564,0.9881239667662207,3.307915186839544,0,0
2.067906338163552,5.423758357657768,0.07471281,0.42223536353719243,1,1
-1.831682247,7.020758626566527,0.42022178381242625,4.107491094637952,0,1
-1.051309912,4.108485080406302,-0.887580884,2.833914247869113,0,0
1.4974316831796264,3.236078471465652,0.26347235364682176,2.5649524782428914,1,1
1.8577023435377324,2.114570427994575,0.5292992231807145,0.1816107455739062,0,1
-0.103431224,5.960127235808208,0.5570285897051146,0.043756567510910636,0,1
-1.239052703,7.7663890306586865,0.5402233044605709,1.8028668057891317,0,0
2.095843501809159,7.532660535912577,-0.547434745,3.9775053203530497,1,1
1.5944423917491968,6.419865496294475,0.9507969552104518,1.7562635881628235,0,1
0.678946988,6.277086634535198,0.9903642412498774,0.4796510128400314,0,1
-0.812402349,8.395247559418682,-0.84880825,0.1897643183247296,0,0
-0.049029341,5.664162922833621,0.8728928456235145,2.4052571019305047,0,1
-0.160360081,6.292259352048343,-0.421101611,2.558616331878983,1,1
0.33085130461557777,4.358432276296002,0.37856816350192957,0.37876896290433915,0,1
1.451001438131336,2.275913258290485,-0.323778159,0.057190583,0,1
0.8794170411374032,3.6323021990008475,0.935508647,1.0494553325651141,1,1
-1.077376077,4.981681922930689,-0.796992283,1.7479894187727176,0,1
1.3764964500195378,5.121570745002606,-0.004506366,2.448367414967628,0,1
0.3131321400131553,8.852571709710787,-0.143904416,3.320883646372193,0,1
0.6870657958589163,5.162554335182137,-0.347953095,1.8859750178692642,1,1
1.466540859278603,7.357686888051287,0.29106798176029725,0.23504750789217416,0,0
-1.11158025,4.129845516847368,-0.737888513,2.2950694576684647,0,0
-0.035825579,4.376648228469532,0.4333248362673938,8.292536265526882,0,1
-0.531454551,2.3419847255531034,0.9611842476095747,4.720101840812315,0,0
-1.567859425,3.515343974246856,0.6091174289372603,4.1062834166850415,1,1
0.3467099776049199,6.053962782727506,0.7200335058190908,0.7195599573136994,1,1
2.5115565515844236,5.015120360788266,-0.280726514,2.778904094366264,0,1
-1.840077745,6.885877239794468,-0.350226787,3.809006964749839,0,1
-0.032280611,5.362507896690101,0.034096709,2.268434609577471,1,1
0.6405429350747734,4.295092536724517,-0.90854677,0.5768627237125888,0,1
0.12307820165618115,9.296593727573917,0.8907162689130652,6.151022147,0,1
-0.113128053,4.812192862573905,-0.712429654,1.1986559013701334,1,1
-1.299216363,7.326001939410608,0.8060260783361848,0.27807719303724954,0,0
0.23278674294016363,4.197581586910645,-0.832835556,0.2325685825492186,0,1
-0.756763977,6.419198958767133,0.6452498553571202,2.0855170457174235,0,1
-2.189921705,6.856031318303374,-0.696074948,1.1514738382322112,1,0
1.1945922205137307,5.4169839411511616,-0.923736772,0.198500388,0,0
0.9583858198420424,0.2910341546067956,0.4389789005188174,2.6969536651403785,1,1
0.051660977,5.0365049217122255,-0.4394694,3.2121388568898936,1,1
0.22907468820570256,7.460920095519951,0.42899230556869905,2.584993418575019,1,1
1.0743180127155614,6.054961666055461,0.11017050094563952,0.4519472987429608,1,1
0.2243396567780826,5.891677750458493,-0.78238522,2.3409178164214843,0,1
0.9040175547613144,1.5554861320849618,0.8642601466023274,0.021561413,1,1
-0.297482201,3.559089858649882,-0.09537165,0.7280095969825066,0,1
1.3119837385739466,5.822715262302878,0.46889455559737603,1.0177268715915866,1,1
0.3207857259326839,5.820766553573784,0.002041144,3.6066151722157813,0,1
0.19405194360587402,7.429333560265805,0.20872294992240947,0.9898860882462183,0,1
-1.270061089,4.710266489707811,-0.394452815,0.022666855,0,0
0.2869558543017087,5.811648173347629,-0.599279392,0.8687986234526431,1,1
-0.831954917,5.032748483862587,0.085140407,1.381995378182834,0,0
-0.638282727,3.0261145269968863,-0.119562054,5.952047013982966,0,1
-0.815375628,0.488417338,-0.219773573,5.661598848656881,1,1
-1.066234932,5.862019384260154,0.3451343901892461,0.399034815,0,1
2.1247714030169615,5.347894416825623,0.38101326402227187,0.4094939754471118,0,1
1.3313390619884031,3.763649915799662,-0.908159888,0.35677411,0,1
1.9203675021442612,1.7616538869682703,-0.322511012,3.111054450752414,0,0
-1.22289502,6.259479028817476,-0.1764709,0.012080492,0,0
0.07125375,4.468159851608896,-0.806215678,0.2720454398195849,1,1
-1.293507625,6.113749444736291,-0.528198267,1.5442060286477104,0,0
-0.695694877,8.728097060823517,-0.896716406,0.568873533,0,0
-0.918126983,0.7171382393605903,0.9924841972340412,0.19380710522402966,0,0
1.2395840064415615,3.600798382595272,0.473114406,0.89219303,1,1
-0.396229678,4.581248773376173,-0.825099687,0.6409825248684137,0,0
1.0683793336940164,7.909652348293301,-0.95950124,1.4312122360307125,0,1
0.60412089,1.7271939615870302,0.43857560030456044,7.748837371851367,0,1
2.303638752104789,8.871722051361209,-0.121615669,0.2654740148980831,1,1
-1.479444223,5.271711803132581,0.573593418,0.9327459117172311,1,1
1.259233239786799,4.807998676532284,0.8469520756367674,5.376054545338647,0,1
1.1464408704007276,4.603880473562187,0.198600778,4.189078578421267,0,1
-0.973378838,4.127473935639943,-0.625783154,1.0026452901583172,0,0
1.0071333364731596,7.096233518538309,0.5643880720929051,2.400979517819404,0,1
0.3361449630262288,2.8629584918351223,0.9116234863487489,0.18391703568648687,0,1
-0.22747626,5.690828363287707,0.16046257411991194,2.493350461665456,0,1
-0.823935487,4.231636668586049,0.36399489456146705,7.213325937412517,0,1
-0.719109451,3.4757331029718044,-0.32505061,1.542166213728177,1,1
2.049812095785926,10.17195035136779,-0.236944611,1.3802643686025198,0,1
0.000682819,5.83810147,0.46930899570612783,0.41483230480404815,0,0
0.7821300015314592,6.226531089322288,0.8555421968136383,2.0090868428960023,0,1
-0.790899382,7.275553561337325,0.2579767744487045,1.7853304538516663,0,1
-0.779852946,2.1573001093629056,0.5796958169706949,2.1107209197555092,0,0
1.0819848092499422,8.504583818244063,-0.656729965,0.052858977878063595,0,1
-1.349576212,-0.017914357,-0.576081819,1.591350038959705,1,1
-0.415213768,3.462467179922959,0.064069374,1.8074146891240763,1,1
0.034027411,4.081936653642199,-0.646891616,0.46520159942235584,1,1
0.11137260184005242,6.163446729941012,0.2699901404418472,0.4672285002291468,0,1
-0.179093285,5.437436532282976,-0.416693629,0.6465305394601231,1,1
0.3958197810959231,4.666370518603213,0.5830652373337839,2.487657140807475,0,1
0.6928557558178116,4.9760053107445525,0.6162206932286869,1.8641597718943494,0,1
0.734637545,3.0439539529548636,-0.072425088,3.738525208227654,0,1
-0.985803809,2.0055352110316536,-0.63837873,0.7009841144260165,0,0
-0.284155098,6.453023244672121,0.2935499221638651,4.862384343119711,1,1
1.1947628618769377,6.387412225072371,0.9855740365271728,2.722861375948632,0,1
0.8946471875738723,8.168988750314117,0.24518179588504663,1.0050922208323483,0,1
-1.372859451,3.419965806369584,-0.928450619,0.200219905,0,1
0.35147990035220167,6.385630420601846,-0.965412048,0.594074492,1,1
-1.978225249,4.432586543270537,-0.359276059,6.282358683233455,1,1
0.046934902,7.380949970386965,-0.608432386,0.743180904,0,0
1.897767016745977,7.043925553356283,0.6261024142866163,0.8006595136969726,0,1
-0.947892717,5.422418798448914,0.6896113340720009,0.42042733514890285,1,1
-0.834323045,4.3209396866680265,-0.482762457,3.2885826043288815,0,1
0.7640297815728595,6.921864357216522,-0.348710446,0.6449452251965363,0,0
-1.542801515,6.2938090465131316,-0.527506065,0.8017261724538385,0,1
-0.63275503,3.631119195827635,0.816765095,1.070059415219987,0,0
0.5964411375817527,2.344402653041138,0.005298669,1.1373624898132175,0,0
-0.634285848,4.4229341986364075,0.3122740881640398,1.059815708631531,0,1
-0.235969987,8.030827630696418,-0.169035827,1.4013254850537737,0,1
0.7441857103150346,7.292974317466077,0.2620283870090623,3.369539662,1,1
0.42154608353656126,2.7753450606588386,-0.228289247,3.4216685995270595,0,1
0.2668183962954019,2.664485168200158,-0.320643125,3.2020779029568835,0,0
-0.339122279,7.549367699358973,0.2689601463469604,0.2132222371526153,0,0
0.37006111526895535,2.728728190484342,0.1821241560979785,3.215666434041653,0,1
-0.12373268,6.018590647284016,-0.412944092,0.25623903736165654,0,1
0.45780560992578473,3.7678575693273526,-0.701303099,0.2664315021514198,1,1
-0.496932025,8.234089849043364,-0.262846612,5.907752058891042,0,1
-0.182568974,3.4591504017242425,-0.169604722,3.4229174079852367,0,1
-0.989957793,7.286723060411656,0.25736866684920967,1.6077573744827973,0,1
-0.03500761,5.3697173081207294,0.8290575272737275,4.158406411813919,0,1
-0.811000864,5.504389708468573,-0.927630405,9.087142440701195,1,1
-1.11404645,1.059382837297198,-0.512677975,1.886512442474089,0,0
0.25866114785538813,0.5941732935885629,-0.612568115,1.8981363672851785,1,1
0.21273977585766032,4.558868119465372,0.004588817,2.8083222846965166,1,1
0.7828737349485725,5.493812126833223,-0.140598386,0.5282929795257144,0,1
-0.43112557,2.7496043445245535,0.4580752476403769,0.365743084,0,1
0.4080528468367557,2.8226131790473157,-0.515168175,2.8507420094287816,0,1
0.5507975722736632,6.1229452596522655,0.18899673149951712,0.8459494055105967,1,1
0.44477380783159476,6.125708960914261,0.7677145271999186,0.29021422425627613,0,0
-0.825653683,4.724517879224146,0.8213554798366094,0.7563159086793981,0,0
0.1493634822711889,6.5604034423721505,0.9175692094500623,0.8883189473819446,0,1
0.36414029605466136,2.651595408559707,0.5465223041599772,6.717866043230497,0,0
0.007178467,4.288130165826058,0.811975813,2.3943897270231145,1,1
-2.086477658,8.295755211567347,-0.530938256,1.5136923959310067,0,1
0.16048962397348007,5.136644259879635,-0.604838111,6.939368249,0,1
2.212531039397242,5.252625029173998,-0.987023832,4.668971925239141,0,0
-0.360039269,9.611893172,0.4136887148581967,1.4348832569748304,0,1
-0.728077098,2.2013156683024584,0.8749343756274888,4.722116313904802,0,0
0.3733485597113982,6.592860733284221,-0.62612931,1.0360518277108324,0,1
0.3123782104665717,8.32797256,0.2738871508537577,0.5238224641315599,0,1
1.1927351654164144,4.350284147002908,0.4929195184435551,0.5296979573669331,0,1
-1.257868156,6.719261573709693,0.85522847,2.171286647504449,0,0
0.7313802525749924,3.0359610055781907,0.2937204480344433,1.3905802328446208,0,1
0.5904220612514635,3.626535208865297,0.9405874654975046,2.1514573368145604,1,1
-0.142146537,5.769932832095269,-0.310653718,2.3172084934882546,1,1
0.338687318,6.597133346,-0.300142932,0.045151599,0,1
1.0294574815983573,7.241873024812492,0.08602502,0.11110912636462407,0,1
0.8723153800284503,8.139257173878987,-0.232996238,1.5214723327310697,1,1
-1.143019312,4.865106882889636,-0.997148543,0.4240004334592011,0,1
0.8201581867554845,7.387223510345176,0.4635440501739747,2.002247705,1,1
-0.064688605,4.315390313101702,0.5034340829569668,1.6067534577980802,1,1
0.072874098,6.804182623176536,0.4939492093735409,1.762621256215864,0,1
0.073196991,5.4149775957043635,-0.309958667,0.7203775915285328,0,1
-0.150242989,5.891355814163848,0.044578947,2.042433274410225,0,1
1.191707497107065,5.8470157480440745,-0.280052964,3.5379535908400093,0,1
-0.08371796,1.7905899804043757,-0.9679272,12.501770033515333,1,1
-1.119546128,2.7517562822784534,0.12489788254283751,3.6458116750605445,1,1
-0.393529856,5.205082879635045,-0.752478668,1.6306240231098232,0,1
0.1786947168104756,1.625441840717663,-0.839917352,0.4299281682972035,0,1
1.2292147842970504,6.662422206399512,0.5109981373935744,2.287925769434565,0,1
0.6030946849488336,6.743111932576284,-0.980987595,5.550104646684187,0,1
-0.850535279,5.654341105755581,0.9180168872174523,0.47617567528615656,0,0
2.4851899166788916,2.7577319744841557,0.030510728,0.5914167155547212,1,1
0.2647753109779796,7.760277878,0.9660328614122968,0.32270637944158276,0,1
1.2753907379990148,9.074421279436717,-0.884004855,2.6690868345003356,0,1
-0.151714434,5.294153654891948,0.16705909773182648,1.0436433972974437,0,0
0.5333592447054494,6.021070756902473,-0.301345928,0.12949444878678068,0,1
0.8394685045184047,5.403477309592088,0.6869649856285716,4.158083107215946,0,1
1.218194711754256,6.060738377997598,-0.27755453,1.6314067504352385,0,1
1.057368305378225,4.7608824867472075,-0.479024842,0.8042243469632995,0,1
0.8721970000729778,4.930871520312393,0.7151062541998265,0.8431370784967922,1,1
-0.315086731,6.8114352009947305,-0.250693817,0.6856884056292455,0,1
-0.571746042,9.691248324,-0.96633336,1.2157018458670505,0,1
0.33260751032419755,2.1998575311965225,-0.219421798,0.8220863386750712,1,1
0.9331280723410693,4.792375031194066,0.3090445380218838,1.587908619803333,1,1
-0.222720701,2.6390790295358357,-0.491280922,2.9701730118564758,0,1
1.0651719657143865,8.184049797152166,-0.136024815,2.2445477590710743,0,1
1.4526167454861794,3.8245240613602034,-0.886569723,0.6975748157216306,1,1
-0.916320919,2.113598412428412,0.17618558302791443,1.5046949334923512,0,1
-0.836920704,6.276373997697147,0.5125898477207875,3.666740548458157,0,1
-0.140375059,8.488622229486221,-0.173374877,0.14128754139159247,0,0
0.3076126681891964,6.327195737121525,-0.159534734,0.1630650455993143,0,0
-0.524567014,5.409595754563835,-0.823435003,1.624627652150178,0,1
1.3522026788671444,5.818281845551988,-0.596118271,2.038392573441473,0,1
0.4240668615184512,7.8296813256511095,-0.690649394,0.4750251251794711,1,1
0.039447048,3.2516014599717002,-0.036624463,2.7347106971182193,1,1
-1.435909524,4.776305791827374,0.058511082,2.0784052913916264,1,1
-1.315815816,4.094619702980934,0.897880263,5.135427323408298,0,0
0.2810092502818063,2.6642693854165795,-0.853536991,0.37014074712342787,0,1
-2.132595626,4.343249481166395,0.19973594631009428,2.783613173985804,1,1
1.0126374096440718,7.215442191964897,0.052997054656482634,0.17469870219274422,0,1
-0.158153844,6.1332042967854505,0.032466196,1.6661633594266656,0,1
3.2430929695947333,6.288621000216401,0.7463185747656529,1.6054560206755775,0,1
2.3079162506161106,5.292951223306637,-0.588923059,0.9833047047844401,0,1
-0.181449069,6.046647565457177,-0.918453451,3.7231343866875135,0,1
-0.106337003,3.398819315303789,0.34454301526838504,0.008760448,0,1
0.9955815140020298,4.380980228145542,-0.309685072,1.4686859977977398,1,1
1.7031726099180378,5.384008473937353,-0.964820168,0.48963741347453005,0,1
-1.638029057,5.5550317177637805,-0.497251985,2.721242461648278,1,1
-1.786375465,5.640375709843746,-0.381346452,0.088044692,1,1
-0.622034806,4.723329435967244,0.23367675356848405,3.5622882816229726,0,0
0.5827375831738644,4.245153197739341,-0.654828412,3.6414568130461973,1,1
0.4968735905075971,11.315542566088595,-0.173891304,3.5779189346313274,0,1
1.0697714549838502,6.813574545864798,-0.035049111,0.3310906009967022,0,1
-1.199697528,5.826294951905245,-0.081525217,1.9907031523390042,0,1
-2.316143863,4.5335830035872124,0.9478815333335635,0.028943138079205503,0,0
0.8580141953021454,4.097562346112247,-0.908991524,3.7672573569529377,0,1
-0.828196273,4.738398812546088,0.9019363729047987,2.5672964453680516,0,1
-2.018487864,5.5856576871733665,0.16387442798806662,1.5149606974045837,0,1
0.14506374595938162,1.2391289118738373,0.5914554299396766,2.6230524311463252,0,1
0.7931756882186773,1.8612208092506326,-0.139214764,0.19814751902168082,0,1
-0.122057132,3.726235222122085,-0.092324237,1.5043334691259864,0,1
-0.457848386,5.414278873557137,0.7586529980316472,0.6885796057260402,0,1
-0.159362232,4.521453705696297,0.7918689925838043,7.195845709203099,1,1
-0.370582762,7.9562424521989685,-0.522622237,3.891471637238118,0,1
-1.348047112,2.0352064260084624,-0.601516243,2.6430794454295037,1,1
-0.714680677,3.4973090607932593,-0.007529652,5.428568240818328,0,1
0.5212799050138145,8.040183481982202,0.8005540542553833,0.851876432,0,0
0.3216785413765001,5.2622386493502935,-0.355289813,4.622846045151247,0,1
0.16805980596682024,6.769685165602317,0.3040292306782626,0.7867911737214432,0,1
-0.995148482,9.102493886538927,0.4163033754812022,2.639491121580074,1,1
-0.181503162,3.612391164196355,0.5573493297883116,2.6667732707574667,0,1
-2.177065046,4.8013713244159355,0.12784891584192648,0.037040647564069405,0,0
0.17847666388538974,4.455146198138257,-0.195089643,0.8958885070089254,0,1
1.4288577078135674,1.090813991033449,0.9340319775979458,0.039247938226342406,0,1
-1.474132132,4.3792063924880615,0.22266150660570538,11.680591550246138,1,1
-0.585927673,6.762124374761331,0.45713042326654163,0.2606656255458012,0,1
0.32910677871012955,6.081179083624482,-0.310034309,1.5653163571935662,1,1
1.2528426344274837,6.238166339,0.3398983620061602,3.1266000368764844,0,0
-0.448224616,4.248982038721001,-0.484404676,0.4494486057400042,0,0
-0.692250329,3.687805527988717,-0.509806165,1.3273813033893864,0,1
-1.968923142,7.538511343797241,0.4294444036188527,1.870074514782252,0,1
0.10343812930810638,4.0053657072846605,0.042789472525870176,0.34919434418141043,1,0
2.042076040143744,5.588164077586428,0.3665532208447795,3.0151662083917885,0,1
0.2773584619646759,5.326669361355077,-0.461123019,0.7114549492573258,0,1
-0.022278979,7.923434032514237,0.19744668211346084,0.4740364122834519,1,1
0.32208231076698546,6.942824715344719,-0.112132701,1.6341977657254556,0,1
-0.011092004,2.4094827586657583,0.19392057369105586,1.0563289113863377,0,0
-0.813014372,2.624893666,-0.418240536,5.058618711,0,0
0.8232799156777053,6.157819636138268,0.4309019272982477,4.241572315,0,1
0.2257615231117544,4.871324705241667,0.6118587323189311,1.3207818006850023,0,1
0.017613251933657315,4.089656432092472,-0.480167052,0.8902748235700619,0,0
-0.975366027,7.031255767988942,-0.39875888,0.7876205257819441,1,1
1.3035079319347591,5.3749187641778216,0.32230853943818594,0.6227575986247964,0,1
0.6647027453331099,5.104914773778888,0.3911703486070883,1.5729292506953134,1,1
-0.552920837,6.559657281510099,0.40819936879490015,3.2692920142541606,0,1
1.0018248536819372,4.249782010112871,0.36539700955167365,0.7443216333040459,0,1
-0.497570838,8.137037970945109,-0.214384566,0.42167439634300624,1,1
-0.782003493,3.423904753533984,-0.210292651,1.2905579537053808,1,1
-0.759703117,6.313858132684176,-0.490364753,0.14306593989528435,0,1
-1.771068553,7.867665677319689,-0.6863326,2.416490544,0,1
0.47154238041820573,2.2454090214558002,0.38515475879381134,1.4611094647843295,1,1
-1.831144878,4.313329648295102,-0.813622428,1.3718459083615175,1,0
-1.228443831,7.284414785771116,0.8755845735735632,0.7146228058716587,1,1
-2.075588009,7.314489095462051,0.6533726073429027,4.700893564825652,0,1
-0.086069693,4.657008799223521,0.7150114799145122,0.1896904179090693,0,0
-0.15032046,3.530657812646281,0.8133376292303804,4.0777359325309055,0,1
-0.326696213,6.911871644661525,-0.182790059,0.945471364,1,1
-1.042577695,7.3670982051632095,0.6934014467008021,4.2509460972713295,0,1
-1.172233753,2.6706733029752106,-0.683877399,2.6095132354394948,0,1
0.46436986354657417,2.5921727020672396,-0.956716411,0.22001085462491032,1,1
-0.550551932,5.450513363967199,0.5697827893277003,3.562069805169569,0,0
0.31635832153614474,6.258721266857784,-0.850406704,2.292520263376586,1,1
-0.885248686,4.40186183,0.9770493346518432,0.065670268,0,0
0.18106274277108234,6.358587639964698,0.3495928592031119,0.28705421228526035,0,1
1.3032780373160637,3.579726786325236,0.50689942,2.0191602168512084,0,1
0.5861658003927833,0.7706128018525291,-0.508392287,2.1729751986573116,0,1
-0.412413818,4.152197855334808,0.3477307878393763,2.745978005284019,0,1
0.25719897035592737,5.126464293026203,-0.913560125,2.5476849828852144,0,1
-0.240665175,4.448320080207087,0.6756514398472018,2.154797518266431,0,1
0.007880185,2.6827934726810296,-0.660751814,2.906911265561501,1,1
-0.325611052,1.368702048242365,0.3947161336675411,1.711735582634497,0,1
-0.164335206,3.9718223912642046,-0.551038998,0.6043502098814306,0,1
0.21209335307417523,6.795311543299487,-0.863093661,4.869414700249411,0,1
-0.9933587,7.512394878827365,-0.037012643,0.036763897,0,1
-1.015878827,7.375426768,-0.661427579,0.9131854215145622,1,1
-1.388542554,3.368180929702894,0.45888797665309955,2.6103158986966264,0,0
-1.600271105,2.692587352739272,-0.524868313,1.1142838449548267,0,0
-1.217282692,5.9932692299597905,-0.315054888,0.050295968,1,1
0.15946250680412918,6.270200023195851,0.13487850252894584,0.13651678923986774,0,1
-0.892787515,5.8003392104009945,-0.430063445,2.0918729049523823,0,0
0.5136144642310962,0.9718734515244734,-0.244023768,6.6970921856353005,1,1
0.034713749,3.2662308302330665,0.6312435420807734,1.6053154171693214,1,1
-1.968504213,4.940622419428043,-0.641580301,1.4135099684557437,0,0
0.6549755842216898,5.9744363892608545,-0.835596821,0.7664051737148051,0,1
0.8107986455917099,6.534614725204974,-0.34328443,0.5932860007968676,1,1
-0.993862675,5.288507045,-0.151246466,0.042416592,0,0
0.4201915428949916,5.661567613076472,0.085318564,0.6375334462021263,1,1
-0.856498237,5.169730916722209,-0.255152608,1.192441854,1,0
0.097670377,6.371238748436966,0.5798234004456102,0.44116811684731244,0,1
-1.264498407,5.625731302981822,-0.921361025,0.18280123886833552,0,1
-1.793106453,5.131475320094575,-0.136464924,2.5297673272622596,0,1
-0.38281719,4.463262401725238,-0.235488171,4.500369935033436,0,0
-0.123728946,5.162582850084962,0.29515698161371806,5.522018280246116,0,1
-0.397679694,5.969182757678549,0.9325525037947919,1.9246626836783773,1,1
-1.184030558,5.534950777796123,0.020750813,0.1084363619267176,0,0
-0.399899062,5.761652836690508,0.973753694,2.7007939432793835,0,1
0.269294753,7.685443722702371,-0.39550121,0.23328181310766014,1,1
-0.04489303,5.530327845493175,-0.938263735,2.2157992718751545,0,1
0.1825010305992134,3.7020029590536847,-0.668673665,3.0224986289411193,0,1
-0.6701152,6.7672135719883375,-0.20975023,2.5882670766874796,0,0
1.1717179147161596,2.267603324662165,-0.367332182,6.068272959942316,0,1
-1.176173337,2.8371732385214257,-0.805891738,2.679938537622697,1,1
0.4875602970867186,5.671694529440138,-0.134679785,2.363182161726626,0,1
1.1818910929599615,6.032793335573158,-0.323768457,0.6069270194989428,0,1
0.4809080927488954,2.509897553,-0.754761559,5.174375461840867,0,1
-0.202524227,4.234365038,-0.407765739,0.3957896764946192,1,1
-0.528297047,3.7878323355606827,0.772872111,4.705581357736318,1,0
1.036087651046256,4.026647354236807,-0.395902269,0.7498598081591319,0,0
-1.422974925,6.887195552545892,0.42791084648410327,0.2789002479097896,1,1
-0.97012426,6.413010927094506,0.22409415931551124,3.505266297265038,0,1
-0.397557765,4.961755640292585,-0.145637675,0.004997145,0,1
1.2376537575119981,3.9080761457701443,-0.521948726,3.568634276577916,1,1
0.37976763604089603,2.300700659559719,-0.261970601,0.6084681877579106,0,1
-0.968045759,7.840369877563898,0.18421442694208556,4.320804735821285,0,1
-0.310307705,6.184227800569837,-0.298493571,2.3519319146701134,0,1
-0.614323144,3.586661791853719,-0.570207133,2.1943266749137447,0,1
-0.709788992,6.439198995249783,-0.767074502,0.9092673116805133,0,0
0.9788895585567792,4.859552758850748,0.7595338758191306,0.12248094234334053,0,1
-1.371743129,4.425780990275314,-0.119374048,3.5447738476968356,0,1
1.6087808557343735,5.870423056579205,0.2504166434858601,0.37483816267159653,0,1
0.8282296901846228,3.5170035,-0.019179278,0.9312540949967687,0,1
1.090861670603698,4.312486961,0.7451330367159268,1.8343556780201355,0,0
-0.462939512,5.242922128399091,0.093869705,1.3165399990318902,1,1
-0.149940719,4.0010976142295736,-0.038437164,0.44294149039799324,0,0
-1.433151815,6.338170420535048,0.8492019808434252,0.30307968146341413,1,1
-0.524662407,8.738133007356522,0.4393791920907091,0.26305827637813967,1,1
0.4936548476431509,3.4914037347857145,-0.776900185,3.9756637680002544,0,1
1.2960630617813962,1.6697494073919112,-0.644591078,0.064136568,0,0
-1.107156817,0.9965196650474768,0.5742457258788838,7.545762476,0,1
-0.365505937,4.699063717010036,0.6717026423599086,0.4426122068754766,0,0
-0.15129922,3.6736708197476347,0.090381658,0.23379202633228155,0,1
-1.395789202,5.415721002134161,0.10891045573327851,1.7206321843939838,0,1
0.5913492417584003,5.265195344052202,0.263865926,0.1667326918951853,0,1
-0.723990332,1.7935663067718077,-0.121768451,1.844885549704894,1,1
-0.195390351,1.370232341037188,0.360398247,3.802612735,1,1
-0.451949372,5.5918664806921905,-0.783037485,0.098166259,0,0
-0.789338506,5.270857669439914,0.9225584847347728,3.2175623015839405,0,1
-0.007044985,4.148364003266898,0.5003096475898434,1.0033269196818517,0,1
-0.215609579,1.6857128297353907,0.26234840801801385,0.3474943652553829,0,1
-0.371857882,5.9427825255299815,-0.367355886,0.3874036872623852,1,1
-0.728461622,7.543799090847887,-0.678089025,5.020806946216266,1,1
0.31952467078295543,5.555964880437845,-0.181314072,0.23442933628210527,0,1
1.653617268492285,3.3050522188698706,0.32315348114811693,4.031548606732719,0,1
0.13988723283912738,5.089104331142303,0.26741948684622185,1.571598125867497,0,1
0.996118215,2.267771838,-0.23471769,0.079678661,1,1
-1.390221925,7.115921427677585,0.22657278766625955,1.2490196885476839,0,1
0.15776143929376948,5.163688669059078,0.6274965911350951,3.4014570224177483,0,1
-1.097368319,1.4636861764935363,-0.947430455,2.5907350949531036,1,1
-1.476924928,4.398651279112634,-0.098757904,1.3419199646196105,1,1
-0.739371407,5.926603020468462,0.517110457,3.932938406802603,1,1
1.1918993344135729,4.333904758048956,0.092288941,0.2564959189251658,0,1
0.9500158286696456,4.448208557119652,0.30295217585813994,4.814581721478126,0,1
0.24300472205439969,2.5511955859054565,0.033352785,3.7473435573201286,0,0
-1.53270056,6.1330819741633125,0.9837490893646219,2.4638999189083144,1,0
-0.196280651,3.703061599961725,-0.890756927,3.406263961117618,1,1
0.30170000890173554,0.6871092459899346,-0.017910356,1.5697159220700163,1,1
0.1755362295785979,4.257485258659212,-0.817166902,2.2488600068478912,0,1
-1.843793583,6.962299431140706,-0.680428876,1.644681456597685,1,1
-0.890317848,4.226141106800105,-0.233923299,0.8783391427490996,0,1
-0.064077764,8.475969970247041,-0.688919817,1.6826485301275045,0,1
0.5362909095171899,5.857935897097034,0.9273743319133021,0.5953714384050857,0,1
-2.196127821,5.677516324560732,0.8935795534503181,1.1606342778271515,0,1
-0.162123975,4.743203468164782,-0.327780708,0.6591632036647556,0,0
0.14304876987895235,4.8634275844714185,0.2794954240753591,0.26224069326401944,1,0
0.8496119885162131,4.473152729760992,0.067506641,0.7768085203179613,1,1
0.6928575842374367,4.395461215834947,0.6311739610315372,3.8209132906614593,0,1
0.5825713188088052,6.061734324134298,0.2548912196338844,0.959561001,0,1
-0.799940507,3.128337540418869,-0.999495091,2.7566813432214903,0,1
-1.908002137,2.8482123425514807,0.5263487712194777,0.38522348945730045,0,1
-0.393052757,2.7536098982492447,0.4936962425922362,1.104751180163389,0,0
1.001631825,9.091309095354308,0.019445411132962054,0.24401002735606037,1,1
1.3934545275244314,6.060685803,0.8058379464661076,0.29844151828501453,0,1
0.7105491022977853,5.608984403,0.8168924113808032,1.921720624923152,1,1
0.42934082280173436,2.884970659413137,0.047823353,1.8703448357239396,1,1
0.3796396483859655,6.246684601349657,0.21597646239307533,0.47999941121192946,0,0
-0.556118747,4.766857307093343,0.9930441438493447,1.286517883899675,0,1
-0.130060294,5.428337882,-0.40235953,3.980023298991054,1,1
1.669069525826331,3.046759368272888,-0.350765515,0.3828089849180347,0,1
-0.942558006,5.320537714835154,-0.634452195,0.038794906,1,1
1.6147787907098514,4.152332923587034,0.7917338783157359,2.1110776713894572,1,1
-0.322028154,3.4687776859396244,0.4889767798985325,0.10996483027435414,0,0
1.3254321090950785,6.468212671614498,-0.788714302,7.818078778925072,1,1
-1.406815009,1.9245843829399951,0.9635347023959313,1.8812707644900692,0,0
0.5859042011646491,6.129552528628301,0.4619234163222321,1.2712527755182639,1,1
-0.736770136,6.368972267105992,0.7010442192099491,1.1242116611250585,0,1
-1.415267192,3.2407126488975186,-0.903698422,1.7022735121334545,1,1
0.21853404241094568,3.3593430777350655,0.009921838,0.18999421841654981,0,0
1.0094717885959688,4.553948637467196,0.39719657345407855,5.319064686,1,1
-0.844941439,5.564072420924441,0.085893169,1.9650858065539838,0,1
-1.49901596,4.694290016371549,0.33329493139855493,0.40662914679637424,0,0
-0.091844764,5.867124920383759,0.6357481271809451,1.6537277121921745,0,1
-0.087435329,8.525959305074798,-0.251325874,0.2860244009076818,1,1
0.5483196275544987,3.984566461700572,0.6973373512374195,0.035417186,0,1
0.9495945713644882,1.569640058593159,-0.67416779,1.9913010155065651,0,0
-0.059415181,6.651847166061306,-0.45822789,2.0909963546084542,1,1
1.855503314794263,8.366629152,-0.91330876,1.7526818326392364,1,1
0.22423474453529177,5.785536726102249,-0.271146377,0.40541559299079427,0,1
-0.346426506,2.824502649292664,-0.24018091,1.849804703799889,1,1
-1.611567359,4.752215273529598,0.6105411944145018,0.11634102069037398,0,1
-0.26265952,2.7629530315767354,0.306261341,1.8793150198495063,1,1
-0.336386945,6.285710987925896,-0.126554884,1.6149489742485712,1,1
0.9603047962814704,2.297419194603131,0.3042279572474964,2.129899549986247,0,0
0.46248362406685406,4.399742426,-0.894433299,4.516669594086988,0,1
-1.179369122,2.991324347412187,-0.639456928,3.7990204149136635,0,0
0.1722543864110375,5.253649370269923,0.25389571,7.890559002381036,0,1
0.6715311717290534,4.267316645724485,0.2827336384506045,7.4795905183885605,1,1
1.5280313593878327,5.353524206500528,0.5482693174148543,2.9596255957987503,0,1
0.8875039674140593,5.044701109932731,-0.194000482,6.2662965597558244,1,0
0.7608466543114778,3.026681944551779,0.44510819323231243,4.039085824759273,0,1
0.060085995,6.253754127058044,0.36796066512037884,2.6008385581676348,1,1
0.3883120054234496,4.902468696313769,0.9267867567396981,0.1567540764044134,1,1
1.2495049007061587,3.022941984268199,-0.569739547,0.10058735312264519,1,1
-1.332777397,9.481853112411585,0.10335912750527898,3.6353803762325936,0,1
-0.349439327,5.952860333434249,0.20352888422093862,1.345339984688566,0,0
-0.772568749,4.693478893201389,0.9972957698684415,3.3705513606049973,0,1
0.3791531187261241,7.830409053403647,-0.597631716,0.7506040565365267,0,1
1.2302221756507876,8.683631218773215,0.04643604,1.0138327441244375,0,0
-0.596974287,4.709301155,-0.307629385,2.4091908029448588,1,1
-2.390304367,5.6947949728695235,0.051785937,4.937910786831377,0,1
-0.412220745,3.0239943639941185,-0.535742796,0.1837075639243106,0,0
0.9134737320174066,4.705614498463977,-0.904775243,3.9534543306635435,0,1
0.5376299029498797,4.601874892,0.14513090779537774,3.150195920906952,0,1
0.4281862478105761,5.369654067243308,-0.328291368,0.7582480146180232,0,1
-0.279993302,5.665520957274021,-0.636117197,0.877681709,1,0
-1.279030736,6.119656898,-0.352128868,0.095150907,0,0
0.5152943216244674,5.475285312599918,-0.901439597,0.03173162,1,1
-0.83428181,2.578514746741671,0.9008844681802066,1.2963710577258665,0,1
2.184096733380456,3.123065789,0.16229582994652092,0.20083361300600047,1,1
0.570507208,3.907184761072654,0.6295373626940497,0.4313475752270852,0,1
-0.580648303,4.435518816153542,-0.153763605,3.751593884571801,1,1
-0.611385247,7.101548580944227,0.8066293351323715,1.6927290846302048,0,0
-0.092944207,2.674122026294174,-0.033363557,2.0082363595151325,0,1
-0.239501922,4.285169904,0.1478906444013388,0.41522785225142267,0,1
1.1168337755299542,6.906018996,-0.01641204,3.5282318478540904,1,1
0.18641616974404632,4.400245051006776,0.46655659173530317,4.049600258,1,1
-0.731631739,5.9208312996856485,0.13331215520412476,1.481851606614681,0,0
1.8904406851557827,4.720915914144193,-0.456802153,4.873553907442885,0,1
0.049308332,5.513566514649446,-0.708920937,3.7264502547687086,0,1
0.7688396759688968,4.543054912380919,0.2122487777659554,2.628499487734923,0,1
-0.608226507,6.3341309454567085,-0.021640077,2.649088816556958,0,0
0.3631156277445234,1.9098871851871295,-0.808048607,0.22274258614935571,0,1
0.3111099911431952,4.273375983,-0.208765068,0.6317133165302504,1,1
-1.889649292,5.593145353388616,0.029552844000907186,0.13837268001086264,1,1
2.01527511,6.067390496012386,0.653786468,0.017438220869527107,0,0
1.2906444609225471,7.985905245507656,-0.847797888,0.3446858935935523,0,1
-0.397195316,4.217950666268847,-0.303009304,4.248663310355434,0,0
-1.10226974,7.958963523721746,0.6453122454207707,0.5485422952715481,0,0
0.34756161380355205,3.681952346680659,0.2968478635431575,7.023406396194074,0,0
0.086697699,7.657292823089287,-0.420083356,1.8190821222831575,0,0
0.3556689485632294,6.634934253396745,0.6906702440452848,0.5416721662460737,1,1
0.19157739619408962,3.1730828407355545,-0.013412839,1.3748503787773934,1,1
0.5062409893059261,5.614078474503644,-0.003296217,0.4946030968428633,0,1
1.4473056993918065,4.897528328935617,0.9531746784007686,8.267030614407881,0,1
0.5681032051286461,6.251169187350001,0.8942330064727568,3.758101560092351,1,1
-1.049655499,4.553456823133381,-0.282934633,0.053178337,1,1
1.362562852712452,4.385507548676537,-0.718841743,5.9044274443775215,0,1
1.6406145634882874,7.738189165525703,-0.348666535,2.553553768,1,1
3.152056734512085,4.802558211088654,-0.939033479,0.17194656367658678,0,1
-1.123494033,6.652844648383533,-0.958464227,2.2211941179192607,0,0
0.242882013,4.5492970299116005,-0.208955727,2.082159178235812,0,0
-2.082098703,8.333326518455046,0.8820396453944683,0.49381934759017426,1,0
0.5531491563792091,3.643330741329013,0.7427146824644155,2.8413302526773094,0,1
-0.548200298,3.7717129375056304,0.022885667835246037,0.1821805396128958,0,0
1.9234457948249533,8.049034362231806,0.13045276234166137,1.3445145292752076,1,1
-0.77461497,4.110107218209494,-0.988133007,0.019945540679300554,1,1
-1.689183038,8.202148612328784,-0.568997688,6.930671255104877,1,1
-0.471263741,6.7836811591896256,-0.950451746,2.785137059,0,1
-1.975487771,4.690700586878333,0.5090790653907751,0.3459754881190289,1,1
0.7510994545073101,1.373413055965683,-0.708708408,0.8361101806074872,0,0
-2.065083046,4.961363391456329,0.7380942049536339,0.35004621749784204,0,0
0.028457581,5.203260107066849,0.2866486273515765,2.910152773638309,0,1
-2.07781182,7.3344354666087455,-0.541162647,0.12140394114944057,0,1
-0.320297805,8.176894352480224,-0.684559366,3.6702525927259857,0,1
1.643378155804534,3.6300256417125047,0.2552494018461062,5.701406326734862,1,1
0.36064789143579495,6.602363527976365,0.801673961,2.257903477614834,0,1
-0.863493605,6.530804312026699,0.43672043782876324,0.47896626128143666,0,0
-0.031203489,7.146825405,-0.302906697,0.8928557744935639,0,1
0.018016872044446585,5.997379824271089,0.17476719053729428,1.297265143544733,0,1
0.47263034584340563,1.1150046180764601,-0.378476609,1.8558400424006376,0,0
-1.366858363,4.689155134944481,0.9982991335573177,2.209239131429965,1,1
0.5925672738473307,2.6885848501661695,0.4976783769237023,1.6158357347316907,1,0
-2.704391632,4.594788454163853,0.22876327951350728,0.8656127571230646,1,1
-0.629884552,6.960008472267788,-0.153481714,4.431297581334785,0,1
-0.488273842,5.610301671749945,0.23630458051911463,0.16979172276414556,0,1
0.6333268260712385,7.2961817327948655,-0.316767875,1.2556781146971778,0,1
0.022630853,5.683507841427079,-0.942270321,2.988336852574023,1,1
-1.405563054,2.4033481206621947,-0.209822955,0.12560840449842228,0,0
-0.984993126,-0.041694013,0.8609616391597339,2.4438337938531753,0,0
0.1986800095474069,5.297617523359181,0.2526021895477317,3.4263952285270096,0,1
-0.079067342,4.572147067297669,-0.832088594,2.162515301845309,0,1
-0.57912411,3.0461085212362358,0.7699872267900518,0.026042605323836197,0,0
-0.48083379,1.5987455006972442,-0.462250301,0.3972361178928658,0,1
0.696167997,3.5305135730545816,-0.512461014,0.8374444296890339,1,1
-0.517692573,4.611017030270448,-0.405818062,0.5323370757550769,1,1
-0.088091244,6.3317556474127805,0.1544044722519149,6.574959341968567,0,1
2.169936588080543,5.377262163,0.089376187,2.1087731321117547,0,1
-1.423682637,8.216134494345457,-0.017172491,0.7047141511607684,1,1
-1.851842732,2.9287918879092114,0.43507372702525404,5.309895799874261,0,1
0.7835896647986067,6.762117784114867,-0.366924537,2.6987232920796145,0,1
-0.678643061,5.094597486257456,0.5641290431448622,0.6698470660795857,1,1
-0.318237528,6.389338248237169,-0.649356643,0.9524670114674929,0,1
-0.781156378,4.126970273468913,0.5652415781540185,0.4448597578377853,0,1
-0.259800141,7.143360748,0.32762021050056567,7.086028748756742,0,1
1.5985381120963413,5.5904495166904855,0.366416619,1.4567053538942427,0,1
0.8021284586181193,3.6411100301645014,-0.036893206,4.527819201085136,0,0
0.8622235118869771,4.975951942173624,0.3340030653617294,0.850824791,0,1
-1.416227056,4.520888282125801,-0.840405907,3.9442848971597906,0,1
-1.151153737,5.978356701275588,0.7031022340987345,0.11078621308183866,0,1
-2.839078659,2.640446501250983,-0.888905533,8.044827584,0,1
-0.809380821,4.941296595768611,-0.70251698,4.861618151,0,1
0.9567031863856584,5.790614505298661,0.15357941699447264,0.9026085375957108,0,1
0.5169465157483709,5.0660466143860665,0.478822911,2.9808416354356395,0,1
-0.221513263,7.693882488777991,-0.847496871,2.790734200247433,0,1
-0.022300284,6.548045548142105,0.8415296282446396,4.630424909276806,0,1
-0.688885543,4.985038406518507,0.9472152976013972,0.7341865712697817,0,1
0.20475888240178416,5.433378194995346,0.21190034601542207,1.2529219546151376,0,1
0.7658782794806148,5.591331102963999,-0.037513089,4.0049552619260655,0,1
-1.615886787,5.806599208333648,0.4827899445594994,3.015382926525252,0,0
0.29964768783734813,1.348684008670784,-0.343285295,0.9999913556177911,1,1
0.9324348709546673,4.396947408461306,-0.013471132,3.738040128993188,0,1
-0.415100289,2.0311218636131474,0.8323020536288026,0.096184298,0,1
0.7007006121205837,7.556561894918973,0.9113108504830671,3.0469452753313813,0,1
2.814654444472553,4.878300959994145,0.854138232,0.4632736834032272,1,1
-0.104342793,4.613318100640755,-0.475103866,0.6740833393414897,0,0
0.3933070500053236,6.793594664,-0.53506192,1.3593362396534707,0,0
-0.738057084,5.8446495948997494,-0.404670988,1.1947087838053785,0,1
0.1812511626020504,2.7427309712415857,-0.117377775,1.470315207254652,0,1
0.46027162498230384,4.858189274945262,-0.371665174,1.5739295705745957,1,1
0.19484234027013805,4.329666054,-0.251574409,0.8055206118661588,1,1
-1.01969532,1.510934222787892,0.24127390424151907,0.38529540806779117,0,0
0.2063617713254507,3.619447533525591,0.5250513541879518,2.9261886515013953,0,1
1.4621959387176369,4.6329193559670685,0.47111639653583404,1.0215717460692633,1,1
0.4486357645145273,4.770098137016315,0.628847134,1.409795345798553,0,1
0.961987189,2.0355371526453827,-0.935631194,2.069567079443512,0,1
-0.23701197,7.303331166094951,-0.904532421,4.807861188278222,1,1
0.7499002394237105,4.795793882217122,0.5787659213772587,2.458942495813312,0,1
0.27926783821652595,5.0751061533211255,0.066157645,0.093049837,1,1
-0.95091073,5.801283276679674,0.1562813475242406,3.6472479467163454,0,0
0.31852100479887446,3.4238474921926576,-0.89482628,9.085332803458426,0,1
-0.991696663,5.912711946265393,-0.489372398,1.279156052226589,0,1
-0.632880275,4.265850707963634,0.27670860977095546,6.985989682600326,1,1
0.18932830729237413,3.206828918705617,0.7183637802213523,1.5851782349679104,0,0
0.29724427338012405,6.146894986710798,0.8339667943628051,1.2309505467866122,0,1
-1.189232465,7.983347717603616,0.000838992,0.8051528628921666,1,1
1.0539857711828762,6.4496587469716635,0.090948465,2.1432877110557738,0,1
0.5720062783004729,6.845955130280862,0.6660992621379818,0.5222631424572841,0,0
-0.704728436,3.958738786875402,0.075249201,0.22171612908320737,0,0
-1.537584796,1.8047605416630872,0.033717051,0.055229817,0,0
-0.144904579,7.980275044199683,0.8101680755219074,0.6916964236551031,0,0
-0.445943714,9.109029779,0.5798654421117602,1.007603472131478,0,1
0.11314045705302281,8.085613547539364,0.8181450527225891,1.6062665165587946,1,1
-0.363116661,4.328428122040501,-0.56350589,0.6927416432552951,0,0
-2.007456861,2.6907313225423115,0.048750973,8.277793559,1,1
-0.388346938,2.868634604360867,0.6849442571867159,0.6899026363711872,0,1
-0.305619111,1.6325348647719027,-0.777704345,1.1631235579445567,1,0
0.6336610247740587,4.785242763179909,0.5893243085879236,0.21801468234860988,0,0
-0.698199675,8.211355916164909,-0.634053233,0.603904182,0,1
1.6786746733725662,4.716674736255514,0.6162375099706423,0.099078383,0,1
-1.911640551,5.604645801,0.22400187511373626,1.6397288659493008,0,1
1.3111674978026244,7.7511939286084175,-0.613528017,2.781124375760223,0,1
-0.224318971,4.1918093763352005,-0.053291641,0.4355902949582206,0,0
0.8595848723435562,9.071062913439189,0.3638103329215432,0.9174499471732654,0,1
0.079801484,8.984188814994907,0.2677058017670848,0.03351165,0,1
1.1395555360254692,4.737777322639035,-0.145505608,3.659197529369761,0,1
-0.387361965,3.8449314719615746,0.7987330578418539,3.027923901214472,1,1
-1.098620425,6.394476092780626,0.038526829,0.13068628871855392,1,1
1.4205042872710631,4.304950114962284,0.011734597057376783,0.9078436251222316,0,1
-0.113480646,2.6868895658653273,-0.87549882,6.214964711479003,0,1
0.2215584736242106,7.5624773070459606,0.8442407795952742,0.9952497962720532,0,1
1.2347519140447951,7.4328947745541605,-0.645766863,1.493976600954185,1,1
-1.031955242,5.311023207527121,0.056689387,0.8777631235786378,1,1
0.5954908976392573,2.4742704925436443,0.6071352028006203,1.8133313441102732,0,0
-0.589894756,2.5409474975652278,-0.569093446,7.647738162830075,0,1
-0.132169356,5.214458576838306,0.054746579941682194,11.984932882630472,0,1
0.072278965,4.000257930989935,-0.518630182,2.980777828104162,0,1
-1.500221861,4.317814135716784,0.5193899955998236,1.0360734494766588,0,0
-0.778837043,7.043926310120007,0.1286823357463014,1.364146253052304,0,1
1.3510728924131392,6.466358634845116,0.711951721,0.8823856016438273,0,0
0.8861911885847956,7.756285360995226,0.7891160057547657,8.477533620745278,0,1
-0.062639577,3.0187535532454848,0.29746696489079616,2.4603618859656082,1,1
0.24312345851289308,4.313616862626576,0.4507824923178889,1.1917921182351567,0,1
-0.294242506,6.517963390920226,0.0984402,0.024378516,0,1
1.356583385827982,5.896156682025784,-0.231142534,1.4699535917464217,0,1
-0.200352578,8.064760765175244,0.2962358460416692,8.261378402849854,0,1
0.23184209213484805,5.841073411808138,0.8165772469746577,1.480732976028976,1,1
1.146030144142065,8.696218208211105,-0.166639239,0.4028293977459578,0,1
-0.777371485,6.080035603446282,-0.371179947,0.044682939,0,0
1.558789184496894,7.124334895,-0.223126123,0.876091556,0,1
-1.53046141,4.352970106431085,-0.12920474,5.007642146760738,0,1
1.6296421311127987,5.028574423767978,-0.852877942,11.341145066186298,1,1
-0.372675584,6.821888807678951,-0.003116319,5.814270052550067,0,1
-0.242698748,8.225956341186109,-0.011371504,2.6143749017524875,0,1
-1.890010171,6.458473898621506,0.17688765528104633,1.6335367281536577,0,1
-0.454794717,4.833656456130761,-0.274359939,1.7865460979145378,0,1
-1.039806531,7.754670059056684,0.22621519191117945,1.5486798045576005,0,0
-0.607646345,0.6160426874402383,0.756432621,2.455501920625539,0,1
-0.137310966,2.155530996986253,0.9109419809903285,1.0855726949462028,0,0
0.9577916144729056,6.363268447336778,0.16722443228209927,2.212506845570942,1,1
0.20760335140062577,5.028216713,-0.914818092,0.2593340007905974,0,1
0.30767665340111383,6.211027302248331,0.9384719945342179,0.6176624456540288,0,1
-1.095519389,5.1288150448638845,0.4117241217925125,3.6158147613010403,0,1
-0.88075409,6.141891389207745,-0.328072703,4.681590393432754,0,1
1.798725018351312,3.3711943580136188,-0.705684598,1.5487502100789972,0,0
-0.735201035,6.1409721721593815,-0.713162776,0.064293668,0,1
1.6562082520572956,6.9888290564151685,-0.664511188,5.2338677188149205,0,1
-0.243061199,7.441101207862465,-0.908854957,2.421754893,1,1
0.002287936,9.027108589297399,0.804308377,1.0689662840003027,0,1
1.0703651602299298,5.488196887004773,0.081536466,1.8244925594139414,1,1
1.2718924219386565,5.547822173694358,0.39991882542767443,1.1234479377208662,1,1
-0.11081256,1.9536550716523045,0.656217019,1.252245603701432,1,1
-0.388243054,3.937177198,0.5830820126664005,4.357372538958528,0,1
-0.055920449,4.613835851986774,0.7652112474576831,0.3512899820910254,1,1
0.3379575282321183,7.100639104552711,0.9345092450499037,0.2188913314700236,1,1
0.8913036868697555,3.7779977518207417,-0.121858771,0.005464949,0,1
0.004229859,6.592680039497665,0.900670933,0.753756398,0,0
0.6188862980231536,4.996756566073239,0.4465798966856327,0.31896184251239595,0,0
1.638359732270941,4.645663769770477,-0.858663619,0.4968855269892442,0,1
0.38130961226478466,5.497787938266513,0.3635662424246908,0.022605234544936924,0,0
0.3116528560047783,4.217687255494315,0.37343331920969725,0.5154581254526119,0,1
-1.518910825,4.141925503814669,0.8117211275850542,0.8090658312663437,1,0
-2.630730137,1.590428188419771,-0.254135735,0.064152981,0,0
0.38837572923016833,4.504091585344221,0.16982300054363564,1.8724977764441546,1,1
-0.094824231,4.040063707702547,-0.975624898,1.6823681369746024,0,1
-0.514782675,3.968038021301841,-0.335849516,0.204144696,0,1
0.24353020418634463,5.833746125180081,-0.875512548,1.8077847083755287,0,1
-0.060403729,6.317263906,0.043745946,13.221115161400867,0,1
1.1277802506338985,5.464389009284655,0.6348953010139065,5.781626011678906,1,1
0.086110868,6.990830380898949,-0.587114616,0.005349134,0,1
-0.746923285,6.1511238516607305,0.054882091115556975,3.1731848517096184,0,1
0.990166239,4.409887620388716,-0.591982727,0.8726898686062569,1,1
-0.217131075,4.074287428571241,-0.758623064,0.13153480852433727,0,0
0.5265366836723071,5.625644473533693,0.021993583868684885,0.7019061579104968,1,1
-0.477410706,6.147534219803802,-0.841702758,0.7764388950542395,0,1
-0.649826885,7.795688614062996,0.17470926227597872,1.4815019026429046,0,0
0.08416823,7.382346089880191,-0.937325079,2.1640046064485152,0,1
0.012828644,3.917053986985662,-0.786570056,2.7650478539645342,1,1
0.479827035,4.795987439745477,0.099994971,0.5644686569527327,0,0
-0.268645753,6.3420356098355395,0.1828148257978277,0.7765393126390405,1,1
-1.836359784,7.135995556117944,-0.94202614,0.7374421501194618,1,1
-0.432773884,6.877938937409584,0.1467535760031169,0.9011452576618821,0,1
0.7938184671438157,4.8722443343373065,0.677005051,15.951534866083836,0,1
-0.297376079,2.491954695142967,0.44463235458790784,3.0096450740955216,1,0
-0.246383403,3.0021272475088177,-0.737629792,7.376996275144424,0,1
0.9863765059059371,5.545267028638829,0.1849492951272298,2.3625387086544682,0,0
-0.711973227,5.684451158848691,0.3445050001484269,1.0426635803467703,0,0
-1.542803218,2.802641253,-0.925537596,0.987754077,1,0
-0.16063112,5.089139221778543,0.7106953373672453,1.3411326947554734,1,1
-0.484173951,6.2624487139435665,0.8125347945796604,1.0786895228434454,0,0
-0.96624632,2.6975466849857117,0.7009045467245172,3.5243187658841637,0,1
-0.175378456,7.209994403608829,0.6492629359782265,1.25098459,1,1
0.49150564724678364,4.244937703,0.4899303969217865,0.7008585780229113,0,1
-0.009288562,7.515226225153302,0.26686406256392026,2.982068083041865,1,1
0.30698107268623775,3.933095108448199,0.3572540099765038,3.8540646547353106,0,1
1.813407698515423,2.946749034231642,0.6127905866699661,1.0909340572361022,1,1
-0.342878862,4.083726020316561,0.3249969167226092,2.2040877711683553,1,1
0.2783486346446696,4.809703753845359,-0.344546087,0.12120887855285495,0,0
-0.509213363,4.223040186457038,-0.248077796,1.5077692383586458,0,0
-0.84635972,4.567997156853774,0.7941149367445843,0.092048375,0,1
-0.584907653,5.667930299,-0.965755828,0.059250740332883335,0,1
-0.478758572,4.6576412604072015,0.39764116248856407,1.8982728402159963,0,1
0.35947579754712555,4.867775212095986,0.9095551048504309,0.7229023278650782,0,1
2.3490757867007575,1.581547201594808,0.4124563399159473,2.7137597790178205,0,1
-0.716043436,5.783396032020946,0.9878239764635641,4.528317094689552,0,1
-0.416625306,4.821593404616664,0.3750898110566616,0.30023040536259904,1,1
-0.063123013,8.220585960965742,-0.931273942,2.5785011049570645,0,1
0.3957988487097471,3.1208696654920836,0.6540197632938471,1.445234366436553,0,1
0.26355081195478497,1.383409343000971,-0.430740176,0.2378356714630671,0,1
1.2840957939481172,6.236136987860084,-0.107885549,2.108765625752549,1,1
-2.426392071,5.693054036626001,-0.375816168,1.8804846041292362,0,1
-2.38692987,2.9831339589377084,-0.462891788,1.4498614050036631,0,0
-0.495878172,1.940502089991817,-0.137188593,5.220156349576969,0,1
1.0973001875437087,8.074793461,-0.242497103,1.472442151178677,1,1
-1.565648032,7.828220781213563,0.2666771636851788,9.316111695083869,1,1
-3.00763234,0.025086482587741266,0.6263024019750212,1.4235545515814896,0,0
0.5711794062192087,4.083553941486998,-0.405822694,0.24626170572680328,0,1
0.24365722370271442,8.328384109567798,-0.572557694,1.2715356418774086,0,1
-1.090208407,4.0478748844442665,0.33379054174068457,0.4025898667619411,1,1
-0.985539601,4.0187755319466945,0.34064013166156326,1.8183000014624027,0,0
-0.96974372,4.434481344741263,0.8022624785723436,2.362676324,0,0
0.11053531747394013,2.7582060524636813,-0.968108627,1.263860635203138,0,1
-0.626315276,1.5904485115439115,0.706081324,0.20562301801507335,1,0
0.49406391897551966,7.105094621469497,0.042004346,1.2646363068800657,0,1
-2.854626663,1.3141261875046486,0.24260417834419767,0.16992705540516304,0,1
-0.856851865,5.494542904217512,-0.817257119,2.2922001223269426,0,1
-1.126053961,6.773158985515299,-0.134770134,3.1248054781981933,0,1
-0.256340678,2.097547402197683,-0.545395186,6.560456306734305,0,0
-0.538047758,3.151463194809857,-0.49154994,0.3222212717553613,0,0
0.7978437798957666,7.426358376783179,0.008190229,1.520371078988741,0,1
-1.859336772,6.06578344,0.6249119008062247,1.6765187105372572,0,1
0.045491476,3.7654285862422254,0.48756186028971227,5.1143491970632216,0,1
0.5583364232117055,7.404498006722342,0.18199991817190764,1.9738375966092092,0,1
1.8566474365619547,7.413071446908605,0.078836386,0.31450012909584263,0,0
-0.481765971,5.538105386031415,-0.145387914,1.146648272808951,0,0
0.32445860435251705,3.199679544252674,0.9454199471227727,2.1270455511324635,0,0
-1.803862793,4.173102593056409,0.12038510846846662,2.4098427219224545,0,1
-2.391956204,5.572773488,-0.492067203,3.976629269554928,0,0
0.8447743757816999,4.622810341705024,-0.539818416,0.39813913774129134,0,1
-0.005560294,6.877914356469702,0.2227060615502836,6.0541217282213555,0,0
1.1785126897984228,1.9404518397813275,0.045655055,0.12192060683553331,1,1
-1.373402889,2.0114729418675226,-0.984604394,8.240818784,0,1
0.5199021395287525,5.361742222964865,0.6601307443915587,3.900578747887233,0,1
1.8688178405438531,4.016911172386191,0.40824470846486927,2.1592245712606033,0,1
0.4197056083572659,3.745902770604518,0.323658579,2.6560169460116354,0,1
0.27658150559104877,1.4638865616512056,-0.862438685,0.15093904079740894,0,0
0.008556081,5.039091689596363,-0.2758883,0.084729415,1,1
-1.570881457,4.894489783998469,0.8707645214655724,0.21464887812344835,0,0
1.355572935710348,6.306957963903481,0.7251784826827274,0.18282715511939737,0,1
-0.61085764,5.137812266241944,-0.428914124,1.5854101656197108,1,1
0.5044832563830169,4.734791843519006,-0.685882232,0.4852746197655549,0,0
-1.563034307,7.354001273580675,-0.101824086,3.9351655467251567,0,1
-1.179459665,2.375065393,-0.288339243,1.1802738923463807,0,1
1.4350873992222355,6.072778437695153,0.36445275341198213,2.3782371957399215,0,0
-0.347302289,1.6577056704093023,0.9328696201686393,2.116129679,0,0
1.4532754760425446,3.3232762399983846,-0.2739971,0.7708927698827293,0,1
-0.078230659,2.5746857347533725,-0.875551655,0.5572268306823696,0,1
-1.841897773,6.5638850709038365,0.7952280166847705,0.8384880617989411,1,1
0.8920675997317206,4.869179532809212,-0.92410054,3.1857356539389743,1,1
-0.589892318,4.972993510814047,0.9055317943066661,1.7651164896730112,1,1
0.6986888135170435,2.786534024541098,0.3291588560180796,0.5848229101287822,1,0
0.025210867540082116,4.400613008134222,0.8833784168838983,3.4058104563766642,0,0
-1.543118228,3.4730693933817767,-0.600680627,0.11263153205066458,0,1
0.16429476537056906,5.766910029708432,-0.918600409,2.4025088382391337,0,1
2.196223142152799,3.0178177293367727,-0.023580043,1.1564281579964497,1,1
0.4929864585144592,7.659588730410151,-0.098753171,2.628247969132062,0,1
-0.057517753,1.648839100751811,-0.337015453,5.247269588151764,0,1
1.0753434019568977,3.3869603350868775,0.915312949,2.7728615244194237,1,1
0.2106684652031108,8.354401019932192,0.6451674643228644,1.1666684625451458,1,1
0.20953423026279433,4.129722504075931,0.3231640427511866,0.3273348987977858,1,1
-1.091625172,2.370242671191176,-0.674283417,3.2834158240999916,0,0
0.23384802578959837,5.438143125075337,0.4686468164370494,1.2349870500318243,0,1
1.0354434164169448,4.049215515570916,0.45402490939944795,0.1565984909319379,0,0
-0.836062152,3.328259488763388,-0.149863653,2.5391955483948916,0,0
1.4244958212469476,2.808258378402565,0.8495718194280273,0.6902042389115378,0,1
-0.091706024,10.536747211251885,-0.666044236,0.1002473878111009,0,0
-0.887769512,4.496896199631728,-0.465324875,4.660961466578973,0,1
0.9976320769202445,1.1488652793342458,-0.873551321,1.3198159191167338,0,1
-0.286794236,7.987419518011068,0.590901916,0.6596795093589548,1,1
0.7595148874861078,6.222141810221141,0.24351877219079454,2.5202861745966167,1,1
-0.291758632,3.4670671379604245,-0.370119389,4.341401721832734,0,0
-0.059826144,3.133761822627717,-0.672372673,0.000614244,0,0
0.4935602043342916,6.3469455923164615,-0.91970446,2.328556874947495,0,1
0.2908970575900059,4.506163345021091,-0.666508863,2.913534031192412,0,1
-1.99553178,1.1480443631097974,-0.093430707,0.4712609470743079,1,1
-1.12124374,8.574479929209337,-0.505646062,1.345214479351999,1,1
0.9294099847908155,4.132019075568086,-0.482035645,0.18705252148852747,1,1
-0.132136589,7.991143472964852,0.7511527333354286,2.7467553438912873,0,1
-0.523731303,7.556869916,0.030275347,3.760604643,1,1
-1.358574015,2.9979809110343716,0.4585039462568292,0.22899685077974827,0,0
-1.079736321,7.066379728726296,-0.928578102,3.390648064793193,0,1
-2.02179864,3.697114900272638,-0.269673289,2.953052415292529,0,1
-0.101280719,1.2665988263921162,-0.041661305,0.8520908357769322,1,1
-0.598437581,4.150803667955715,-0.62716629,2.344234771,0,1
-0.966587891,5.7952750035525575,-0.759616917,9.625010460700038e-05,0,1
-0.068123425,4.074526704007324,0.7406075569996851,5.370552645459913,0,1
0.3639706308527381,4.385903318149797,0.8788632541995931,1.598719386165303,0,1
2.0931979322099448,7.287132089857225,-0.842386604,1.9369523432732958,0,1
-1.51188342,5.212987960580183,-0.301962575,2.1852171752388103,0,1
1.159381043300522,3.3134033774300953,0.9165712562889474,1.6481936106324933,0,0
0.973101561,6.404060647334653,-0.833676534,3.886521748522269,0,0
-0.779092739,5.395351134,0.2872827457574525,1.8816885980402476,0,0
0.20323595458603103,-0.043209603,0.9444427419340111,4.766722616113634,0,1
-0.457633249,5.856705827542897,0.9564473371627491,1.7461350319130524,0,1
0.18568858041873892,5.783657415432203,-0.057553338,0.3753656180694277,1,1
1.5091310134045506,5.040242259,-0.674501784,4.896668631130423,0,1
0.605606233,6.783401162139151,-0.59583137,2.2890663858735794,0,1
0.508608373,3.6552128313469954,0.7792027902487892,2.402878662132793,0,1
-0.43030932,5.672999577641802,0.8233660086594718,8.464697679272499,0,1
-1.484056665,1.8660812576652943,0.2157592877471095,0.15634811017302777,1,0
-0.208468211,5.814180766797664,0.5323527989398227,1.1193057020776016,0,1
1.2066081548639151,8.906119391079793,0.47986250294081634,0.546494562,0,1
-1.527167857,3.0102872950649178,0.323643196,1.9908110908815297,0,0
-1.055089368,3.4803957360244495,0.6545539097438782,3.2881796678377992,0,0
0.12626773623406817,3.5799691142168957,0.37081324608064214,6.7811505268240495,0,0
-0.984654785,5.2599964516031905,0.068004611,1.2124573412652957,1,1
-0.792523447,2.8739274542925637,-0.526087275,3.085599107273575,1,1
-0.423598582,5.842494757,0.48777628823723806,4.979072911,0,1
-1.365617404,6.693679890938331,-0.053124264,2.2997612669604472,0,1
-0.974121846,6.068694426907569,-0.410416632,0.5560775773328618,1,1
0.7034279167873088,1.4631691487238552,0.6038925514835507,1.8722428897792058,0,0
-1.307369782,6.990335330317212,0.39342720070605663,7.009921534635188,0,1
-1.597872134,6.874734829,0.874679126,8.772684485,0,1
-0.63002498,6.660322744692609,-0.66911672,2.056455784416493,0,0
0.7319555025098458,5.745684497,0.29837856927298634,4.360518257443692,1,0
-0.196921808,5.440378628410266,-0.511521064,0.4471607030165594,1,1
-0.464581078,7.064778796252794,0.8071659706032834,0.5649343340168189,1,1
0.044358798,8.847026975206909,-0.801001171,6.110438632924009,0,1
-1.745707433,3.0939190732703006,0.3123236128897544,0.2905958389552631,1,0
0.49470565377503245,7.156250791589544,0.5821714430560598,0.424175876,0,1
0.38343503140364416,4.827565803985094,-0.290164319,1.0913469672036988,0,0
-0.409308474,4.740653895942799,0.9082761587676185,1.7811694013140977,0,1
1.0059245117964166,1.9269386192359232,0.7014613691720746,1.851759211911159,0,0
-1.127496099,4.430421181,-0.410763401,0.6905545995939001,0,1
1.127908993253569,3.005470084063169,-0.984917815,5.066863926415752,1,1
0.15449366559525113,4.072291140988108,-0.406685648,4.932560194837634,0,1
-0.33655259,2.8036272324437004,-0.437379059,0.9953846652859666,0,0
-0.019873635,4.102183225373987,0.779929215,1.139353654769223,1,1
-0.107264766,4.1877792859531935,0.934242357,2.424662725390436,1,1
1.220282896417717,5.193509836877601,-0.859120028,2.175320343692103,0,1
-1.076679127,1.770500275417338,-0.057410343,0.9634950875716566,0,1
-0.762519239,2.108963704509353,0.096663997,1.0697047755289186,1,0
1.0363028920724797,5.723828541461053,-0.814176677,0.8555408960269635,1,1
-0.595534935,3.405123765859802,-0.245004582,0.5367656978103146,0,1
0.9005330773315916,7.149059580459863,-0.365835165,1.2254891845607683,0,1
1.6994359830087096,5.450539444030094,0.072112709,2.319491670808426,0,1
-0.401795027,6.213524300412814,0.322381799,2.709333306434481,1,1
0.6813623265753054,7.8213846408417895,0.4069702209931332,3.018042026979224,0,0
-1.153692281,4.380578376386855,-0.726489953,0.9391498853399031,0,1
0.7547332980678092,3.8510265891674487,0.6258954038892428,2.8932440055008892,1,1
0.1994239859867671,6.743405171197627,0.3570840595815179,0.013075279125671354,0,1
0.4730382821602152,6.019027127859372,0.7781498334934391,1.2965386053646029,1,1
-0.645572072,4.625339380357398,-0.101327881,3.1588302816344442,0,0
-1.661083416,7.782915933911884,0.7877795254443831,1.988746294,0,1
0.5032520647495048,4.575511380320139,0.7315482447121509,1.2851481626885095,0,1
-2.063403152,5.065547275111562,-0.123181335,2.0692591310759934,1,1
-0.317350492,5.042445301668517,-0.237713369,4.749150686027441,1,1
0.9411818664199697,3.1308122102030578,0.8656240299405136,1.671181713950191,1,1
0.19189773587303607,5.155170778972782,0.4303294690768753,3.216738881507703,0,1
1.9483426447898131,7.793520354796982,0.8564906928761513,7.899732758518277,0,1
1.0251091525817735,5.889936630752351,0.5939495577916261,2.4454157774116125,0,1
-0.653898388,5.062126852797863,0.21859487858282867,1.7034689400178884,0,1
0.02731338,4.676465437668662,-0.768294446,0.076413225,0,1
-0.047370703,5.661734056812702,-0.417038655,0.9383372303487619,1,1
-1.582176763,6.499533256978371,0.9376848141967831,1.666855088754106,0,1
-0.940398916,6.218477661779506,-0.361155803,3.191134825304502,1,1
-0.560760907,4.336270276356042,-0.81349026,1.1528798098432562,1,1
-2.036220503,5.649563188220229,0.41510671183863956,6.440667562579348,0,1
0.047493468251642953,5.959879482296557,0.46800850908736846,0.6343419281472863,1,1
-0.249071845,2.9856100249460433,-0.429084559,2.729591798,0,0
-1.672893901,5.336461082367388,-0.404656041,1.0861171954948208,1,1
0.4042128652773321,0.6773922273952762,-0.062214029,1.3310192593289378,0,1
0.7158727446909595,5.96506742,-0.9564221,3.244053985493696,0,1
0.2270344788648889,6.320686109125363,0.5786460207223272,0.7025654779454275,0,0
-0.324068175,6.495092251572919,-0.365822425,0.20364922998073476,1,1
0.5914421517518549,4.209906295660865,0.7075262040039552,1.4690035696724772,1,1
0.6802203604766911,5.6180936700480695,0.6052608432000675,1.5049224233173457,0,1
0.3074035697196884,7.847907691082334,0.3228040662375662,3.190752211629093,1,0
-0.82461225,7.8275392965825175,-0.350250266,6.904089313,0,1
0.2766007655111807,4.941654601546879,0.032633123,0.11377717742266608,1,1
1.195480650825479,5.278639261459119,-0.110341485,1.7914546005921443,0,1
-0.596629059,7.221822289468866,-0.322236228,2.2868753867708813,0,0
2.0979393391324312,1.9983959694756503,0.6962725786063564,8.509216884069492,0,1
-0.525630934,4.353848514645951,-0.032985851,5.715081014413108,0,1
0.032407013340136216,7.671140911073513,0.665446196,2.4927223604623054,0,1
-0.672485596,6.950401083369532,-0.789563052,1.4754081625193272,0,1
0.22327083592026087,5.738527555299809,-0.717950423,0.35233845599950697,0,0
-1.742221693,1.988335189338759,0.9546406102259535,0.9695899442446053,0,1
-0.546041799,4.900179533917676,0.17553692521217923,1.7595431227506566,1,0
-1.0921212,3.820169207500134,0.019539346998098006,2.5834263237019464,0,0
0.1353383478922909,5.662077805634427,0.046312126,2.0179064060444345,0,0
0.9944473755089074,3.3813066304102395,-0.569462452,2.5043858747821344,0,1
0.6460061871145515,2.948553210050785,0.43740789900394605,1.1212663765549944,0,0
-2.371659361,0.8702694446327168,-0.830438753,2.6011677907510204,1,1
2.0420696529278803,7.443609369953403,0.14664742620604643,0.3103653550201408,1,1
0.2952799406208684,4.200458977113885,0.1415375931718028,0.35487415883093787,0,1
-0.77649914,5.3142915674050695,0.828376848,0.3554613719630302,0,1
0.15712791899094083,4.995523767051638,0.05236562,4.430338474623133,1,1
0.17618982250269238,2.8651321340790012,-0.725874608,0.15816014614524077,1,1
-0.666848717,2.4818701771036134,0.14550651849632512,3.2340167195240093,0,1
0.1979166673420755,2.989369748005529,-0.817344711,0.5320261615383861,0,0
-0.607472288,3.553663122341214,-0.592412329,1.263840550405088,0,0
-0.404361993,5.733212494,-0.937782832,4.952843785892552,0,1
-0.686279136,3.408564672958777,0.026587164918996598,1.763475395075072,1,0
-1.43267129,8.492981263189243,-0.830934769,0.4717426290651353,0,1
0.1458364702153839,7.054302071786302,-0.061211243,0.6684018050018969,0,0
0.5852994365163381,6.616719099331417,0.8658900706482882,5.062654170142117,0,1
0.5148835960763722,4.7606821950536995,0.4395228260386641,1.114241544040662,0,0
0.8199252526352343,8.028561471440968,-0.845176652,1.7685450730684573,0,1
0.3243402100148682,4.563988737757752,-0.551580376,1.232121171,0,0
-0.532725498,4.937477171691508,0.34732483978686846,0.9510395120305157,1,1
0.8396638644311888,5.339949079498539,0.7894037220483674,0.50534846,0,1
-1.35751754,6.403646081086688,-0.934162826,2.3179447065551155,0,1
-0.900671383,6.273816158005971,0.624902263,2.5334136514852794,0,0
-0.964200071,4.049749443110794,0.1236277606766174,0.6428502847034819,0,0
1.0800560591393102,3.9340125611480925,0.092182651,3.1118970714239533,0,1
0.9427885141400756,6.279805914304169,0.9156263655067158,3.8556422962230874,0,1
0.48730523704499484,6.430473167782465,0.4952892251935461,5.0684063094912775,1,1
1.0719298652117972,4.213297750354254,0.7002377361122238,0.35159555936089376,0,1
-0.879282782,1.8256238606430921,-0.292008861,0.7245919493557961,1,1
0.3485951198609804,4.585367807983511,0.10872808165681969,3.9372799150912074,0,1
-0.125174428,6.247051597651717,0.2308113548555415,0.44264093535278004,0,1
0.8468821038849139,8.610833692839561,-0.356832119,0.006948977,0,1
-0.115224233,2.604084075318676,0.14049624989479903,4.093210179268156,0,1
-0.384942888,4.146857494338853,-0.526689241,0.7903844360449538,0,1
0.540908519,4.221192876949247,-0.713248658,1.0705697380686805,0,1
0.8761691671912328,7.7116106788630026,-0.252059481,1.1823874171734976,0,1
-0.668345195,4.930116999082735,0.478579257,3.771365950625284,0,0
-0.061075671,3.1853468812554686,0.8323742961477751,0.8246536254817997,0,1
-1.058440634,6.117390565843638,-0.084571897,4.456437902815359,1,1
-2.498061017,4.190722959918107,0.28564737655086336,1.919122787870743,1,1
0.200459631,2.5512254532840912,-0.793925738,1.4985325123642474,0,0
0.6089053562546319,3.2144533854476984,0.8089275171046575,0.7879067673751549,0,0
0.2620668090867255,8.468083908845237,0.1372084271398688,0.5586652427483827,0,1
-1.949561718,5.768418443298924,0.560676495,1.956643161183342,0,1
-0.35084943,5.215520110905086,0.5888824018427876,1.1844118069404335,1,1
-2.21834776,4.500212528375908,-0.487038947,4.827391103,0,1
1.3697011076541847,5.5842976842375975,0.058348906,1.3531257908533298,0,1
-1.086054582,5.560471892004989,0.9209595031219548,1.4340394174978266,1,1
1.2554036094598964,5.584337656414652,-0.82073091,1.0781871176373439,1,1
0.9458696436841456,5.229690180555506,0.3660997960591268,3.1142887083717787,1,1
-0.900590353,6.737596676611099,0.924528156,1.1062112436378961,1,1
-1.132784951,5.046208692001462,-0.398845784,0.6276195612481248,1,1
0.35037021638633825,3.044122328894723,0.7228958428086962,3.961450691240124,0,0
-0.844324037,3.7751542181982636,0.8673150908165432,1.8167851162800255,0,0
0.10248464215820753,1.0419626130205755,0.4941724187896501,1.7905767655788074,0,0
-0.482827591,9.053634232084786,-0.537343375,1.887437977574409,0,1
-1.781158414,6.725509183905373,-0.331998562,2.537660962239031,1,1
-2.230468019,3.3398590097415264,-0.928381411,0.7510399143553474,0,0
0.22668424849459717,4.4363103012058005,0.6629064684907104,0.068860702,0,1
-0.561557746,3.7262470515871335,0.6992223730221598,3.327715978936401,0,1
-0.553089817,8.085094422748234,0.2654206199323854,0.2760085997959225,0,0
0.6958638390937854,2.160245671458142,-0.294944297,2.5589718962588925,1,0
1.1734422766324448,5.228952117637559,-0.846377945,0.17180281908985034,0,1
-0.272544721,4.782944314870305,0.5061152198298189,0.9409925956651266,0,1
-0.340598707,6.6536772614182285,0.45305238721984575,0.13019963957966235,0,0
0.5001430331138838,4.791981545,0.825205043,1.4771833498951934,0,1
-1.35693557,1.4835822466891297,0.4610640420107244,2.1176437032626203,1,0
0.223153055,4.4977643307151185,0.6573898844880037,0.3761154934664067,0,1
0.551885972,3.0556755641133497,0.49190923580799906,0.9292446479554499,1,0
0.6802302084176292,5.1591590931131215,0.2613743766246328,5.3253744071604805,1,1
-1.936752703,7.868354073040653,-0.146067212,1.1681878046873495,1,1
-0.76135527,1.5211495115354436,0.8042346172845556,3.244474642780394,0,0
-0.878263253,3.3995545292001923,0.30193714381493963,5.239659599709837,1,1
0.099886954,3.894614092433006,-0.203289356,7.326097903388152,0,1
0.48074457976798396,4.236737809173578,-0.83306141,4.571889031,1,1
1.4967104074459814,6.480251328210489,-0.418590288,0.7637080993752635,1,1
-0.49496548,4.652911164877225,0.08745347,6.570719736545282,1,1
-0.497572498,5.831605451440891,-0.44872926,3.3468357578092545,1,1
1.149672018878747,3.7484539125364473,-0.557529304,3.6301657180295908,0,1
0.2965769385303051,5.459848690835875,0.054787028,0.030578543362673658,0,0
1.2676515111879738,6.555595262,-0.660359308,6.168640184,0,1
0.2887280030098363,3.535400900525823,0.6008201266502069,3.010968786902736,1,1
-1.157116619,6.56271624,-0.031263697,2.9217556317400804,0,1
-1.333128355,5.104745537455137,0.14772554792530035,0.1700806000671668,0,1
-1.551512249,7.090920480964505,-0.705233465,0.5294122156774544,0,0
0.6620518347584732,4.597160199846053,-0.350847329,6.554157723,0,1
1.188596823087008,5.762489310324198,-0.179820633,1.3890044957200696,1,1
1.849362141386381,4.918787537,0.6164256610330059,1.0145240227547074,0,0
0.8431053323232401,4.807575475918842,0.5403190461723051,3.664423278620019,1,1
1.1628385775349859,5.517860856,-0.55404505,0.18278464034894695,0,1
-0.580016333,6.073614938449808,0.23235816321401548,1.0789372801323351,1,1
-1.156415817,2.500870176,-0.513087284,0.9422509947597244,0,1
0.8500793324175533,7.867267217635756,0.9764943113804907,0.8611086137753452,0,1
0.41768075223940065,1.280673918900403,0.9042477562617413,0.735449375,1,0
0.10744437434089255,3.630375780522208,0.12652944104124098,0.4716344400708196,0,1
0.3873714806329899,4.8114618584701985,0.3978051437882859,0.3796854673132589,0,1
0.3231854824582059,5.824711938171896,0.6028607644172901,2.045559973746541,0,1
1.2838168598535613,8.152345055482757,0.4419968400898078,5.036385253325343,0,1
1.2949855848169558,1.2834170235497853,0.3996573821648417,1.4220180973158676,0,1
0.544220352,3.9846117432205785,0.9171080158990561,0.7075712507897876,0,0
0.8458028725629282,0.7463330244014692,0.1929122126145666,0.3467082439203524,0,0
0.5140625524247758,5.063243947820496,0.2726053436381113,3.545601043136525,0,0
-0.461169732,5.543367169000061,0.6985375008763623,7.115145020609378,0,1
0.7565646749131401,8.181591484342505,0.3397817357168136,0.8589687544039604,0,0
-1.394495069,5.241269521786908,0.46586524403504503,0.6876596664944102,1,1
1.0538915522958832,7.088050259,-0.531662628,1.8400601940620782,0,0
-1.19452294,6.167674163078118,-0.257466152,2.986236168629443,1,1
0.28580328679473294,4.1295036059896635,-0.705397309,1.2154176933236651,0,1
-0.845153958,2.1820785064159214,0.011530884669610941,1.9888999904328757,0,1
0.5533889830744267,5.550004596583621,-0.088545199,2.521432500483088,0,1
-0.033925226,2.0157959657092723,0.9943256285589137,6.467587484283761,0,0
-1.594755958,7.590414145339288,0.22241730563108497,0.36073652468071876,0,1
0.42069963101847885,4.675875795926352,0.5728896463888467,11.891066512484443,0,1
-0.577920777,7.390354823022832,-0.331970658,0.995676174,1,1
0.8811467208133691,4.039571131735201,0.663090663,2.5689211417387376,0,0
0.001325689,5.537701572801984,0.2301699329753668,1.6992014504329849,1,1
0.39542098538803816,5.418697714669378,0.39398466319687686,1.3336673432353197,1,1
-0.957568955,4.909911763978152,-0.411138444,2.3951557161805144,0,1
-0.589332231,4.134680973206816,0.097276783,1.007547262647687,0,1
-0.458638636,5.784912036941041,0.2680739468272173,0.2696014960290271,0,1
0.8567024802425557,3.147673473033583,0.17818935163316207,1.3423541338862488,0,0
1.6773770878054892,2.5811293420818826,0.830387423,1.475937118441387,0,1
-0.805171752,7.485653786653655,0.796545329,0.45104814852372654,1,1
1.0768481446576803,6.454335977784201,0.9419681157537412,5.485884510319713,1,1
-2.169677418,5.131783217,0.33485601201397874,0.5161834906603631,1,0
-1.194189401,8.330284765087562,0.9438282602513692,1.052648871438337,0,1
-0.958778456,4.464468962550311,0.6649560000638177,0.3366708885042914,0,0
-1.352508689,7.645406439977959,-0.458335719,1.534865120473431,0,1
-1.58358839,5.351148169851644,-0.145128661,0.7352915454487831,0,1
0.41299891213779755,2.9504984998472197,-0.523215116,1.343838276462394,0,0
-0.214067698,8.696080384,-0.991605678,0.5087961408224013,0,1
0.3794053976051097,6.981421693,-0.623902494,0.11055005975789065,1,1
0.690472686,4.757957937980871,-0.991878827,3.0212373484592003,1,1
0.26561699317253346,6.4543425190678985,0.439676923,2.049346529345888,0,1
0.6577631761503737,4.192593132004187,-0.148931405,0.8332726156414141,1,1
-0.069532286,6.658298070119084,-0.374850546,0.097318217,0,1
-1.186993388,0.2178428694320811,0.5234417821903758,4.013498645392364,0,0
1.0578141808207961,2.9603973326108126,0.6649735492392901,0.37216525336264444,1,1
-0.589112133,6.958519488573925,0.9505990772997599,5.339839537681119,1,1
-0.935596299,4.500688923562161,0.28402716935048233,1.3024578281393844,0,0
-0.177917876,5.415084589777484,-0.076942083,0.8322030795720737,0,0
-0.912810919,2.306428675769131,-0.389471397,2.707727736465091,1,1
-0.417430382,8.695733991404206,-0.555363582,4.1885322671069165,0,1
0.3440539215634665,7.381059287435353,-0.574148099,0.9263374844525589,0,1
0.3483417392461269,4.598629563,-0.181621251,1.046281462641324,0,0
-0.897830066,4.190608286273347,0.9835727105758596,1.135350121,1,1
-0.487705373,7.0592087228393865,-0.998292605,5.110393734380196,0,1
1.0743330047702437,8.964940900337854,-0.605588206,2.358976631755052,1,1
0.4964001177339411,6.907520511622708,-0.623214035,0.5690969533791179,0,1
2.0750650393485417,9.343605334793203,0.43423897106458464,0.4091335891562556,0,1
1.1801281737415277,3.155297341876164,-0.295030545,0.5236847262678974,1,1
1.144293068559939,3.3612263390024184,-0.085478391,0.6118655877387443,0,1
-1.38786855,2.6221177638933026,-0.702751739,0.5232061859324714,0,1
0.7638603516334226,5.883521299298959,-0.190005922,2.1488529583803904,0,1
-0.053106802,5.3512071,-0.793600376,0.24644600996919525,1,1
-0.550981804,4.696097753056028,0.066086576,0.9799506520734975,0,0
0.1680153405325285,6.618517256246597,-0.804123269,1.9619442489433556,0,1
0.9452115346114836,7.464657210429328,0.5810167623463125,0.6874045479706571,0,1
0.5008315910042116,1.948675181426316,0.13320343508097898,0.1350045046702052,0,1
-0.878473801,3.806055944197769,0.4479357475470338,0.17073220315044862,0,1
0.7424589135926203,6.640287188,-0.162967227,0.2692737813354522,1,1
-0.637587542,4.064522632282836,-0.237017414,3.613864287021202,0,1
0.21668311896428621,3.403587847283692,-0.803582222,2.145091030246194,0,1
-0.303350067,7.037074855300789,0.047711214,0.13339617966499095,0,0
-0.218866252,2.420999861,0.029004329714183985,0.9921002394472728,1,1
0.7662429750405095,4.396840384,-0.063795911,0.653081915,0,0
-1.04019372,5.657288051609617,0.4810367293648985,1.725690041433726,0,0
1.945195074276933,3.8523601721797625,0.6650088,1.4796641134321067,1,1
-1.821086069,6.566311312026349,0.5015793498970162,1.312180780806918,0,0
-0.597667683,3.862246049605262,-0.712268514,0.7552496518172483,0,0
0.37021189,7.817238986891839,0.24411901856421614,0.2965355045607082,0,1
0.5843141664353099,4.748507405008454,-0.839353789,2.7125112151187634,1,1
-0.100475721,6.342540273410707,0.389244575,4.238141309975987,0,1
-0.057390703,6.492047905965633,-0.236321807,5.7702040670132995,1,1
0.41055008532761655,3.7449199945118545,-0.735002087,0.1208146034181786,0,1
-0.231069477,0.8930269026882227,0.7241017139522556,2.693445200635038,0,0
1.3931812579349059,5.721511509327669,0.22801667807787473,2.592932611708876,0,1
0.8393491142316022,5.144576694249739,-0.290550064,5.879067397035071,1,1
0.8728243510056346,6.1116520551502544,-0.938545641,0.5831515381127107,0,1
-0.966156723,4.546945055234324,0.074620518,2.7109797636671162,0,1
-0.079388424,4.139144602398568,0.8464517569724652,0.1123499360799298,0,0
-0.300465949,9.016946021963399,0.19275966540473144,1.9952495333623768,0,0
-1.005601376,2.0552918769784445,0.9433012092389863,0.8641762243721655,0,1
0.36016418394576694,6.467900956728477,-0.727097763,2.9298912173911855,0,1
-0.537645758,3.850796283633218,0.1366102091896737,3.979995784514689,0,1
0.65540383,4.328442764519156,0.5962500960128589,0.9076969930293284,0,0
-1.070191563,4.365794334852069,0.051081462,1.4913502323406944,1,1
1.719040612841821,3.393131451657486,-0.817867288,0.24977556976120027,1,1
-0.896332659,6.142448420472479,0.1657720030944354,1.078817051973076,0,0
0.21930233720043607,7.7812871918999145,0.22347581168494335,0.8950769995335179,0,1
0.7918593103880676,5.940027322493323,0.45741849695070513,0.4045346182165616,0,1
-0.57064043,5.206763992,0.5224230303309478,4.497683475485379,0,0
0.8524686434329506,3.027119001801507,0.5415453764212144,0.32054370751775424,0,0
-1.229183598,6.0336505316489015,0.326888787,2.019771234,0,1
1.4521176991825604,9.312699263458597,-0.568377627,4.417145027234402,1,1
0.014149264965758293,4.238610752409815,-0.191528488,4.860122962442492,0,1
-0.596411408,4.248032841296268,0.5522599452287973,3.1523902538532504,0,0
-0.299181772,3.8778217380380053,0.9068539668016264,0.38751208543219834,0,1
0.8089192693927194,4.021171531011159,-0.84210607,3.401258673291444,0,0
-0.584455292,-0.490599107,0.071073356,0.6474886374004746,1,1
-0.749357689,5.810070771711426,-0.374955457,5.112324864863752,0,0
-0.221536598,3.3088956472907727,-0.549212211,2.469459861,1,1
-1.176962113,1.7794737624163997,0.011621367039430064,3.0767249913176804,0,1
1.8205439079418155,6.506379899465098,0.21217868111307348,0.17773336528751832,0,1
-0.566394591,2.8359644299161277,-0.980455537,1.748211877301079,1,1
0.8316167861804036,4.322661892232484,0.5604131444023819,3.4423275871017656,0,1
0.2094700836477726,7.932884782,0.6397642625188953,3.9550750656537197,0,0
-0.98453405,2.181568403950973,0.931021649,0.058099175577767725,1,0
-0.005954709,1.934803530804476,-0.638712534,5.598990395041378,0,1
0.784002779,5.538612379124676,0.189105125,0.088611807,0,0
-0.188261335,7.298974728020736,-0.146749253,1.9065250857185065,0,1
1.193112945851028,1.851316564536074,-0.330344297,2.3643412674175575,0,0
1.0215153927818639,5.815379473674354,0.1312669028750093,0.22711087424262358,0,0
0.9189148546583293,6.161999079923384,0.5647661864471005,0.098405416,1,1
-0.459656772,0.8816790326153594,-0.953894433,3.073417501,0,1
-1.079842448,6.597002675814441,0.9388002251323735,0.9711951702133526,0,0
-0.613587605,6.753211759684358,0.6197631714114216,0.2265894060746911,0,1
0.19624094066672046,4.376428853,0.5023074072911569,2.8765890011599144,0,1
0.5457867135323555,7.504692724596016,0.520774764,3.7831119208857023,0,1
-2.171571405,7.2729111486496905,-0.221878581,1.7704864201407313,0,0
-0.008113202,5.206235851,0.5032411016896274,0.35165372634243003,1,1
0.15808922532318442,4.097109219350132,-0.226459583,0.030679045,0,1
-0.277544256,3.054344214834086,0.7974136591495862,2.4133026520753464,0,1
1.2912738390158789,4.924872981267618,-0.645555233,1.5976362657979126,0,1
0.4217800742508709,6.139517839408358,-0.415305152,2.1042045396540976,0,1
1.310191908080897,4.351646277918718,0.10267508539815218,3.355269382483823,1,1
-0.21596052,0.6049979894759403,-0.361577928,1.139127429253118,0,1
0.9374774925069249,7.537427789,-0.151525509,0.2659555919659804,0,1
1.6350663945275195,5.380446443689787,-0.015154621,5.626264357471588,0,1
1.311693449272661,4.240751006646333,0.7127066976270173,1.5760682597640265,0,1
-1.092141593,6.714316776846577,0.046384507,1.9105523646681577,1,1
-0.253676078,8.049277192965512,-0.275080303,5.4184446621089455,0,1
-0.345164705,-0.603823139,-0.504527672,5.364287080127023,0,1
0.4892545350763276,5.868527299844143,-0.182648042,1.6977063031830544,0,1
0.6863535550145331,2.1467015783793055,0.031472209,0.7065370041150006,0,0
-0.838892674,5.998221013597883,0.4922297144064727,11.69551402391618,0,1
0.067838514,5.255854404749159,-0.757902448,2.283981909588969,1,1
-2.019927332,6.271453053,-0.556781624,1.0499730923322816,0,1
1.441945006,4.001504771,-0.240691968,1.6412194364634405,1,1
-0.512374241,1.253519776361696,-0.27920319,1.0751403520398177,0,0
0.05586394,4.099263617486664,-0.216503825,4.383969400343579,1,1
-0.309649714,5.813695270279566,0.5870425292806492,1.3174890917088924,0,1
1.146027575013415,7.030784657350447,-0.351691194,3.469190371931464,0,1
-2.837506441,2.6563373990549497,0.003796361,3.667367865275284,1,0
-0.016610342,7.054120853746035,0.247814066,3.4783227031673287,0,0
-0.105818757,3.704255420706957,-0.5356429,2.561625715387615,0,1
-0.453636388,5.724899763189053,0.4373907742950778,3.8603571192099837,1,1
1.7262265456356325,3.9802120942687345,0.094222639,0.9795298626809978,0,1
-0.887329459,5.364341255424203,-0.106437674,0.24357429667273187,0,1
0.7717961772356612,6.783755269140549,0.6195680534766277,3.696078194183722,1,1
0.35625278870608357,2.5459718454229283,-0.513009482,1.3789814099931894,1,1
1.261519252535516,3.640188206506337,0.7663519412286464,0.27250110387152443,1,1
-0.667189085,5.369925174684173,0.12209747073340749,0.24504165749837586,0,0
-0.732968899,9.803167322060705,0.2183497587593164,0.3469037634598752,0,1
1.0960699074773985,3.273620575666344,0.7501179283378856,2.780389994776523,1,1
0.4253213083301104,9.080267771993839,0.6351653756986719,2.4816655484880883,0,1
-1.544937347,9.008846607350343,0.20312413764380066,0.45585666073041087,1,1
-0.539305014,4.805377698596818,0.5063754076963483,3.7536338951711565,0,1
0.386382654,4.403694947600199,-0.13336102,0.6606080260520432,0,1
0.8377642215465891,3.6158696026706165,0.094755507,3.149933684640832,0,1
-0.679230653,4.863594939334662,-0.875859727,1.3420118651751782,1,1
-2.91425599,2.186561134880884,-0.820284164,2.6301713889304055,0,0
0.5232231857370332,4.847521965358805,0.6588508083726641,0.9605529512566575,1,1
-1.22032069,7.993760547701712,-0.880656689,0.8527869647495224,1,1
-2.017338798,3.7778298750465646,-0.661201749,3.682230533563372,1,1
-2.832325925,4.518551392021898,0.5916653179008831,0.071880888,1,1
0.8139808601977412,1.5977190514655164,-0.997708099,7.356824633063273,1,1
0.12861745040496653,5.748124176262087,-0.435191342,2.0892686844843933,1,1
-0.225656381,5.528963369902748,0.16807731565324358,1.1329705163194734,0,0
1.3890243629627617,5.127404719531542,0.19089986293859318,1.978016049136542,0,1
0.6373246830230725,4.566345899555714,0.5543058164589472,0.2619058884122627,0,1
1.6163000427219165,4.414484162455091,0.011852509,1.4433091872191388,0,1
-1.392735472,6.003800467401344,0.018803739,8.412187328324876,0,1
-0.034550624,4.942366796822753,0.4506211510814009,0.5364634270607692,0,1
-1.616713375,5.6299437431106645,-0.002751073,2.5622700444552216,1,1
-0.229382332,5.429965634909096,0.21698217312723367,1.1417577737484133,0,1
-0.248615854,7.246854574191524,0.795548137,2.1137403704464695,0,1
0.6266136372630708,6.353988194750109,-0.197097985,0.4585426473709909,1,1
0.045563881,5.3857236863003815,-0.229749858,1.2715119664099723,0,0
0.6234071382799156,8.036844061,-0.992902016,7.833338953077762,0,1
0.7034401331388942,5.840537058113123,0.22685252304246384,0.4345395490722809,1,1
2.154928677383142,7.609925377580838,-0.940456185,2.0236495266309404,0,1
-0.315296655,6.213885216773276,0.008296979,1.7141471354967113,0,1
-0.941022701,1.3161618421369141,0.6084675780644533,1.6650556881980918,0,0
0.24608361531640882,7.609669526638659,0.099842141,1.9096644576823758,0,1
-0.802280027,5.270352482685338,-0.46072767,1.39526635,1,1
1.481960768436536,4.896090458198444,0.5723368428987425,0.034151428,0,1
-0.283218039,5.562696694979154,-0.460565992,4.607107353101734,1,1
-0.565576368,4.310033676085865,0.46606356189179743,3.508682614974715,0,0
-0.471315721,5.454057721,0.2205169103804625,0.38272705921126493,0,1
0.718417423,3.816247867313815,-0.660007407,1.066391892632044,1,1
-0.157746983,7.548544517,0.8102677496883715,2.944131391521918,1,1
-0.64166682,4.772823772757899,-0.598712634,7.830287277816001,0,1
1.665351917623531,4.234832314555133,0.9791741482813396,6.037471531137392,0,1
-0.856169841,3.150148368561452,-0.985379023,4.592395067,1,1
0.035566074,5.537551578297283,-0.473033246,0.34483884382610547,0,1
0.6523061516102304,5.374214200250184,-0.600279405,4.917895575256418,0,1
-1.63133511,5.7768492273550125,-0.97201318,4.214775455206389,1,1
0.4802605014059249,2.9454962249897423,0.46473580029463113,0.9462567280292972,0,1
-1.055107675,1.797637602376854,0.3868516041991925,1.0034760643738043,0,0
0.8227827808340025,6.251182605,0.5847019287098609,1.2320349811996616,0,1
-0.962651012,7.969283723753016,-0.486602907,2.1352486142426463,1,1
0.6927690318488605,2.9472927552202077,-0.111329666,0.6044698832212958,0,0
1.1058330662947127,8.178882567123397,0.3182270432430949,0.046431687,1,1
0.8614365256328049,5.567822117472762,-0.120462992,0.30450718493211915,0,0
0.2513166482381024,4.985874190898341,0.3946515406358315,1.1600509889829471,0,0
-0.231300943,4.204902606908444,0.2679468168808843,0.6625785770566818,0,0
-0.576419576,2.2309639611500067,-0.770704394,2.892229381738964,0,1
1.471034690817104,6.975457031849199,0.5620862421539361,0.22564338572915577,0,1
-0.69949522,3.4487872771247936,0.4413527181850365,4.989071132049206,0,1
-1.037066074,3.4403866485247994,0.3116687752348106,4.513831586250559,1,1
0.665368935,6.983852619773909,-0.689812787,4.788453990856807,1,1
-0.796136803,1.2340331066565469,-0.464007102,2.691149532958197,0,0
-0.950063497,1.9528043786636666,-0.213645937,0.2263373323447581,1,1
-1.443604262,4.963731512983837,-0.440140757,1.1529964959359247,0,1
-0.482909839,5.586568858009704,-0.544379419,0.28175748668310424,0,1
-0.082715024,5.969469295937848,0.6107153403235515,8.796180779153985,0,1
0.24309172766069878,4.396403013207494,0.27646449272040474,0.8100456820413643,0,0
0.9513062442994834,10.06073933728338,0.13094426310050067,1.7605471251948053,0,1
0.5268979236657937,4.5442148824683315,-0.548094578,3.0227453738228918,0,1
-0.19087222,4.538427695794556,0.8361531245372826,5.066919006721904,0,0
-0.198195676,3.406026662372245,-0.617633922,2.8174703736718754,0,1
0.5101574689151834,5.247813633042142,0.5899018656493542,2.244808853027529,1,0
1.2725701629285695,6.2299224640935496,0.9333453334105861,1.2546506491409126,1,1
0.1263141994832002,7.407156109,0.45418545844847213,1.8597660486916876,0,0
-0.469130854,2.021431471119564,0.9857175503692595,0.19779358751915813,1,1
-0.992866001,4.508009323288598,0.3021022339558934,4.306995138005644,0,1
-1.445205264,5.893407221618288,-0.565079313,1.569548461736694,1,1
0.6662696720435232,6.174115069189071,-0.592361013,0.081925364,0,0
0.5779785236395572,5.013097315609079,-0.350871431,5.049011925673398,0,1
0.5773635251066616,6.084847939064204,-0.98573996,1.3439536205990519,0,1
-0.128659446,3.3820722141483994,0.36339694016566915,4.058853079647559,0,0
1.4069347458917507,8.115810864636714,-0.462664431,3.8882548370032746,0,1
-0.484118495,6.9852562059588585,0.6303664645855056,3.3829407274558134,0,0
0.9552692372072055,2.3101444258696553,-0.281654699,0.1267381848686392,0,1
-0.038742895,2.849793903766489,-0.040087013,0.5675571232772647,0,1
-0.608350765,2.9061564997861877,0.9313778331207385,4.167668309635846,1,1
0.5925303073177614,6.355939941793057,-0.515655754,4.585092424243762,0,1
0.4096361186839937,2.4305444671650656,0.4425081948594791,1.2252326759105876,1,1
0.3569727592669261,4.337951331583839,0.5102355786108344,1.159785094754474,0,1
0.081278422,5.909408792833549,-0.558003685,0.38508474498972933,0,1
-0.037893082,4.867668130907131,0.001993673,6.909879261922665,0,1
2.3883719928704386,5.517775031425412,-0.299596149,0.4794059989771944,1,1
1.184256645196173,2.8683945773024835,0.5438124868001784,0.4237564489906468,0,0
0.7228268949855121,6.189708746794489,0.24496663805807484,2.1619119858900113,0,1
0.11179915820338826,3.773576215048007,-0.04803389,0.556372741,0,0
1.0071572005966691,4.3507606512041175,0.5587265300954365,5.586288649410932,0,1
0.5179947763914519,5.475463455811973,-0.52968886,0.021933825336766088,0,1
0.026204753,5.206156443061697,0.5072437611687182,0.011539752179729608,0,1
-0.303564325,5.047960038031186,0.7307486241856487,1.4058973227834772,1,1
-0.080917338,3.498746356046489,0.7572431936151449,1.3391053068055214,1,1
-3.170425736,4.400901177601615,0.5673471860392076,0.356732432,1,1
0.21060083929764178,5.004367181674072,-0.183971666,1.3644918830168717,0,0
-0.48847608,2.2498295336658303,0.9636160454356539,1.060904290717334,0,0
1.592669998282884,4.074934067373242,-0.240812712,4.420550188,0,1
0.019344071,5.775359758065693,0.2772507982048513,0.018594007473892938,1,0
-1.18896342,2.4451267923093147,-0.677851644,7.482013985021156,0,1
-0.049880154,7.313163303,0.9608977972727855,1.9584225348910385,0,1
-1.046121085,7.539226525199686,0.4079718437293265,0.3293800884906458,1,1
0.4734074157124664,2.509698848079829,0.5067550904927367,0.09577717,0,1
0.29094736433948537,7.715239266100278,-0.868446593,1.544838224471941,0,1
0.9578396311082676,4.712836822575731,0.5268356284413436,0.5354717631366012,0,1
-0.790881792,5.837029118,0.5494468584412027,0.7166827690776825,0,1
0.034008096,4.006697895743507,0.3435454527244597,0.5624251956351608,1,1
-1.365021795,6.8460896544535235,-0.416180772,2.1006291404461215,0,0
0.7014947819247145,5.812188037697334,-0.020619916,1.6127614910623405,0,1
0.51887118,3.371693486804793,-0.779131257,0.16236463119068176,0,1
0.49580502102757085,2.669596000069423,-0.056825867,1.4953188083978088,0,1
0.001619031,2.0793951295815547,-0.512352295,3.132658817346873,0,1
0.4147728907887909,5.375883552865513,-0.301806027,0.16936184192482479,0,1
1.6043391083085963,6.144942823559472,-0.674799183,4.409809561628009,0,0
-0.285094257,6.301931357558883,-0.539891265,1.726953773097399,0,0
0.1386451837100845,4.764037810785244,-0.846862716,6.016600613726016,1,1
-1.086126299,2.686007088671272,0.8398027328738427,0.32066902878212594,0,1
-0.868260962,3.6358504039524338,0.060821376,10.092006674878272,1,1
0.097813293,7.304697277923852,-0.206516057,2.0671826389340784,0,1
1.1039335467019071,4.030742870799838,0.070058426,1.6763190821913176,0,1
-0.256280824,5.286835261362953,0.25658645696310534,1.448366197742759,1,1
-0.235916529,2.848699032850225,0.8437575867386982,0.047877258665941023,0,0
-0.406885245,5.673166091,-0.642614095,5.614830502722703,0,0
-0.534756671,4.084630876641844,-0.408895003,2.0656180451203494,0,1
0.29497145570882155,7.093425427551527,0.9515786726882294,0.19219924856570758,0,1
-1.497257645,6.547115412413627,-0.257614027,0.042349564,0,1
1.2809395766667275,4.008588107,-0.954876698,0.10423703639636643,0,0
-0.665422298,4.746671945304673,-0.704713015,1.8801208285815034,0,1
0.7219034854381414,3.8977675199187427,-0.947322597,1.9039156905495866,0,1
-1.269998597,2.1611336069099805,0.9798462848414569,1.384963970828366,1,1
0.6688401305462182,3.2851151409055666,-0.442258302,0.732774831,0,1
0.6719446078144975,5.396434655,0.847085514,1.5174748306647403,0,1
0.3842020720058965,5.650518996459164,0.9917725515194316,1.4525883272693314,0,0
-0.994428522,5.297095807185277,0.19968244228622845,0.039213035,0,1
0.24954819,4.396533892082728,-0.93360737,0.6638788954137981,0,1
-1.183056185,6.866133211441971,-0.836816739,0.10930383855411652,0,1
-0.252763255,5.127083809121875,-0.03682189,4.608267612215786,0,1
1.029413100955326,6.406507656191895,-0.187655974,2.5835920235952607,1,1
0.796701927,1.4524497355949628,0.2123546115635353,11.101352207643087,1,1
0.015182942540433121,-2.844800503,-0.122304381,0.7195631384554493,0,1
-0.974806576,5.567576056,0.8681536985429688,4.215449087235471,1,1
0.6455877121741934,2.150468692557021,0.069479431,1.8479114053652006,1,1
0.019381237698025213,4.575096594573888,0.3874521229248844,1.2070715318456822,0,1
-2.320315598,4.3958059179507885,0.7929705452849931,0.5035313463239065,1,1
0.7826298263165181,8.174801204831073,-0.706256248,2.681817421,0,1
-0.024232834,5.7999931058872125,-0.540530692,4.689748595521654,0,1
1.2024512479830722,5.331718053597346,-0.785362679,0.5365653223506046,0,1
-1.095270519,6.673982309267347,-0.720723202,0.385690276,1,1
-3.176703813,5.7369951736780775,0.025167933868466275,2.382915655424593,0,1
0.2790838583451852,4.084646014023134,-0.357641482,7.5421898105169465,0,1
0.29156367668197275,7.142951861,-0.153654321,2.7722295633231178,0,1
-1.690671628,2.7804997442234516,0.9649796635881236,0.6697730583735078,0,0
-0.978499546,5.646494375067125,-0.686591304,1.089300646954498,0,1
2.7552177437199017,1.9048604117273777,0.081624142,0.9700481808310731,1,1
-0.305610614,5.407887715,-0.80225769,3.8223704504570826,0,0
0.7309589763762161,5.385979283545859,-0.363007373,2.9513074186696366,0,1
-0.650659827,8.352909923829326,0.055051847349197214,1.7782045936706667,1,1
-2.090302899,1.8700522131164412,0.8932634919306754,0.6430544525306087,0,0
-0.170258247,3.798225648292375,-0.217543557,5.560871748626406,0,1
-0.26560456,6.645364853148288,-0.870186608,2.118678681272494,0,0
-0.399878239,5.670634512794615,-0.223677104,7.0451473655630785,1,1
-0.114640836,5.360610102675006,-0.708517648,1.735558513269898,0,1
0.26426827164563654,3.0877285940829218,-0.540020773,3.442893831481621,0,1
-0.150116951,3.818363303817142,0.23618124632998083,3.354420694284083,0,0
-1.264006168,7.490082016446513,-0.865152268,0.8229526089034426,1,1
0.4861847915619389,4.896981612492144,-0.070552487,6.649624287939599,0,1
-1.949371755,5.750719392288946,0.21892317202152878,0.044371523311918355,0,0
-2.050357457,4.7696233424470424,-0.156283215,2.9281737474157006,0,1
0.7391804947015679,2.6338289695004695,-0.961747299,6.736903970467455,0,1
0.5070202721353568,6.867620852149994,0.9710387138057308,0.8277251465129165,0,0
-0.057395365,6.006464769064992,-0.265768465,2.0888766452128906,0,1
-1.395448505,9.611273674734377,0.5571543738665339,1.6520924027780077,1,1
-0.707910941,2.968837241,-0.348707016,2.8668332353246013,1,0
-0.262746748,6.645145842400961,-0.049966486,4.022488269548037,0,1
-1.595893969,2.3769120679259976,-0.223072715,1.8478625396706325,0,0
-0.739028658,5.314693135346156,-0.314921541,3.3846022070004613,0,1
0.6523303381766798,6.953013178126329,-0.956297246,0.7487632169064748,1,1
1.4273053642892164,0.8557297678070261,-0.279958124,0.5190629139487382,0,0
-0.419434753,4.590135051516784,0.7789799807990601,1.1265819798133894,0,0
0.7564883543160984,3.8735805319147594,0.38078667718736736,2.264772108208669,1,1
-1.914060071,3.5960854034097562,-0.709154282,0.414655932,1,1
0.6594512411136115,5.770425304518708,0.18231000924547835,2.281070979536978,0,1
-0.803948415,7.241371413,0.78446172,1.0020596809042983,0,1
0.30734561670797006,4.733442569541689,0.4000680819297109,3.1751109175092873,0,1
-0.247752418,5.410972855120041,-0.702631215,0.075062781,0,1
1.3204140097838342,5.228617506118495,0.7356649934689934,2.2051360314768513,1,1
-0.874435648,5.003607012712829,-0.396911973,2.0986292874346275,0,1
0.6276062975618311,2.8213147245757875,-0.091847711,5.658249615,0,1
-0.279507463,7.216889203445786,0.052285519,2.499109117,1,1
-0.158305478,5.590390736317672,0.7010132087563905,3.1822325313525486,0,1
-0.183853893,5.789762980005156,0.8632149902953221,4.6991650630301285,0,0
-0.845673104,3.3869807419488356,0.8593057555811121,2.2481797160085932,0,0
-0.014098966,4.081559204021519,-0.984091637,0.685413439,1,1
-0.062648222,4.647731604578444,0.8437769711709144,4.076964674749447,0,0
0.2412402484067293,1.931750613102297,-0.891226068,2.753306924398226,0,1
0.084505146,1.6239313496046437,-0.468452686,1.104815272389841,0,1
0.7979945496122363,3.7985041387228646,0.029975709455665855,2.4794015122622604,1,1
0.9235086160473687,6.045041533,-0.040148622,4.045198277380483,0,1
-1.050623322,3.6937252201401183,0.20941958777478398,7.430621929507392,0,1
0.868772501,2.962389604818573,-0.041107543,6.087808424008984,1,1
-1.186336427,3.370628694,0.8687513592808416,0.7870567507306827,1,0
0.587855888,4.089315153709375,-0.518902304,1.0953032871979151,1,1
0.6197387847028687,4.292282074359792,-0.451950612,0.23202656638409067,0,1
-1.911316892,9.331042904413113,0.8414758713861124,0.5688262745423004,1,1
0.092979247,7.109241256974636,-0.846520973,4.281293208116766,0,1
-0.468496113,7.0495482245634555,0.21912164380961974,0.8952319900528464,0,1
-0.758765258,7.337160728546763,0.36347190413122155,1.9380788991999676,0,1
1.3508523306990055,3.002358261331901,0.011083447,2.1930227042056267,0,0
-0.653679141,2.5552707700255217,0.3884637576462744,3.044954762287876,0,1
-0.806376929,2.7862594169318866,-0.654490708,0.4037429060999332,0,1
0.07569494,7.669012266675676,0.7052644655430798,0.7271491969966479,1,1
0.6855897462984164,3.905616422235018,-0.719948621,1.1896334652964702,0,1
-0.141648586,2.497287635521426,-0.198375111,0.9077600282920358,0,0
1.1663705456692521,4.138007599560374,-0.849484797,8.137965754984522,0,0
0.5309756619640905,4.522788936570745,0.090422158,3.602902202043616,1,1
-2.17821132,5.536826547389124,0.3394916148512783,1.3066485076261436,0,0
-0.529466964,5.501902041424086,0.8824432701905811,4.228374503303604,0,1
-0.561842099,3.343638872252984,0.4786723917920017,0.8543571393766792,0,1
0.4793609534294223,6.371312785027422,0.082205833,3.0819547215175422,1,1
-2.624817056,3.721612932499684,0.8652340343406675,0.506369605,0,0
2.549009708717722,4.687447326589914,-0.043126324,2.959646255159194,0,1
0.531026095,6.373548141,0.12241130619773877,1.2192796828108186,0,1
0.1488768039176911,3.7163571921113174,0.1921970553401915,0.2274560090712531,1,1
1.1815677164191463,3.861297152837725,-0.180040548,0.6383797540427602,0,1
2.343654052812625,6.183336099386262,0.6769653811316483,1.029247736,0,1
0.8707466445884032,3.284533646789961,-0.629648122,2.766940000086067,0,1
0.948813096,4.230415952791859,0.10968438074321596,0.1515661342588926,1,1
0.13069002446438233,6.111484356085785,0.44446651237438806,2.154956361622261,0,1
-0.141525753,9.108184883,0.8079523437531544,2.5176581468563057,0,1
-0.475795444,6.2108090095254935,0.7678367928685568,2.1221785503859305,0,1
-0.826111992,5.945279525980023,0.017480579,2.859820828841949,0,1
-0.6870141,6.061603167345459,0.28632290232668334,0.3924400678986787,0,1
-1.350555964,2.8536194518659013,-0.211524528,1.7691159434597605,0,1
-0.075871451,5.231193477359816,-0.063644474,5.665355180127954,1,1
-1.684667577,4.940467023327196,0.812531585,1.8872430254927364,0,1
0.1909165241437107,5.643169080745512,0.861407986,1.890081909016341,1,1
-0.036330608,5.233016104951742,0.7908281161340394,2.66694575,0,1
0.14693529838668778,5.759399354834225,-0.723258276,0.8105429500900891,1,1
-0.52213157,4.377065610201597,0.7001680426612724,2.4111208032607117,0,0
3.0768603701805035,5.1172178347435855,0.8967274620429606,4.959452183679487,0,1
1.360115900180313,2.544342867886016,-0.277500611,0.021910526768715997,0,1
-1.2445425,4.3601854439941725,0.037292578843338475,4.082181507586226,1,1
0.23286808742689824,7.781667096353287,0.5581905116259918,0.49338311228691933,1,1
-0.608006143,5.637616679256512,0.12415627513129746,1.2173300021591653,0,1
-1.014479727,4.958157925233846,0.9869670434124989,3.8257915545070484,0,1
-1.340072071,8.792246552508693,-0.08857327,3.473544265452153,0,1
0.43221669075925395,2.2783300433978417,0.42788542241475525,4.449905557,0,0
-0.681380235,2.7810888891075605,0.5851822803930884,5.640763000381381,0,1
0.9678260240252041,8.425422822552544,-0.011799168,1.1853622910871329,0,1
0.993782215,5.091921872097868,0.7139676114227516,2.1363435415779617,0,0
1.3739143852114495,4.514833927420413,0.092309182,0.9901619165856177,1,1
-0.852386766,2.6015913498087135,-0.176698406,0.8637723334907029,1,1
0.4753656106920102,5.895392532790024,-0.784352652,1.1298436170883948,0,1
0.6324542166423008,6.088919739054925,-0.213172847,2.7179509645329865,1,1
-0.474178175,2.8110112783302075,0.46787290946656834,1.3920656686800044,0,0
-0.771771957,4.719448828899143,0.8425728233602146,3.364658974226878,1,1
1.6095206657759729,4.328968335933868,-0.496641192,2.734697748764009,0,1
0.22749587573205374,5.511954292837542,-0.289528965,0.041382104,1,1
0.635967751,2.7614995155587123,-0.692078012,1.989792296882893,0,1
-0.822076012,7.5038949090263145,0.38144578845793764,1.1474283410399482,0,1
-1.219284467,6.831647563195208,0.9203768600198505,1.2199258622662044,0,0
-0.569449774,4.273648882534368,0.28190443969635104,3.411600884097446,0,1
-0.124021387,4.567162576723257,0.23415306001245262,1.5864123752060975,0,1
-1.064220007,4.727155699444768,0.10697986100086787,4.336489965471175,0,1
-0.009844809,3.4433828939869935,-0.823088519,2.4951918282271315,1,1
-1.688505188,4.113141163529929,0.4590076528587672,1.609677652358758,0,1
-1.120047422,4.459459264650782,0.20409908709870161,2.8092260654393453,0,0
0.6709112482768751,8.225736741414256,0.32295353771257407,0.078207466,0,0
0.6037905202778941,6.893236616660873,0.7976221860548431,0.054914353,0,1
-0.391876765,6.869309414673247,0.5679215741220358,0.17405764938372095,0,0
-1.017764309,5.739851226,0.5618305043090521,1.1509605704850203,1,1
-1.027403552,2.765345982137531,0.8543675377586952,0.536936088,0,0
-0.373268246,4.917017790845241,0.9798699029259992,8.303264553435843,0,1
0.6445184916452914,6.940976919,0.16256546392211924,1.5630395737990739,0,1
0.9282456913443246,2.483470741265424,-0.782236768,2.1718803171674606,0,1
-0.496531735,6.273106413746529,-0.081740184,0.6537334170358684,0,0
-1.153492426,9.645218450525533,0.5752022929232887,0.7766169820806211,0,0
0.2678436378663333,7.123633291979464,-0.94454935,0.8173261748181282,1,1
-0.823534971,7.828058271123975,-0.886225123,2.399534687039676,0,1
-0.518252639,5.436677500884321,-0.865684435,1.2837913633109999,0,1
1.3252760904370375,6.935863898,0.4620715166566216,1.4583101153305544,0,1
0.827115429,3.564293571291929,0.002333257,1.792990827637539,1,1
0.1579743122514517,6.591727624682453,-0.262204113,2.929045119420241,1,1
-1.271919001,6.308776268121527,-0.788765909,0.1894341581741175,0,1
0.2113965674706589,5.579822348075326,0.46448050041177824,3.0000365025007087,1,1
1.0626572907875265,7.632014839436996,-0.357960379,1.6567202873218534,0,1
-0.375633666,3.922430324305223,-0.46935186,2.2118505964476713,0,1
1.3511140899867151,4.6258849670526745,0.3046384031071019,0.7936602884193666,1,1
1.292745289518207,5.1909240827165934,0.11802178519368356,1.0531880442113288,1,1
1.6637328321434735,2.940778057821199,-0.275178716,0.5257599259344075,1,1
0.30524312653135294,5.4538638876004955,0.2829749416111762,7.755242907895581,1,1
0.5873916998060122,1.562139174092306,-0.457556959,1.3743420369262265,1,1
1.414187288,7.093909068856418,0.5896605232086536,11.081754295903789,0,1
0.4473939370689756,5.093274733131931,-0.541362099,1.345849980864598,0,1
-0.501234108,3.9582141921924734,-0.682324609,0.49628503663677853,0,0
-0.448542837,3.331252775409757,0.5648788189977498,1.416328333,1,0
0.23855495377373917,4.530841940761625,0.4157840613958663,0.080801608,0,1
-1.290561422,6.3765194215448275,-0.634722049,4.702916351063198,0,1
-0.143258915,6.095477957475121,-0.767508495,3.4135530593935943,1,1
1.0965471182302537,3.588924105443078,0.6767981769733842,2.5879447061454184,1,1
-2.191253851,3.307920654744731,0.5531969643933761,1.8823286383215259,0,0
1.534482101794515,6.313797412639294,-0.345485253,1.7342119276676833,0,1
1.1223742187031596,3.555305190769941,0.3163948164267334,11.444838580181655,0,1
-0.459764616,5.119819548159007,-0.751679627,0.6514531722132412,0,1
0.5433908278718096,5.2475092850485545,0.014095318095356246,3.025388116,0,0
0.003147727,5.624124263453477,-0.962539416,1.741701729344381,1,1
1.229990368438683,6.716540860363743,-0.216796238,7.449472902555968,0,1
0.9826831427699412,2.4740741262653545,-0.850314357,3.518234346,0,1
-1.400070723,1.1776813494790246,-0.04970564,13.038347790476404,0,1
0.5872624134641767,3.8651054375432965,-0.156636706,1.775042124853599,0,1
-0.205627854,8.603056815664372,-0.111229947,0.4576793809742162,0,1
0.082832571,9.044348200174756,-0.909337396,1.401097149634454,1,1
-0.728171901,8.662354271131775,-0.276767317,2.4834264234292425,1,1
1.7481370691208353,4.614037264478621,0.512967698,2.9776323632123787,0,0
1.040061819902576,1.4357698360303424,-0.262171253,0.001020238,1,1
-0.739771164,0.31392179669631837,0.4303439052191613,1.4065044843158634,0,0
-1.334610607,3.771923676901178,-0.261042553,0.5363722653278261,0,0
-0.385672631,4.60385274,-0.153521117,4.1574729126984735,0,1
0.43450264609130573,7.601250802111918,0.1277842256585322,0.331885909,0,1
0.240205844,6.735610919084891,0.9013638736141649,2.1959624730957787,0,1
1.2531328247682434,5.454810157983241,-0.782279107,0.6186619638407019,0,1
0.7899197221808523,3.2203104581177167,-0.934172463,0.8817974894220594,0,1
0.9695690257529068,3.0784408835102193,0.2159143676200903,5.645550883707908,0,1
0.32685540061043733,5.508255374142871,0.8981941778568527,0.5500533166037223,0,1
-1.38929873,6.394101957679453,0.9794462651094298,0.19964677404982484,0,1
-0.195698531,5.783762524491169,-0.031671505,0.14360413025311577,0,1
1.0600897399086655,2.9308040807866904,-0.063836758,1.4048405263967592,0,0
-0.051522929,6.301335257584173,0.28992754149039235,2.052833403499733,0,1
0.5030903686237468,5.851821934202823,0.1112695144099396,0.7928927297323368,1,1
-0.318748315,2.8586671876196434,0.26817611522823626,2.3440424189394826,0,1
-1.029811849,3.4313580593994883,0.7479988510757885,0.125951419,0,0
-0.123344064,6.376991949123133,0.4926123389752186,3.894507131,0,1
0.3090474430326539,4.530984929708218,-0.006245217,3.3918138883761366,0,1
-0.655687719,8.178294603272914,-0.076271082,8.466699034476816,1,1
-0.235711245,6.0022585521291525,0.27920349702623204,5.513587631118324,0,1
-0.939463242,4.026737623621462,-0.088587431,0.8807255098129102,0,1
1.119244917564096,4.979588799218135,-0.084441297,1.0192373182671268,1,1
-0.294455758,5.126766785275437,-0.967388196,2.7405652515690515,0,1
1.452755545126183,3.543219374,-0.651871725,0.2879319092248344,0,1
1.5287478505409084,3.1748236036447466,-0.02297272,0.7537981899835144,1,1
-0.081045965,6.402779787618998,0.6453069181007383,0.25235343670756655,1,1
-1.008448733,6.690546594084191,-0.442545987,1.213522311391455,0,1
-2.085897878,6.207562939105918,0.045286866,1.6059431998564526,0,0
-1.472037073,8.030636188647604,-0.31007583,0.474384726,1,1
-1.373834825,3.9164535279767962,-0.790392021,0.05398547,0,0
1.3784696274615047,8.348541532,0.9165969661426012,2.541335434504545,0,1
0.1158245872269461,3.1981577628916944,0.7093477405006035,0.040415954,0,0
0.3896045240919878,2.9746288732630144,-0.843015151,7.253884296036065,0,1
-2.220421009,1.4800822357014995,0.43957452493656923,0.501048142,0,0
-1.197966429,4.108409372346366,-0.304840191,2.1806936366503464,0,1
0.887079776,3.9925553263410927,0.9896996141235852,1.1409804435388722,1,1
0.2867741123825862,6.051874560509301,-0.39520296,0.12305701361119128,0,1
-0.147205279,5.487781883240902,-0.522523109,1.2780135911787998,0,1
0.5648423586001226,2.6140532579617264,0.1357810966108104,1.454486333846615,0,1
1.635797806135815,4.214547523148365,0.6702523266864082,3.8576782958632814,1,1
-0.221042464,4.257075957824629,-0.614962256,2.636143292,0,1
0.069369803,1.4480355060762147,0.4188055394386625,0.1652474331922756,0,1
0.19259691873130513,3.0381065459732612,-0.877186834,0.46932600084603804,0,1
2.3921096352739926,3.4583727387718213,0.8378694862209946,0.7476064093699952,0,0
-2.099356264,7.867250039641893,-0.837850168,0.24751901301235005,1,1
0.683223015,5.382901431914705,0.828462753,1.2209202064696212,0,1
-0.114802249,6.324337507894999,-0.018385501,8.309360286602951,0,0
0.5667717261841796,2.002729005701576,-0.103817774,1.4456166759787843,1,1
-0.657372554,7.388428966027984,0.9466141590007531,2.7086781727919345,0,1
-0.048965031,7.602204126048186,0.9807683553964381,2.297314605170411,0,1
0.7114105794654951,1.0033100657107479,0.300356252,3.793059452807238,0,0
3.112910201043841,3.5893665521683036,-0.745761416,0.4859872601596894,0,1
0.8080361894020714,5.991531146,0.012340171,2.8034354780977733,0,1
-0.848065598,6.288776907076365,0.058326202,4.263242926317456,0,1