X1,X2,X3,X4,X5,X6,age,salary,Married,Happiness
0.496714153,-0.033025264,0.879307293,-0.671373519,0.732014272,-0.471857548,37,59944.87591,1,1
-0.138264301,-0.50365026,0.039309199,-0.713799466,-1.611565622,1.012702471,37,84392.78083,1,1
0.647688538,-0.172374957,-0.912325514,1.425405932,-0.676345992,-0.198186847,29,46288.18573,0,1
1.523029856,0.714731728,-0.462499153,1.864413664,-1.368047959,0.090569265,34,56447.87151,0,1
-0.234153375,1.277856655,0.342853466,-0.928882458,0.189301061,0.717390607,38,50846.83418,1,1
-0.234136957,0.570487331,1.818464378,-0.668994432,-1.323344332,-0.058963407,57,55069.07076,1,1
1.579212816,0.101723208,-0.484019623,1.14252282,-1.981047177,-1.817847858,41,60588.62924,1,1
0.767434729,1.49801177,0.804787444,0.533519993,-0.237477337,1.040587505,47,80101.46724,0,1
-0.469474386,-0.312836473,-0.328056451,0.676428105,-2.209079052,1.25492883,40,84634.364,0,1
0.542560044,1.030919338,0.110468756,0.896601295,0.258738195,-1.831116092,40,62337.59625,0,0
-0.463417693,-0.288062798,1.515396749,-0.240732162,-1.257629523,-1.043291206,64,49101.25974,0,0
-0.465729754,0.431022958,0.764292581,0.329969925,-0.840579748,2.023879617,34,70170.56394,0,1
0.241962272,-0.113562565,-1.241299273,0.252192151,-2.280415973,0.232034679,19,60078.97798,1,0
-1.913280245,-0.055852183,-0.572475024,-0.8584916,1.650102214,0.003551273,59,60568.46534,1,0
-1.724917833,-0.377386517,1.256221344,0.315090943,-1.462914887,-0.426383407,41,44522.65254,0,0
-0.562287529,1.344854031,0.141878043,1.237710696,-0.364001235,-1.030702651,50,35743.71848,0,1
-1.01283112,-0.732926038,-1.14884012,-0.334133239,-1.791738592,-0.194417642,62,59716.20035,0,0
0.314247333,-0.740232253,-0.818952445,0.152569249,-0.835667808,0.974422739,61,43958.11865,0,1
-0.908024076,2.120993566,0.703493523,0.206708916,1.751821781,-0.015677959,32,52045.98953,1,1
-1.412303701,0.977847565,0.994410281,-0.28466455,0.297476735,0.610284086,49,82239.94628,1,0
1.465648769,-2.385113699,0.017855301,0.676901238,-0.723630996,1.765707149,59,58947.64562,0,1
-0.2257763,-0.565258739,2.475313801,-0.680065631,-0.03417348,-0.58047818,51,76606.38674,1,0
0.067528205,-1.811989338,0.824152363,1.332645519,-0.560559057,0.302874901,39,64442.14489,0,1
-1.424748186,-0.950690693,-0.24348107,0.626205562,-0.09242058,1.004393561,48,68757.54878,1,0
-0.544382725,-3.138514666,-0.815706048,-0.936768601,0.743868719,-0.932903633,32,51749.44704,0,1
0.11092259,-0.136989578,-0.974884305,1.698009685,-0.33109799,0.178052828,37,77293.67199,0,1
-1.150993577,-1.141941819,0.33542132,0.168101461,0.219991474,1.872324525,59,64662.42398,0,0
0.375698018,0.059905257,-0.488777045,-0.722947517,0.236495498,-0.34025038,40,56033.9721,0,0
-0.60063869,-1.625121259,1.673743754,1.104554525,-0.326145647,1.068346538,48,64654.49894,0,0
-0.29169375,0.082911853,1.466311803,0.494671519,-0.73592599,-0.141136877,19,49271.36268,1,1
-0.601706612,-0.414916278,0.633066547,-1.771959704,-0.525183357,1.799587017,30,55594.76827,0,0
1.852278185,1.501952965,-1.178996173,-0.525660317,0.699185252,-1.645467889,59,59170.9285,1,0
-0.013497225,1.411356862,-0.672218873,0.279097337,0.782416705,0.064956191,49,52114.66652,1,0
-1.057710929,0.785345603,1.255677526,-2.159566678,-1.137794331,-1.478854695,66,83380.80165,1,1
0.822544912,-0.326613781,-0.5630662,0.085070085,-0.260989334,-0.700876816,33,53772.2563,0,0
-1.22084365,1.985380395,1.122141734,0.157979373,-0.752921869,-0.706818785,32,91237.79721,0,0
0.208863595,-1.553035278,0.474603923,-1.183491882,0.79995243,-0.266956307,42,61009.00727,1,1
-1.959670124,-1.40355863,0.051717885,0.270644886,-0.47120304,-1.188291351,29,56485.05598,1,1
-1.328186049,-0.0837831,-0.702832813,0.007463839,2.200923818,-0.071739558,45,52433.5816,1,1
0.196861236,2.254038109,-0.094243844,-1.191294106,0.21789739,0.460466504,58,66336.13959,0,1
0.73846658,-0.202338907,0.189647955,0.919560547,1.181996454,-1.531903133,29,73412.89399,0,0
0.171368281,-0.183245243,1.032538898,0.837853795,-1.014610827,-0.63493249,38,30000,1,0
-0.115648282,-1.441910356,-0.885735601,-0.289737087,0.011722149,2.540992133,29,60073.24997,0,1
-0.301103696,0.945929585,-0.262816843,-0.198581323,0.616173098,0.329237139,68,30178.56681,1,1
-1.47852199,0.953176254,0.044823132,0.726263938,-1.033300242,-1.817741204,66,74727.38531,1,0
-0.719844208,0.789075201,0.662678358,-0.200663143,0.020342712,-1.400465865,33,74995.29352,1,1
-0.460638771,-0.629220673,-0.908464338,-1.930908201,1.051859032,0.225904245,27,60614.60658,1,0
1.057122226,-0.706706768,-1.316569793,0.486936557,-0.327450008,0.100666039,27,63125.91551,1,1
0.34361829,-1.29312225,0.673965152,-0.813259321,-0.851752505,-0.587442802,69,38553.51673,1,1
-1.763040155,0.083872502,-1.517949115,-0.389843054,1.802959455,2.193314957,19,51790.70755,1,0
0.324083969,-1.080407329,1.284979715,1.457870568,-1.171745302,2.618728821,44,50817.29907,0,1
-0.38508228,-1.177416505,-0.155926097,-0.133978474,0.155890628,-0.26438336,69,53264.926,1,1
-0.676922,-0.423690717,-1.547531082,0.001734936,-0.708276338,0.872956866,47,73082.61201,1,1
0.611676289,-0.489156175,-0.480420219,0.509667275,-0.936834239,0.923166171,50,79225.56996,0,1
1.030999522,-0.537978529,0.379123633,0.505333944,0.741657083,1.055873139,33,69158.61361,1,0
0.931280119,0.466444597,-0.532701088,-0.919197767,-0.205535912,-0.640085322,27,55148.90241,0,1
-0.839217523,0.079047802,0.020029749,-0.060298516,0.405886465,1.939449217,32,48807.54942,0,1
-0.309212376,-0.288156031,0.740078366,0.036152528,-2.255145721,-0.068597196,43,61357.86119,1,0
0.331263431,0.183012928,-0.202190335,0.272026897,0.503119782,0.421992081,32,64447.83372,1,1
0.975545127,-0.991527041,-0.937057676,0.289221941,-0.720595912,0.00204351,23,56685.26393,0,1
-0.479174238,0.105278624,-0.298983997,2.587441229,-1.878851951,-0.139686172,34,50114.00988,1,1
-0.185658977,0.150602493,1.414840136,-1.175859771,1.884739555,0.27840446,62,69228.83239,1,0
-1.106334974,-1.503046859,1.685064345,0.98009162,0.601013526,-1.185885574,18,70702.86433,1,0
-1.196206624,0.995693754,-2.019926174,1.183375806,0.227277413,-1.971153019,67,40320.99467,1,0
0.812525822,-0.881433705,1.091027909,0.492783974,1.24941885,-0.213380476,40,54243.96213,0,1
1.356240029,0.090309799,0.250147716,-0.650315395,0.247569281,-0.880427637,51,71668.52539,1,1
-0.072010122,1.164411741,0.923982679,1.66466803,-0.79861401,0.547503678,52,74828.7182,1,1
1.003532898,0.925676758,-0.55048826,-2.191982865,-0.17496761,0.433790159,60,60968.50217,0,1
0.361636025,0.034333389,-1.76826351,-0.683266697,-0.678366213,0.01348002,42,65480.01473,1,1
-0.645119755,-0.362499003,0.584488789,1.171682197,-0.500352893,1.481574791,18,63788.07214,0,0
0.361395606,0.947511909,-0.940977261,-0.370111603,-1.257703666,-0.006227679,42,74314.62894,1,1
1.538036566,0.674694978,-1.388292431,1.596464525,-0.970020576,-1.458150843,55,43361.85269,1,1
-0.035826039,-0.61836502,-1.318401382,-1.511804745,0.894585533,-0.223644242,33,64014.08231,0,0
1.564643656,-0.794893647,0.600913782,-1.112101894,0.332075439,1.170967767,64,46667.12176,1,0
-2.619745104,-2.072355182,0.139452466,-0.53163817,-0.503013053,-1.884254673,58,76321.21384,0,0
0.821902504,0.154031842,0.782466022,0.417399278,-1.028031864,-0.094036327,29,44124.79584,0,1
0.087047068,-0.082697745,0.669075254,-0.22202015,-0.405396979,0.575462035,27,66127.33455,1,1
-0.29900735,1.136191375,-0.420933565,-0.490399253,-1.683849803,2.652242335,44,46747.48921,1,1
0.091760777,0.359055093,-0.070473574,1.420396431,0.126630599,1.208257637,56,71286.36178,0,0
-1.987568915,1.334229194,-0.511437529,1.513444975,0.945471482,0.132616383,59,66589.3344,1,0
-0.219671888,-0.697364228,-0.210327773,-0.414379766,2.36697266,0.520759226,24,63594.94836,1,1
0.357112572,1.138150331,-0.967254738,-1.709767807,-1.103258723,-1.89769536,23,89414.03059,1,0
1.477894045,-0.528916379,0.390484294,-2.157483829,0.903802446,-1.049722186,62,49462.07913,1,1
-0.518270218,0.777596062,1.075120749,0.239290115,-0.707211446,0.650955671,28,73891.0612,1,0
-0.808493603,-1.458758393,-0.81661303,0.655955622,-1.12845629,0.161167397,41,77580.18802,0,0
-0.501757044,0.235135299,1.281269645,0.062997786,-1.128898129,0.288741187,57,73895.36264,1,0
0.915402118,-1.984687941,0.113521496,-0.070908107,0.140735726,0.034114654,42,49839.76779,1,1
0.32875111,-0.267137486,0.241078976,-0.804542615,-0.930793624,-0.005090898,54,56481.03287,1,1
-0.529760204,0.440353994,-1.69942952,0.654979794,-0.606845771,0.102930648,20,50910.54427,0,0
0.513267433,-0.520968551,-1.80726231,1.678185379,-0.440401331,-1.056035184,21,55540.49789,0,0
0.097077549,-1.050437629,0.144116363,-2.216877677,-0.73996784,-0.228926972,21,47382.44854,0,0
0.968644991,0.846118469,0.789732125,-0.077501189,-0.812584553,-1.244104631,58,54551.35632,1,1
-0.702053094,-0.10346279,-0.671380444,-0.970348349,-2.429159763,-0.619596457,18,82014.40502,0,1
-0.327662147,-0.489570647,1.670093901,-1.490465994,0.08695329,1.195905009,47,55211.43361,1,0
-0.392108153,0.041895921,0.734935974,-1.129975871,0.06767149,-0.18075231,32,61587.55338,1,1
-1.463514948,2.636669142,-0.908341252,0.379672856,-0.79734485,0.595839475,62,49118.52611,1,0
0.296120277,1.15350285,0.030848667,0.404962198,0.36038427,0.115294554,48,59775.11363,1,1
0.261055272,1.162573668,2.476929134,1.460287761,1.396907532,-0.384891667,54,72400.06218,0,1
0.005113457,0.435546319,-1.242564003,0.008781547,0.023579833,-1.008568707,67,67341.73547,1,1
-0.234587133,0.166485273,0.528269939,-1.75822163,1.330257779,-0.400055652,22,81274.39551,0,0
-1.415370742,-2.396082288,-0.322744553,-0.238169542,2.23813192,0.183178446,60,41852.88248,1,0
-0.420645323,-0.678980346,0.706896291,-1.386379072,2.530524689,0.580153444,38,48654.48274,1,0
-0.342714517,-0.480574413,1.267273646,-1.206795886,-1.188236087,0.122336865,52,53806.48825,1,1
-0.802277269,-1.874892064,-0.386237089,0.580559058,-1.183063006,0.649480318,21,82873.76758,0,1
-0.161285712,-1.15741579,1.118912272,0.194180906,-0.444429997,-1.520170103,24,64481.77967,0,0
0.404050857,-1.980836471,2.221203394,0.587565595,0.128715201,0.866662558,46,38744.08794,1,1
1.886185901,-0.038323836,0.066274737,-0.357492847,1.586652,-1.128256341,53,76383.55026,0,1
0.174577813,0.818765971,0.784888687,0.790529563,0.627241221,0.983504617,52,61643.88988,1,1
0.257550391,1.106774519,-0.59044077,-0.413402898,-1.20328713,0.502405843,49,73354.80242,0,0
-0.074445916,0.414784462,0.019259309,1.116682833,-0.611657408,-1.870189562,59,83753.26535,1,0
-1.918771215,-0.963396341,-0.176675093,0.344638939,-0.042000208,0.736962824,69,45336.01409,1,1
-0.026513875,-1.932065159,0.796935926,-0.20699687,-1.489159978,0.99509734,28,83748.50094,1,1
0.06023021,-1.756868699,1.204675936,0.212093044,0.013668458,1.25787846,67,58886.98543,1,1
2.463242112,-1.268982577,-0.109654849,-0.017860701,-1.188435591,-0.768598284,50,53791.20175,1,1
-0.192360965,-0.888859698,1.533622846,1.596106515,-1.650721134,0.179410842,70,62319.94913,1,0
0.301547342,-0.159748498,1.530047442,0.245437623,-0.946985279,0.694449383,58,42112.48981,0,0
-0.03471177,-1.014164218,0.846853743,-0.001612672,0.411021055,0.736326867,34,59701.07496,0,0
-1.168678038,0.338975894,-0.516026532,-0.238490857,0.404115711,0.409520762,29,56359.62143,1,1
1.142822815,-0.232273503,-0.611828817,0.843184219,0.096653917,-0.426636243,18,45927.73158,1,1
0.751933033,0.010545712,-0.812381355,0.707913339,0.991613661,0.987943754,40,50304.12595,1,1
0.791031947,1.140250553,0.94916607,-0.27384163,0.885583234,0.993819967,24,77071.80451,1,0
-0.909387455,-1.180231734,-1.211768207,-1.155641515,0.204381342,-0.154278306,31,57334.83278,1,0
1.402794311,0.418704578,0.676837654,-0.901968138,0.06638185,-0.783554804,58,45289.03998,0,1
-1.401851063,-0.013973228,-1.081109348,-0.18416254,0.129546705,-0.727903339,61,66722.3904,1,1
0.586857094,-0.333486281,0.82354612,1.348927506,-0.14764518,1.364817715,70,71499.81395,0,1
2.190455626,0.885256321,0.017219583,-0.250176629,-2.174342727,0.950678385,57,59969.97803,0,1
-0.990536325,0.879014155,1.333638562,-0.59412361,1.135484845,-0.020039783,24,41488.09973,0,0
-0.56629773,-0.946490796,1.141454578,-1.760719313,0.397522832,-0.199173208,31,30000,0,0
0.099651365,-0.182160584,1.435065412,1.513541436,-1.216327446,-1.768186761,51,46487.33567,1,1
-0.503475654,0.281211683,1.460818718,0.569028146,1.427816619,-0.084401104,19,75813.8759,0,1
-1.550663431,-0.273006748,0.143630834,0.79600997,-0.589979868,-1.191115155,37,74442.65094,0,1
0.068562975,0.585021332,-1.158793066,0.961688052,-0.107769003,0.158999476,34,48059.29432,0,0
-1.062303714,0.281192018,-1.052523055,-0.164730229,1.023575596,1.185247247,27,56461.22654,1,0
0.473592431,1.83256124,-2.086848529,0.084590634,0.220139358,-0.980451553,70,70467.04175,0,1
-0.919424234,-1.530279136,-1.083665833,1.488601942,1.335375842,0.23858676,22,57923.20564,0,1
1.549934405,-0.12243599,0.068823658,0.179580889,-0.352101499,0.997779762,50,74044.80093,0,1
-0.783253292,-0.908502512,-0.559654181,0.58752529,1.691173211,0.220295395,54,58541.62114,0,0
-0.322061516,0.604107455,-0.180135604,0.870550717,-0.7778029,-0.523982962,53,67223.96482,0,0
0.813517217,-1.61717189,0.492715419,0.642931332,1.317622329,0.010386405,61,55158.34345,1,1
-1.230864316,0.34631271,-0.304065258,-0.12816917,-2.265109219,0.957248712,63,48241.11308,1,0
0.227459935,-0.630048431,-1.1218288,-0.033883843,-1.100192051,0.26257786,28,77485.46266,0,0
1.307142754,-0.734161866,-0.053233668,0.777640438,0.297966138,-0.003370583,38,37470.471,1,1
-1.607483235,-1.446498204,-0.898490487,0.77600286,-0.400445426,1.156143126,21,51004.55681,0,0
0.184633859,-0.465075946,-0.270786497,1.168232599,-0.07474862,0.51491787,42,58584.85375,1,1
0.259882794,1.08450053,1.342776964,0.551096983,0.04165092,-1.202902429,58,72879.894,0,0
0.781822872,-0.025188684,-0.270505304,0.596605614,-1.190902608,0.631412662,52,46816.73138,0,0
-1.236950711,0.627680418,1.770957553,-0.446233367,-1.115929615,0.949558755,52,61902.66098,1,1
-1.320456613,1.664641822,1.431635987,-0.581149511,0.232122049,-1.237316387,52,39202.20765,1,0
0.521941566,0.263755585,-0.579305309,0.780630674,-0.666332952,-2.268739496,56,66605.74083,1,1
0.296984673,-0.558799572,-1.111123766,-0.574185068,1.341033859,-1.041932669,50,87355.70639,0,0
0.25049285,0.467252215,-0.052554162,-0.020701003,-0.191947155,-0.102499688,30,30606.47262,1,0
0.346448209,-0.544296146,1.153327763,1.379023241,0.718751243,1.009788345,21,49089.20808,0,1
-0.680024722,-0.504422683,-0.490190906,1.220570292,0.442851669,-0.890952034,61,72554.03491,0,1
0.232253697,-1.5198928,0.908090298,0.301788831,-0.601161057,0.555120267,57,104154.7154,1,1
0.293072473,0.926257491,1.208439989,-0.29613958,-1.980328787,-2.892381135,68,68820.96901,0,1
-0.714351418,-0.386002576,-0.77402565,-0.12337891,1.184941368,0.18030672,55,49058.42915,0,1
1.865774511,0.182098246,-0.676051088,0.867660141,-0.978909077,-0.406740454,59,57771.33633,1,0
0.473832921,-1.035961929,0.712662032,-0.036499277,-0.403758055,2.098598782,62,41597.19914,0,1
-1.191303497,0.43594763,0.15184755,-0.558282393,-0.150842442,-1.892086287,47,72076.97791,1,1
0.656553609,-0.761941238,-0.686061527,1.215774756,-0.051011568,-0.014501483,44,75691.57526,1,0
-0.97468167,-0.141708722,-0.352180448,0.181600139,0.961958663,-1.898221352,52,81094.19565,1,1
0.787084604,0.877826031,-0.070519553,-0.577255821,0.005824058,-0.549707733,45,55048.86408,0,1
1.158595579,0.790759312,-1.564854425,0.478940189,-0.12735409,-1.701154966,58,47887.12259,1,0
-0.820682318,-0.022030073,0.765643106,0.971218413,1.018455957,2.30078874,59,82424.49016,0,1
0.963376129,-1.768131033,-0.478692189,-1.007673065,0.600652372,-0.355547868,62,80712.33891,1,1
0.412780927,2.99281057,-2.783716224,-0.200453913,-0.735570446,-0.211029493,65,45181.88599,0,0
0.82206016,1.74585897,-0.023870968,-0.246683368,-1.147155377,-0.042733725,25,54366.52652,0,0
1.896792983,0.722674825,-0.741571259,0.452287166,-0.823699775,-1.132276793,43,71842.83268,1,1
-0.245388116,-0.753203782,1.688822192,0.632008323,-0.04921975,1.055238734,60,56216.45808,1,1
-0.753736164,-0.113592162,-0.585445021,-0.551473911,-1.246053775,0.640194145,51,60474.66623,1,1
-0.88951443,-0.54342043,-1.097643364,-1.492751176,0.090753047,0.917938363,68,37963.44006,0,0
-0.815810285,1.263855939,0.50793267,1.031798755,-0.12919831,-1.217961882,46,43165.1697,0,1
-0.077101709,0.262502891,-0.660447368,-1.119945271,-2.542519032,1.135315215,19,58628.46117,0,0
0.341151975,-0.784163858,-0.779456201,0.271184205,-1.406175186,1.019841279,23,49518.35549,0,0
0.276690799,-0.470755099,0.509501383,-0.131980899,-2.885750244,-0.232393035,65,42779.7574,1,0
0.827183249,1.121188143,-1.040467308,0.162443905,-0.343903061,0.895021076,33,55287.83983,1,0
0.013001892,1.600097847,-1.457273658,1.651233972,1.074013645,0.272671623,24,46836.87016,1,0
1.453534077,1.528331563,1.725998002,3.038281614,-1.890657955,-1.593999532,28,60421.02415,1,1
-0.264656833,0.757032065,0.579498738,-1.633437411,-1.32228682,-0.182805902,33,74887.41983,1,0
2.720169167,-0.252624869,-0.264209285,0.983906155,-0.163737867,-0.481510038,23,55481.01306,1,1
0.625667348,-3.241513825,-0.00347721,-0.156247773,-1.063753029,0.085419288,54,53608.75307,1,1
-0.857157556,0.297160024,0.505864358,1.047854514,-1.068672767,1.021126288,26,76105.47361,1,1
-1.070892498,-0.001828759,0.97333745,0.957263076,0.541594106,-1.641341336,20,71002.85047,1,0
0.482472415,0.139982096,-0.755975291,1.409744807,-0.494895445,-0.443577908,70,71970.10957,1,1
-0.223462785,0.053897347,0.366146526,0.284964915,-1.486724887,-0.821837433,46,30000,1,0
0.714000494,-1.326262162,-0.506704176,-0.889576485,-2.08771589,-0.778891305,70,53275.42131,1,1
0.473237625,0.557408557,-0.188981245,0.927649489,2.20840777,-0.823109049,25,51423.90116,1,0
-0.072828913,0.632216314,0.160692867,0.117997576,1.128309055,0.068170355,57,47616.24179,0,0
-0.846793718,0.682338782,-0.006678573,-0.233843215,-0.451633346,0.523175453,34,75803.85876,1,0
-1.514847225,0.946577004,0.735566898,-0.476223881,0.087858012,0.348324959,55,51848.13202,0,0
-0.446514952,0.604051645,0.487086559,1.006335569,-0.488531062,0.185668208,61,39144.14388,1,0
0.856398794,-0.410029412,-1.508169209,1.603369492,0.510456731,0.621744488,23,63692.52144,1,1
0.214093744,-0.070836848,-1.357823207,-1.195352559,-0.854214368,2.380326134,64,59885.7897,1,0
-1.245738779,0.091124867,-0.369716685,0.621952242,-0.543173216,0.135891414,28,46163.58999,1,1
0.173180926,0.107699449,1.828625262,-0.372387185,0.45540084,1.021138403,27,75268.15039,1,0
0.38531738,0.998217656,-0.851591833,-1.467272398,1.453859104,0.964183435,19,67963.24045,1,1
-0.883857436,0.643668753,-0.20822271,0.147705821,0.741415095,1.777794163,70,67914.87071,1,1
0.153725106,2.07734344,-0.536346027,-0.83313778,1.233913878,0.560518865,46,67259.49607,1,1
0.058208718,2.20646898,-0.554044384,-1.577753228,-0.312417338,-0.844316181,23,76343.9185,0,0
-1.142970298,0.079649583,0.178239744,-0.781740472,-0.623010407,0.304881921,68,57668.91519,0,1
0.35778736,-3.836655548,1.400777276,-1.027773918,-1.938381139,0.251138743,66,41376.65477,0,0
0.560784526,1.236832466,0.4559684,-0.646686853,0.072198357,0.815182609,26,56891.69677,1,1
1.083051243,-0.540376339,-0.803530961,-1.325884077,0.379047031,-0.873396669,19,35165.64618,1,0
1.053802052,-0.801483922,2.753229511,-0.395140109,-0.300005396,1.266321074,21,44069.14429,1,0
-1.377669368,-0.398445275,0.078573221,-0.713249128,-0.776701326,0.005237149,58,84286.13671,1,0
-0.93782504,-0.446643047,-0.577220956,0.375613877,1.24340344,0.839379254,57,43491.23486,0,0
0.515035267,0.61226981,1.412096375,0.593538986,0.631804277,0.309673158,47,42390.75838,1,0
0.513785951,-1.559435779,-0.469070618,0.260148577,1.312825451,0.122590778,21,70044.33341,0,0
0.515047686,-1.077720746,1.662913655,-0.235444458,-0.953579095,0.23385641,18,72948.17592,1,0
3.852731491,0.343158554,-0.870642791,-0.262427596,-0.708234127,0.671992011,60,35005.33846,1,1
0.570890511,0.62294403,1.430030389,-0.837074987,1.203177243,1.958654794,28,63731.75784,1,0
1.13556564,0.641541645,0.201047664,-0.812994659,-0.04734708,-2.017377385,24,51774.10496,0,0
0.954001763,-0.787036279,1.291052233,0.703603868,-0.569104112,0.540002949,35,64958.65695,0,1
0.651391251,-0.978265649,1.901765709,-1.759702599,-0.499515024,0.043967796,25,55459.90209,1,0
-0.315269245,-0.506634834,-1.132607291,-0.080724938,-0.011080526,-0.177106567,47,39515.95953,0,1
0.75896922,0.239872752,1.275771821,-0.323529062,1.002951816,-2.363278223,32,52779.63909,0,1
-0.772825215,1.485477369,-1.408903904,0.599132101,-0.160512852,0.580207681,27,69386.81462,1,0
-0.236818607,-2.047437186,-1.047184355,-1.425011983,0.79053283,-0.124970637,63,89155.57237,1,1
-0.485363548,-0.220728757,-0.80340946,0.012480705,0.467377777,-0.834428468,19,65847.74225,0,0
0.081874139,-1.332678441,0.503636636,0.342984341,-0.87833904,0.042479973,59,54136.11142,1,0
2.314658567,-1.652242677,0.033015877,-1.904731219,-0.879129368,-0.292790231,68,42305.28727,1,0
-1.867265193,0.966956645,-0.167136084,-1.074327973,-0.450266592,-1.742393167,32,57623.22301,1,0
0.68626019,0.544624574,0.146235279,-0.091789847,-1.336837655,0.088184719,39,54323.35111,0,0
-1.612715871,0.449433516,0.591289589,0.514146908,-0.514138856,0.58007353,69,64586.68608,1,0
-0.471931866,0.92102584,0.668248124,0.182499311,1.513433417,-0.549233415,51,59105.62373,1,0
1.088950597,-0.479718897,1.094166836,0.560454253,-0.031390336,0.261712833,66,67193.69563,0,1
0.064280019,-0.432637516,1.820034813,-1.079372513,-0.766452666,0.108111975,20,54604.41949,1,1
-1.077744778,2.185730617,-0.021362372,-1.58875035,1.915744652,1.045492223,21,85636.75646,0,0
-0.715303709,-0.246571054,-0.521088962,0.084505806,-0.93061732,-0.103692394,42,68757.32824,1,1
0.679597749,0.735132113,0.613536129,-1.229353238,-0.961882967,0.801091839,22,49399.58338,0,0
-0.730366632,0.006381541,-1.144254816,-0.865322326,1.229485682,-0.313352756,29,75016.66026,1,0
0.21645859,-1.84825853,-0.678704132,0.932278355,0.66131806,1.967321961,70,42659.84199,1,0
0.04557184,-2.044629004,0.999380946,0.189099557,-0.130058853,-0.436841599,41,47179.79215,0,1
-0.651600348,-0.57898422,-0.124128375,-0.568144905,0.8319089,-0.684999124,36,47985.20032,0,1
2.143944089,1.056101252,-1.208192458,-0.698031505,0.300600001,-0.100492119,49,79925.68991,1,1
0.633919022,0.788291657,-1.489803065,0.620921557,-1.186192416,-0.728018906,29,57318.72272,0,0
-2.025142587,0.914077164,0.048716679,0.211970936,-2.397584707,-1.248656434,54,50569.70841,0,0
0.186454315,-0.987046179,1.141896537,-1.214556642,-0.567345152,0.727602354,64,62461.55792,0,1
-0.661786465,1.61587249,1.128545778,-1.947823733,1.084924836,-3.062648714,44,68131.02145,0,0
0.852433335,-0.9648933,0.110880503,1.881801833,-0.428470088,-0.717533356,35,83837.72088,0,1
-0.792520738,0.212824399,2.008909419,-1.222479225,0.460097198,-1.341763915,42,37545.1234,0,0
-0.114736441,-0.01035229,-0.104820366,0.527696503,0.184485448,0.1421694,68,78949.69179,1,0
0.504987279,-0.17387382,-0.138567623,1.510692932,-1.693500295,-2.18911567,40,30000,1,1
0.865755194,1.338592138,-2.56743591,0.147597569,-0.406395694,0.547850845,20,73594.2934,0,0
-1.200296407,-0.70511052,-0.447362949,-0.600436676,0.35887933,0.656089927,19,77449.22898,1,0
-0.334501236,-1.349605256,0.852015035,-1.426049042,-0.787146256,-1.632618045,28,78226.04468,0,1
-0.474945311,0.019995486,1.563961337,-1.440010536,-0.362538157,0.190602703,63,68532.57026,0,1
-0.653329233,-0.399826734,-0.830234634,0.376694849,0.391747092,0.516059284,70,44023.45758,0,1
1.76545424,3.377382919,0.462252329,1.450976323,0.072629999,0.940300374,54,71206.19216,0,0
0.404981711,0.676507476,1.046879032,-0.395459097,1.046909741,-1.468929337,47,43987.40857,1,1
-1.260883954,-0.409340575,0.011208153,-0.555720462,0.383670913,-1.609594643,30,45919.53332,1,0
0.917861947,-1.056111569,-2.283280458,0.697481091,-0.955849998,1.502649222,57,53156.02096,1,1
2.122156197,-1.880288411,0.24729,-0.685947254,-0.477546714,-0.821889705,23,54507.73443,0,1
1.032465261,-1.025219086,0.761430624,0.274482908,0.020296284,-0.527404175,29,63610.54838,1,1
-1.519369966,0.114941772,-0.947422895,0.04180145,1.338415077,0.633094524,56,49568.99236,1,1
-0.484234073,1.427328652,-0.254154531,-0.409468059,-0.47352563,-1.169201023,60,64945.43318,0,0
1.266911149,1.121689142,-1.155496042,-0.015538159,-1.732568802,-0.265849413,25,39415.21911,0,0
-0.707669466,0.229094832,-2.570147549,1.763152115,0.440566903,0.891744293,26,60582.20284,1,0
0.443819428,-0.323167666,1.027004412,0.604532944,-0.755598248,-1.421102217,21,55913.14113,1,1
0.774634053,0.268812356,-0.003748534,1.092500804,-1.28530132,-0.500004329,54,75207.43688,0,0
-0.926930472,-0.518637997,1.597674997,-0.918694361,0.018803013,-1.12672362,53,76717.07499,1,1
-0.059525356,1.718363996,0.857322192,1.095936148,0.972867642,-0.773935419,49,57450.61733,1,1
-3.24126734,-0.189190181,-0.354209762,0.639020475,-0.57388054,1.18564858,29,30607.69817,0,1
-1.024387641,-0.086337858,-0.08318066,-1.499596097,0.496573887,1.405063634,35,37885.92029,0,1
-0.252568151,-2.215822425,0.566177391,0.539790733,0.681913663,0.257834129,48,76856.16271,1,1
-1.247783182,-0.195434847,0.966883417,-0.513274137,0.791796494,0.532209685,64,57849.6496,1,0
1.632411304,0.836484138,0.322670631,-1.545803676,-0.73227231,0.504854901,57,86237.31994,0,1
-1.430141378,-1.067722577,1.105593145,0.129775732,-1.121082058,-0.672335976,60,73450.39426,0,0
-0.440044487,-0.750720334,-0.296668737,0.539042591,-0.984753105,0.238150504,63,63827.56841,1,0
0.130740577,0.792711018,-0.997143547,0.151608069,0.790974672,-1.29530839,56,61928.24643,1,0
1.441273289,-1.476657224,-0.064809254,-0.109138585,0.667393155,-0.95856949,46,42766.64301,0,0
-1.435862151,1.057801008,0.205184891,-0.330585338,-0.957150601,-0.086801546,65,50530.2907,0,0
1.163163752,-0.53214389,-1.201535395,2.466588009,2.132644026,-1.060970994,57,66244.15184,0,0
0.010233061,-0.38856822,-1.336722084,-1.182569389,-1.076363967,-1.272727083,46,54823.71361,1,1
-0.981508651,-1.123878405,0.447386296,0.872921982,0.999464085,-0.711897827,44,67024.20639,1,0
0.462103474,0.37804626,-0.406356851,0.015422971,1.519665439,1.146333725,28,75438.57562,1,1
0.199059696,2.459871985,-0.165840906,-0.854466506,0.109757606,1.557139154,50,57305.15383,0,0
-0.600216877,0.781497239,-0.359692666,-0.048399051,-0.769723844,-0.032560027,66,53526.8419,0,0
0.069802085,-0.864285262,1.520600902,-1.392932638,-0.747878027,0.582198925,56,46555.38531,1,1
-0.385313597,1.135620585,1.26176116,-0.595490407,-0.2620902,-0.563494122,35,72523.28965,1,0
0.113517345,-0.316679546,-1.23735369,-0.046934326,1.080870778,-2.065646793,61,71302.5043,1,1
0.662130675,1.374484981,-0.532793213,-1.551117059,-1.199875813,-0.893522481,37,92806.18625,0,1
1.586016816,0.806676402,0.850004268,0.506382538,-1.838766032,-0.308344033,45,62652.89387,1,0
-1.237815499,-2.943141565,0.601936237,-0.963761041,0.362054991,0.140969282,39,58550.42626,1,0
2.133033375,-1.004079633,-0.041457962,-1.451720958,0.581612751,-0.100976105,49,67009.88574,0,1
-1.9520878,0.944385223,-1.137600205,-1.080417736,1.967969447,-0.281645615,38,55680.67458,1,1
-0.151785095,0.151657272,-0.682540046,2.175954162,-1.382318975,-0.574633032,54,46720.26507,1,0
0.588317206,-1.023755948,-0.516767568,-1.978064142,-0.134806612,0.343862545,44,61331.70588,0,1
0.280991868,-0.633589515,0.276994331,0.436123089,1.161837432,-1.363891778,55,66867.17461,1,0
-0.62269952,-1.90623662,1.703727155,-0.751636271,0.120862168,0.802062711,43,67861.38482,0,1
-0.20812225,-0.088373288,-0.686880235,-0.350128172,-0.195439189,-0.586350889,40,66660.9979,1,1
-0.493000935,2.210689726,-1.026035248,0.603930929,0.789905497,2.067098253,51,75958.33413,1,0
-0.589364757,0.804933391,-0.108586477,0.554818715,-0.599388964,-0.31531554,29,67807.79695,1,1
0.849602097,2.190417001,1.031738981,-0.680696419,0.851410842,-0.480175723,28,64059.0086,0,0
0.357015486,0.88239709,-1.446882967,-1.357824007,-1.253563192,-0.562686189,53,41016.20939,0,0
-0.692909595,1.027479343,1.453634151,0.622140974,-1.519431703,-0.470202609,49,63688.18014,1,0
0.899599875,1.974078688,-0.172031362,0.552377193,-0.273588019,0.607228058,56,57437.24043,1,1
0.307299521,0.377263259,-0.734320002,-0.284969509,-2.563289787,-0.042276201,54,43175.78526,0,1
0.812862119,-0.187227322,-1.600189287,0.441944384,0.084699637,0.987081666,60,67513.0499,0,0
0.629628842,1.032657517,0.706520773,-0.445829481,-1.732561343,0.464421467,33,67772.95765,0,0
-0.828995011,1.453840237,-0.171171195,-0.827037565,0.282420521,0.031492459,59,66381.0547,0,0
-0.56018104,-0.479964643,0.170705483,0.003962181,0.185459438,0.372954336,48,68333.92429,1,1
0.747293605,-0.721569082,-0.900811741,0.519032741,-0.067962386,1.196346888,58,61858.70473,0,1
0.610370265,0.138856032,-0.319096034,0.30925027,0.436408668,0.656695963,23,56299.08347,0,0
-0.020901594,0.831498867,-0.486581246,0.50916268,0.204197469,0.280556993,30,86550.64165,1,1
0.117327383,0.798091049,-0.100593105,-0.760578873,-0.293000603,0.422742555,53,62223.53034,1,0
1.277664896,-1.4241676,-0.669552326,1.581881125,1.83100698,-1.152684836,28,30000,1,0
-0.591571389,1.911606067,-1.534180961,-0.342380855,0.393310694,2.571696186,28,30000,1,0
0.547097381,-0.641164929,2.728499745,-0.118915651,0.771908087,0.528125721,65,78074.15593,1,1
-0.202192652,-0.265064997,-1.363404247,-1.318655909,1.073079744,0.627914693,37,32490.06502,1,1
-0.217681203,-0.90265436,0.181459007,-0.193855156,0.668149379,-0.028692388,46,51834.95691,0,1
1.098776852,2.698328836,-1.772027828,0.532237737,2.062832919,-2.297568104,36,41762.9348,1,1
0.825416349,0.24207067,-1.997047437,0.762510613,0.166006885,-0.265343585,47,55461.4109,1,0
0.813509636,-0.850975081,0.097826492,1.561940737,-0.006961346,0.075947136,23,65791.64937,0,0
1.305478807,0.86392355,0.174367588,0.520234896,-0.649572088,-0.822837822,34,50030.15049,0,1
0.021003842,0.769135779,1.261498991,0.276913196,-0.256273937,-0.831553208,35,47765.87924,1,1
0.681952971,-0.187727024,0.399546841,-0.446295112,-0.731224569,-0.339251963,53,70939.21524,0,0
-0.310266757,0.840606713,-0.149810719,-0.661740408,0.677211913,0.771528844,35,99478.19922,1,0
0.324166352,-0.825291961,-0.949600244,0.970248515,-0.912316247,1.255754275,60,68106.37731,1,1
-0.130143054,-0.492918275,1.499012068,0.951070352,0.07379217,0.170962955,29,46289.65057,0,0
0.096995965,-2.010216655,0.928851246,-1.077012701,0.559546934,-0.567378726,59,73067.07278,1,0
0.595157025,-1.323951084,-1.246329478,0.723095887,0.150323887,-0.36238454,20,86162.0759,1,0
-0.818220683,1.807630806,0.037963728,0.650383691,-0.895914876,0.099534002,64,75950.14478,0,1
2.092387276,1.641428628,0.144052232,-1.113808885,0.698944914,0.218030124,35,36844.31792,0,1
-1.006017381,0.065788649,-0.345653657,0.540456805,-0.085339709,0.434959186,33,67926.7238,0,1
-1.214188613,1.662931447,0.771850486,-1.049546459,-2.872712216,-0.439359884,56,53114.42181,0,0
1.158110874,-0.160074487,0.831733138,-2.429292968,-0.983351691,0.529291133,60,60787.74031,1,0
0.791662694,-0.243410303,-0.190485698,-0.160102414,1.401132236,0.450237235,45,54387.7708,1,0
0.624119817,0.056510648,-0.280869246,0.257814705,1.484321842,-0.395092757,59,71141.23546,1,0
0.628345509,-0.124921595,1.498958463,-0.115070805,0.52611121,-1.719491022,26,54705.76659,0,1
-0.012246773,-0.215196324,0.932838892,2.867106817,0.784068977,-0.884936682,37,81267.48139,0,0
-0.897254371,1.143398107,0.07236039,0.378851229,-0.778293981,1.567595326,35,59955.44325,1,0
0.075804558,0.150135654,-1.629209039,0.147141819,-0.260144419,-1.693571593,42,56647.82516,1,1
-0.677161712,0.712481764,0.344000106,0.429591303,1.2353666,1.317522242,38,68576.61365,0,0
0.975119733,1.031380525,0.698083465,-0.441319004,0.425915243,-1.7285809,62,65358.14853,0,1
-0.147057382,0.388185796,-2.754521628,0.929479062,0.064948384,-0.773150227,43,69006.26574,1,1
-0.825497197,-0.970271326,0.251869448,0.361001946,-0.186808543,-0.374718986,40,58001.44937,0,1
-0.321385842,-1.352865889,-0.416691987,0.315171704,1.174472001,1.782303083,27,80017.44171,1,1
0.412931454,0.148780635,-0.22085428,-0.624120223,1.122032154,0.026130958,70,74853.96055,0,1
-0.563724553,-0.171256305,-0.907380953,-1.564330326,0.649671751,-0.214005161,61,59815.8765,0,1
-0.822220396,0.087391429,-0.14818929,-0.501386089,0.066275066,-0.935346033,30,72340.15736,0,1
0.243687211,-0.016054039,1.391991576,0.282633856,-0.356756486,0.521960947,70,56054.92416,1,1
0.244966571,2.58357366,-0.446398499,-0.44469948,0.69301372,-0.512718445,54,68554.00899,1,0
-0.506943175,-1.330226256,0.965573559,0.291727167,-1.101909845,-0.229003892,29,72379.76366,0,0
-0.471038306,-1.98994627,-0.806331219,-0.232361877,-0.894569848,-0.358354505,53,63745.74744,0,1
0.232049937,0.332376834,0.758756193,0.430579485,-1.451091361,0.719862175,20,47698.04314,0,0
-1.448084341,-0.376422555,0.001655856,-0.976824126,1.235229778,0.761787552,31,42098.45119,0,0
-1.407463774,0.31606787,0.352024829,0.192890012,-0.720666624,-0.890388486,52,64402.40941,0,0
-0.718444221,0.583883022,0.007153256,-0.640954146,0.404007787,-0.627257991,51,49141.99562,0,1
-0.213447152,1.284104695,0.641625232,-1.538282942,-0.125557521,-0.725878625,57,75814.87212,0,0
0.310907566,-1.50722582,-2.567585118,-0.165154123,2.89753899,0.183352038,46,37368.53517,1,0
1.475356217,-0.556717898,-1.419825313,1.536317574,0.441905454,0.906694852,47,79758.59593,1,1
0.857659623,0.428761259,0.417080498,-1.458576408,-1.862140759,0.196665326,24,60764.49006,0,1
-0.15993853,0.770463596,-2.043538354,0.11939225,1.175435757,-2.190647694,19,47185.83958,0,1
-0.019016208,2.19344955,-0.530580356,0.797577063,-0.387150964,0.759753186,35,53229.84569,0,1
-1.002529365,0.955703971,-0.054340841,2.300030685,-0.200927802,-1.348990868,43,56946.35989,0,1
-0.018513136,-0.056788596,-0.828140138,-0.492932982,-0.672512263,-0.71524039,34,67245.39121,1,0
-0.288658639,-0.890435753,-0.691561403,-0.632000605,0.195612519,0.198431365,63,41621.2468,0,1
0.32271856,-0.564289853,0.2715822,-1.166692196,0.182513138,-0.083885857,29,45613.6064,0,0
-0.827230944,-0.592702823,1.009294956,1.140516335,-0.645477178,0.872735201,67,55136.09792,1,1
0.519346514,0.655233629,-0.958449381,-0.867414329,-0.50814452,-0.610752632,49,59539.08366,1,0
1.532738913,0.256997446,-0.575058196,-0.370596432,0.101286133,-0.966613783,66,70747.41732,1,0
-0.108760148,-1.323649571,-0.731260973,-1.848937877,-2.342731487,-0.311642725,46,64038.49597,1,0
0.401711722,-0.435901469,-2.421379752,0.883971843,-1.441497471,0.977019336,65,54157.74809,0,1
0.690143992,0.877547553,0.14171179,1.158258281,1.669992096,0.629672871,27,63546.7547,0,0
-0.401220472,0.351662355,0.934717746,0.845775064,0.327820944,0.087148008,53,62482.25943,0,1
0.224092482,0.568644616,1.016643207,-1.605325281,-0.524908987,1.325963188,19,56224.04206,1,0
0.012592401,0.38292171,-0.870766376,0.607151041,-1.696082832,1.144856243,54,61743.93549,1,0
0.097676099,1.626430735,-1.251698049,-1.672670385,-0.056316165,0.788482236,31,30000,1,0
-0.773009784,0.236043064,0.021605548,0.058040302,0.985192092,-1.177983823,27,74002.2732,0,0
0.024510174,-0.386022798,0.829273687,0.20507758,2.639206105,0.783239037,57,68219.25287,0,1
0.497998291,-0.915755041,0.154850448,0.310183218,1.892056425,-0.202358246,18,82469.73264,1,1
1.451143608,0.249609458,0.289304636,0.534636533,-0.88693802,-0.394944231,58,47835.75478,1,1
0.959270826,-2.440704015,1.141830928,-0.008033604,-0.495799531,-0.682551471,38,68572.49951,1,0
2.153182458,-0.184289002,-0.739136559,-1.962429513,-1.47149923,-0.171716564,22,31425.25129,0,1
-0.767347563,-0.20583986,-0.219970087,0.535121009,-0.841655067,-0.625753755,26,33515.5356,1,1
0.872320637,-1.364470854,1.634605512,0.097608141,-0.212843163,0.1697543,26,56445.78149,0,1
0.183342006,-0.928265839,-0.196811123,-0.902619791,-0.367136997,-0.172943161,35,51319.99975,1,0
2.189802933,0.80965753,-1.267336966,-1.569397421,2.054567307,0.220538493,22,75710.09665,1,0
-0.808298285,0.230711749,-0.669356096,1.540022186,-1.315356942,0.553271538,33,77675.15991,1,0
-0.839721842,0.101788334,-0.938179851,1.231300538,-0.045094449,-0.294365172,51,79254.4769,0,1
-0.599392645,0.306347534,0.357162586,0.705957407,-2.063459762,-0.737293228,21,68968.36649,0,1
-2.123895724,0.092627588,-0.895947004,-0.676299911,0.33089078,-2.006402631,38,69615.14216,0,0
-0.525755022,1.242862563,0.271034253,-2.516995552,-1.341705341,0.770653717,67,40774.52475,1,1
-0.759132662,0.123429182,-0.736065219,0.764679175,1.102626308,0.078765263,54,80995.52847,0,0
0.150393786,-1.458213114,-2.123378538,0.366686774,-0.291025893,-0.17617638,57,78778.38204,0,1
0.341755976,1.630129965,0.306619787,-0.374662309,-1.401984268,1.171916383,61,39300.89222,1,1
1.876170839,0.370340267,0.148463682,1.124806307,-2.102701754,-1.288521193,31,67020.70627,1,0
0.950423838,-0.589253731,0.517757816,0.847997534,-0.978637489,0.056239762,44,51799.29137,0,0
-0.576903656,-1.253401718,-0.672987219,0.176095488,0.239380891,-0.96405864,66,87744.22859,0,0
-0.898414671,0.395914221,-0.779544475,0.035058418,0.421513647,0.656005854,29,45374.81533,0,0
0.491919172,-0.117172005,0.401466858,0.050967718,-0.498437981,-2.226141279,44,61388.8723,1,0
-1.320233207,1.574146786,1.519019573,0.679939873,0.925797043,0.804015663,51,62789.53687,1,1
1.831458766,-0.345907281,0.01116801,-0.857476347,-1.135742893,0.762660187,21,59199.6751,0,1
1.179440121,-0.83738079,0.424585096,0.425983122,-2.927059843,-0.923012433,60,92225.33634,0,1
-0.469175652,0.895796218,-0.321587684,-0.920590944,0.282553651,0.066339709,61,85365.797,0,1
-1.713134529,0.925281893,-1.543630522,1.336555172,1.290095813,-0.90152334,68,35435.96048,0,0
1.353872374,0.168651368,0.967429419,0.532128572,1.299333674,0.427596461,19,67306.86128,1,1
-0.114539845,0.676357048,0.908414239,-0.688228262,-1.299809241,0.820229108,59,59829.7498,0,1
1.237816312,-0.037687121,0.710774025,0.080595824,-0.544693187,-1.004979666,59,72514.37973,1,1
-1.594427659,0.233865101,-0.181945438,-0.85378638,0.723820016,-1.296748657,49,63193.44041,1,1
-0.599375023,1.164990883,0.5970561,1.504112838,-0.627106108,1.096437151,19,47810.88935,1,0
0.0052437,0.625318334,0.893761797,1.622875984,0.105384861,1.941170592,39,44437.5839,0,0
0.046980594,-0.169274438,1.620158685,0.696223683,-0.716439896,0.494447057,36,53971.40106,0,0
-0.450065471,1.352362546,0.988526105,1.556656568,-1.089388757,0.568441488,43,58191.92518,1,1
0.622849932,-2.364855373,0.063821225,0.151795949,-0.896373651,-0.332040579,37,62908.61582,0,1
-1.067620429,2.052073311,-1.308253255,0.763512567,0.955725193,0.180028006,53,51441.65634,1,0
-0.142379485,-1.705959095,0.155658298,1.224724522,0.013782765,0.350721285,35,85589.60691,0,1
0.120295632,-0.627092825,0.256577396,-0.005743596,1.271881638,-0.182572936,69,68028.81777,0,0
0.514438834,-0.040917535,0.709029775,0.071103857,0.520420695,1.349860522,67,73109.35919,1,1
0.711614878,-0.146480671,1.353891859,0.933656601,1.606465231,0.176744756,31,57919.04365,1,0
-1.124642092,1.00641104,-0.095150512,0.646497966,0.818068193,0.30560001,37,44437.10014,0,0
-1.534114171,-1.057836619,2.10098719,-0.75546072,0.75934083,-0.16196305,62,73250.1121,0,0
1.277676822,0.260766817,-1.75928702,-2.186829371,-0.120487899,-0.060339275,41,45098.03382,1,1
0.332314012,-0.578212098,0.419341872,-0.175528063,3.009206576,1.218710271,64,30000,0,1
-0.748486537,0.295140979,-0.798520392,-2.096914179,0.11269822,0.145906031,64,68484.34532,0,1
1.551151976,-0.06477226,-1.907222,-0.991017336,-1.973423369,0.169295053,48,48665.80265,0,0
0.115674634,0.092935653,-0.201774376,-0.874286957,0.26803354,0.182202078,69,54986.07748,1,1
1.179297184,-0.549924832,-1.457172698,-0.568642311,-0.982292243,-0.364512637,53,70409.83593,1,1
0.067518481,-0.51006395,-0.161427898,0.820438144,1.017021522,-1.407940016,32,46044.31475,0,1
2.060747925,0.287272514,0.034769248,1.037679541,0.725816758,1.572574147,63,35966.89643,0,1
1.755340842,0.943715506,1.118541409,0.50874072,-0.19151365,1.068294012,24,78291.35463,0,0
-0.248964148,-0.598279334,-1.507585135,0.632506976,-0.887893013,1.249043652,66,59125.37161,1,1
0.971570951,-0.868767545,0.908445166,0.656120456,0.146425727,-1.072518869,40,78860.16814,1,1
0.64537595,0.613460166,0.09808045,-2.496829991,-0.641233808,1.444920255,46,69391.99352,0,1
1.368631558,-0.032503893,1.028849154,0.010197682,0.787803993,1.966870787,58,69834.7044,0,1
-0.964923461,0.830498134,-0.431751175,-1.796458721,0.556015714,1.044822414,21,62451.52517,0,0
0.68605146,-0.905797213,-1.332244587,0.509139476,2.935966592,1.647822413,48,62439.10005,0,0
1.058424487,-1.779438925,-1.217499326,-2.093108147,-0.445114539,0.797848608,35,77017.66151,0,1
-1.758739486,-0.533004082,-1.291807454,-0.180438535,-0.303425628,-0.846607603,62,72217.07968,1,0
-1.183258513,-0.766352609,0.477814153,0.547769776,-0.154775674,0.50763187,48,51164.65591,0,0
-2.039232178,-0.0787884,1.476922022,-1.117757948,-0.110985534,-1.0203427,64,67395.01246,1,1
-0.269406834,-0.636845214,-0.564951527,0.961715961,1.027078938,-0.597374138,53,50709.84866,0,0
0.717542256,0.741016951,0.629135298,0.50662217,-0.276345645,0.316280429,35,55310.90927,1,0
1.502357052,-0.288150262,-1.523442058,0.380824696,1.972381716,0.182018471,27,68525.74316,0,1
0.07409478,0.150474499,0.180321249,0.698001588,0.58227511,0.463075406,24,50483.43048,0,1
1.628615546,0.157634558,0.668562616,-0.359200088,-0.485736048,-1.792088994,55,62214.19381,0,1
-1.380101458,0.194955092,-1.448124775,0.151918864,-0.741245685,-0.154237947,62,65701.53767,1,0
-1.703382439,-0.02412911,-0.203883469,0.010051572,1.040872193,0.548998498,45,54909.98519,0,1
-0.055547699,0.51060069,0.71591714,-0.012548945,0.028520152,0.748373673,35,70795.25726,1,0
0.384065449,-0.795655134,-2.933770647,-0.672031077,0.009060054,0.813772981,48,53408.01428,1,1
-0.032694748,1.399417927,1.335453062,-1.242532115,-0.598480226,0.251258261,26,74139.45823,1,1
-2.0674421,-0.236537383,0.353679376,-0.336858349,-0.061445681,-0.37922415,60,61960.43916,0,1
-0.08912004,-1.311549138,0.716727648,-0.391947907,-0.638954851,0.501470885,33,62592.68805,0,0
-1.304469501,0.188073357,-0.412719279,-0.736730988,1.361711456,-0.299713115,57,46518.67682,0,1
0.669672549,-0.851180482,-1.722722482,0.852053782,0.717060152,0.901056387,42,56480.64291,0,0
0.366598246,0.665334535,0.534062956,-1.172206618,-0.174768839,0.427307953,54,62922.84623,0,1
-0.939879786,2.209605576,-0.082590325,-0.171509159,-0.189468083,-0.061722147,47,75366.31211,1,1
-0.513866917,-0.786572092,0.032115455,1.166339712,0.092174168,-0.768995118,64,55174.73494,1,0
-1.059213522,0.332372333,1.087606985,0.909129353,-0.005540239,1.119475441,19,75310.63422,1,1
-0.062679097,-1.755505589,0.762063874,1.216293885,-0.956936179,0.559049446,22,48665.67622,0,1
0.955142321,0.453905229,1.921237417,-0.590780577,-1.900774128,2.102969677,59,65012.44451,0,0
-0.985726046,-0.8857138,0.153854229,0.784288126,-0.797700666,0.526219264,47,52398.36033,0,1
0.504046516,-0.624834618,-0.691212438,-1.062970397,-0.128517491,0.609916891,36,83162.53787,1,1
-0.530257618,-1.10128649,-0.188416847,-0.275873956,-0.737833198,-1.465268815,31,80455.12665,0,1
-0.792872832,0.732151226,0.415663373,-0.181755811,0.81933803,0.31048438,44,64285.60134,1,0
-0.10703036,1.007304357,1.015856519,-0.575840212,-0.229153136,-0.316528253,47,51973.91844,1,0
-1.035242322,0.023385215,-1.467033951,-0.361813988,1.873573575,0.826432288,62,37245.38795,1,0
-0.553649305,-0.864426705,0.008537615,-0.493375927,-0.561494258,0.334684443,31,65674.36372,0,1
-1.197877893,1.589523036,1.609541657,-0.982393811,0.140716799,0.985273181,48,63113.06237,0,0
1.964725133,-0.750410128,-0.240208871,0.856413506,-0.288861756,2.132595114,53,72872.39718,1,1
0.035263552,-2.1620323,0.931011855,-0.182450003,0.439778058,-0.798362305,56,38004.56327,1,1
-0.699725508,0.45838901,0.493117527,0.201436544,1.065751129,0.94670656,67,62122.78908,1,1
0.213979911,-1.104774674,0.955860607,0.163776871,0.608280959,0.683593167,47,66434.78656,1,0
-0.11232805,0.988608793,-0.809760542,0.054726425,-2.030796269,1.979294788,55,46470.44172,1,0
-0.2209696,-0.381137697,-0.80540167,0.092804546,0.49986161,0.70538457,64,61747.88315,0,0
0.6141667,0.603713241,0.020271892,-0.30541722,-1.010878142,0.601410395,28,49095.7652,0,1
0.75750771,1.401500347,-1.532221787,1.418396869,-0.309769178,0.851453231,34,47619.69546,0,0
-0.530501148,-1.208858865,-0.269740607,0.760744762,0.689329187,0.921266109,27,52040.92224,1,1
-0.575818241,-0.565937131,0.252876658,0.018382033,-1.119760908,1.454370152,33,56008.52475,0,1
-0.275051697,-0.075671073,1.784635607,-0.447054436,1.155948007,-0.819378529,68,78581.02316,0,1
-2.301921165,1.537551319,0.402718189,-0.118820843,-0.3533859,-0.392338778,28,55173.42967,1,1
-1.515191062,-0.658382718,0.625228471,0.417621516,2.170937373,1.735286119,56,47312.23029,0,0
1.366874267,-0.594503696,1.164475847,1.499940093,0.068677826,-1.958714945,45,72193.35494,1,1
1.644967714,0.478140576,-0.964657589,-1.373047545,1.705342743,-0.084729244,38,75415.33107,0,0
-0.24903604,-0.577228726,-0.165082662,0.659774759,1.197679225,0.149559986,45,72291.71837,1,1
0.576556963,0.152525883,2.425412592,1.126723637,-0.611105082,-0.17691188,40,80539.00958,1,0
0.311250155,-1.551537421,-0.079122222,-1.48671847,-1.301690728,1.580948033,63,62883.89462,1,1
3.078880808,2.214329943,1.116430749,-0.181150877,0.113627361,0.475937782,18,62334.09221,1,0
1.119574911,-1.34770923,0.963737877,-1.064517973,-0.582643119,-0.387314105,66,49441.87738,1,1
-0.127917591,-0.321752704,-1.478113714,0.430529612,1.57971878,-0.634409311,30,80985.27992,0,0
-0.955540441,-0.032481036,0.310479277,-0.358350932,-0.246859172,0.281825578,25,58617.54026,1,0
-1.60644632,1.912688134,0.146747472,-0.130139067,-0.300403959,1.165954037,36,55446.40617,1,0
0.203463636,-1.324845781,0.329958788,-0.411055807,-1.395898461,0.138408111,41,54104.87932,0,1
-0.756350745,1.983704135,-0.75411248,0.720163433,0.419217013,-0.134420334,57,69548.60363,1,1
-1.42225371,0.757176821,-1.116919512,0.229032961,-1.174222282,-0.695283689,66,61253.1745,0,1
-0.646572884,0.417095324,-0.47601,0.230926764,0.442436913,0.374038838,54,62842.52614,0,1
-1.081548004,-0.984633687,-0.097794997,0.160621825,0.580091726,0.318570522,42,55131.97608,0,1
1.687141635,0.571141242,1.184984448,0.57249088,-0.749675112,-0.724218566,60,57025.49398,1,1
0.881639757,-0.723486622,1.81731082,-0.261971855,0.956579931,1.026416176,43,57779.01576,1,1
-0.007972641,1.266661253,1.396597846,1.700774788,-0.274875439,1.706043309,63,81323.55768,1,1
1.479944139,-0.971062029,0.860185211,-1.234794751,-1.471243696,0.048997968,59,32981.52556,0,1
0.077368308,-0.113158494,-1.004340262,-1.725918448,1.54528734,0.302137643,44,66722.86968,1,1
-0.861284201,-0.555273088,-0.408896175,-1.808680569,-0.923470574,-1.104934621,49,76322.43518,0,0
1.523124077,-0.987522962,0.209926052,-2.079588119,0.507070541,0.737189525,61,32422.07765,0,1
0.538910044,0.741319817,-0.632439038,0.673169815,0.425794474,0.464174217,20,58927.8213,1,1
-1.037246154,0.535458747,0.577205653,0.551367699,0.389184674,-0.326104479,58,74731.66179,1,1
-0.190338678,1.209010199,0.720486108,1.207776492,0.371861916,-0.743492519,60,48705.46901,1,0
-0.875618253,-1.779875108,0.536290063,-1.056638215,-0.970187637,1.847570244,26,64028.11486,0,1
-1.382799731,1.064170702,1.025134605,0.745461455,1.691349602,0.382770236,18,46020.33255,0,1
0.926177548,2.505448905,-0.904591214,0.056824062,0.95624915,-0.917671296,35,60496.27824,0,0
1.90941664,-0.451641089,0.932828704,0.166586499,0.475056731,0.855544292,20,79163.83466,1,1
-1.398567574,1.895148612,-0.69564545,0.625622895,-1.332976236,0.229657313,31,85434.16825,0,0
0.562969237,-0.263161272,-0.940935953,-0.756281751,-0.978367876,0.05889233,49,63828.55027,0,0
-0.650642569,-1.372409738,0.532116134,2.587249135,0.657456627,0.978557296,21,40815.51978,0,0
-0.487125384,-0.305632442,1.215873562,1.331880304,-2.003684112,-2.612763088,54,55342.93069,1,1
-0.592393924,1.048203968,0.488013486,-0.531705954,0.33870386,-1.807039611,38,32802.46068,0,1
-0.86399077,-0.838176482,0.020804024,-1.090738058,-1.331176797,1.379218725,59,55590.20518,1,0
0.048521628,-0.600338659,0.310153826,-0.087904162,-0.868031778,-0.128922116,44,74470.47559,0,1
-0.830950116,0.593539432,0.136426918,0.182258444,-1.411067608,-0.426772281,22,39556.76065,1,1
0.270456826,0.003060117,-1.125950896,1.06561526,0.246106416,-1.337756988,20,56893.89236,1,1
-0.050238109,0.584622952,-1.242620145,-1.168720912,1.116361452,0.193849349,39,47757.18253,1,0
-0.238948047,0.237829541,-0.078825879,0.285486943,0.348017524,0.317255806,37,86905.3378,0,0
-0.907563662,0.47962532,0.079856836,-1.529015024,0.457833049,1.440814642,58,65980.29735,1,1
-0.576771331,-0.432301186,0.011332378,0.436357593,0.167958896,0.372445175,61,72755.60769,0,1
0.755391226,0.231730942,0.676101614,-0.10750422,0.682693511,-0.3028079,19,64388.93439,1,0
0.500917188,-0.927373006,-0.215476716,1.936679762,0.467085614,0.405676752,60,71414.75758,0,1
-0.977555245,1.288433623,0.562979182,-1.546002544,-2.715098194,1.109488562,18,76209.61303,0,1
0.099332305,-0.634274717,-0.144586767,1.370608381,0.906306738,0.891219681,40,60574.53686,0,1
0.751387123,1.128847488,1.823358962,-1.703831335,0.801151962,0.621434791,65,52032.20647,1,0
-1.669405281,-0.233606961,0.080713727,-1.327210274,-0.362312831,0.274581849,42,45971.35328,0,0
0.543360192,0.201999011,2.340722612,-1.677094558,-1.974206728,-0.581327212,43,86380.97671,0,1
-0.662623759,-0.494964551,0.352011591,0.250352608,0.242474026,-1.032798812,20,72310.17978,1,0
0.570598669,-1.015995431,-0.213677171,-1.173698811,0.326660804,-1.191006072,48,30000,1,1
-0.763259157,-1.744760388,-0.899447976,-1.348331505,-0.440483483,0.393966288,44,56330.64359,0,1
-1.804882101,-1.055324159,-1.442888574,0.202767602,0.186699724,0.49828007,30,66241.25407,0,0
-1.627542438,-0.323908853,-0.991442284,0.451775386,1.071840258,1.094304483,64,85083.84233,0,1
0.048084947,0.211879179,-0.879606309,0.039849304,2.397521718,0.561731852,50,43459.86524,0,0
0.259722502,1.010379313,0.39482002,-0.162219149,0.146903673,1.050871449,42,66395.2611,0,0
-0.904316625,-0.44575746,-0.526165371,1.828909632,0.333913681,-0.130546631,33,54004.04871,1,1
0.638592459,-0.881960764,0.186927053,0.145836266,-0.823788875,0.770842463,64,42046.03045,0,1
-1.661520062,-1.442714786,1.281978362,0.805691474,-0.501392046,-1.001470512,55,80181.44783,0,0
-0.066079799,0.480063618,-0.087808352,0.142922126,-0.13604263,-0.060185852,43,45537.44564,1,1
-1.2110162,1.383194515,2.079156698,-1.097876288,1.177718035,-1.831485604,64,74561.75827,1,1
-0.651836108,1.266330268,-1.17581098,0.549887682,0.818957756,0.031584656,69,36081.23159,0,0
0.047398671,0.709932748,-0.150583548,-0.655797311,1.929353344,1.224786484,35,52649.79923,1,1
-0.860413365,0.638543317,-0.539312924,-0.090986138,-1.490226176,0.07021065,34,68580.50841,1,0
-0.384555544,1.69762378,0.936506606,0.305402682,-1.323734971,0.721824992,63,70751.65941,0,0
1.006292809,0.332081461,-2.23979163,-1.941418067,1.102082935,0.273185214,42,66553.22931,1,1
-0.57689187,0.646129676,-1.443115289,-1.609502124,1.448860376,-0.570425813,43,74781.2817,1,0
0.835692112,-0.320783862,-0.107346822,0.909459172,0.033128122,-0.18664781,35,55670.9798,0,1
-1.129706855,-1.362043371,1.551377721,-0.663746447,-4.465603864,1.179684494,66,80885.81217,0,0
0.529804178,-0.6838489,0.225841834,-0.616321989,-0.743529162,0.716674056,18,65349.25684,1,0
1.441568621,-0.009159039,-1.351547454,0.166438397,0.335493652,-0.6175958,63,71022.1003,1,1
-2.4716445,0.060785373,-1.197166593,-0.385672597,-0.899412987,-1.387471546,24,65453.88275,1,0
-0.796895255,1.926285855,1.672989703,0.417588382,0.185126157,0.206846584,47,67371.54065,0,1
0.577072127,0.081277168,-0.621134799,-0.051121789,1.898555449,-0.581879824,50,44982.81405,1,1
-0.203045386,1.178843444,-0.942963372,0.19860295,1.42613282,-0.17743501,42,45875.201,1,1
0.371145873,-0.435077242,1.477372561,-0.70185839,0.808892245,-1.454422583,42,51882.25954,0,0
-0.603985187,-0.311675886,1.011097006,0.193594823,-0.064449279,1.040752858,44,67714.75021,0,1
0.086589787,-1.329007637,1.274059643,1.105089087,-0.494668058,-0.096977807,52,51170.79939,1,1
-0.155677235,-0.742328013,-0.95004188,-0.567748216,0.757751315,0.054659971,60,55558.86198,0,1
1.167782062,0.526981391,-1.525105641,0.9153183,0.025394653,-0.832930215,35,58910.38266,1,1
0.254420843,0.00756018,0.133166489,-0.051560318,0.059704439,-0.277384706,47,81268.06933,0,0
0.337602662,0.94293862,0.335126133,0.734481656,-1.551215613,0.122459776,31,69041.78176,1,1
-0.411876966,0.181253948,0.364601804,0.128771318,-0.714530382,-0.613257226,52,38080.41487,1,1
-0.487606224,-0.352453732,1.478183936,-0.03341092,0.751860467,-0.21586175,51,62395.34283,1,0
-0.432558188,2.148296864,-1.73376709,0.349729682,-1.101066841,1.386291425,37,55448.66639,1,0
0.394452142,-0.093903569,0.859695051,1.213597562,0.265707099,-1.75004197,32,56575.09967,1,0
-0.420984481,1.16300097,-1.096625044,0.236097294,0.412503595,0.184561701,24,60009.6673,0,1
0.289774857,-0.401209207,0.855735321,0.478530831,0.470887816,-0.785466067,30,76887.62277,1,1
2.075400799,0.709599479,-0.474956705,-0.368484914,0.560264216,1.33648999,53,47797.41971,0,0
0.871124703,0.928015659,-0.813971796,1.570886474,0.627726053,-0.180727301,57,63058.2505,0,1
-0.326023532,0.208491971,-0.609902707,0.640337111,-0.623793092,-1.047154574,70,64359.53428,1,0
1.201213922,-2.354482923,-1.445610201,0.07770846,-1.467654564,-0.215610038,51,56679.37151,0,0
-0.408075373,0.018252461,0.04042894,-0.122653672,-0.873535412,0.349634258,30,50425.16109,1,1
-2.038124535,1.230460048,-0.772673391,0.977908269,0.729921197,2.775622458,21,48669.94726,0,0
-1.008086311,0.527480833,0.786298231,-0.606204077,-1.200846594,-2.109810031,30,53690.4126,0,0
-1.870791921,0.445838875,0.640056081,-1.782875016,-1.04061068,-1.199116135,65,71064.37376,0,1
-0.351513484,-1.722256934,1.688157053,0.072399599,-1.046144001,1.30521888,61,54624.93492,0,0
0.018418379,-0.720455071,0.366327484,1.190004573,-1.845974455,-1.508959643,30,58512.91616,1,1
1.676437312,0.411357631,0.520677767,1.591308811,-1.147004366,0.009631923,40,42645.43527,1,1
0.326927374,0.410383277,1.400099812,-0.107293943,1.000396913,-0.483364879,46,52884.76862,0,1
-0.219100529,1.21466678,-0.627662696,0.043587664,-0.716764653,-0.640424047,50,63440.33953,1,0
0.829405581,-0.144866755,-1.488258213,0.519530433,-1.748938157,-0.172192616,40,34991.65721,1,1
-2.211135309,0.405824087,0.200094059,-0.264349419,-0.511643855,-0.332682721,20,75673.39402,0,0
0.235614558,0.016374242,-1.422633469,0.516405948,0.510547216,1.057061614,49,51107.08067,0,0
0.770865194,-0.986942737,2.453938673,-0.085401751,-1.830772765,1.328294707,20,86444.8134,0,0
-1.478586246,-2.255791331,1.455498292,1.011368257,0.95331031,0.426303964,29,66299.76913,0,1
1.143754043,0.431009692,2.163976333,0.722980513,-1.440980815,-0.236072538,21,32477.28054,1,1
0.338496407,0.173947208,0.062446977,0.810227832,-0.395483639,0.258469871,50,64162.91779,1,1
-0.415287914,-0.618175042,0.550573594,-0.205317645,-0.40826511,0.805025567,49,55229.63979,0,1
0.632781866,-1.619173057,-0.459475432,1.925927321,-0.561440107,1.001698306,34,64349.75638,1,1
2.270692858,0.629739514,0.882924806,0.483911942,-0.064801698,0.370046847,69,84251.03663,1,1
0.181866255,-0.265920074,-1.215543212,0.247294053,0.778560354,1.527661552,26,70574.58291,1,1
0.248220586,0.556874722,-2.543093189,-0.760942981,-0.040801581,-0.616512054,22,56614.11324,1,1
-0.4593609,1.86404853,-0.790710619,-0.09707182,-0.60567366,1.139956296,38,39046.86091,1,0
-0.849844369,-2.14143088,-1.455473476,0.114379761,0.457348685,0.704359863,20,73091.66956,0,1
0.830335817,-0.699600809,1.477926736,-0.787677296,0.207263729,-0.610000377,70,67645.99986,0,0
-0.856083826,-0.209375613,1.815677455,-0.292317146,-0.66950356,0.232685883,56,77368.53177,0,1
0.071566237,1.454826174,-1.402929072,-0.165800018,0.042301422,0.301429578,20,57857.05158,1,1
-0.477657447,-1.636403019,1.291715608,0.055920661,-0.752342503,-0.14203244,54,64426.636,0,0
0.478979826,1.935861026,0.951384984,-1.76270699,-0.865738728,-0.1529355,61,56306.04445,1,0
0.333662105,0.135855902,-1.569776685,-0.135270541,0.805801214,-1.524827632,52,61302.72127,0,0
1.037539944,-0.096000662,-0.390267531,-0.377346183,0.446958807,-0.689267213,50,37282.16538,1,1
-0.510016399,-0.198059763,-0.580163722,-0.02088415,0.770379635,-0.238372132,20,64774.03635,1,0
-0.269874935,-0.436263032,0.747995399,1.035276566,0.635128501,-0.57256839,65,65735.92517,1,1
-0.978763716,1.048116759,-1.228779351,2.052395492,-0.887219259,-0.855664068,35,52442.21891,1,0
-0.44429326,-1.068520754,-0.098872626,0.6783772,1.00128193,1.061091353,20,69099.84328,1,1
0.377300493,0.345414182,-0.685934504,-1.234422172,-0.29760711,-0.103925087,46,73088.42725,1,0
0.756988617,-0.384181666,0.473341183,-0.345406952,0.929217823,2.166741721,54,81002.47031,0,0
-0.922165324,-0.762133449,-0.216792032,0.595963309,-0.12511661,0.222747499,22,44699.22217,0,1
0.86960592,2.585975176,-0.535245704,0.483290496,0.313163088,1.040155193,26,70040.77214,0,1
1.355637859,0.419050735,-0.213296576,0.987325735,0.343227929,-0.208122045,29,80068.49512,0,0
0.413434903,0.613265545,2.036042833,-0.097350994,0.813200385,-0.661674766,33,54738.07263,1,0
1.876795813,1.137776781,-0.416899636,-0.363500244,-1.634546121,0.262849205,44,80923.78703,1,0
-0.773789199,-1.421349945,-1.041005218,1.752424004,-1.576397713,1.295516071,26,49111.39459,1,1
-1.244654703,1.752291909,0.583433569,0.058670603,0.671710865,-0.089072435,67,61045.63113,0,1
-1.778720249,-2.508957178,-0.143524669,-1.016674376,0.356362465,0.446778184,60,34094.50669,0,0
1.496044311,-0.76876641,-1.415233931,1.475133657,-0.775643648,0.257560431,39,31991.10531,0,1
0.654365656,-0.459031673,2.231496335,-1.496095491,0.364308909,-0.098000922,34,36699.37575,1,1
-0.055584671,0.581723365,-0.352478946,-3.495045222,-1.40796021,-0.046824465,18,81281.00369,1,1
0.279968626,0.218718266,-0.377869454,0.769386758,3.264289511,-0.998474629,20,48366.16483,1,1
-1.125489047,-0.166814741,0.159835352,0.910700971,1.311571387,-0.011088534,22,48404.23574,0,1
2.44575198,-0.011997345,1.730116769,0.414012942,0.622302677,0.653293963,39,66123.74317,0,1
0.129221182,-0.978023024,-1.679745327,-1.302456084,0.075630371,0.295712118,18,48846.68788,1,0
0.109394795,-1.497232394,0.275985849,-0.058869855,-0.618728045,0.184180528,64,78074.85387,1,1
0.725766624,0.726511622,2.087272162,-0.278168574,-1.310186239,0.725011446,66,87954.67275,0,0
0.481009232,0.693706113,0.128728681,-0.537289011,-0.113822627,0.19493491,21,30000,0,0
0.223884024,1.584494375,-1.235333979,1.412069431,-0.859760636,0.013915939,39,67803.92478,0,1
-0.790474455,-0.790017097,-0.618396853,-1.046666059,-0.801441849,0.735160407,41,30000,0,1
0.471468357,0.69281521,0.20688253,0.316104453,-1.41675664,0.136599618,49,39598.06761,1,0
1.882024496,-0.283706728,1.330803916,1.194046984,0.249663052,-0.236595294,63,67164.71973,1,1
1.345420046,1.190474985,-0.339335844,0.381441525,-0.376993506,0.468270255,19,45844.53496,0,1
1.593186627,1.021962777,0.826651797,1.241118372,0.535071575,-0.035218406,53,63913.80385,1,0
-0.511215676,0.211209399,-1.435368827,0.563714722,0.457098794,-0.281513457,22,60465.90709,0,0
-0.98960482,-0.339530157,-1.44371837,0.42934967,0.22946463,0.155422225,24,35279.04671,1,0
-0.12578692,0.960932179,-0.482800689,0.366834869,2.659440258,0.167090846,53,69861.1931,0,1
0.055724912,0.646904523,1.438028722,0.613443267,0.823705514,-1.103624724,57,64484.96487,1,1
1.094191518,-0.684440402,0.06887464,-0.385539097,-1.260566011,0.333230467,60,60582.40032,1,1
-1.69246463,-1.327798673,0.289811196,-1.301873852,0.458736448,1.846512849,25,50279.25717,0,1
1.529550319,-0.288532901,0.278079596,0.954043411,-0.054018743,-0.979611192,53,65845.04905,1,1
-0.158007899,1.515413815,1.109207983,1.161742301,-1.341530571,-0.502575724,60,40591.57767,1,0
-0.42688107,1.146487159,-0.610220693,0.251978811,-1.42163288,2.780026223,29,44879.58895,0,0
-1.012104375,-1.11232747,0.688285108,-0.54837562,0.453202917,-0.822132688,45,64813.91609,0,1
-1.654856672,-1.167757416,-0.830882664,-1.557717117,0.697547535,1.286390077,19,75452.28246,0,1
0.823170584,1.27468385,1.983272656,0.0858071,-1.046257199,-0.228706156,64,52843.04427,1,0
0.073317967,-1.135635905,-0.800391104,-1.348950345,0.970167053,0.060139992,31,66855.16357,0,1
-1.2899609,0.509295324,-0.882389303,-1.488987503,0.284914397,-0.131167807,36,63074.37273,1,0
-1.295078772,-0.616071215,0.549669813,-0.020731528,1.195859157,0.425700621,38,66214.56868,1,0
-0.335784699,1.617044925,0.079788431,-0.763769501,1.089620398,-1.579753176,47,49623.24944,1,0
1.669021525,-0.770424799,0.326852406,0.345309556,-0.158436915,0.186260457,66,57761.29267,1,1
-0.259591351,1.14336153,0.227313795,-0.159295603,1.63559973,-0.403361849,65,59426.48031,1,1
-1.503142953,0.184858654,-1.090392199,-0.606634566,-1.12411609,-1.863073895,54,82475.81299,0,0
-0.245743064,0.252194854,1.613358929,-1.704915081,2.390294505,1.120889028,69,43432.55807,0,0
-0.27272357,-1.970308581,0.893542206,-0.852888126,-0.87878568,-2.107502767,38,38943.14722,1,1
-2.696886643,-2.202913353,1.358949951,-0.81613649,-0.048002732,2.14844623,45,104990.8436,1,1
-0.054294867,-0.22056594,-0.528330889,-1.225307674,-0.567188299,0.616953185,50,64634.5462,0,0
-0.23093453,0.246906063,0.416523545,-0.329044295,-0.376790988,-1.360995789,59,68227.59956,0,1
0.696206365,-1.125197828,0.197368462,-1.147251991,2.923553663,1.338093648,24,69632.5118,1,0
1.848956095,-1.08869341,1.128002626,-0.163742747,-0.462720687,-0.750379468,59,71578.27833,1,1
1.12656503,0.56147263,1.160248132,0.240411214,0.851108372,-0.704823883,33,73484.98481,0,0
-0.268888691,0.56285448,0.193050803,-0.826169954,-0.235402911,-1.800970313,54,71646.85841,0,0
-1.106525909,-0.13774106,-1.517951132,0.425408629,0.93655043,-0.8639629,68,76905.30358,1,0
2.573359803,0.780201721,1.779661887,-1.361357871,-0.544159518,-0.746168772,42,62510.86907,1,1
0.059218434,-1.174202296,0.555987434,-1.112177398,0.256132094,0.818146086,55,76083.37097,0,1
0.013929292,-0.355934917,-0.608437041,-0.113217298,0.6286983,1.167193866,61,88379.79708,0,0
-0.024125087,1.647877606,0.406542138,0.687041092,-0.721811453,-1.240788779,55,62938.73659,0,0
0.198084761,0.06832213,-1.511093548,0.867399541,2.757725924,0.270539969,59,67211.78264,0,1
-0.144360412,0.126312515,1.055353067,1.612390622,0.680941043,-1.840254653,59,51302.84376,1,1
-0.573662007,2.305946586,-1.471211744,-0.376588875,-0.225970955,0.274344775,62,57527.59462,1,0
-0.546858941,-1.399342166,-0.220834492,-0.127501319,-0.697234517,2.162080181,68,65292.79409,1,1
-0.03275327,0.796430367,0.24445445,-1.032675529,0.091723024,-1.779812429,47,54161.49089,1,0
-0.543424771,1.66398628,1.038839712,-1.253766332,-1.215998011,-1.014666542,34,61387.18063,0,0
-0.712845783,-0.324857926,0.106544676,0.228572086,1.782295264,0.727275215,33,65119.91974,1,0
0.106430228,0.859630787,0.634962874,-0.775871499,0.431253772,0.845194475,21,82809.34123,0,0
-0.254977217,-0.982019497,-0.028166908,1.2323792,-0.087986067,-0.941116745,47,47043.11251,1,0
1.503992989,-0.686732396,-0.032185951,-1.462385732,1.045977854,1.473581735,37,66302.44579,0,0
-2.650969808,0.384966416,0.08547725,0.486353206,-0.721514778,-0.815578432,52,50937.53149,0,0
1.091506852,0.798566673,-0.189057921,-1.005739239,-1.155959586,1.673467608,22,71490.54471,0,0
1.246085192,1.120936512,-1.686570243,-0.820448467,-0.130133072,0.468651688,62,72682.49154,1,1
-2.073390232,1.569628587,-0.768323494,0.539112065,0.127543649,1.271215052,31,85161.91908,0,0
-0.342687594,-0.067446559,0.244774841,-0.675880436,0.530586207,0.370828126,58,53614.67896,0,1
-0.371440866,1.193611755,-0.249121003,-0.515784068,-1.476277916,0.656964104,58,62183.39077,1,0
-1.407511695,-0.342304843,-0.155809082,-0.812158364,-0.45631683,0.710132527,57,72060.90106,1,0
-0.777816688,0.902091312,-0.323353669,1.785029792,-3.083464793,1.144786543,45,69879.55455,0,0
-1.110575845,0.207488798,-0.863598393,-0.617486311,-1.182349171,-0.0328278,27,30000,0,0
1.752270443,0.445677907,-0.493099461,0.051552217,0.715261534,-0.899903835,69,49688.29991,1,1
0.935678393,0.423507874,-0.306831744,-0.2019136,0.961025809,-0.078939127,47,68551.74634,0,1
1.271555095,-1.60470501,0.005143141,0.221417062,-1.142004535,-0.667487831,67,56853.06219,1,1
0.721672064,-1.124121859,0.393378344,-0.614736947,-0.324604549,-0.602072108,49,72171.76727,1,0
-1.129051771,0.10254144,-0.180550291,-0.200817235,0.025606155,1.65477724,29,75631.11129,1,0
-0.524520266,-1.68727908,-1.029655256,0.393952009,1.078110139,0.622727891,62,56797.64302,1,1
0.489374561,0.831211103,-1.39808204,-0.863007138,1.529094867,0.576737482,33,69012.34815,1,0
-1.222127809,0.871555966,2.597437207,1.089321357,0.153082255,1.072643542,43,81842.12856,0,1
0.71299843,0.327170553,-1.12981503,1.185480519,-0.260616656,0.617510493,52,75277.55145,0,0
-0.240325398,-1.121134013,-0.518625001,0.606492626,-1.443693609,1.867077495,58,48440.29311,0,1
-0.374820808,1.380138939,0.517000303,0.069876384,0.108069235,-2.094644328,33,57222.9982,1,1
0.710959968,2.03721064,0.36086061,-2.990601448,2.074922501,-0.997592612,34,60412.2098,1,1
0.444263311,0.147076827,0.520865693,0.424291133,1.29019255,-0.700671848,65,45971.6103,0,1
-0.360966166,0.510535378,-0.44271707,-0.391330405,0.174858296,-1.375716477,40,76049.91622,1,1
1.159329803,0.201738655,0.238558071,-0.246274411,0.303377809,0.112922771,59,50325.66679,1,0
-1.081063328,0.530369189,0.061343664,-1.897377331,-0.688516361,0.159932695,39,58478.63575,1,0
0.615935607,-0.119558757,-0.312131368,0.493588486,-0.357135629,1.975336239,67,76077.60763,1,0
0.593101258,-0.03456424,0.245409742,-1.448581047,0.147599176,0.903789142,38,53235.1022,0,1
-0.309546439,0.9057176,1.055365547,0.118424546,0.15063434,-0.507526431,51,54950.87732,0,0
0.326133022,2.345624162,-0.022200223,0.904657482,1.010749933,0.49435948,63,65070.75322,1,0
-1.251113576,-1.400071234,-0.015547154,-0.469328181,0.962082933,-1.82698012,22,53866.2925,1,0
0.924027019,-0.103812484,1.068161035,1.216051725,0.52056678,0.142255226,55,82989.16424,0,1
-0.184902136,-1.180460485,0.96136036,-0.746990378,-0.999146178,0.088787315,69,46268.32683,1,1
-0.522723021,1.592024899,1.583936441,0.600433077,-0.961415321,-0.902097397,48,30000,0,0
1.049009226,-0.587737969,-1.756230234,-1.304785751,-0.88789147,-0.201197369,50,72644.94813,1,0
-0.704343691,-1.443200794,0.905119183,1.031130435,0.235520289,-0.692537489,64,54636.46992,1,1
-1.408461296,0.638186999,0.601580045,0.875990383,-2.026321055,-0.932545318,20,47885.53988,0,0
-1.556629174,1.744311115,-0.885652398,0.468357923,-0.006275072,0.674499141,70,65758.71023,1,0
0.606009951,0.663597869,0.251587918,-0.393284137,1.408642716,1.033911194,36,66290.86711,1,1
-1.280429352,0.204797877,1.051121748,-1.402000623,0.666826035,0.509995541,35,48571.75007,0,1
1.754794182,0.409140923,-0.829158922,-0.390640315,-0.350727611,-0.438104669,45,77803.33979,0,1
-2.081929408,1.414840663,0.442562429,1.110307176,-0.698255414,-0.662553597,32,72928.1552,1,0
1.696456368,-0.87419927,0.871353676,0.129961872,0.805715285,-0.406999983,67,89618.59929,0,1
0.211017467,-0.111847104,-1.071019563,-1.55303693,0.306055366,-0.220007894,50,53120.48914,1,0
-0.096713112,-0.452690149,-0.142285692,-1.124727639,-0.246432453,-0.872090258,45,62344.03017,1,0
-0.544919087,-1.167865307,0.300968377,1.253151401,-0.589030879,1.053823987,63,63499.97648,0,1
0.399136114,-0.328375259,-0.796131506,0.487912752,0.07638299,-0.202273731,66,55095.79048,0,1
-0.037634702,1.107721096,-0.879153199,-1.234000121,-0.303036764,0.76488085,69,66048.28376,1,0
1.103301882,0.566602148,-0.135044602,-1.765831496,0.78437957,-1.399920842,25,67176.36563,1,1
0.114227649,0.6443105,0.801639717,-0.625042135,1.241169096,-0.688340491,57,67183.19614,0,1
0.150301761,0.146475612,0.643734001,-1.851358708,-1.367249828,0.859393397,66,55102.60371,0,1
-0.363612212,0.523323783,-0.861412729,-0.15583449,-1.225819573,0.873545976,47,56860.16999,1,1
-0.056945624,-0.800590342,0.652167885,2.451625372,1.348056188,-1.202529945,18,51493.57431,1,1
0.307801769,-0.309509886,-0.835939776,-1.596956076,0.165818943,0.303068876,24,48737.66742,0,1
-1.710168393,0.192004237,-1.610169798,-0.186025663,-1.131650637,0.329314279,31,59040.76401,1,0
-1.348185422,0.277515859,-0.367143571,1.311926575,0.983251607,-0.708213379,38,82747.98152,1,1
0.743264094,0.320187855,1.122969372,0.749087858,0.3416851,0.356997993,23,90585.73839,0,1
0.170865438,-0.138335282,0.655960552,-0.148740715,2.203245762,-1.5804517,34,79707.87343,0,1
-0.183983336,-0.377423401,-0.001571807,-0.14634867,-0.235301677,-0.926891853,31,53041.82541,1,0
0.018433933,3.157771283,-0.416705484,-1.155909782,1.108703997,0.598957946,24,66115.07633,0,0
0.347581705,0.906787273,-0.389762136,-0.26765577,-1.448834439,0.029500259,32,30000,0,1
-0.53975968,0.413147476,0.108784906,0.243440714,1.39602755,0.081420328,25,57674.94378,1,1
-0.778304725,-0.233208498,-1.068437486,1.105113543,0.944160058,-0.175082685,65,54171.69385,0,0
0.195845255,-0.451218827,-0.348107345,-0.620175624,1.604347434,0.536902582,27,88115.05733,1,0
-0.978372778,-0.130800594,-0.215569461,-0.189835128,1.110580318,0.585096893,46,63906.13934,0,1
0.408252756,0.292828844,-1.351074458,-0.949213481,-0.099048186,0.791498113,58,60760.82408,1,1
-1.702583604,-1.880435544,-0.838448251,0.22532518,-1.171126564,0.1256692,36,58973.48879,0,1
1.029155637,-1.569389595,0.410506791,0.78377945,-0.6020529,-0.38841184,19,55637.06146,1,0
0.472597482,-0.636882389,0.00951184,0.629648013,-1.761150387,-0.55701641,25,67973.35798,1,1
0.256029734,0.207139437,-0.308761791,-1.170187075,-0.920899031,-1.056846658,47,50063.96596,1,0
0.982690984,-0.239273147,-0.911427438,0.146863209,0.425861349,-0.402789821,60,68248.02194,0,0
1.665474444,1.478121226,1.576849826,-0.677312528,-0.047752879,-0.606384323,53,81476.3504,1,0
1.014370065,-1.482396787,-0.837979215,1.011050016,-0.22359014,1.601578754,67,61689.60925,0,1
-1.840874231,-0.75134547,0.251592807,-0.161312723,-0.793102916,-1.046937591,35,55285.03174,0,0
-1.279576967,1.520091741,-0.487869088,-1.519513338,-1.772399011,1.037362117,19,58870.19551,0,1
-0.624818578,0.131119325,0.036279293,-0.219802706,0.182083113,-0.267737943,22,78010.28191,1,0
0.02609105,0.884842583,0.457609742,0.458472569,0.379160192,-0.206472954,63,62088.26214,1,0
0.51765902,2.051246943,-1.370256589,0.244006063,-0.99156356,0.401188091,30,50859.98913,1,1
-0.725743813,-0.693804418,-0.006616244,-0.511796014,-0.53344027,-1.418537552,57,72129.80346,0,0
0.186766764,-0.099314338,1.190728649,-0.58527339,1.542133454,-0.799975068,28,49339.62642,1,1
-0.755382932,-0.272426901,1.761501893,-0.987504398,1.159497954,-1.24113878,25,56498.58631,1,0
-0.611517803,-1.954593004,-0.130013973,-0.39474962,-1.484424562,-0.380258303,64,63437.44334,1,1
-1.406661097,-0.310396804,0.041681207,-0.855678967,-0.084636387,-0.909195142,55,47894.5456,1,1
-0.923233246,0.881062187,2.211333029,0.970085986,1.454955682,1.317143177,34,33203.83281,1,1
-1.351684606,0.540589542,1.134924282,-0.901137391,-0.216420997,-0.583343474,28,66741.64929,1,0
-0.975873253,0.619083169,-0.617284569,0.122284462,-0.268943188,-2.37849584,43,30000,1,1
1.053641797,-0.375508981,-0.618983451,0.054303903,1.092737627,-0.334432791,56,46101.57187,1,0
-0.949398889,-0.656097236,0.956549462,0.945667448,0.987069244,0.807455422,51,71672.79059,1,0
2.632382065,1.269255672,-1.01103713,1.089368289,0.935303345,1.630268451,20,66287.98912,1,1
0.493317901,-0.497317146,1.087726751,0.695969943,-0.261984749,-0.22949322,67,57631.04291,1,0
0.184836124,0.294082039,0.334299964,0.352928343,0.662888016,-0.516900068,42,46567.58117,1,0
-0.85835778,0.163334681,0.517720764,-1.048646146,1.494745514,-0.014451962,41,53534.76366,0,1
0.700309879,1.461717016,-0.256733803,-1.068870088,-0.049873698,0.41505614,70,68647.29865,1,1
-0.575637826,0.971412358,-0.629824804,-0.84569082,-0.403409621,-1.128884007,69,58014.50373,0,0
0.122009815,-1.295258621,1.461992831,0.751921,1.230072639,-0.244450361,40,41472.62031,0,1
2.560084538,-1.187553167,-0.246737281,0.073329928,2.045439803,-0.049534564,47,46801.0986,1,1
-0.0960599,0.578909818,-0.410935077,0.868657241,2.115004884,0.045803256,63,53480.66588,1,0
1.149273326,-0.064337647,-0.080137068,1.002802734,-0.3745115,-0.144542985,58,65504.7218,1,1
-0.703176425,-0.455171784,0.193022133,-0.7259519,-0.274040249,-0.935782005,57,61568.42178,1,1
-0.03498849,1.015627884,-1.030825127,0.032074328,-1.029162333,0.338742658,44,41303.19358,1,1
1.770800636,0.187459382,-0.564871494,-0.012993679,0.118052324,-0.044572766,67,80205.84488,1,1
-0.626967058,0.052457387,-0.618032074,-0.32778769,-1.074118931,-0.04700455,61,48856.48607,1,1
1.812448558,0.779828641,0.845280305,-0.534842855,-0.526633442,-1.082528146,61,66615.69761,1,1
0.707751935,-0.375108995,-0.885962568,1.184755503,0.701129798,0.640187822,27,45789.54774,0,0
-0.562466776,1.568518985,-1.755767858,0.051971727,0.38997741,-0.94793529,26,97228.97465,0,0
0.632407739,-0.788047623,-1.967094563,0.013144789,-1.810721305,1.616437901,19,79875.25594,1,1
0.97255445,0.656929066,-1.470380135,-0.802777675,1.570292298,-1.17925457,38,48383.79727,0,0
0.621809962,1.433832839,1.361538203,0.67521243,-1.086996087,0.762215944,28,61326.90893,1,0
-1.57022472,-1.377295489,0.016206599,-1.005107501,-0.960933924,-1.908183275,27,44561.58978,1,0
-0.727137176,-0.343335176,0.501249087,0.454905529,-1.238922152,-2.258306722,42,54660.20636,1,0
-0.247518636,1.142207393,0.536487727,0.48222936,-0.661283339,-0.554767094,57,66344.19383,0,0
-0.074433429,1.157244548,0.056183918,-0.412515049,-0.896806379,-2.259700573,22,72675.70982,1,0
0.620672098,-0.1714956,-0.074781297,0.317652081,-0.872433441,0.729723151,39,41424.20122,1,1
0.177701001,-0.734671094,1.04452643,0.185669559,-2.464272052,-0.021803459,22,48771.63667,0,1
-1.335344359,0.955935822,0.145995914,-0.039360625,0.129927392,1.401030628,26,74126.48052,1,1
0.380197851,1.183549103,1.399097479,0.01294398,0.232065168,-0.167193398,28,79858.694,1,0
0.610585745,-1.164663349,0.620829945,0.061781823,2.244406738,0.243150248,61,48403.09373,0,0
0.559790448,-1.203913649,-0.617796273,0.129911673,0.486340998,-0.268194547,22,74352.82803,0,1
1.080780726,0.225256682,-0.497134024,0.060242031,-0.49658902,-0.873930544,23,41466.1127,0,0
0.833922155,0.629360633,-0.727464806,-1.10386419,-1.200714978,-0.406774351,50,55537.48417,0,1
0.459180079,-0.299069085,1.217548022,-0.152210951,-0.09627646,-1.203952525,33,42833.87967,0,0
-0.070165711,0.67929382,-0.405050953,0.264948601,0.448722889,0.38741859,63,53913.96131,0,0
-1.660960934,-0.710136607,-0.798472797,0.097288729,-0.503348619,-0.307847417,41,88639.08431,1,0
0.429618219,-2.114693599,0.319778041,0.953750259,0.061016026,-0.10024759,31,59176.48584,1,1
0.207687687,-0.423901072,-0.097167106,0.620086589,1.897354094,2.823730274,41,55771.02799,0,0
0.271578837,0.063232147,0.294568513,-0.870409535,-0.384110127,-0.403049789,62,51528.38395,0,1
-1.276748576,-0.27583996,1.889813904,-0.166627108,-1.886775555,0.313758792,29,55502.72882,0,1
-1.08105654,-1.158603264,0.913070806,-0.311336653,0.873486787,-0.054135377,40,47872.3831,0,0
1.053152853,-1.815648976,0.027010554,-0.004348487,0.314321446,1.157594257,56,62052.05511,0,0
-0.039555154,-0.514088804,-1.408423384,-0.0029814,-1.708992011,0.238458333,23,59511.09027,0,0
0.681500697,0.897655772,-0.499962497,0.611521669,0.427643677,-0.271422711,58,53138.88458,0,0
0.028318376,1.256197439,0.711046103,0.177328363,-0.997863549,2.292516574,38,51820.96686,0,1
0.029756139,1.187713384,-1.17104104,1.230545005,0.441322402,-0.859684645,65,62742.54239,1,0
0.938283806,-0.815909535,2.140970296,0.241003138,1.907263509,-0.193839173,26,49060.1215,0,1
-0.516044728,-1.153706324,0.014416563,-0.83059052,-0.176969334,0.916482433,63,56397.9711,0,1
0.096120777,0.496634615,0.048848393,-0.46728062,1.083271199,-0.818133986,58,53231.72103,1,1
-0.462275289,0.635100012,-0.666645193,0.603789071,-1.228487318,0.765612092,53,30000,1,0
-0.434496227,0.400169605,0.496737757,-1.614168265,-1.519419146,-0.479471482,58,72901.37548,0,1
-0.309172123,-2.014063274,-1.158001807,-1.345880415,2.017370472,1.003236261,57,32510.22396,0,1
0.222133772,-0.866884585,2.164892589,0.010697207,0.307815014,0.977011523,63,33475.75389,0,1
-0.478748622,-0.02968879,1.317351305,0.950922119,0.636669941,-0.090083528,22,73430.05384,1,0
1.255756126,0.487218195,0.984296445,1.307035432,1.152022303,-1.000473249,65,43373.03026,1,1
-0.894607302,0.767307363,-1.390429006,-0.217105747,-0.52781481,-0.391475652,59,30000,0,0
-0.186871644,0.144253522,0.20541327,1.060828687,0.82511636,-0.014816292,48,80060.63321,0,0
-0.439731058,0.330783807,1.209086398,0.07226791,0.673544162,0.888271212,52,50429.71112,1,0
1.446977884,0.084865458,0.593105399,-1.531414982,-1.294804821,0.320580078,58,78220.98776,0,1
0.196554777,0.685619374,-1.002109105,-0.008076536,1.512985311,0.537907542,20,46270.93491,0,0
1.031844539,0.312865651,-0.650093755,-0.618908125,1.306860516,0.349328909,36,35347.77769,0,1
-1.485560373,0.06573766,-0.451936138,0.91823088,-1.283717239,0.846219015,36,55175.34051,1,0
0.267050266,-0.268368799,-0.603437834,-0.02567526,0.200286441,-0.200410983,18,41879.92602,0,1
0.889630796,0.081291425,1.528778836,-1.277913107,-0.231079737,0.164889961,39,66063.80537,0,1
0.082283989,0.484591379,-1.921013139,-1.499714811,1.41830747,0.028375062,36,70142.3427,1,0
1.065480375,0.267475389,0.65591914,-0.020979957,-1.410612006,-0.437955636,43,73945.60775,1,1
-0.51728845,0.380826418,-1.292303375,-2.420217471,3.602415024,1.011707308,32,55325.71856,1,1
1.40934744,1.342721861,-0.961251487,-0.51816529,-0.174484169,0.990641974,36,80705.05583,0,0
2.298898124,0.265163923,-2.009733367,0.231030326,0.738445166,1.205788804,42,46084.81451,1,1
-0.36283856,-0.64899852,-0.549054431,-1.057016504,1.387498332,-0.763699456,56,62011.52536,0,0
-0.445502521,0.883606786,1.510731652,0.993987157,-0.195999343,0.350809151,48,57924.62281,0,0
1.453384477,-1.366198338,0.264824242,1.19100655,-0.114941886,1.092367044,47,89589.39153,0,1
1.579572146,-1.081413381,-1.198361547,-1.016700953,-0.502830894,1.502896423,50,78116.94873,1,1
-0.522860027,0.335847265,1.017147674,-0.298044174,-0.885465626,-1.508631582,33,60482.34476,1,0
-0.420186817,0.516396668,1.231304264,0.994693151,0.271859148,-0.00288618,57,62976.68117,0,1
-0.281784609,-1.245051224,0.104046481,-0.001307534,-0.13526668,-0.189216224,29,83033.6626,1,0
-1.344450511,-0.382817481,2.034749158,-1.394478578,-0.509374198,1.590840569,45,48726.19391,1,1
-0.918651946,-0.606083832,0.821564125,-0.143321069,-0.450963948,-2.209349818,47,30000,0,0
-1.004140767,-0.486676323,0.682652507,-0.852928322,0.576233454,-1.047316627,23,45485.22251,0,1
-0.767797565,0.943597776,-0.803378707,1.108197896,-0.797563529,1.43303262,59,53782.53219,0,1
-0.034684887,0.706505464,0.627398486,0.605932094,-0.246964768,-0.469719905,31,80411.41514,1,1
0.234214733,-0.01912218,0.216791278,-0.313756945,0.898667392,-1.30145988,22,75536.61018,1,0
1.550500493,-0.545961927,0.519829003,0.142148013,0.24722547,1.512037142,53,59342.09534,0,1
-0.998354041,-1.34964967,-0.684585619,-1.308121577,-1.049559266,-1.431814697,40,66998.70432,0,1
0.984322398,1.420184939,0.128098884,-0.753777459,-0.023871069,1.022036056,49,49366.44369,0,1
-0.213988844,0.5921139,-0.8168615,1.553279188,0.437021621,-1.56025613,48,91327.94877,1,1
-0.04946371,-0.706669104,-2.1471321,0.053514653,0.989272191,-1.44253131,31,78196.25253,0,0
0.674819492,0.719599498,0.998304569,0.930085805,-0.755378667,0.200141323,49,60803.25839,1,1
-1.122722022,-0.070223621,-1.502388982,0.232013088,-0.558529723,-0.84830905,66,58895.92017,0,1
0.382409746,-0.287109505,0.107186465,1.314281843,-0.695159989,0.272335067,44,70522.60775,1,0
0.166452208,0.435211528,0.333002129,-1.998837533,-0.645520199,1.802044908,18,59142.38166,0,0
0.492451264,-0.74149825,0.326563016,-0.188217584,0.405004716,-0.155013891,66,32679.29454,0,0
0.289168644,-0.34375652,-0.283079074,1.644781646,0.59448913,1.62778732,69,82998.95119,0,0
2.45530014,0.121461064,0.271211475,0.956173436,1.050903493,0.324291754,26,77529.5815,1,1
-0.637739984,-0.499451193,0.47096707,1.325372259,-0.091174909,0.955872424,33,65580.062,0,1
-0.530996955,0.66908521,0.734964816,-0.006764594,-1.405322955,-2.353232827,52,53705.91631,0,0
-0.623140526,1.869066504,1.733441339,-0.537106415,0.669470164,0.636304696,27,60147.25714,0,1
-0.555477119,-0.754298133,0.234194151,-1.02716446,0.159143678,0.482763585,66,30000,0,0
-0.637387127,-1.665125296,0.064048845,-1.096928092,0.059969479,-0.360069252,33,43389.14756,1,1
1.189016531,-2.001740167,-0.906728965,0.807060562,-1.283403488,1.895530906,47,86506.47482,0,0
1.420504248,-0.150468141,0.435946324,0.51321105,-0.195835864,-0.493208384,50,67759.04402,1,1
-0.570746294,-0.66316459,0.667383103,-0.066573449,-1.193654786,-1.608874222,68,30769.51188,1,0
-0.832355573,0.207860501,-0.192303184,0.508190655,0.481964988,0.781957044,32,47584.18427,1,0
0.471415556,0.132597672,0.544612504,0.142451759,-0.429894029,-1.423676312,56,31120.66116,0,0
-0.552223044,-1.603216847,-0.292516194,0.962217701,-0.519534396,0.076586807,25,48293.11975,0,1
0.632931818,-1.814883829,0.670992652,0.952686755,-1.537155483,1.339864263,21,57522.54717,0,1
0.202923021,0.29593324,0.912602314,-1.0658741,1.02709587,0.498478315,61,84024.0727,1,0
-1.515744115,0.135428835,0.898627867,0.273645987,-0.258564631,-0.247388182,19,71776.65088,1,0
1.547505201,-0.425817998,0.117844326,-1.66886675,0.08698077,-0.351126245,24,55467.81036,0,1
1.795877673,-1.657143585,-1.039968152,0.133020738,-0.735490091,1.265342629,55,56204.66772,1,0
-0.61278869,0.471391263,-0.611913053,0.60430428,-1.65057506,-1.219914977,51,47992.0022,1,0
-0.38770156,1.271899545,0.595157324,-1.313719345,-0.531625588,0.775055073,42,76354.7959,1,0
0.285865391,0.27798244,2.448812306,-0.416462735,-0.371541338,2.193608773,24,78143.13611,0,0
0.33445679,-0.847473891,-0.340720772,0.009526377,0.292760021,0.543436755,42,39925.95862,0,0
0.658544273,0.044552166,0.455837678,0.233914916,-0.355032411,-0.238018379,19,34190.1845,0,1
2.010204539,-1.366114081,-0.556052557,-0.278603703,-0.71834886,-0.160065404,43,55222.253,0,1
-0.176947227,1.057960714,-0.973967044,-1.172288152,-1.503339397,-0.480380379,53,57061.31805,0,1
-0.798297245,0.081844335,-0.676315864,-0.054007202,0.048453495,-0.651045066,65,63879.98087,0,1
-1.379319228,-1.768156912,-2.082471977,-1.652243567,-0.796560194,0.117775697,55,34879.5051,0,1
-0.73093004,-0.30067436,1.353435063,-0.232641437,1.320806534,0.679484534,59,49265.73781,1,0
-0.033126973,0.46330151,-2.230130253,-0.441373614,0.150146661,1.610773492,63,58763.95795,1,1
1.794557864,-0.333047621,-0.26382823,-0.134265673,0.56210284,-1.956539975,20,48317.98355,1,0
-0.517611299,-0.275895721,-1.178127895,-0.559321977,-0.248788666,-2.43904659,63,72867.9141,0,0
0.223787952,-1.224402207,-0.884380215,-1.507680838,0.20128029,1.630079432,46,88027.99118,0,0
-0.016422896,0.566540987,1.37652266,-0.366343321,-0.890715316,0.057136761,28,51920.39408,1,1
1.188393273,-0.6484692,0.20106699,0.930820125,-1.178218826,0.109508763,60,73337.98498,0,1
2.526932426,-2.156445377,-0.965396159,1.261460804,0.015131077,0.501295789,38,54642.39768,1,1
-0.530868773,-0.371257371,-0.589517132,2.439334279,0.570391655,-0.186859682,60,46047.42704,1,0
-0.489439443,0.981149716,-0.76548122,1.691650408,-1.94581177,1.975156589,21,49316.38637,1,0
1.044160877,-0.386929447,-0.043545672,-1.196937927,-0.499103491,0.491828718,22,71529.43166,0,1
0.68189149,1.737984985,0.172891685,-0.408437601,1.842122108,-0.447600217,23,50375.64127,1,0
1.846707326,0.428967949,1.895574773,-0.022785635,0.479227552,-0.358182605,39,53309.1452,1,0
0.583928185,0.338758162,-1.916300766,-0.085559834,1.537646034,-0.143531034,63,42842.51769,0,0
-0.359292091,-0.128398266,-0.034812315,0.06953333,-0.634044952,-0.777105812,56,69508.93664,1,1
0.590654831,-0.068286208,-0.315567693,2.407591422,-0.457905765,1.68948737,23,66872.40032,0,0
1.108703581,-0.263423635,0.946548528,-1.082051546,0.96673332,0.123958406,31,81825.41411,0,0
0.820482181,-0.302269392,0.354818118,-0.713531136,0.623520355,-1.1705006,39,68944.51647,1,1
0.507274031,0.530867162,0.590362208,1.64382593,-0.094384576,0.405202064,33,66193.63005,1,0
1.06667469,-0.93583123,0.345086186,-0.615981343,-1.262515809,1.439042985,49,68749.20695,0,1
1.16929559,-1.075893829,-0.931991125,0.39358065,1.156851962,1.060816374,53,56160.96168,0,1
1.382158991,-1.123195051,1.211265496,1.03465737,2.510228148,-0.759810486,67,61651.73553,0,1
0.648709888,2.045654548,0.798504905,0.486499017,-1.571866188,-1.109071296,24,73967.87512,0,1
-0.16711808,0.530342902,0.915529792,0.191765633,1.40361915,1.427322285,40,47696.75656,0,0
0.146713686,0.304492202,1.264050171,0.93861077,-0.468301143,-1.624310358,68,85525.22272,1,1
1.206508967,-1.05751467,0.417675101,-0.893068557,-0.333468651,0.370917559,31,69569.75809,1,0
-0.816935671,0.623342301,1.480992404,-0.496363129,0.269639488,-0.568525297,64,90317.44317,0,0
0.368673309,-0.116571346,0.377639572,0.535637588,-1.205523279,1.313643046,70,42368.17025,0,1
-0.393338812,0.214168941,-0.219058588,-2.069439259,-0.037138445,-1.054734228,23,42366.31197,0,0
0.028744823,-0.976620316,-0.00660391,1.416583823,-1.611253628,-0.79646894,59,65580.18323,0,1
1.278451863,0.160268857,-0.023843768,0.303392375,0.47608249,0.617028497,42,61853.4221,1,0
0.191099068,-0.423833538,-0.519391322,0.153031753,2.233722038,0.795515864,20,53144.11973,1,1
0.046436548,-0.765611157,1.631888848,-1.630512878,-0.639531489,1.359596801,30,40959.56147,1,0
-1.359856141,0.734106336,0.296295366,-1.286609125,-0.168743338,0.472927137,68,55983.74197,0,0
0.746253566,-1.537707809,0.094738476,-0.398583664,-0.119478176,0.349484608,70,63256.8816,0,1
0.645484181,0.564776264,0.388274255,0.80742985,0.986468594,1.049116139,67,40372.56169,1,1
2.163254723,0.684486134,2.979854517,-2.076616012,0.405572369,-1.370609278,20,53844.3132,0,0
-0.307778235,-0.879643676,-1.131724189,0.788364801,0.92034601,-0.879651398,48,65736.52931,0,0
0.219150328,-0.820328461,-0.845038512,-0.360031324,-0.506235335,-1.286796549,20,71815.45637,1,1
0.249383684,-0.223025681,-1.380571017,-0.223423473,0.433569005,-2.685688208,34,55706.47226,1,1
1.57745328,0.28203621,-0.232599238,0.253592942,-3.367805733,0.842157738,56,47984.2265,0,1
-0.095295532,-0.152854992,0.245518443,0.269317238,0.667462572,1.429685115,19,61728.25301,0,1
0.279021526,0.43356246,-0.465322518,-0.71242859,-1.217792709,0.555994964,22,56898.52121,1,1
0.60789651,1.762979653,-0.539726798,0.624910088,-0.327593881,0.38007414,26,38024.2467,1,1
0.186609123,-0.507716769,0.142404867,-2.31939814,0.745251109,0.084962438,46,53242.35744,1,1
-0.446433615,-1.715179971,-0.502107825,-0.450418887,-1.536089833,0.055143846,52,51153.27467,1,0
0.194089993,0.825923583,0.310175827,0.153681763,1.089432798,1.695223432,57,60341.74444,1,1
1.07363175,1.683314576,1.114234347,-0.344949315,-0.124304811,1.549184966,53,48994.25265,1,0
-1.026515299,0.392768363,0.67703047,-1.826910304,1.453115486,-0.585030576,52,51773.3636,1,1
0.132969674,-1.087748675,0.881013347,0.758027379,-0.902844159,1.108802343,67,57267.34685,0,0
-0.700120815,-0.123892363,1.085918412,-1.248387812,-1.812787724,1.22942747,47,69575.83951,0,1
1.195046629,-1.118523484,0.28282816,-0.067514008,-0.028946715,0.65039333,32,61392.15985,0,0
-1.523186905,0.642855494,-0.158641026,0.153034597,0.587076068,0.387580713,46,99973.43229,0,1
-0.558921847,-1.351290403,-0.772253071,0.019827154,0.670936939,0.353272953,42,41026.63113,0,1
0.377211875,-0.300128787,-0.391178164,1.169010926,-1.135488136,-1.482014362,28,73675.29211,1,1
1.565524029,-1.004337826,-0.523685533,-0.05326256,-1.62463307,-1.570683346,54,58828.80648,0,0
-0.065750261,0.126824685,0.731672327,0.427455405,-0.312323974,0.783291388,65,39086.65473,1,0
-0.555199527,-0.366341677,0.346782555,-0.055904033,0.51644399,-1.100379283,68,54324.06509,1,1
1.881157069,0.176762103,0.696757863,0.612956084,0.465786782,-1.389285366,21,37297.90053,0,1
-1.4480139,0.022350555,-1.160336856,1.393495297,1.572126336,-2.075470504,60,61239.70163,0,1
-2.198805957,-0.986659028,1.431749484,0.137541829,-0.373455201,-0.475707062,29,55425.17154,1,1
0.44001445,0.626877064,-0.426980372,0.781850358,-1.844896438,0.374336177,49,49722.69536,0,1
-0.502054224,-0.048765652,-1.100016642,1.455328935,1.196666438,0.454920813,22,44098.13026,0,1
-1.021232817,-0.988529008,-0.439217765,1.357184247,0.195195314,0.850595108,59,75250.54427,0,0
0.708356447,2.240926556,2.483765993,-0.385289404,0.282187911,-0.391498673,59,57604.46993,0,1
0.243800714,0.476430167,-0.387716866,1.036432356,0.767090392,0.107279113,68,63142.49639,1,1
-0.564078631,-0.153260553,-0.325096471,0.24877116,1.26364359,0.845818055,54,62653.01253,1,1
-1.280304399,1.415204527,-0.192104681,1.117229998,-0.023019984,0.46397803,54,61621.04817,0,0
0.872457328,1.841815609,-0.148620383,0.568634584,1.176551633,-0.584869106,42,55101.79271,1,1
0.650201178,-0.145349422,-0.781476066,0.275668076,0.552136264,0.299644977,21,82764.19903,0,1
-0.099175864,0.347397486,0.143213083,0.43397208,-0.655582391,-1.984231408,41,93544.82091,0,0
1.846636996,-0.988002818,1.075594908,0.255237956,-0.233238472,0.000123055,53,81718.49212,1,1
-1.070084766,-0.147192751,0.314289315,0.294333045,0.616744023,-0.618402011,19,60321.6915,1,1
-1.525525171,-0.199062554,-1.111165299,-0.158832361,-0.708824764,1.518576713,52,59287.63527,0,0
-0.69190807,0.184827034,-0.344345905,-0.251724341,0.886459102,-0.977224115,53,76391.3629,1,1
-0.045586016,0.332760479,-0.5515274,1.763174929,0.158183501,0.116678585,25,48635.53021,1,1
0.243339449,0.559828449,0.052939468,0.477527911,0.381618239,-0.428832752,26,85654.71868,1,1
-0.241236058,0.237642656,1.330451672,-0.573304922,1.440505324,-0.558225079,45,71871.33806,1,1
0.352055397,-1.210742627,-0.148882796,-0.277417431,0.356566878,0.377331876,57,55804.02615,0,1
-1.251539424,-0.938467106,-0.088154869,1.056258453,0.071411854,-0.418203326,61,64228.5699,1,0
1.443764604,-0.546407619,1.777644819,-0.73618671,-0.082588463,1.851990505,27,69403.26155,0,1
-0.082151178,-0.282240592,0.876205992,-1.482027682,-0.13465696,-1.974592909,22,53587.16889,0,1
1.117295832,1.05077429,0.574081282,-1.408449141,0.312299364,0.631170792,54,75515.48878,1,1
0.342725346,-1.162938987,1.958131615,-1.7289756,1.363322984,-0.08479476,64,79092.43686,1,1
0.456753219,-0.357415048,0.489811255,-1.298814858,-0.61177626,-0.050315846,48,56060.41493,0,0
0.56976728,0.953009498,-1.986527142,-1.18086594,-0.687457139,0.302122508,69,52865.23978,0,0
0.44770856,-0.299877474,0.832665758,1.38523738,1.285039895,0.99775275,46,58418.83564,1,1
0.64272276,0.46041565,-1.592008457,-0.046179213,-0.56614694,0.265073051,20,42647.56943,1,1
1.32915253,-0.139542043,0.452005369,-0.363263539,0.216094866,1.00132997,43,34986.36318,1,1
0.19652117,0.256783257,-1.713743574,-1.443413063,-0.591797465,0.04640203,48,53501.04739,1,1
0.709003758,-0.228472544,-0.46685541,-0.143126397,-1.679484458,-1.0341097,19,45600.68856,1,1
-0.089735694,0.667065473,-0.36378453,-1.737328063,0.198225193,-0.089143912,32,86560.77379,1,0
1.440117215,-1.545056407,-0.770119107,-0.369417171,1.115167894,1.152925954,30,53156.87083,1,1
-0.676392302,-0.363312008,-0.348851997,2.06449439,-0.062054852,-0.410681228,45,66835.60653,1,1
1.800940433,0.296572677,1.03256172,0.663803579,-1.481658563,-1.082803607,61,50576.8815,1,1
-0.040157951,0.533695248,-0.713952912,-0.20979816,0.109070583,0.61945449,31,86733.5309,1,1
-1.430775102,1.492952623,0.54514088,0.698123605,-0.755951389,0.336611521,29,57091.41483,1,0
0.128104415,-0.391024667,-0.96564964,-0.521543178,-2.619505083,-0.770873689,32,41345.13626,1,0
-0.681051657,1.479481762,-0.189499576,-0.800677743,-0.080883722,-0.233057643,38,70053.81127,1,0
0.840643549,-0.659023827,0.323839266,1.70412963,0.517684194,-0.181670928,46,63891.64313,1,0
-0.652623979,1.328646412,-0.996528417,-1.142274654,1.177705478,0.006381936,62,78046.01119,0,1
-0.446183433,0.817467127,-1.311720433,-0.354121236,1.75685474,0.64656571,52,57688.25657,1,1
-1.889540731,-0.91345858,0.491878151,0.306033282,0.650935677,-0.405203265,64,61618.15125,0,0
-0.452306319,0.307039237,1.123080399,-0.936234206,0.933567409,0.698244294,37,37389.11911,0,0
-2.423879327,-0.051235836,-0.079065019,0.650604954,-1.28456545,-0.53348926,35,72532.30423,1,0
-1.583902823,0.625584594,-0.457312907,-0.306594525,1.621825802,1.666307413,55,60940.69939,0,0
0.760414656,-0.223271588,0.155675388,0.663910328,1.267360182,1.687853785,32,58137.02837,1,1
0.785800159,-0.307246226,0.055479919,0.58598418,-0.367115485,-0.856406325,29,56560.6358,1,1
0.425457562,1.369094583,0.242902541,-0.243012131,0.681660125,-1.225502061,51,55765.81419,1,0
-0.966976143,-0.098720894,-2.5282451,1.710658673,0.581068183,0.978207814,22,72735.29926,0,0
-0.047711356,0.826422324,-1.069104291,-0.665335803,1.470213511,0.25788347,34,46116.1644,0,0
-0.003602539,-0.225351485,-0.845230105,1.348870471,-0.151107772,0.551668207,30,71152.40425,0,0
-1.158364689,1.666663259,0.150867629,1.174933243,-0.746232638,-0.654755197,30,35919.8314,0,0
1.503398302,-0.678334629,0.185877884,1.770882208,-0.48999837,-0.132453986,53,31251.63234,0,0
0.877362291,-0.614143531,0.636180489,0.174056039,0.896795983,-0.344834173,33,81160.92204,1,1
-0.220964174,1.524517181,0.257581749,-0.788585712,-1.91987041,0.304200986,57,44656.78476,0,0
0.026885839,-0.444946391,-1.30073507,2.076796585,-2.997073439,-1.245720015,20,61586.91435,1,0
0.208382808,1.601074306,1.447004618,-0.334701468,0.894249007,-0.099334446,69,55979.9272,1,1
-2.041734868,0.89184058,1.271918303,-0.813542573,0.274805464,-1.255778435,19,65162.60593,1,1
-0.247177383,-0.154649707,-1.25819729,-0.189786746,0.018463336,-0.515563777,42,60770.98762,1,1
-0.681984248,-1.813293472,0.332705294,-0.981690716,-1.305546628,-0.097347812,70,75645.14837,0,1
-1.00162001,-0.019318304,-0.595424385,0.526148825,-1.709889765,0.50743373,20,38562.03116,0,1
-0.281100293,0.101630054,0.138863989,-0.605668382,-0.634529083,0.590320252,28,70063.96682,1,1
1.797686527,1.167217733,1.05331028,-0.28748417,0.361695099,0.760914817,28,59230.44789,1,1
0.640842861,1.588447176,2.130104266,0.967778862,-0.585755713,-1.482790063,27,37016.11171,1,1
-0.57117899,-0.684987179,0.751277705,0.62369321,0.9001002,1.264086396,45,52051.48305,1,1
0.572582781,0.801181764,0.294934735,0.015584573,-0.954059342,-0.644799452,28,35941.65345,1,1
1.399355437,0.765402156,-0.339821168,0.170873529,-0.519345073,-0.571791598,66,34901.57689,0,1
0.924633683,1.073412702,0.182134871,0.012255431,0.703201055,0.268747549,24,53450.46454,0,1
0.05963037,0.498689912,1.359771893,-0.431155066,-0.376915016,-0.337001454,46,77795.05955,0,1
-0.646936778,-1.942497691,-0.044708757,-0.002526661,-0.32734996,0.36182582,18,64689.33531,1,0
0.698223314,-0.155422433,-0.886112651,0.490841625,-0.643488454,0.547392566,69,79490.67383,0,1
0.393485385,-1.155707575,-1.619689866,-0.126162129,-0.828940741,-0.763175663,32,61139.26658,0,0
0.89519322,-0.202605773,0.513047867,0.41976763,0.354177354,-0.183726052,24,83246.5118,1,1
0.635171802,0.980004236,0.247288126,-0.836668778,0.483706295,-0.154116956,21,81698.92166,0,0
1.049552715,0.305150836,-0.645908173,-0.603893651,0.227148438,0.958272582,20,45750.03183,0,1
-0.535235212,1.148090866,1.026014126,-0.734320503,-0.616183606,-0.465162867,37,61065.00984,1,1
1.317394066,0.341753921,-0.421776864,-0.565131372,-0.2014919,-0.508695467,20,49163.57921,1,0
0.197599605,-1.29832594,-0.134644092,1.287181047,1.595934783,-1.021617955,46,57827.72987,1,1
2.075260873,-2.520847007,-0.016664133,0.726038793,-1.421083377,-0.909513993,37,84873.18365,0,1
-0.689187818,0.148808762,-0.350952742,-1.076923119,1.88589128,-1.350605743,27,50375.80397,1,1
1.735963803,-0.213926466,0.235865066,0.437498296,0.099719846,-0.703063803,52,42207.62147,1,0
0.197910783,-0.976945739,1.151515146,-0.390582313,-0.18012639,1.593565011,43,43199.96139,1,1
-0.651418004,-1.70062725,-1.142481898,-0.682384585,0.953378339,0.690907343,47,54067.98647,1,1
-0.483885834,-0.734743213,0.488520138,-1.485739466,-2.067266069,1.277346342,43,116180.6884,0,1
-0.320347308,-0.194491485,0.17215867,0.971918694,1.380319575,-0.950150737,54,82092.33459,1,0
0.424165946,0.665877824,0.15376383,-1.36386315,1.857725829,-1.947730768,37,30000,1,1
0.522835488,0.188631082,0.87184457,-0.051963178,1.087972867,0.316381999,68,59462.92984,1,1
-0.573700004,1.608067247,0.049297425,-0.946311246,-2.102285369,1.853597894,70,50565.61585,0,0
-0.024354592,-1.035604056,0.480229262,0.775843947,0.764167798,-0.485335725,59,74794.84033,1,0
2.142270359,0.881058892,0.71586463,-0.334351826,1.645998558,0.101816355,26,42314.95109,1,1
1.72754317,0.047298743,-0.5043652,-0.134462656,1.542748788,-1.569535156,28,44453.4317,0,1
0.43632367,0.694669124,0.299183461,-0.100734263,-1.408089247,0.028206424,50,51427.70643,1,1
0.038003478,-0.436514863,-0.250787607,0.302570335,1.016356832,-0.124987785,47,49624.40459,0,1
0.120031327,1.071680374,-0.13268178,0.013004764,1.795570403,-2.093044356,47,69773.16993,0,0
0.613517973,0.295224758,-0.322061396,-0.043273189,0.029465719,-1.03733636,69,54981.73297,1,0
-1.022792565,-0.679444985,0.471080404,-0.518401975,-1.452701223,-1.116730133,62,75048.7088,0,0
-0.257376537,-0.012024029,0.081644709,-1.574729373,0.828652593,-1.579726517,40,47844.84586,1,1
-1.668584074,-0.239555859,0.394544034,-1.11855096,1.053857969,-0.724854684,53,72986.3813,0,0
0.399223123,0.489178351,-0.017517363,0.718479739,-0.139208164,0.508770367,41,42644.26305,1,1
0.64719594,-1.179776749,-1.604121012,-0.305819463,-1.190723456,-0.633182458,48,69221.30472,1,1
-0.483186462,-0.029351702,0.031368416,-0.664009778,0.981872084,1.14848927,40,52501.7234,0,1
1.573986763,0.395307253,0.063537955,-1.405728144,-0.768808866,-0.362759663,70,73374.53118,0,0
-1.225765663,0.033023307,0.242595937,-1.71964714,0.397346727,0.326218168,59,30000,1,0
-1.46437488,1.346941244,-0.593729194,-0.70320688,1.558166355,0.497479682,53,48251.15801,1,0
0.224451819,0.774022774,-1.195469717,0.888052854,-1.658798097,1.533879961,57,77524.87502,1,0
1.047098303,-0.007480797,0.624606645,-0.557070194,0.907763998,-0.716109945,66,56972.34975,0,0
1.683927691,0.216689097,-0.273606557,0.400485525,-0.20658203,0.442359507,51,34481.13835,1,0
-0.458884263,0.295665551,0.171244048,-0.603059829,-0.180653284,-0.946626753,38,49395.18165,1,1
1.078680833,0.403299604,-0.28146008,0.638866696,0.514316435,1.722095688,43,65753.76833,0,0
-0.03850847,-1.825657996,-0.006061826,-0.351750802,-0.771384031,-1.039688944,24,47836.3199,1,1
-0.1726273,-0.301526296,-0.449285348,-1.231884246,-1.175019137,0.383676229,42,77415.78794,0,1
0.883659937,-1.484439068,-0.968083589,-0.268953068,-1.784194772,1.559460367,20,76276.51174,1,0
0.652322878,1.278280947,0.473731661,1.834000418,1.231762709,-1.196521696,70,70015.71622,0,1
-1.576392157,-0.06084952,-0.603120088,1.789884316,-0.371672185,0.595097207,60,75462.60599,1,0
1.47654035,-0.19334095,0.163951481,0.486533303,0.569940412,-0.992779967,35,52272.29207,0,1
1.380091354,0.896797332,0.410460222,-0.137058815,-0.485032075,2.328364452,23,82306.84908,0,1
-0.625562702,0.422324797,-0.586812716,0.303901802,-1.161760503,-1.891371124,69,76134.4594,0,0
0.395803533,-1.128634514,-1.203885634,0.316852339,0.65231261,-1.517309344,63,58066.84005,0,0
0.494030186,-0.070905363,2.426085614,-0.039886752,0.327962574,-1.12152155,30,35603.21715,0,0
0.260673766,-0.335166973,-0.527771876,0.44094402,-0.236899154,-1.089319649,19,30000,0,0
-0.550305154,-1.744532889,0.623417159,0.208226862,0.301896063,0.520869966,65,74845.05654,1,1
-0.671623368,-0.690276233,1.93946355,-0.315972385,-0.960484556,1.799680273,57,35834.03759,0,1
-0.025554071,-0.183540322,0.789907747,-1.195256799,1.060599775,1.155129086,64,46180.46962,1,0
1.172729019,-0.114950931,-0.300442809,-0.460059242,1.292394639,0.233902287,30,67156.22499,0,0
0.543600155,-1.482231424,-0.067116388,0.799518849,0.759304571,0.009582896,18,40503.57442,0,1
-0.370614332,1.151665583,-0.83260722,-0.031462224,-0.371985759,-0.606362289,19,96515.02478,0,0
0.771698711,-0.102103059,0.881696427,0.300286892,0.059346795,0.391072991,21,63561.72958,1,1
-2.848542621,0.037553077,0.566270708,-0.283015528,1.568836448,-0.208803823,30,82171.39489,1,1
1.1487657,0.400641638,-0.514425818,-1.059597505,1.281166218,0.189410906,47,75638.80603,0,1
-1.739713779,-0.788076254,-1.042174807,-0.238629715,1.993869091,-0.740904931,61,30000,0,0
-0.362440941,0.456355973,-1.321233738,-1.022455901,-0.780518853,-1.201828602,29,71166.82655,1,1
-1.119669895,-0.367074646,0.986514004,-1.086289174,-0.870212284,0.025469344,50,59757.95867,0,1
-1.294681476,-0.896585541,0.120373129,1.205636609,0.134370288,0.003369826,55,59062.96895,1,1
1.160826787,0.573447493,0.214984536,-0.420086005,0.406895757,-0.595932862,60,59619.00654,1,0
-0.467701201,1.491673859,-0.822948626,-0.741484725,-0.142289165,-0.766510093,65,75820.71431,1,0
0.346503882,0.724829373,-1.463503103,1.617959684,-0.389684428,0.558406289,51,84680.54067,0,1
-0.046920579,0.922977565,0.962613575,0.814985035,1.267395183,0.454948196,20,42118.17686,0,1
0.477040827,-0.520630607,0.042039037,-0.371509226,-0.090732091,1.876550157,60,61159.54015,1,1
0.076821891,-1.597619729,0.90723466,0.427636326,-1.215211418,1.380929826,26,81028.86246,0,1
-1.282992224,1.490137522,-0.385933127,-0.235788318,-1.099689087,-1.193842477,24,56888.82995,0,0
0.996266819,2.054514889,-0.236817843,-0.692679679,0.247064325,-0.190825826,21,63044.71441,1,1
-0.493756583,1.542806774,0.713298177,0.474691224,3.002652485,-1.364768716,45,63259.28033,0,0
-1.556581899,-0.335785939,0.73234808,-0.324301885,-0.975943744,-1.839235869,59,91721.55665,1,0
-0.428115161,-1.154634339,0.797565623,0.075498009,-0.314874069,2.195489088,49,71225.39359,1,0
1.500759791,-1.065682698,-0.295201253,1.021363235,2.404804775,1.480296504,18,91059.30407,0,1
0.850221742,-1.683732568,0.614547238,0.911213104,-0.48428073,-0.629803915,30,86153.96889,0,0
-0.348652134,-0.107378618,1.109099465,-0.550093292,0.455460841,1.243376139,53,56594.37545,0,1
-0.349257704,1.605677958,-0.104772012,0.486031602,1.875910723,1.391720313,43,64511.72009,0,1
-0.321635051,-0.141662632,-0.513488364,-1.127856246,-0.951478681,-1.92046417,30,90782.33125,0,0
2.076747984,0.3023229,1.342747603,0.450414161,-0.309260222,0.850603657,39,42874.06741,0,1
0.381935452,1.375596964,-0.654445734,0.148495306,-0.484365934,-0.491653601,41,71416.68555,0,0
0.430041647,-0.404095312,0.629476497,0.378979362,-1.517895363,0.383095028,28,71567.62472,1,0
1.030283454,2.035531457,-0.058422311,-0.297444755,1.569365946,3.009862196,42,55853.98319,1,0
0.238789159,1.992094407,-1.841565616,2.084071274,-0.585404338,1.585362405,32,54293.5936,1,1
-0.259042146,-0.131111339,1.128594067,-0.901299708,-0.876245676,-0.128212129,62,56351.85782,0,1
-0.196349849,-0.577534264,-2.75785363,0.971551711,-0.444433888,1.421673504,53,70536.70311,1,0
-0.071601259,0.697238046,-1.984128067,-1.03169832,0.928831405,-1.922111139,55,82094.46587,1,0
-0.037222237,-0.347524943,0.527330079,0.504344175,0.112893537,0.503572831,51,71085.21211,0,1
0.727629544,-1.156555217,0.527071199,0.575789977,-0.791666305,0.527476723,51,41133.45253,1,1
0.051945886,1.281238654,-0.637579858,0.054975872,0.409149845,0.705693031,49,82587.81267,0,1
0.732640077,1.216447387,0.14782209,-0.495324411,0.812594698,-0.508486746,55,77893.91039,0,0
-0.08071658,0.155511604,-2.531430046,0.141134891,-0.023764588,0.38197377,42,56315.97693,0,0
0.07863519,-1.262864754,0.706975464,0.267010333,-0.234760929,0.855972697,20,50182.85017,0,1
-1.998200685,-1.229526251,0.249725487,1.789936486,1.015875938,-2.322961878,69,46377.28952,0,1
0.916327675,0.107229288,-0.045642853,-0.872340285,-0.179185247,-0.316176772,60,76115.05748,0,0
0.346488476,-0.499871035,0.020841482,-0.555913496,1.608191506,-0.903312267,64,31809.27856,0,1
0.99801011,-0.341092932,0.493254176,0.284735557,-0.757634872,0.66213955,46,76483.05356,0,0
-2.896255378,1.021963155,-0.028901523,-0.25605379,-0.780913466,1.37783832,38,53230.05441,0,0
2.088374705,0.733179317,-1.874055503,-0.100041038,-0.90379678,-0.611852696,26,64273.58347,0,0
-0.139589628,1.37814268,2.196332235,1.070351835,-0.238846457,-1.088693535,38,30000,1,0
1.108182817,-0.990623223,1.200800819,-2.820266503,0.002504061,0.117163945,38,33399.92909,0,1
-1.039905927,-0.343191569,-1.284944662,-0.597949345,-1.32563591,-1.153211012,24,49809.44636,1,0
0.612773905,0.758981695,-0.34513723,-1.742369226,0.096757268,-0.226432977,64,46314.1093,0,0
-1.053415563,0.448078341,-0.23603419,-1.195816437,0.565354187,-0.331882224,49,71376.36383,0,0
-0.623768961,1.532380383,1.078849567,2.404624492,-1.465491555,0.580102747,39,64548.02107,0,0
1.914031354,0.420536706,-2.159268935,0.598168134,-0.521171426,0.315195585,59,89010.95161,1,1
-0.190682401,1.848109104,-0.499008264,0.951564925,0.567485729,0.161396914,28,67699.96277,1,0
0.217432873,0.540017802,-1.760636443,-0.08052965,-1.089419266,1.636850511,51,50248.78105,1,0
0.870067731,1.062167448,-0.285095516,0.758713825,-0.315978522,0.269729527,31,78350.19823,0,0
0.495681888,-0.323514947,-0.472500893,-1.766564508,1.088183569,-0.417837776,65,53054.04798,0,0
0.150418905,0.014287212,0.079694067,1.038298412,1.795182763,-0.295190411,58,52192.67702,1,1
0.364961002,0.910944404,-0.604874399,-0.819844119,0.439915211,-0.76430475,39,60031.84421,1,1
2.403415585,1.612978171,-0.751023391,-0.531315819,-0.169253286,-1.018636289,42,84287.88247,0,0
-0.057618797,0.729236949,0.619656692,0.50515107,-0.501398021,-1.38934242,33,75765.7602,1,0
0.201099047,-0.083171772,0.454672741,0.316446759,0.910754099,1.134232447,50,75298.19758,1,1
1.050654396,1.37733503,0.551398343,0.084620048,1.133406399,-0.718307057,19,89407.68954,0,0
1.105525933,-2.191978656,-0.17690009,-1.363096154,-1.156435797,0.315915475,56,74942.68,0,1
1.187030306,-1.422234502,-0.571738582,0.099813669,0.910426816,-0.299866234,61,41573.19282,0,1
0.638730222,0.681634224,-0.118852482,0.960561353,-0.607046302,-0.029223995,67,68074.84213,1,0
-1.143004913,0.014108356,0.50116207,-0.532487096,-0.859555774,1.153801118,23,84347.37245,0,1
1.633431532,0.605513651,-2.176779701,1.314937045,-0.153644204,0.176656428,51,37226.62387,0,0
-1.146345393,0.064407522,0.39411193,-0.872691936,0.991613243,-0.92267475,63,59769.4473,0,1
0.302635465,0.570945695,0.309138187,0.006547892,0.309405325,-0.564112539,65,43982.22943,1,1
-0.75427585,-0.814402821,0.062150906,1.535327733,0.282331665,0.859946028,59,61927.04828,0,1
-0.064138347,0.570486086,-0.149313422,-0.681399913,0.352441654,0.483178537,54,77028.53362,1,0
0.32876241,0.994414528,-2.566119386,1.053985483,0.467658019,0.922413321,39,80141.04498,1,1
0.321357215,1.220550604,-0.439853263,1.974652362,-0.114151218,-0.238501433,33,57237.19799,1,0
0.421920754,2.013554295,1.789438711,0.171044069,0.631888765,-1.396043815,24,69920.81764,1,1
1.613711269,0.244098444,0.012901296,-0.527016987,-0.659682196,0.506647989,64,37439.05119,1,0
0.453534302,0.273911087,-0.307289839,-0.772738803,0.651007651,0.252818905,30,33773.22264,0,0
-0.244156635,-1.523172464,0.016906196,1.304602703,0.856985348,0.279008887,66,76793.93005,0,0
0.964087168,-0.531411401,0.354772869,1.276694199,0.699136595,-1.381743641,67,30000,0,0
1.189470489,-0.193082074,0.658820245,1.449309123,0.751028832,-0.640216466,67,49690.11148,1,0
-1.227607815,1.050319552,-0.228880163,-0.032838351,0.46486564,-0.938368251,34,70153.60376,0,0
0.59740007,-0.611001124,0.424919602,1.037806942,1.173442915,0.399366643,20,63309.32179,0,0
0.701172742,0.79634002,1.676650803,-0.048839391,-2.271613784,0.433794074,29,30000,1,1
-0.297563503,-0.001621717,1.006250799,-0.883055122,0.853745958,-0.043487891,23,67884.87175,0,0
1.375706813,-0.177168115,2.340300216,1.124176785,1.975457527,0.967584719,29,47080.66975,1,1
-0.150055587,0.248893969,-0.656770358,1.633870278,-0.621895475,1.490711657,28,61812.23206,1,0
0.125576453,-0.391156372,1.676189508,-1.020601973,-0.733729858,0.353056373,58,50640.00694,1,1
-0.173071824,-0.429037248,-0.79067364,-1.039430963,1.286319013,0.67107103,36,49617.18732,0,1
0.015579048,-1.704785906,0.353566147,0.039981934,-0.926739339,-0.54155004,48,33005.54608,1,1
-1.096275087,-0.247954207,0.732476529,0.956128606,-0.666724313,-0.725428482,68,54614.57248,0,1
-1.440050883,-0.479968146,-0.510777192,-1.133819194,0.16994852,1.009743886,19,78542.8315,0,0
1.594505063,-0.515980989,0.087964277,0.227015737,-0.79895121,-0.874742257,62,53660.45906,1,0
-0.846961348,0.416873063,0.910461102,-0.590426954,0.875024502,0.697063354,49,54342.14206,0,1
-0.991392349,0.658631953,-0.710270898,0.7008291,-0.790802122,1.719471167,35,49432.36802,1,0
-2.153390114,0.232194505,1.66938346,-0.797886821,0.360633348,0.653481878,21,40708.24025,1,0
-0.638961748,0.99541519,-1.384596625,0.771803,0.284482463,-0.080932458,39,45033.26302,0,0
-1.323089793,0.575561926,1.939691443,-0.158214811,1.663888072,-1.340324262,31,63323.67712,0,0
1.64201516,-0.29505619,1.001326135,-0.937140524,1.165301866,0.163302791,31,96888.70685,0,1
1.009817089,-0.462856286,-0.089725576,0.063689955,-0.529527541,1.009096134,54,74633.08452,0,0
-0.688150345,0.312822237,-0.402668211,-1.937973314,-1.264492406,-0.178959943,46,69300.57504,1,0
2.252435805,0.57376711,-0.507028263,-0.559094572,0.837968842,1.021493928,68,89872.4401,0,0
0.981765487,1.397844307,-0.13579564,0.33740107,-0.653390835,0.365024029,51,67018.92513,1,0
-0.324831384,1.191173045,-0.048495862,-1.771754779,-0.335676738,0.291340549,65,76119.41872,1,0
-2.499405715,-0.541473007,1.255226247,-2.571136853,-1.05982769,-0.316788262,23,63208.87455,1,0
2.290942573,-0.10200628,1.9686541,-2.33936732,0.679011931,-1.456043831,60,66780.33476,0,0
-1.389572467,0.671017805,0.199379921,1.327128556,-0.646493116,-0.425110838,29,38872.40809,1,0
-1.645398747,1.067997778,-0.845628488,-0.076759013,-0.035041688,-0.433054324,41,55350.44587,0,1
1.022570432,0.938969469,-0.545726041,-0.532465394,-0.019503066,0.575440826,62,51571.14469,1,0
2.439752406,-0.063877833,-0.183090785,0.945154736,0.18356062,-0.015224626,46,50775.52986,1,1
1.384272819,-1.254022652,-1.030122105,-0.404449682,0.661638502,1.083168021,27,49895.10415,0,1
0.56390912,-0.998936376,-1.178941402,0.2684619,-0.242820372,0.281353023,63,81465.15742,0,1
0.594754342,0.272633514,2.097127212,0.025755351,-0.741427582,-0.504349823,53,54471.87709,1,1
0.853415559,0.342225579,0.302613526,-0.470999421,-1.859544634,-0.814875776,51,57833.11662,0,0
0.75892859,-1.098679373,-0.833133134,0.294145884,0.102629629,-0.60337469,68,93971.10292,1,1
0.281191424,0.044569611,0.81660357,0.773261221,-0.156999041,0.160768936,49,71631.86972,1,1
0.104201104,0.631224357,-1.178346125,-0.184906617,-0.71047283,-0.372793208,49,60119.41024,1,0
-0.062593128,-1.151226658,-1.096012048,-0.460555573,0.062552462,-1.076439287,68,75875.84159,0,0
-0.753964589,1.104997202,-0.803042401,-0.342512408,0.855982673,1.006715856,32,49963.32443,0,0
-0.280675077,-0.377531149,1.654513281,-2.297912533,1.111888085,0.152311358,26,53630.11838,0,1
-1.692956814,1.257613113,-0.252880066,0.283059547,-1.535137418,0.274719495,53,54575.06504,0,0
-0.098339627,-0.533452446,-2.441706987,-1.209111289,-0.360861301,-0.822623765,39,63743.32584,0,1
-0.988591107,-1.026625483,1.210065933,0.629718724,0.961025212,-1.041597739,30,67000.70379,0,1
-1.103589317,-0.45813699,-0.306381364,-0.090424101,1.596041035,-0.16223599,58,45761.78492,1,1
0.179894151,-0.095148123,-1.849408006,0.105121097,-0.817263653,-2.028215419,61,66104.82952,1,1
1.392002286,-0.388479907,-0.316683488,0.700329171,1.378322929,0.77981331,31,69066.8088,1,1
0.918316606,-0.216001422,0.521003897,-0.926523766,-1.350096282,-0.704023374,43,52984.50089,0,0
-1.570500604,0.33396515,0.404049167,0.369248443,1.148284563,-0.267704744,61,57517.0888,0,0
-0.989628137,-0.17117937,1.798414979,0.267621053,-0.281756332,0.426919298,42,42945.73591,0,0
0.940771188,-0.066112394,-0.852767863,-0.184780833,1.562823266,-0.224635078,39,37366.2846,1,1
-0.982487394,-1.709226399,0.04672012,-0.928186201,-0.464031216,-1.168374456,47,42793.17518,0,1
-0.22463315,0.391698016,-0.699569279,0.595238364,-0.309890727,1.50570036,30,70809.55457,1,1
0.550052099,-0.089203298,-1.542192894,0.703454544,-0.133392629,-1.532582009,67,67845.28544,1,0
-0.968344455,1.61029298,0.885527372,0.113602026,-1.537050155,-2.236545107,49,88913.16397,0,1
0.105375506,-0.939565167,0.463269569,-1.070302416,-1.762472671,0.874600336,54,60574.14764,0,0
-1.334025495,-1.808295328,0.28367845,-0.527449033,0.510154193,-1.459431191,36,60775.64901,0,0
-0.601367644,0.618068494,0.426790193,-0.060332722,0.988462347,1.252782875,52,65057.16304,0,0
0.319781934,0.346527018,-0.685472853,0.68849455,0.607577503,0.376888204,66,43995.60911,0,1
-1.592993734,-1.008433021,-1.005695087,-1.583489401,-1.253975614,0.283003726,69,73551.07313,0,0
0.440474738,-1.529748955,0.037647372,-0.563803464,0.480188745,-0.569028301,46,65731.26917,1,1
-0.019637799,1.537396731,1.161211402,-0.40267256,-0.990203974,-0.825400451,24,45789.59657,0,0
0.552489954,1.414110391,1.608077135,-0.083221579,0.407652708,-0.376254172,52,65575.09526,0,0
0.223914134,-2.487456759,0.795432707,-1.301325284,1.131299145,-0.877217882,56,71376.937,1,1
1.36414043,-0.458223029,0.029174427,-0.217532778,0.367466853,1.207668005,23,40028.13371,0,1
0.125224503,1.664192055,0.269783929,-0.310483564,1.468533902,-0.742748762,31,75859.56619,0,1
-0.429405541,-0.476062558,0.011593859,-1.037591871,-0.149987471,0.506347261,45,53246.36535,0,1
0.122297503,-0.490612234,-1.02594334,-0.117967584,-0.216649321,1.005207728,18,30000,0,1
0.543298029,-0.282759328,0.024647378,-0.541169097,0.067351298,-0.88118454,63,74579.45367,1,0
0.04886007,-1.120896974,-1.334826818,0.495586143,-1.342641084,0.376591418,38,80141.01938,1,1
0.040591691,-1.704775744,-0.124077226,-0.885327561,-0.402951076,-0.893879815,44,43146.81271,0,1
-0.701991688,1.052547311,1.636105111,0.089834122,-0.31513317,-0.173525724,39,34934.83751,0,0
-0.662900918,-1.842936906,0.822859223,-0.808388837,-0.283999943,-0.458634936,28,79917.8774,0,0
-1.402605272,0.247271452,-0.923119184,-0.599754238,0.268291167,-0.695440504,26,50739.57907,0,0
1.749576743,0.886579493,-0.07242907,0.297291628,-1.48032912,0.157786372,27,80173.23731,1,1
-1.243863235,-1.451226299,-0.834376312,0.234717733,-1.145613984,-1.214116835,60,33120.57217,0,0
-0.692905198,-0.924268403,-0.062513768,-0.417022183,1.132069597,0.929225912,67,81077.3418,0,0
-0.718407266,1.213179188,1.041107817,-0.269410618,-2.007248224,-1.081537702,66,76100.28443,0,1
0.894924377,0.53289172,0.653007938,-1.453606445,0.616371069,-1.267088556,63,68108.45365,1,1
-0.294949678,-0.617285707,2.484144081,1.402764311,-0.373559681,-0.252296536,66,30000,0,1
1.247742073,1.202249003,1.192477403,0.687456398,0.160122482,-0.372502354,56,54563.90105,1,0
-0.673490624,1.206535723,0.204000381,0.651448051,1.558098785,0.355557206,48,75112.69039,0,0
0.278994162,0.269052693,0.677149974,-1.595032217,-0.131182786,0.084832426,49,34695.01942,0,0
-0.835347053,-0.900160228,-0.202443174,-0.595489992,0.625388006,-1.627360484,48,52164.78935,1,1
2.145149128,-0.413448703,-1.127504247,-0.334546029,0.058566968,0.986566825,25,65946.73407,1,1
-1.187598419,0.286386744,1.305776578,-1.931061492,-0.10937617,-0.277339457,57,42615.40519,0,0
0.30982071,-0.188594829,1.008991477,0.889950096,-0.233175298,0.241459299,68,79507.53415,1,0
0.633776881,0.938957178,-0.241054215,1.453884489,0.701058349,2.20215522,22,76539.11128,0,1
0.413799097,-1.52977408,0.273935737,2.061934956,-0.731601866,1.28644228,48,63632.86491,1,1
-0.185287659,-1.494263529,1.240939187,-1.045883828,-1.132023189,0.210529263,24,66510.38637,0,1
-0.1298207,0.180871111,0.846351426,0.117323497,0.074474973,-1.373069834,62,51892.89068,1,1
0.043811472,-0.491544414,-1.463101251,1.322818269,0.192784004,-1.35633497,64,68845.61997,0,1
-0.147002002,-0.627048615,0.243620021,-0.253618479,-1.824158165,1.162044338,31,51034.20735,1,0
0.963879117,-1.768056719,-0.167631525,-0.566987914,-0.010487429,-0.401815747,42,57048.28127,1,1
2.210523002,0.019545845,1.113000699,-1.866017674,-1.226876921,-0.168414858,38,52613.86693,0,1
-0.557491785,-0.052755108,1.031042739,1.132622458,0.626843107,-1.145468468,64,81532.88355,1,1
-1.36980298,0.653478982,1.318607828,-0.019260756,-1.803684856,0.445851228,46,78105.8802,0,0
-0.088282048,0.068906133,-1.117894339,-0.729341859,1.92507583,1.14141282,63,44948.31911,0,1
2.579709338,-0.132604078,-0.784111534,0.28385729,-0.338198417,1.523550126,62,80064.36906,1,1
-0.803674568,1.177000637,1.114082436,0.153005373,-0.864961948,-0.448149819,48,48029.73081,1,1
1.639116805,-1.312467303,-0.591645815,0.168259102,-0.28297246,0.644878466,69,87793.04988,0,1
1.677700814,0.536389219,-1.521432981,-0.217098062,0.556270859,-0.095086819,21,83564.25882,1,1
-0.553588242,-1.671147165,0.532596488,1.622358159,0.890470089,0.880278568,58,92891.58486,0,1
0.568983079,-0.83836188,-0.54721844,-0.133659733,-0.27431131,-0.003967201,63,64394.17637,1,0
1.628396623,-1.212657133,1.78979077,1.619322076,-1.438690415,-0.824126096,46,55792.67374,1,0
-0.379127741,0.781942535,0.296184554,0.564116926,-1.212297134,1.320157593,66,55458.55084,0,0
-0.20358036,-0.065410234,0.160259287,0.351170143,0.286387699,0.098539154,18,65627.72719,1,1
-0.581680914,-0.013503245,-0.369243892,-0.113274753,0.98732713,-0.351459753,49,44789.73717,0,1
-1.014756731,-1.106732988,1.590835334,0.973956694,1.117475252,0.177780134,18,30000,1,0
-0.649277545,-0.299693496,0.35855446,0.112991768,0.168092575,-0.736640305,21,54005.03489,1,1
-1.223940267,-0.763465303,-0.408499518,-0.932131215,0.967299566,0.415252127,37,60613.91871,1,0
0.034083468,0.383455015,-0.794083707,-0.965492191,1.912349218,-0.196299743,57,68332.89804,1,1
-0.769973231,-0.991091135,-0.073473055,0.422484622,1.190347713,-0.794794907,54,65958.36615,0,1
0.233785912,1.329794365,-0.977646837,-0.907378885,0.922037901,2.376899333,31,62112.41028,1,0
-1.555895646,-1.67558045,1.028877442,-0.062231057,-0.806557183,-1.007292328,69,77542.06303,1,0
0.330880232,-0.806519832,-1.808342054,1.057184539,0.96261962,0.353283671,31,46910.66727,1,1
0.833528962,1.67720051,-0.139514028,0.303970178,0.461232478,0.056796539,19,49919.63243,0,1
-1.993735643,-0.435138748,0.610133545,-0.72213487,0.650645628,-1.025597276,38,91637.61852,0,1
0.37405657,-1.314878664,0.34211942,1.409987512,1.261106279,-0.33733069,46,30000,0,1
1.227668992,0.219071563,-0.717282973,0.547875237,0.358557848,-1.342551558,29,76785.47733,0,0
-1.209641019,-0.475392242,0.660258707,1.017792987,-0.102546331,2.06648922,35,68451.14766,0,1
1.672572387,-0.835870256,-0.886039388,-2.267558343,-1.069865808,-0.267957625,55,59979.24684,0,0
0.419019009,-1.095870811,-0.022384656,0.330852878,-0.296516318,-0.182813286,58,73442.55998,1,1
-0.705011856,2.768373606,0.651841572,0.842157836,0.212852267,1.945202998,49,70777.39019,0,1
-0.055769078,-0.2515519,0.462912779,1.700288642,0.27761934,-0.823976854,58,38110.509,1,0
0.558326913,-1.92556736,-0.675039011,-1.463818584,0.243876299,1.294409023,39,45391.18347,1,1
0.076005391,1.493709759,1.197494517,1.206114589,0.95950986,0.592526479,53,52789.77155,0,1
0.538755992,0.611070905,0.086694571,1.644380286,0.8653647,-1.978985223,59,30000,0,0
-0.920673593,-0.766466431,0.742995411,-2.017288977,-0.062088241,-0.371090724,29,59870.3894,0,0
0.169360824,-0.933119089,1.529101007,0.47859111,-0.847262107,0.436605991,38,69562.69461,1,0
-1.413714497,0.673472796,1.117520549,0.617620814,0.383357937,0.035571828,25,77485.98417,1,1
-0.111226061,-0.246918327,1.120129406,-0.327007663,2.246337548,0.038260064,45,61169.54542,0,1
-0.903907641,-1.925977818,0.19267993,-0.49009446,0.321242775,-0.607164742,70,48756.44774,1,0
-0.735529943,1.787239965,0.793935121,0.667853913,-0.295923952,-0.712872493,39,63360.0715,0,0
1.236093175,-0.433990462,0.213596575,-0.614981753,0.535836152,-0.308406724,69,58819.07669,1,1
1.091310121,1.495571736,-1.209324468,-0.217249328,0.595736259,1.961309388,33,71776.2197,0,1
0.609138121,1.278434958,0.302743793,0.812434901,0.5846506,-0.907675571,29,59319.27974,1,1
-1.092312765,-1.001009544,0.256360984,1.75404305,1.372880195,-0.48220568,66,73341.83103,0,0
-0.31640845,1.033189864,0.583729362,0.537984273,0.386092957,0.028846469,34,56078.68463,0,1
1.2130977,-0.65144255,-0.127996975,0.133484495,1.325412235,-1.46315366,38,79353.39729,1,1
0.141716914,-1.866700587,-0.761455557,-0.516397485,0.230234114,0.431948223,68,62663.16737,0,0
2.31932954,-0.424598166,0.656506083,-1.010600041,1.512498268,-1.288004625,24,51031.68807,0,0
0.393317839,0.397637502,-1.313272287,1.109578242,1.206735196,-1.087242212,37,55002.97219,1,1
0.192049116,-0.462736648,1.458819136,-0.153449851,0.921799412,-1.135254185,53,70905.64153,0,1
-0.309116464,-0.307048341,-0.231418061,1.150703275,0.789185736,-1.640581039,69,40939.12894,0,0
0.133540905,1.143566045,0.245528172,-0.329551878,2.301517677,1.268327953,58,58056.83415,0,1
-0.152469836,0.10649398,0.558558153,-0.649288661,1.076617589,0.521588764,61,76038.09441,1,1
0.708108677,-0.843298311,0.590688045,0.420798889,-0.849317005,0.922387232,30,67753.27674,0,1
0.956702317,0.702030324,-1.4089843,-0.076535939,0.245900551,0.831263034,58,42737.82233,1,1
-0.785989461,0.197675567,0.824086581,-1.205528605,-0.264716768,-0.168110194,46,64668.60776,0,1
-1.331232954,-2.521604801,0.303153828,1.81736833,2.064476317,-0.029520861,60,39869.92934,0,1
-1.836205373,0.428352914,-0.635261385,-0.626983774,1.25143756,1.013712574,54,62798.1254,0,0
0.507991327,0.391828708,-0.749666951,0.927591521,2.031951025,1.638429109,25,80697.71578,0,0
-1.103366606,0.02012113,-0.334053082,0.841856629,-0.759994528,-1.258090641,37,61101.00199,0,1
-2.152890593,0.891700581,-1.298741687,-1.259462765,1.101674679,2.519963551,61,43021.32303,0,0
0.388578605,-0.672393584,1.722267391,-1.002387645,-1.364528983,-1.315651198,65,57135.15869,0,0
2.492999517,0.336499789,1.486151325,-0.30150934,-1.592132334,-0.461955049,27,62917.00931,0,1
-0.006070912,-1.566959371,0.451700201,-0.865646545,-0.396956132,0.074068292,32,76381.58099,1,1
0.838490774,0.407090383,-0.223398416,1.726456372,1.512375137,0.165904714,29,76246.9247,1,1
0.081829359,1.953059696,-0.197107988,-0.200175637,-0.992615041,1.963832087,63,43661.44993,0,0
-0.098889653,-0.994856352,0.758065706,0.889749043,-0.016811847,1.011907066,62,55138.67708,1,1
0.919076483,-0.759802132,1.7578269,0.513637389,1.188842868,0.412834891,33,65905.02916,1,1
-0.290274544,-0.710015443,-0.57039674,0.264022449,0.846413161,1.035493309,59,50928.46436,1,1
0.267392314,0.129998226,-1.117586043,0.040321211,2.216186579,0.34575227,25,67475.74822,1,0
0.321697806,-1.063036273,1.547640774,1.237130708,0.003371992,-0.675415105,37,39779.53393,0,0
-0.668090454,0.421247379,-1.787138588,-0.825092973,-0.441629545,0.485638468,31,63921.06354,0,0
0.99204235,0.846839945,-1.008530808,1.72633531,-1.094481081,0.067553259,54,75409.81442,0,1
-0.174959757,0.534347213,-0.246857893,-1.287223181,-0.36799994,-0.842855798,43,60809.25634,1,1
-0.755745159,-1.768415426,-1.560433468,0.781511726,-1.103598959,1.26279024,55,62636.09648,0,0
0.536509844,0.995167665,1.112149063,-1.40516386,-1.79644528,-0.054455543,70,72664.62805,0,1
-0.898467982,0.937367414,0.856905271,-0.315705552,1.963392581,-1.120500671,58,53338.43906,1,1
0.028181157,0.830161372,-0.574793227,0.093309938,0.048906799,-0.96265513,62,69330.521,1,1
-0.009118997,0.372842249,1.279614119,-0.486695349,2.591466871,0.534996035,46,59541.59096,1,0
1.085895566,0.220189314,1.449292428,-0.18166957,-0.839288437,1.04943229,30,46378.6346,0,0
0.474698233,1.032389398,-0.113170648,-1.386970448,-0.428808609,0.481652284,51,73534.68534,1,1
-0.025026959,1.923513488,-0.450668178,-0.987450469,-0.775369012,0.486231418,39,81013.8754,1,0
0.817766299,-0.953040463,2.259602028,0.498264707,-0.640756065,-0.810323435,62,77377.82921,1,0
1.390207549,1.078125396,0.721161822,0.029671825,0.873603744,0.09288455,43,73533.83323,0,1
0.557810306,-0.086217098,0.256324653,-0.690528026,0.566323966,-0.33011031,51,67659.70787,1,1
0.01035262,-0.129673052,1.363545947,1.324277763,0.875409425,-0.19496618,64,65444.20017,0,1
-1.311836232,-1.53653069,0.301930635,-1.2199309,1.342271592,-0.111792257,41,58592.70007,0,1
-1.065113663,-0.28478941,-0.505620586,-0.361590466,1.107355044,-0.659935743,38,50060.67086,0,0
-0.305224704,-0.997264958,0.08015976,-0.505656278,-1.008489744,0.751666563,48,30000,1,1
-0.609512202,-0.46385443,1.038654287,0.615037628,-0.523818564,-1.009115937,29,36489.63413,1,1
-0.186971303,-1.098186384,-1.992185566,0.048163691,0.12148281,-1.298627952,59,60218.66283,1,1
0.056649925,-0.448908387,-0.288030739,-0.108165247,3.727833345,-0.785202711,41,40854.10507,0,0
0.529692754,-0.406110357,1.383057399,-1.844216704,0.772400142,0.883395106,38,66211.38734,0,0
-0.070498778,0.096754918,-0.511868401,0.865034481,0.106688808,0.339158563,21,86210.82806,1,1
0.486501644,-1.614749862,1.54610856,-0.217825815,0.673274722,-1.783241904,42,30000,0,1
0.064474415,-1.445518148,1.414743819,0.115661018,-0.603114054,0.597273687,25,45412.56977,0,1
-1.975466566,0.361914271,-0.065529115,-0.74856322,0.262425511,-0.04850808,53,92788.17913,0,1
-0.939335394,-0.797438117,-0.568539305,-0.905828763,0.954662185,-0.41738267,51,72513.37427,1,0
-0.144087556,1.07452979,-0.287358874,1.499287758,-0.028995685,-0.241980023,67,58325.01449,1,1
-1.209694743,0.225269722,2.664614492,-1.773238578,-0.756553254,-1.333628941,67,52021.65458,0,0
0.59992873,0.60676215,1.874424447,-1.054199028,-0.077874053,0.1732408,63,68787.21574,0,1
1.530750832,1.41069232,0.125390972,1.480492153,-0.319576609,-1.267551506,44,74688.07344,0,1
1.218761852,-0.309710812,-0.608153552,0.640746381,-1.35712742,-0.350006031,45,40959.18812,1,1
-0.213442871,-0.574486705,0.117041036,-0.325462532,-0.57155216,-0.348710379,46,82376.92038,1,1
1.490726137,0.871702586,0.243826927,1.246596314,-1.392812786,0.769909425,46,65976.93896,1,0
0.148667457,0.509513564,-1.243358738,0.446860116,-1.23679489,0.039744249,27,74072.13909,1,1
-0.337085971,-0.18733031,0.080041269,0.232660092,-1.140944488,0.705991041,61,75359.96512,1,0
-0.613402664,1.391457967,1.322404325,0.225562017,0.953451298,-1.195742597,49,64684.06317,0,0
-0.302469686,-0.21224431,-1.799356681,0.465238217,1.489165063,-0.107800149,25,66681.46329,1,0
-0.388176819,0.032773638,0.826583965,0.505692501,-1.536079677,0.530316445,34,67766.23233,1,1
0.170416222,0.021222651,1.37479797,2.195973053,1.580183666,1.24229914,29,54643.48802,1,1
0.160573981,-0.934593895,-0.560557345,-0.194892812,-1.126594173,-1.139185488,43,69726.96686,1,0
0.00304602,0.077585389,1.694175758,-0.164047188,0.746880094,-0.840951336,69,56106.60924,0,0
0.43693817,1.396760177,-0.690337062,-1.236893188,0.258558571,0.50528698,20,60009.86785,0,1
1.190646275,0.444968315,0.441082662,-0.051897387,0.635851545,1.611593297,59,83458.65991,0,0
0.949554135,0.031063426,-0.306772685,1.8628869,-1.165743053,0.285879816,28,59459.43267,0,0
-1.484897968,-0.161767281,-0.306996357,0.984485002,-1.812357283,-1.109960718,31,66202.62075,1,1
-2.553921135,0.330867028,-0.61729907,-0.543667744,-0.80290841,-1.09044417,24,57378.3777,0,0
0.934319911,0.749766628,0.698575481,0.030041365,0.42686865,0.13484522,43,54512.60135,1,1
-1.366878698,0.609238831,0.848805458,-1.296438376,1.956904175,0.357576628,54,88930.68072,0,1
-0.224765402,-0.331864862,-0.0644222,-0.969119344,-1.029723598,-0.221273597,50,38033.72631,1,1
-1.170113026,0.324781594,-1.359968214,0.149441153,-0.098837487,-1.079070693,61,60781.55582,1,1
-1.801980438,0.479939741,0.403170167,-0.494454603,-0.749079199,1.101415234,65,41972.71974,1,1
0.541462728,-1.007194988,0.422014359,-1.044599789,-0.017226183,-0.348719814,49,78815.89471,0,1
0.75915516,0.168230541,-0.216715011,0.489840765,-1.930785361,0.526965168,55,59076.30353,0,0
-0.576510401,-2.161303886,1.867231287,-0.082250087,1.498043335,-1.773167938,37,52967.80544,1,1
-2.591042292,0.48253371,-1.563929265,-1.567550372,0.024036078,1.201154406,27,32474.82528,1,1
-0.546244448,0.660343055,-2.21728371,-2.075146966,0.917165664,-0.684810155,32,83644.18288,1,1
0.391804005,0.747546126,-0.7308349,-0.570011499,-0.232202023,1.344684375,32,40082.92181,1,1
-1.478911569,-0.395046852,0.710424534,-1.588265143,0.190628076,0.612737524,23,67301.37596,1,0
0.18335992,0.309046835,-1.055844637,-1.868911406,1.128872493,-1.428739963,42,73976.67926,1,0
-0.015309849,1.423953846,-0.980970919,1.128969201,0.131716823,0.245526746,18,92608.45919,1,0
0.5792915,1.413769648,0.951021336,-0.09771089,0.167706324,1.656532746,23,51731.11138,1,1
0.119580368,-0.029172699,0.462547923,-0.265446378,-0.793941043,-0.59791735,30,47167.74629,1,1
-0.973068941,0.139319631,0.37706091,-0.188405816,-0.534423562,1.658325543,28,53590.86946,0,1
1.196571502,1.110911145,0.781428919,-1.137832151,-1.012815638,0.385733544,41,51174.88394,1,0
-0.158529573,-1.500802015,-0.425192953,0.410976165,-0.738017588,1.340357754,37,31745.72942,1,0
-0.02730454,-0.323075743,-0.378984074,-0.130700327,1.25122911,0.159485764,43,84531.77602,1,0
-0.933267959,1.335570456,0.809779273,-0.757408656,1.80860931,-0.123975924,42,53729.2455,1,0
-0.443282251,0.975200542,-1.344886781,-0.607628685,-1.247274885,1.837162833,69,57604.88262,0,1
-0.884802714,0.369263778,-2.142719846,-1.227458713,0.395171785,0.721401909,69,69411.85821,1,1
-0.17294606,-1.505832405,-0.433284174,-0.406242873,-0.31769139,-0.235322033,29,80791.43727,1,0
1.71170848,-0.049910233,0.930873289,-0.239627881,1.396968567,0.423886918,63,42591.49991,1,1
-1.371901143,-0.589915396,0.255559699,-0.432283329,0.134860218,-0.56484545,26,65364.28707,0,0
-1.613561398,0.331038903,0.857291504,0.055154557,-0.007475705,0.107883907,62,41763.23252,1,0
1.471170327,-0.809346685,-2.01629431,-0.078511705,-0.744769312,1.195621819,53,65004.72518,0,0
-0.209323677,-1.025723395,0.315496808,0.230768539,-1.531780039,-0.16185364,26,64383.2119,1,1
-0.669072739,-2.064865278,0.653864505,0.943097037,0.760938483,-0.874521114,50,52904.81956,1,1
1.039904687,1.221804685,-1.350797423,0.593023477,0.352978575,-0.966882668,57,63501.83287,0,0
-0.60561554,-0.399770511,0.862057591,0.954589841,0.377444141,0.07361809,51,63776.81038,0,0
1.826009714,0.157145784,-0.111518897,-0.84773423,-0.599327103,-0.807553112,41,58774.81711,0,0
0.677925871,-0.002238116,3.071336702,-0.508614894,-0.145768446,-1.432741054,70,56931.0142,0,1
-0.487911408,-1.067433933,-2.177236069,0.653596684,0.791070986,-1.198588228,62,39534.40437,0,0
2.157308213,-1.259064911,1.369114368,0.671477671,0.98211263,1.175099704,62,43639.27263,1,1
-0.605714923,-1.005315126,-0.394158097,-0.678620618,-1.178471616,-0.142372403,50,50786.62582,1,0
0.742095372,-0.723168439,-1.617151714,0.611583926,-0.633348071,0.057763827,50,44869.8306,1,1
0.29929258,0.366606247,-0.526955144,-0.943532117,-1.389883422,-0.966609204,46,51400.67803,0,0
1.301741289,-0.795717664,0.277479241,0.481055724,0.201264413,-0.581494047,55,58857.64934,1,1
1.561511197,1.746490632,1.03746667,-0.026296201,0.884338312,-0.613754643,65,61323.74974,1,0
0.032004149,1.027151036,1.721964288,-1.384435604,-0.278715517,-0.276769137,66,68425.16563,1,1
-0.75341787,0.80835955,1.421893089,-0.434073822,-0.662856631,-1.658398834,30,62353.25196,1,1
0.459972143,-0.119658902,-0.965382021,2.18226781,-0.335301854,1.089674966,35,61785.11888,1,1
-0.67771537,1.514280736,1.130164692,0.202780363,2.306313315,-0.016425144,52,68046.0948,0,0
2.013387248,-0.218005631,0.391284957,2.300449977,1.1919281,0.202086085,64,46246.68195,1,1
0.136535331,-0.031261414,-0.654603021,-1.44392653,0.730997173,0.914338384,19,47501.33329,1,1
-0.365321551,0.16997454,-0.211910593,0.750741793,0.320067896,0.837742547,42,54401.83598,0,0
0.184680306,0.701823041,-0.709842659,-2.534336192,-0.012741465,-0.575080926,23,49541.94033,1,0
-1.34712629,0.636908079,0.037092342,-0.000235485,-0.906632164,0.604467425,42,33703.95648,1,0
-0.971614039,-0.475125278,-0.729657882,0.631217378,-1.061690424,0.594178838,70,68639.80193,1,1
1.200413908,-0.532993719,-1.027994073,0.837890095,-0.567910677,0.315980932,37,45025.22601,1,1
-0.656894279,0.639902957,0.479119128,-0.799269725,-0.95377988,1.061120678,31,87174.09457,1,1
-1.046910983,0.715236584,0.628730548,1.039090422,-0.607812962,0.799532161,67,62480.51472,1,1
0.536652753,-0.393351125,-0.187597,-0.53371476,-0.101895626,0.727369613,21,37474.1134,0,1
1.185704155,-1.58718807,1.367651304,-0.164097251,-0.025301589,1.365281123,25,70003.99979,1,0
0.718953311,-0.207316096,-0.260430586,-0.433322219,-0.620381275,0.028659457,51,60499.16645,1,1
0.996047686,0.623525799,-0.302774545,-1.136389351,0.495209555,0.057768899,45,64364.71887,1,1
-0.756795089,1.805416846,0.660488982,1.569719587,-0.189006372,0.819203518,19,52536.50353,1,1
-1.421810667,-1.197957962,-0.132425585,0.048017817,0.214698631,-0.178453825,34,46031.31325,1,0
1.501333652,-0.426571253,0.084797729,1.087318379,-0.744590385,0.481607672,21,38080.94021,0,0
-0.322679839,-0.389403562,-2.520438471,1.044711242,0.692872555,-0.560107307,65,40769.98329,1,1
-0.250833016,1.355805339,0.016707385,-0.967940214,-0.5348461,-2.279496705,51,39478.50247,0,0
1.328194142,-0.0349415,-1.827195937,1.216127248,1.608554237,0.59787398,44,54638.98461,1,1
0.556230009,-0.907326559,-1.220950571,0.503414244,-0.224991354,-1.548680337,36,59225.89011,1,1
0.455887772,0.558695283,-1.335322539,-1.040901864,-0.094684061,-0.699116127,45,36793.79557,0,0
2.165002345,-0.40463852,-1.042583154,0.448850831,0.593588486,0.820011738,55,73540.16816,1,1
-0.64351823,-1.224387273,-0.54885386,-1.022967885,0.811850193,0.831762598,51,62124.67118,1,1
0.927840128,-0.892773307,-0.486492616,1.606458368,0.91959368,1.175271888,49,96406.75456,1,1
0.057013125,1.734041954,0.664275204,0.813786745,1.775588033,-2.019721957,58,53923.5182,0,0
0.268592279,0.384209222,0.222387814,-0.071148562,0.661885523,0.296013418,48,93494.57069,1,1
1.528468426,0.107760055,-1.901074429,1.264803618,-0.066986489,-0.257685234,23,71189.77703,0,0
0.507835756,-0.249893736,0.083294638,-1.581987645,-0.529645915,0.988215965,23,30609.85293,0,1
0.538296079,0.292148842,0.318255247,-0.7493413,-0.133828283,1.476359922,45,42139.93417,1,1
1.072507337,0.280235946,-0.328566516,-0.252419722,1.48401649,-1.308914963,25,64769.26142,0,0
-0.36495273,0.292168828,-0.060885977,2.235684681,-1.386966303,0.015882641,18,33786.13125,1,1
-0.839209667,0.11484509,0.190310125,-1.070482901,-0.819008116,0.832632149,33,46556.14959,1,1
-1.044809194,0.868798338,0.764599598,-1.707305942,-0.218986744,-0.337998345,59,36114.936,0,0
-1.966356589,0.023104346,-1.574879987,-1.444385514,-0.83231547,1.74569472,36,92080.67694,0,1
2.05620713,-0.977938836,-0.244317039,0.906215869,-0.408771985,-0.401469546,35,76479.41935,0,1
-1.103208366,-0.612422891,1.508336098,-0.594192271,1.806234538,-0.300201737,47,54915.25711,0,0
-0.221253624,-1.979018693,1.416661308,-0.159086664,-0.29809304,-1.073307456,33,82686.03442,1,1
-0.2768133,2.026817116,0.850936928,0.762832642,0.411648565,0.153920653,50,78868.62255,1,1
0.307406698,0.862754592,0.536824684,-0.158084628,-1.65819685,-3.018198334,45,79655.09787,1,1
0.815737213,-0.830070495,1.654634748,0.204146605,-1.102437269,-0.247764348,64,51610.03533,1,1
0.860473488,-0.281844849,1.917848002,0.535215148,0.93268361,1.268969486,33,55366.7116,0,0
-0.583077439,-0.636876474,-0.129079988,-0.430676392,1.668028439,-1.396766349,28,43551.11613,1,1
-0.167121714,1.542547211,-0.969432443,-0.16631706,0.221410597,-1.618302687,23,58294.28481,1,1
0.28257995,-1.419877164,-0.270292318,0.241955402,-0.306016259,1.116223348,31,47811.63672,1,1
-0.248691126,0.114476059,3.096695514,0.868179273,0.496161631,1.251702856,65,43888.05781,1,1
1.607345576,-0.108527843,-1.569356343,-0.792369264,-2.597434516,-1.355687522,53,76973.96051,0,1
0.490974952,0.826838631,-0.47053914,-3.020575922,0.229121344,1.732746025,39,70074.16825,0,0
0.734877786,-0.104009228,-1.412691152,0.679583149,-1.0461106,0.432451765,57,46763.79191,0,1
0.662881269,-1.758208877,0.124763863,0.927715919,0.794092982,1.048743863,40,74181.80535,1,1
1.173473857,-0.251117835,-1.202691029,0.200034162,-2.192298908,-0.791869832,48,64632.27072,0,1
0.181021559,-0.972162218,-0.108751023,0.268293219,-0.628375976,1.489058981,45,55269.53922,1,0
-1.296831948,0.079579547,-1.95009516,-0.564309894,-0.040975838,-0.268016257,36,83861.41224,0,1
0.399687952,1.434177037,0.617620665,0.500183422,-0.761791183,-0.312034923,68,64580.74048,0,0
-0.651356894,-1.739425244,1.222345256,0.85316682,-0.3754844,0.482377919,39,86662.81513,1,1
-0.528616682,-0.800222735,-0.383943622,0.056496341,0.904434351,-0.392025127,18,68488.56913,0,0
0.586364019,-0.552692954,-0.135130007,2.49124833,-0.024496015,-1.520706242,20,69778.08417,1,1
1.238283071,-0.381631095,-0.163407231,-1.563741088,-0.930580805,0.131767492,25,43862.21657,1,1
0.021271577,0.740125664,0.180910675,0.162961671,0.940400066,-0.318243035,30,51643.44639,1,1
0.308833013,-0.173544418,-0.038169587,-1.174352962,0.250980869,-0.767911281,68,81861.96109,1,1
1.702214945,0.415802726,0.768116952,0.879845924,0.29248748,1.240527155,18,77429.04882,1,1
0.240753179,-0.625773044,1.233039133,-1.581475428,-0.892511025,2.392326681,46,54625.00416,1,1
2.601683114,0.229924345,-0.814071222,-1.333921543,-2.547606673,-0.919125189,30,39705.93872,1,0
0.565509646,0.777797631,-0.309328493,-0.633186941,-0.906131233,0.197441085,59,84896.60925,0,1
-1.760762759,-0.73229955,0.901619449,0.26583217,-1.007868578,-0.398439595,46,75999.64109,1,0
0.753341621,0.78135812,-1.421669048,-0.595471389,-0.613296957,2.288399376,47,42833.62333,0,0
0.381158385,0.052372769,-1.970721282,-0.585441263,-0.841855666,0.491734785,33,42831.77704,0,1
1.289752754,1.04546024,0.226315953,-0.180890455,0.112698509,0.926955712,58,87503.28232,0,1
0.673181351,-0.2014199,0.496346411,-0.242240159,0.880877471,1.181832557,51,52385.74696,1,0
-0.138455984,0.381244655,-0.722300188,1.487449388,1.076161427,0.130153855,57,52652.47838,0,0
-1.224298236,-0.040606232,-0.578651054,0.68591112,0.837211858,-0.186383341,20,49792.13106,0,1
-0.209023257,-0.096212262,-0.760192322,-0.32457674,-0.897624976,1.518932315,46,65332.04937,1,1
-0.850520454,0.258930428,-0.866925239,2.097011911,0.058900793,0.777888376,47,38995.8692,1,0
-0.58052345,0.536807469,0.693495821,0.491661175,1.565165848,-0.845899508,69,63563.93989,0,1
0.588578404,-1.249564912,-1.180498487,-0.968962055,-1.584734333,-0.724211364,51,38898.9411,1,1
1.669904504,1.433633609,-0.265522861,0.25651374,1.348230044,-0.389653174,21,39004.44891,0,0
0.39467153,-1.859663041,-0.905336168,0.535512545,-0.996103336,1.159218557,65,39515.47655,1,0
-1.195883062,-0.68481211,-1.455288976,-0.687624719,0.293765288,1.473447477,25,40092.38044,0,0
0.444602668,-0.094269071,0.870178175,-1.052508911,0.412785117,2.151728299,64,70835.46266,0,0
1.196631487,0.412355969,-0.519825222,0.08645909,0.189913037,-0.708703293,65,70840.36698,1,1
-0.609782904,1.576172528,0.18844008,-0.360221771,2.228472894,0.140206524,35,57559.46051,0,0
-0.134017167,-1.858291488,-1.50807588,1.479127888,-0.3008319,-0.400201783,39,50526.57312,0,1
0.014688195,-0.507694128,-0.741939454,0.741155824,-1.639487875,-0.182345676,27,80726.96302,0,1
-0.784898313,-2.126833488,0.756087881,-0.640775274,0.356447068,0.929878854,68,70422.59426,0,0
0.648280434,0.031621974,2.587271456,0.425938111,-0.170039985,-0.045879011,31,42319.71381,1,0
-0.120948149,0.271683585,-1.976216064,1.267128143,0.554801208,1.315857672,68,65258.40121,1,0
0.419532444,1.590795742,-0.201107795,-1.393804446,0.882095242,-0.516298447,63,64484.79549,1,1
-0.887492178,0.120634761,0.412280598,-1.022778241,-0.033689672,0.741416351,48,70776.76198,1,0
-0.4374583,1.044025129,-0.616100153,-0.011168617,0.436310431,-0.442756618,52,101235.116,1,1
0.722381358,0.583837082,0.849521987,0.035601968,0.144237932,-1.8372243,63,47723.51887,1,0
-0.372833152,-0.435248197,-0.866732671,-0.052197505,1.791887444,-1.021468467,19,68316.34785,0,1
1.726963851,-1.408960747,0.15384766,-0.310777179,-0.370561753,0.12412973,19,82440.29332,1,1
-0.399636186,0.275002298,-0.522071904,-0.326060322,-0.687070198,1.921497821,52,85773.65256,0,0
0.224684726,-1.492102017,1.219431083,0.384258137,0.880730903,-0.459587546,51,62708.24365,0,1
0.932590832,1.295207073,-0.676364503,1.133942554,-0.929179815,-0.169188429,46,40385.35599,1,0
-1.418365733,-0.162062102,-0.351873796,-0.48095273,0.392157806,0.489669759,23,33076.55027,0,1
-1.760808812,1.195177412,0.945689037,2.438399345,-0.169589154,-0.59942132,21,72397.01795,0,1
-1.525656315,-0.480214434,-1.028038659,1.960691436,-0.101320685,-0.483759072,18,65137.93416,1,0
1.262584103,0.268850786,0.068750057,1.32925563,2.437304624,0.072114478,52,61921.92855,0,1
-0.551858146,0.209348857,-1.822534344,0.622483335,1.234086745,-0.436566336,65,64239.68497,1,1
2.558199286,-0.045044118,-1.087933459,2.007988106,1.021579533,-1.782992902,64,74677.73868,1,0
-0.564247599,-0.432659513,0.382131276,-0.290115365,0.53057064,-0.65017004,43,68195.15109,0,1
0.184551303,0.392456018,-0.99069751,-0.832604412,-0.691514121,0.614919687,46,65799.83041,0,0
1.542109953,-0.926163263,-0.544572932,-0.525972059,0.261481687,0.646003094,28,51096.25918,1,1
2.006092888,-1.209435329,0.493086402,-1.002942803,0.583324301,1.3362337,68,75592.18628,1,1
2.061503577,1.242826893,-0.579186141,0.121801322,0.19898543,1.255536012,21,51340.49341,0,0
1.208366231,0.727167989,0.822842073,0.299830464,0.094750327,-0.900187624,39,74516.19607,0,0
1.024062526,0.065891609,0.215662787,0.200839839,-0.397449299,-0.745416449,50,54110.17826,1,1
0.592526949,1.665142383,0.435683112,-0.012431352,0.27345865,-0.701281093,51,68841.43736,1,0
0.778361076,-0.267765519,1.240965599,0.133154528,-0.525571351,-0.152061621,48,86454.18215,0,1
-0.551185716,1.32270322,0.319823063,1.736323809,0.70342318,-0.623270116,27,69908.59334,0,0
-0.818198883,0.175574085,1.53884729,0.620051868,-2.015771201,-0.174527033,52,81245.24684,1,1
-0.003374457,-1.02475075,0.911262283,0.922508797,1.358743566,-0.872196991,70,54428.49164,1,0
-0.170184623,1.848040192,-0.52345243,0.190789937,-1.311665902,0.784405431,45,61442.41104,0,0
-0.453228049,0.990710847,1.293148075,-1.615588698,-1.067255024,-0.948063628,40,54680.78935,1,1
0.696387447,-0.121021031,0.263866021,-1.81388247,0.408854186,-0.997571917,66,35104.49744,0,1
0.955305209,0.72717126,-0.394679709,2.08280999,0.53994183,0.520229119,29,76030.6534,0,1
0.088406886,-0.403703434,0.278385695,-0.531822275,2.078277976,0.722299971,46,68533.16753,0,1
1.477530081,0.829149035,1.112326824,-0.616751344,0.296284529,-0.225122382,19,67468.83047,1,0
-1.141689114,-2.391078565,0.455045094,0.245663241,-0.040454766,0.868988155,30,78476.48811,1,1
-0.193659459,-1.019801334,1.822392833,0.550402978,0.191299379,0.796787606,53,42968.82642,0,1
-0.716822321,0.979259744,1.086530558,0.676862137,1.590487761,1.89913879,64,39369.51977,0,1
-1.866536617,-0.249655538,0.523160033,1.774418533,2.424399991,0.732926135,43,78620.50819,1,1
-0.082680686,0.207542295,-1.026068083,1.500736383,-0.184800299,1.707203085,34,58944.87871,1,0
-0.121747508,-1.346785662,-0.179732514,-0.810933225,0.542772416,0.061929171,60,63222.75762,0,0
1.513449743,1.847866996,0.07166414,0.968734573,-0.074389184,1.399626176,50,37993.47434,1,1
0.630811685,1.190529644,0.696631501,-0.384090918,-0.094266341,1.420766382,39,82081.87394,1,0
-1.024186824,-0.200685218,0.637333041,-0.137508744,1.879050624,-0.14261374,19,70068.83176,0,1
1.854092566,-0.404695857,0.16954041,-1.093989206,-0.925731724,-0.688540381,27,51365.99457,0,1
1.221033696,1.029604361,0.120349915,-1.693072854,-2.334281209,-0.512675828,56,91285.5313,1,1
0.582097703,1.98247045,0.720456895,-0.031561713,0.317444359,0.415124164,43,39547.99189,1,0
-0.226484099,0.953760256,-0.858586226,-0.955981916,1.201006529,-1.149707008,47,55058.74739,0,0
-0.959439237,2.171802667,1.695515819,0.927813679,0.219896626,-0.453730866,39,74804.42038,1,0
-0.372206776,-0.922351329,-2.047166885,-0.281078244,0.502203551,1.197230337,28,77299.1587,0,0
1.08874862,-0.81938683,1.455409482,0.308590219,0.752393381,0.666833965,39,37602.98328,0,0
1.884586306,-1.188941118,-0.045185528,1.367525754,0.110911073,-2.35263901,41,55749.47087,1,1
1.543243528,0.44176065,1.002579814,-1.485295182,0.556307623,-1.332647064,46,71186.97376,1,1
-0.488849422,0.17560355,0.363840434,-0.724617389,0.539611899,2.15888638,68,82095.89995,1,1
-1.119617433,-0.151951123,0.346034411,0.180883625,-1.958604597,1.179567408,27,80833.85899,0,0
0.140886247,0.809258628,0.554254476,0.312524816,0.113866894,-0.582927215,51,70506.51995,0,1
-1.768439366,1.232328605,0.809054289,1.103497501,-1.572782833,-1.48843217,63,61345.29588,1,0
0.323167714,-1.525662409,-0.328830827,0.867153129,-0.038171505,-1.249507063,42,57309.36517,0,1
-0.147602586,-0.596972028,1.034799131,0.096933626,-0.495280949,0.509161043,38,67471.79641,1,1
-0.466036502,0.820143594,-1.084470624,0.303404671,1.034011254,1.976928357,56,81510.2898,0,0
-1.594703067,-0.467738684,-0.005330573,0.331075891,0.244412759,1.91325751,30,56789.68513,1,1
0.513600107,-0.798206076,0.835969924,-1.469712365,0.473192846,-1.575685493,19,55902.43991,1,0
-0.53270084,1.018537428,0.99501758,-0.156375477,-0.191450718,-0.295771277,23,77178.80164,1,0
-1.169916836,-1.28950007,0.460788848,0.248473218,1.052181263,-0.857047716,18,75924.13775,1,0
-2.872262213,-0.301579808,-0.393392438,0.458550859,-1.597325341,0.136950307,45,52501.56774,1,0
-0.027514905,0.328644026,0.896707778,-0.92436344,-0.895502452,-1.331060812,39,40218.63607,0,0
1.772251597,-0.573819914,-0.669366239,-1.268797913,1.286307122,-0.545818377,28,34298.34531,0,0
1.661259215,0.783155656,1.751409074,-0.234532593,-0.435648499,-0.867261118,56,61952.48838,0,0
-0.457096257,-0.568876975,-0.084670897,1.967366111,-2.145832005,0.523604586,22,43431.03866,0,0
-0.60221206,1.408619493,-1.539625694,-0.819247513,1.452641277,-0.514858871,35,73443.91069,0,0
0.468774256,-0.125746297,-1.194683468,1.173928247,1.076936071,-0.371177695,37,34248.96888,1,1
-0.998385439,0.671270137,0.043643637,1.584739643,0.710969407,0.510918469,29,84204.45139,0,0
0.3017919,0.746023953,0.139825271,0.045466526,0.094406007,1.642520838,38,54948.05763,1,0
0.766080278,-0.627540003,1.969656685,-0.679847935,1.660747018,2.115775505,44,48019.02972,0,0
1.226933224,-2.053486549,-1.038499338,0.512819564,1.258618429,0.456012675,67,51882.64319,0,1
-0.100154076,0.360755755,0.039462199,0.194990292,1.547856069,-0.088573992,58,47028.4863,1,0
-0.20367375,0.072288347,-1.059421407,-0.85910398,0.69550048,1.316247307,51,82720.56413,1,1
-0.877982587,0.555826028,-0.492654853,-0.658802826,0.122795851,1.167164547,35,70074.44758,0,1
-0.826880354,-0.226527472,1.68397203,0.453579852,-0.399164871,0.881810933,51,61452.76876,1,0
-0.226478892,-0.430427699,-1.136336223,0.933440408,-1.268923842,-1.579340431,19,41956.80766,1,0
0.367365507,2.008473011,0.587042424,-0.322790201,0.502045615,1.208175403,70,59174.35552,1,0
0.913584626,-1.472354062,0.392907359,-0.069133565,0.585357335,0.358201359,31,48440.66021,0,1
-0.803178951,0.733950478,-0.024171426,0.668638571,-0.349781332,-0.89370231,56,30000,0,0
1.492688569,-0.574601858,0.519436623,-0.172486884,0.613681028,-0.671876057,18,49595.91228,0,1
-0.271123601,-0.335778618,-1.160020382,-0.299326973,-0.332177832,0.582032289,45,69078.59611,1,0
-0.021367294,-0.317102833,1.656322508,-0.75534082,0.867427691,-2.511638644,58,53607.90919,1,1
-0.747211679,-0.803434274,1.924845495,-0.772684623,-0.882107293,-0.125473164,44,57825.1569,0,0
-2.42424026,0.57122421,0.047104698,2.668882758,-1.055111535,-0.655062559,47,75614.91093,1,0
0.884045396,1.390643596,2.423106131,-0.19620166,-0.240578727,-0.756940912,39,72929.27112,1,0
0.736843897,0.470013661,-0.399027932,1.365058322,0.828785396,-0.457193126,29,89413.75819,0,0
-0.281327557,0.103381996,0.400431994,1.683993338,-1.158785465,-1.479400371,18,30000,1,0
0.066990717,-0.986440499,1.431889064,-0.183582289,1.049687019,1.052480044,50,47365.6839,0,0
0.515939218,0.516825266,-0.45900446,0.368429808,-1.642588134,-2.127894845,58,73622.12552,1,0
-1.562545857,2.156349632,-1.381549059,0.102478482,-0.246745876,0.169287542,65,66470.93082,0,0
-0.529052677,-0.380694624,-1.611717066,-1.612182351,-1.413076127,-0.847557879,66,61491.99418,0,1
0.79426468,-0.375983579,2.060826564,-1.551973012,-2.609899364,1.98357868,18,50928.12879,0,1
-1.254289423,-0.561089131,-0.529024651,0.048848467,0.366451805,0.022686438,22,63396.77207,0,0
0.293557932,-0.489414234,-0.185736763,-0.424913539,-0.177811109,-2.12333281,65,62533.30261,1,1
-1.356581805,-2.745299554,-1.112764078,1.891580338,-1.397098933,0.546821077,22,32220.12518,1,1
0.466429982,0.405035386,0.948339279,-0.236572939,-0.516613858,-1.092576711,24,63204.50681,1,1
-0.035641482,-0.845552176,-0.781559859,1.950928997,0.441825227,0.984889061,37,52244.54383,1,1
-1.615131816,-1.610263119,-0.491263028,-0.476391396,-0.368149667,0.617722666,43,72615.96383,0,0
1.164739354,0.75318995,0.299520419,1.912200421,-0.198681116,1.472595497,66,65169.846,0,0
-0.734591577,-1.082017785,-1.064045927,0.506424497,-0.39845657,0.18703175,23,89338.57928,1,1
-0.810252437,-0.338669054,-0.17858227,0.563291896,-0.582302131,0.819148793,43,59998.89879,1,0
0.200569197,1.466442391,1.40220959,-0.511763957,-0.595337275,0.042754156,20,43630.3332,1,1
1.148637349,-1.409215798,0.428254398,0.57691718,-0.624697366,-0.58965379,56,30000,1,1
-1.015821819,-1.532598235,0.130542292,1.692713433,-0.753142876,1.065754932,31,45925.8641,1,0
0.06167985,0.26930619,0.214864709,-0.144827494,-1.017294598,-1.230483971,66,65660.27042,0,1
0.4288165,1.149487364,-0.389135096,-0.339396815,-0.379712318,-0.036307221,31,69493.06172,1,1
0.693105607,-1.574341718,1.99615232,-0.246762539,-0.639927852,-0.568565572,37,50921.95713,0,0
0.176441555,0.407689737,-0.812157131,1.620111605,-1.071698631,0.842094067,61,53548.05745,1,0
-0.367027839,0.58099954,0.210926162,0.855351207,0.766014655,-0.946680645,26,61049.04494,0,0
-0.827590221,-2.059160484,0.115025566,1.44767999,1.232635972,-0.408832593,23,65700.79814,0,0
0.086143883,0.798501338,1.008762507,0.31362271,-0.000102775,0.043913502,19,75301.22533,0,0
-1.072139012,0.87660588,1.103173939,0.039319357,0.066472988,1.487723052,55,51186.34243,1,0
-2.921350483,-0.311785573,-0.032018804,0.423944039,-0.692563966,-0.532516307,58,48860.53253,0,0
0.436559804,1.252346362,0.290666493,1.070158534,1.067031357,-0.400892075,60,90371.88654,0,1
0.903934841,1.136455574,0.328534754,-0.247118243,1.738181115,-1.348201693,50,86748.42719,1,1
-2.362932436,0.103117926,-2.272141656,1.368676993,-0.163793829,-0.982994764,61,52058.60738,0,0
-1.009730705,-0.45144539,-1.588989602,0.365830557,-0.521446528,0.412981252,22,77138.08667,0,0
0.619154261,-0.972827893,-0.605063691,-2.406278138,0.341475266,0.032068509,30,93070.63138,0,0
2.05749547,-0.037563509,-0.561598676,0.883493427,0.128931044,0.048103148,32,79754.37508,0,1
0.020793708,0.56975892,-1.199282422,-1.272305013,-0.500155475,1.741214932,62,48556.35449,1,1
-0.728002941,-0.324176861,0.749582571,0.859172761,0.471195833,-1.672277913,51,61572.18758,0,1
-0.182896441,-2.197501005,0.002118421,0.901517998,0.938157607,2.317821643,26,33722.82303,1,0
1.374876419,1.268713895,-0.214694547,0.329892597,-0.785818401,1.178274681,43,45525.79707,0,0
-0.645964179,0.190223222,-1.256155275,0.543680899,2.54203398,-0.325793001,47,59770.48057,0,0
-0.799192007,-0.379624497,-0.044544864,1.098870788,-1.532942157,0.391232787,39,63296.33711,1,0
-0.482743522,0.857158388,-2.626684756,-0.495627674,-0.851690726,-0.682845084,42,49605.13828,1,1
-0.953328608,1.524638596,-0.162956311,0.79342966,0.23396803,0.319233209,57,30000,0,0
0.122670316,-2.801911569,0.063183669,1.163023303,2.246873118,2.149843399,21,62903.44286,1,1
1.624678458,0.43426365,0.241914984,1.760082598,-0.562590692,-0.646288208,64,70922.5744,1,0
0.323079273,-1.426649211,-1.564101763,-1.105780286,-1.065746313,-0.232005608,45,71491.84678,0,0
-0.252353502,0.499110507,0.224816737,0.408516065,0.549241478,-0.756766221,54,56912.22249,1,0
-0.291811269,0.127927202,-1.04143127,-0.961489199,-0.248594408,-0.596113612,27,57972.57666,0,1
-1.563190809,0.635726526,-0.812469832,-1.003922018,0.665255695,-0.402694031,26,63697.58463,1,0
0.883109777,-0.499247614,0.717931386,0.359027772,-0.07078055,-1.094885589,53,66133.48731,1,1
-0.077837197,-1.873240112,2.014113723,0.077455815,-0.857166542,-0.263612067,18,58598.26013,0,1
-0.180479914,-0.450368191,0.051358759,1.145001479,2.34887597,0.054232396,47,30000,0,0
3.193107568,0.406847635,-0.817095459,-0.34617645,-2.954390599,-0.403149905,28,80955.71359,1,0
0.298752908,1.015392329,0.188670448,-0.134051436,1.82023875,-2.299095349,42,53034.92973,0,1
-0.75179105,-1.1718313,0.939029157,0.211504262,0.933261904,-0.154317707,28,41641.50645,0,1
-0.426357596,1.027060427,0.620997566,-0.861828851,-0.745589292,-0.047271622,58,54111.2324,0,0
1.148445709,-0.64787229,2.743112872,-0.723069845,1.872420105,1.897541695,22,61675.29312,0,0
0.113270411,0.362449882,-0.715337569,1.116098666,-1.371419199,0.02681872,44,50863.77412,1,0
-1.438277978,-0.509893953,0.25223148,-0.548955041,1.008110962,0.935586073,40,51899.41631,0,0
0.919228935,0.182170628,1.548917953,1.182476566,-2.082645113,-0.425699708,36,55130.46783,1,1
-0.668144086,0.891877635,1.486159237,0.607312581,-1.145878193,1.298174339,70,65427.17803,1,0
1.873297776,-1.227014077,-1.950077927,-1.547531025,-1.148361826,-0.944543147,20,48015.16707,1,1
1.080048066,-0.679905897,-0.00335762,0.530378692,-0.75065666,0.504989201,25,65061.63736,1,1
-0.447321896,0.184962587,1.484520766,0.522479823,0.011581115,0.840365381,65,39295.81261,0,0
1.281016362,2.401583661,2.89064299,0.422928609,-0.825976364,0.693606126,66,90088.28177,0,0
0.067855511,-0.863189712,0.703795884,-0.141876726,-2.036410952,2.16414981,53,76084.73968,0,1
0.852773675,2.040133886,-0.367863294,-0.940067455,0.463450769,-0.584364658,32,55879.95909,0,0
0.484732817,2.004423304,-1.009203152,1.346212766,0.048950923,1.41378331,30,65021.25001,1,1
-0.846356655,-0.097311151,2.218743358,-0.101579589,0.408927341,1.155645123,47,42477.46374,1,1
-0.643549832,-0.298152526,0.728741586,-0.88340616,0.171917909,0.049466408,58,68427.32518,0,1
1.029960818,-0.692065199,-0.848066927,0.457468686,0.954235282,1.83926104,27,72681.12837,0,1
-0.334775332,-0.06820253,-0.203156366,-0.742779971,-0.075482353,-0.146558154,51,63994.90955,0,0
-0.403648463,-1.406719433,0.310186517,-0.949086028,1.012520635,0.022316557,47,73534.26479,1,0
-0.955122579,-0.076239017,0.543806654,-0.375472612,-0.775696648,-0.005483638,42,59894.5251,0,0
0.423599066,1.496880274,-0.899618658,-0.665397764,-0.718670379,-1.273185691,23,58479.24644,1,0
2.062524919,-0.611085062,-0.614190418,-0.912242252,1.376039395,0.761514034,69,50101.97519,0,0
-1.067532914,-0.240724304,-1.652934562,0.806411762,1.355668658,0.605398142,54,68338.55485,1,0
0.024219457,-1.701140474,1.03976229,-0.113827814,0.573742143,-0.10467932,34,47451.62217,1,1
1.412220555,0.374062088,-0.341618467,1.252279946,-0.889107913,1.762534547,53,66215.38393,1,0
-0.079641391,0.264481685,0.466321649,-0.854509478,-0.969632435,-0.437220057,57,64548.33836,1,0
0.452371796,0.06370236,1.422258509,-1.727561038,1.328063962,-1.729797415,49,80159.74966,0,0
-1.062393528,-0.21682705,0.219870142,0.148770349,1.272664928,1.902205971,39,68752.54292,1,0
0.428307097,-0.292757919,-0.112970476,1.855978922,-0.063579358,1.011109307,50,33647.96281,0,0
-0.187144265,0.501900234,0.193921477,0.530986829,2.341884927,0.626041662,39,50047.2165,1,0
0.985729996,-0.028816602,0.063193604,3.215374196,0.458900072,-0.339445367,53,49657.7067,1,1
1.187386052,0.314971872,1.246164998,0.332059121,-1.107199374,0.342091601,35,49021.73972,1,1
2.589563642,0.214982817,0.310838398,0.235552211,-0.2756311,-1.260378294,45,74499.01772,1,1
0.579633173,1.123427287,-0.54440102,-2.155362671,0.005470578,-0.225142984,30,30000,1,1
0.325796317,0.676994097,1.047849057,0.427947441,0.086398637,-0.903697543,35,81366.79989,1,1
0.194384302,0.192861843,1.230484356,0.16866776,1.250003218,0.261881264,40,74978.02308,0,0
-0.353166293,1.518422031,-1.338330627,-0.407421198,-0.956288913,0.923468459,52,62786.31807,1,0
0.338483843,0.420268529,1.532783885,-0.136778867,-1.331512299,-1.047625186,35,65237.98591,1,0
-0.29540141,1.304962689,0.364711773,-0.068100574,0.602323683,0.724912681,27,61125.15876,0,0
0.168460976,0.606942608,0.28326995,-0.179929153,-0.506984509,0.19974826,68,62378.7398,1,0
1.317597536,-1.841919079,1.006624632,2.089714963,2.423506123,0.683852382,19,76895.1516,1,1
-1.006542565,1.304834763,-0.566976391,-0.370862028,0.943220381,-0.242224765,31,56644.44237,0,0
1.139878561,0.135176241,0.954164514,0.169313724,-0.525396452,0.704015403,49,69005.08916,1,0
1.317115067,-0.051954771,-0.37677547,-0.403901083,1.212853739,-0.695806565,47,46931.22102,0,1
-0.118068527,0.281348347,-1.47495068,0.783431187,0.730410795,-1.682252097,36,67988.0619,1,1
-2.121854899,-0.344983162,-0.997756279,0.1767637,0.633697147,-1.453932005,22,55908.937,1,1
-0.607821987,0.22702886,0.567021833,-0.279910573,-0.122243932,-0.502766321,65,66419.78066,0,0
1.296994547,-0.591876066,-0.94546834,-1.925967946,0.420450852,-1.612523488,49,47031.43927,0,1
-0.022868062,1.274272259,1.610076123,0.243308225,-2.102957901,1.550372565,27,66738.68957,1,1
-0.999302232,-0.113588114,1.189283453,-0.309576274,1.317089404,-0.082831163,22,59298.43985,0,1
-0.504774921,-0.382583843,1.333439166,-0.060740657,-3.43606239,0.919272581,31,83472.80725,1,0
0.840620027,-0.924925816,0.12477858,-1.182457947,-0.442123094,0.787068356,56,63884.25617,0,0
0.546733568,0.268775789,0.257861617,1.433282173,-1.595710553,0.006417142,59,67398.48592,1,0
-0.238932099,0.1871071,-1.193711854,0.856743176,-0.500851141,3.536531655,60,53377.18874,0,1
-0.366824412,0.388424614,0.99578351,1.430705998,-0.074117272,2.927645236,36,64681.36608,0,0
-0.391758149,-1.027251888,0.379833455,1.146979301,-1.196793534,1.391892479,28,67110.1385,0,0
-0.922410184,-1.601181199,0.567305625,0.592317302,-2.774477243,-0.905188606,52,54686.38947,0,0
1.615375689,0.625591303,1.688311811,-1.142282509,0.207065724,1.432966863,56,53516.47649,0,0
-0.322320469,1.484641862,-0.605962984,1.843387164,2.086439782,-1.748532441,63,47900.66362,0,0
1.217158521,-1.026353622,-0.12614155,-0.927635151,-0.351280167,1.396746418,55,58859.22539,0,0
1.521316052,1.589441284,0.326670922,-0.268407624,0.959330956,-2.556121781,39,50202.61497,0,1
0.998310898,0.283911059,-0.935435405,0.706902281,1.504384838,-0.318956536,69,64383.85297,0,1
-0.431620313,-0.007062905,-0.187598821,0.756540787,-1.900037925,1.209124235,62,48143.92272,1,1
0.40373009,-0.397548697,0.49294981,0.572236727,-0.457275151,0.385199978,63,58162.62198,1,0
-0.024195606,-1.384518019,-0.325421271,-0.400288481,-1.276385612,-1.478575003,47,45813.72445,1,1
-0.903701861,0.987728516,1.30898941,-0.606931627,-0.806277038,0.170298683,69,77165.88612,0,1
0.324359282,-0.775606361,-1.510924562,2.534532569,1.702011701,0.385623913,47,60372.75078,0,1
-1.179039791,-0.779806676,1.12277124,-0.039313938,0.223679486,0.204785447,64,60238.85321,0,1
1.187679388,0.99192631,0.661185475,-0.161771385,0.788823601,-0.407280056,67,68932.19921,0,1
-0.464617297,-1.882983447,-0.568828588,-0.713556491,-0.043899106,0.855081449,28,86628.67409,1,1
0.201159656,-1.523597811,-0.924408568,0.244670349,-1.210552646,1.144911587,39,61216.43431,0,1
0.283287872,-0.018134244,-2.080282617,0.198022801,0.678115697,-0.154190068,27,37636.63826,0,1
-0.258904974,0.293284429,-0.795175012,-0.016226209,1.252575371,1.519654834,60,77729.02786,0,0
0.586693801,0.484734648,1.047176655,0.381726647,0.317374216,-0.156260728,36,39640.28817,1,0
-0.474903657,-0.301798493,-0.056085726,1.763537502,0.489124362,-0.489814355,32,52553.40567,1,0
0.871297297,2.530369669,1.16298088,-0.595052706,-1.234801386,1.356910027,52,77887.79401,0,0
-1.34597968,-0.227892559,-0.619871071,0.043083742,0.706863633,1.320423023,52,54971.65706,1,0
0.12637958,-0.230786152,0.70710616,-0.647848453,1.346013823,-0.620108801,18,51415.94626,0,1
1.938928999,-0.796986669,-0.717498602,0.294698361,0.404585474,-0.765250896,64,64219.52342,0,1
-1.000331325,0.123906817,-0.965575006,-0.568469501,-1.796783246,1.7643849,62,60145.28929,1,1
-0.677744971,0.614961232,-0.107127217,-0.525442991,1.635629501,-0.102661961,64,49599.2607,0,0
0.51390785,1.203578055,-0.664966511,-1.459523374,-0.944823894,0.003285734,70,73163.95488,0,0
0.179581782,-1.489284264,-1.542822149,0.097794783,0.387786827,-0.252247437,35,78419.63453,0,1
0.350630099,-0.245995338,-0.182314701,0.429769622,0.952976269,1.321610837,43,80818.83074,1,1
0.48918713,0.446703611,0.106435416,1.860476353,1.079618322,2.144171498,35,68276.41296,0,1
0.634721469,0.587057535,1.268358611,0.469502481,-1.800056812,0.069986629,58,49483.99791,1,1
1.109699842,0.006548658,0.936805677,-0.449684123,0.117217256,2.417722057,35,41170.80113,1,1
0.409818657,0.54242397,1.219943199,-1.359679088,0.051021611,-0.554507549,60,30000,1,1
-0.241257655,-0.808963893,0.720357498,-1.221287006,1.439028188,-0.282802036,35,75496.72202,0,0
0.672573701,1.557905432,0.332612759,-1.295628339,0.458723542,0.673087594,49,62918.53484,0,1
1.899881935,0.992628103,-1.228944906,1.878042035,1.448117661,-0.81699073,55,53716.26378,0,0
-0.132633746,-1.344927787,0.149872198,0.287810497,0.5399176,0.660212319,44,31000.47601,0,0
-0.974529305,-1.075103048,0.596793777,-0.582966219,-0.074166205,-0.51849468,66,42253.4801,1,0
1.107080669,-1.04692175,1.457437949,-0.959859605,0.193859422,-1.54412558,46,33517.532,1,1
-0.120381164,0.677969971,0.686288542,-0.85610784,1.523596917,-1.742503022,66,81628.57907,0,0
-2.172669546,-1.284727766,1.240383435,-0.609299395,-1.296931836,-0.323790324,58,69535.45593,1,0
0.847421677,-0.331024334,-1.031997891,1.316255216,0.90595451,0.417611696,37,40410.85554,1,0
-0.535328186,0.454704396,-0.326417626,-0.029943447,-0.627615991,-1.361189745,52,84526.04374,0,1
-0.090533282,-0.066165935,0.429350714,-1.447466417,-0.842479084,0.178591422,40,49167.86117,1,1
0.331980331,0.258887516,1.160952691,2.310459275,1.023426367,0.18142172,29,65239.19639,1,1
0.19049968,-1.065802711,-0.145228646,-1.140161139,-0.883087255,-0.167642066,70,65274.28998,0,1
0.709451817,0.594854373,-0.082445959,-0.59083531,0.377074717,-0.926246982,52,58591.38972,1,1
-0.435486371,-0.613211892,0.687140306,1.310144388,-0.488941422,0.240236924,53,55453.6215,0,0
0.513105798,-0.324619674,-1.125870827,0.415149633,-2.356936696,-0.142335838,59,60509.91909,0,1
-0.259546678,0.237731728,1.60740455,-0.469923,0.47771598,0.981743341,45,55800.31144,1,0
0.738810481,0.103078222,-0.879136093,-1.231366926,0.126321273,-1.29280652,54,63736.49228,1,0
0.615367484,0.023980019,-1.918589424,-0.966690109,-1.910080514,0.113964933,37,64331.78609,0,1
-0.935438702,-0.750626822,0.010067009,-0.906496119,-0.698589542,-1.271843083,52,52136.62086,1,1
1.085982116,-0.299549411,1.698458702,0.007031798,-1.806992117,-0.23707399,24,76518.6777,1,0
-0.535963445,0.002183591,0.58645313,0.191061817,0.731689887,-1.095079988,51,47444.44743,0,1
0.808057798,-1.375085233,0.751090543,-0.148654629,1.387993203,-0.917279233,23,65853.01695,0,0
0.367287313,-0.462532966,0.041385762,-0.039213814,0.849490605,-0.003846149,36,54909.33389,1,1
1.838183677,0.387679879,-0.152377497,-1.050723195,0.989130157,-0.5656263,59,46965.10304,1,1
-0.223465982,-1.277436604,-1.54490937,0.293136106,-0.517830406,1.466694834,25,55838.72692,1,0
-0.349316796,1.156581652,-2.259386258,1.280518637,0.546928011,1.179164796,65,50087.57864,0,1
-0.019419606,1.269613263,0.196272338,-0.162791682,-0.00906863,0.804752278,47,69880.96399,1,1
-0.303179783,-1.245150576,1.312549194,-0.182286706,0.185314516,0.784955461,19,58581.71858,1,0
0.799941902,1.357619633,0.344133705,0.083001052,0.95743146,0.130263904,33,80538.2836,1,1
-1.616310608,-0.143581589,0.623599527,1.11820486,1.175487421,1.304796027,70,45728.83268,0,0
-1.053682419,0.418514559,1.583717546,-0.894722999,-0.38975639,-0.294042784,63,30000,0,0
-1.067802922,-0.496651052,0.328766851,1.450847336,-1.407644811,2.119371936,41,65921.38224,1,1
0.950307592,0.923044827,-0.1226551,0.421222239,-0.187404535,-0.942191486,42,85839.5928,0,1
1.710613373,0.406094019,-0.818524806,0.028680696,-0.219273285,-1.128825593,30,67331.93606,0,1
-0.104449219,-0.814153257,2.022212563,1.213238837,0.28459788,-1.394974168,26,45863.86354,1,0
-0.168821723,-1.165202,0.526547779,-1.182062074,0.832995918,-1.220866639,47,44656.19631,0,0
0.070052163,-1.460302435,-0.943601716,0.522045536,-1.914581965,-1.629355832,26,90387.49836,1,1
1.161878303,0.187941776,-1.171167668,0.430309565,-0.670913551,0.214096525,57,54309.29332,1,0
-0.927353134,0.572471412,1.253063727,-0.935455064,-0.963888189,0.853821886,24,44776.41327,1,0
0.238368983,0.650965679,-1.037441696,0.460638123,1.250893789,0.034137411,33,77856.29581,1,0
0.97519763,-0.117981095,1.853834158,0.283305179,-0.208370893,-1.385290909,55,57791.50278,0,1
0.50109417,-1.156996456,-2.756462797,-0.17873812,-0.51288357,-0.469679483,49,30000,1,0
0.189581617,-0.682074798,1.422595198,0.862817555,0.538301692,0.84148595,46,91243.45707,1,1
1.001046093,1.152348639,0.486894811,-0.571754252,-0.593006351,-0.341928778,60,68766.09735,1,1
-2.703232293,-0.484628565,0.118594423,0.270321246,-0.015194777,-0.798381363,68,37324.91036,0,0
0.67787532,0.143417631,-0.175458435,-0.131673782,1.8140712,-1.51378433,57,80936.87858,1,1
-0.654075683,-1.075650484,1.890729849,-0.614696823,1.786290324,-0.42274374,68,44282.5026,0,1
-1.830632897,0.336583045,0.707058858,0.502884685,-0.407384323,-0.702562621,32,43379.57547,0,0
0.5112026,-0.457684562,-0.903203609,-0.207735747,-0.182361802,-0.086373155,28,46623.80966,0,1
1.373658545,1.046712714,-1.718909956,-1.473006459,-0.619028501,0.476379403,26,89092.61144,1,1
-0.137448515,0.773557706,0.177297213,-1.801066105,-1.925865275,-0.282471312,33,90681.24681,0,0
0.952874547,-0.495705947,-0.001071134,0.789057468,1.036189345,0.184807196,42,51780.87584,1,1
1.612278258,-0.126664027,-1.519868037,-1.220600107,2.421342117,0.47200515,49,85584.28557,0,0
1.314914454,-0.55111624,-0.055393525,0.279384493,-0.443449438,-1.229808951,62,30000,0,1
1.639964529,-1.419433197,-0.573934633,0.054951894,-0.816793727,1.886041297,27,73710.8513,0,1
0.742127491,-0.85744243,0.009290068,-0.368531777,-0.272846796,-0.741427608,27,80462.58406,1,1
0.075433639,0.198217328,0.725923612,1.956668457,0.085046048,0.51655625,47,82596.61942,1,1
-1.601965812,0.325259498,1.492609947,0.179674018,-1.13553011,-1.135984267,37,61153.46137,1,0
-0.246062488,0.148547904,0.908889036,0.755633483,-0.458478461,0.110142614,58,68491.16671,0,1
-0.843246595,-0.301733054,-0.72144075,0.284816215,1.014897254,0.146731955,51,49243.28484,1,0
2.170942717,0.933066606,0.368915129,-0.231539423,0.127380634,1.659099315,18,60377.21755,0,0
-0.175885812,0.063541905,0.063107121,-0.01908875,1.270386028,-0.232619005,49,57536.76261,1,1
0.123204807,0.703253828,-1.332128955,1.458542766,0.364767853,1.299469549,57,56674.21843,0,0
0.551485376,-1.773775132,0.398232785,1.088105293,-1.088917269,0.290458269,48,77019.84914,1,1
0.043602446,-3.922400252,1.856672338,1.951986432,-0.576013977,1.852107018,65,63224.24153,1,0
1.69505104,0.283788028,0.032426604,0.221642093,0.248412064,-1.7800993,28,85397.58441,1,0
-0.622649362,-1.424765654,-1.59418268,-0.876937066,-1.122589276,0.482169182,58,63719.63859,0,0
0.194607455,-0.212451703,0.030268671,-0.440516944,-1.252319733,-2.672894813,36,92869.68874,1,0
-0.742470586,-0.302097041,-1.213712199,-1.187778192,-1.192200553,-0.05806947,67,78408.1504,1,0
-1.320022511,1.587400602,0.863605507,0.767044129,0.515804388,1.02099247,24,58697.99105,1,1
-0.611769091,0.399996553,0.524864992,-0.585916316,-0.366240015,1.445616879,70,62618.95977,1,1
-0.037036797,0.165859027,-0.170910053,-3.055317946,1.182441631,0.738624554,46,47400.20063,1,1
-0.429302225,0.836991155,-0.331164266,2.463775698,-0.896420383,-0.29056221,59,62403.10166,1,0
-0.69242098,0.368497587,-0.212234302,-0.570601138,-2.457400268,0.545128838,55,45262.21407,1,0
-1.406317464,-0.457676993,0.008274494,-0.576590925,-0.130705119,2.516375856,70,79955.54455,0,1
-0.083105573,1.07147593,-0.772235021,1.671611693,1.64755503,0.075378691,53,54845.87698,1,0
-1.504720374,-1.109750128,-1.387753081,-1.208251451,0.034569417,0.961036436,50,65334.7232,1,0
0.760055964,0.323247188,1.138698947,1.136605887,-1.372093243,-0.42935229,53,30000,1,1
0.082439753,-1.547569794,-0.385400976,-0.587442443,-1.624276596,1.070427804,43,55993.05524,1,1
-1.457551499,0.203943858,0.167043104,-1.323795445,1.197901914,0.906055958,46,54425.07928,0,0
-0.309209077,0.192989642,0.285281951,1.705717761,-0.807436771,-0.610513667,46,73813.85102,0,0
-0.752156406,1.676454962,0.32202048,0.923096947,1.541795328,0.777306122,52,67837.3328,0,1
0.31917451,-1.564973893,-1.173817997,0.920000985,0.654093449,0.824783892,20,75274.61688,1,1
1.340450446,-0.600887176,-1.675840165,0.367655547,-0.769568714,0.739942716,63,66639.73285,0,0
-1.87517247,0.822682427,-0.588692525,0.599101633,1.167136844,-0.041145942,22,78458.34547,1,0
0.115026079,0.335317256,0.395711532,-1.232158025,-0.923897153,1.229092258,50,66286.94527,1,1
-0.160132796,0.180305051,-0.727949867,0.111610857,-1.447337112,-0.934925306,28,39356.55774,1,0
0.671340076,-0.956135703,-0.354921354,-0.928763,-0.866745393,0.009748047,23,58645.30232,1,0
0.213196628,-0.590818348,2.127297414,-1.388940519,0.768736652,0.111402509,19,59417.90348,1,1
-0.751969332,1.245041008,-1.845423885,0.410953331,1.137966989,1.171372942,30,30000,1,0
-0.319053936,-0.051509194,-0.755033996,1.158149556,-0.396027263,-0.966475227,18,44751.94625,1,0
-0.796025857,0.375359696,1.896604069,-0.383368824,-1.868311311,0.241095143,44,90626.03825,1,0
1.076007139,-0.115188329,-0.044598672,-0.212012892,-1.556766461,-0.492333044,57,55881.75165,1,1
0.021311649,-1.183085515,-0.705985165,-1.138150645,-1.067645572,0.109452668,59,58419.81686,1,1
1.901190686,0.933810426,1.168768917,0.007217146,-1.293996879,0.392293351,32,30000,0,1
-0.060660814,0.503232385,0.055230436,0.760076112,0.265430376,-1.278426341,52,39791.48727,0,0
-0.708406767,2.305636837,-0.348308395,0.791527737,1.938115845,1.26406046,47,67265.01597,0,0
-1.513714393,-1.01558138,0.192368927,0.545176176,0.795776574,0.427831343,23,53028.77347,0,1
-1.803139676,0.822572921,-0.658108809,-0.618431167,-1.128230845,-0.858596019,51,43366.55725,0,0
-1.584135943,-1.311543966,-1.017491063,-0.650129043,-0.694375766,-0.341179203,38,79460.72926,0,1
0.267126651,0.157346568,-0.113596928,0.795404473,-0.499290679,1.494196473,49,49482.86712,0,1
0.508725023,0.976506589,-1.01099696,0.811998932,0.389214167,0.415850936,37,40485.98449,0,0
-1.581190702,-2.072135116,0.010693312,-0.171994985,1.571254736,-0.964879744,52,60606.89873,1,1
0.895038314,-0.204932474,0.354406567,-0.426171908,-0.467400379,-0.783505094,26,47775.60631,1,1
-0.483061052,-0.563209734,0.853060456,1.167247093,1.538777291,0.624791982,69,47756.49725,0,1
0.146793012,-0.701957298,1.127924986,-0.359948665,2.103910958,0.744795441,54,59083.40514,0,0
1.612220628,0.385212652,-0.405736502,0.745932225,-0.349906866,0.362865436,23,50346.48143,0,0
0.896839316,1.120685706,0.499414608,-0.136843175,-0.375644621,-0.29146323,27,34996.2038,0,1
-0.268530648,-0.133278715,0.492523446,-1.047532781,-0.360619367,0.809683521,70,68378.49514,0,1
-0.891192225,0.205486428,0.327818716,1.61231214,0.062489986,-0.311890948,26,72988.8432,0,0
-2.151815401,0.114308753,-0.479459411,0.120063896,-0.358179097,-0.854691392,50,56241.09919,1,0
-0.719153319,0.001803506,-1.028067812,-0.71074398,0.884177461,1.58661456,33,69302.47124,1,0
-0.211130239,-1.089342638,0.502001889,-1.390805668,-1.54883128,0.488796144,49,54466.42336,0,1
-0.987179527,1.108444602,-1.706862562,-1.290000798,-0.534622095,-0.784790912,55,31350.6835,0,0
-0.131256967,0.295195368,-0.267839433,-0.372911404,0.329174673,0.134255237,65,73446.35342,1,1
0.076851883,0.39488149,-2.553631016,1.925128884,0.870084507,0.027294443,37,58512.21075,1,0
-0.224855982,-0.806509629,-1.336402423,-0.584661879,2.195285064,-0.349917493,37,62264.96256,0,1
-0.650002581,-0.459220398,-0.877133938,1.447454832,-1.289025228,0.233549877,20,58405.09322,0,1
0.168654672,-0.176134198,1.096724208,-0.130763669,-0.652042414,-0.928527661,31,57276.36568,0,0
0.44194065,-1.534124693,0.688108024,-1.181150391,-2.266406573,0.873640133,38,62130.73749,0,1
-1.090399077,-1.688034325,-0.553934684,-0.473211188,-1.109869007,-0.006161173,25,62418.30999,0,0
1.41093238,-0.600747931,0.729369795,-1.280987924,-1.768925297,-1.609454323,69,78952.96937,1,0
-0.098588132,0.522520766,0.887622963,-0.855968452,-0.521297395,-0.228152206,63,66572.24018,1,1
0.018849623,-0.65313739,-0.160664848,-0.885748062,-0.228365593,-0.615866478,41,77648.10658,0,0
0.708214423,-1.018805198,-1.384378144,-1.903803867,0.46945424,-2.990406305,64,82605.62962,1,1
0.233216131,-0.814685653,-0.20791231,1.512796069,-0.29859953,-0.155814214,38,35829.25584,1,0
0.953136634,-0.455342423,-0.097892405,0.21101703,0.46993708,1.036777845,59,79150.13053,1,1
0.287124165,-0.353858963,-1.232454391,-0.686278406,0.114074167,-0.107814987,49,69796.46407,1,0
-0.612437375,2.165521452,0.367046793,0.221757746,-1.033323206,0.708144055,34,67326.1335,1,0
0.361503525,1.054620628,0.279811854,-0.835480394,-1.686273706,0.008495017,57,74843.50702,0,0
-1.143726207,1.024774112,0.4450427,-2.671061965,0.583682,-0.456370791,68,56028.01586,0,1
0.108559706,1.168580364,0.278923097,2.956691633,1.646502985,-0.731601479,21,69038.78581,0,0
-0.033229991,-0.998820869,0.729843035,0.189599877,2.535385012,-1.282794754,59,44133.36982,0,1
-0.208116857,-1.222364615,-0.179328028,-0.589013039,0.935454701,0.925765426,40,38819.21341,0,1
-0.128537511,-1.106870292,0.201785107,-1.933914812,1.457515212,0.730748709,53,67975.31022,0,1
-1.881849045,1.334506133,-0.397740284,-1.494149795,0.461459704,-0.27829169,69,58957.9949,1,0
-0.548724908,-0.547191789,-0.584499216,1.65449193,0.302009386,-2.024265413,39,59956.33418,1,1
0.092844901,-1.251356182,1.338249631,1.501938549,0.111001024,0.472083953,42,48035.2961,1,0
0.159856392,-0.4309962,-2.043768702,0.753215036,-0.105809644,-0.90477708,21,65867.65524,0,0
-1.027675141,-0.238605532,0.876759989,-1.115077038,0.607076555,0.143882373,27,53604.90296,0,1
1.265707841,0.268413274,-0.620540875,1.509973988,-0.520597081,-1.541246922,41,59301.57897,0,0
-0.866174848,0.250951021,-0.750038178,0.449782618,-0.147442452,0.091998985,52,52699.73734,0,1
0.969457201,-0.828180564,0.261577484,0.654924448,-1.177966283,-0.131317081,67,47969.09761,0,0
0.427194362,0.685656393,-1.489609612,0.446170944,0.474926669,-2.40971719,31,56894.79782,1,0
-0.64622731,-0.639193534,-0.816023072,-1.506987185,-0.959097541,1.617958694,37,77783.79018,0,0
1.775310893,-0.156276337,-0.849139647,-1.198160951,0.03374499,-0.325694481,63,52905.5406,0,1
-1.193636832,0.686774071,-0.221398258,-0.510218166,0.500491094,-0.259272082,69,58100.64915,0,0
0.919154174,-0.641821404,-0.804137688,0.643639708,0.585891431,0.534676971,31,56023.41801,1,1
1.000582318,-0.569351424,1.601118686,-1.380432082,0.771508538,-0.050667598,56,50443.36481,1,0
-0.670620209,0.59166805,1.797016516,-0.175346415,-0.213291525,0.363979987,26,78438.61736,1,0
1.3924653,-0.857733177,-2.021993523,-0.17660951,0.486063779,-1.144382587,51,39575.07946,0,0
-0.250046515,-0.384792024,0.544322705,0.792739689,-0.486625263,-0.142181559,37,58719.35753,1,1
0.288693629,0.555742178,0.858663439,0.674671536,-1.970873713,-1.909317186,20,47347.34451,1,1
0.260321839,2.054092441,0.542985202,-1.010225929,0.530309274,-0.237647169,29,68508.42189,0,1
-0.134308741,0.605404505,-0.658113493,1.446686169,0.298488107,1.445067886,68,62008.70032,1,1
0.810808273,0.472639763,-0.244095562,-1.163239829,1.013323503,-1.505986521,65,77734.28687,1,0
0.793488721,0.530801584,-0.748274655,1.092239442,-0.025288713,-0.350748286,56,71018.32485,0,1
-1.748531973,-1.073190274,-0.420264031,-0.550144898,-1.603163366,-2.123931406,29,61223.97554,0,1
1.304340243,0.115596739,-1.209965029,0.163925953,-0.091630784,0.00794678,59,71165.16367,0,1
-1.662491988,-0.029766488,-0.114788822,0.22598746,0.886580565,0.466174597,39,72536.3636,1,1
1.032546204,0.32158454,-1.502801711,0.197707441,0.476034809,0.383475742,52,46312.48768,1,1
1.126705137,0.116508052,-0.200134554,0.674499198,-0.146744573,-0.601868075,57,71596.9894,1,0
-1.09096643,0.379699677,-1.248581689,0.391459498,-1.663559228,-2.144169774,48,64458.93885,0,1
-0.410814288,-0.311467195,0.206816362,0.78364913,-1.026016955,-1.241558879,24,67342.04599,0,1
-1.105704668,0.058608917,-0.679419561,0.46461996,0.477238862,1.256475529,26,53886.52406,0,0
-0.21492103,-1.227828566,0.290580348,-1.264455259,-1.665157152,0.878979088,68,47184.73678,1,0
-0.308034284,-0.319907278,1.081580728,0.269799075,-0.318244915,-0.091339448,54,44486.77779,1,0
0.779660532,1.390833548,1.589446936,-0.563869903,0.038422179,0.162293215,39,30000,0,1
1.310308746,0.31880834,-2.528004589,-1.109262478,1.149937156,-1.027618765,26,49359.92213,0,1
1.395683811,-0.020921037,-0.834194094,-0.289839893,0.614490551,1.290632904,33,96588.82505,1,1
-0.562168027,1.896123276,-0.303086077,0.183235599,0.962811233,-0.719149522,69,72336.19003,0,0
-0.209221874,-1.360834978,0.460327818,0.249675028,0.301853324,0.437275763,38,64776.91161,1,0
-1.683438192,-1.109455555,-1.650354504,1.056024745,-0.845410982,-1.327901334,26,74415.59512,0,1
-0.805870066,1.712711411,-0.982092407,1.307309119,-0.613660468,-0.178206708,29,56099.54291,1,0
0.964851633,0.045960936,0.130357203,0.336280831,-0.932659639,1.248437272,44,54121.3001,0,1
1.615582824,-0.242583036,0.084888242,0.517106377,0.590780842,-0.946933098,69,55646.47096,0,1
-1.234348872,-1.199204325,0.377618406,0.095309033,-0.693922219,0.749357421,64,48959.99116,1,1
-0.592464259,0.447696266,0.443675727,0.767225464,-0.394000313,-1.080766172,67,50194.47864,0,0
-0.026405757,0.54445987,0.338594433,0.486988139,0.022491238,-0.901911031,26,59762.89417,0,0
0.280161159,-1.094494361,0.193655317,-0.054488094,1.641312447,-0.008975274,44,60966.94981,1,0
-0.80960352,-0.140275586,0.055739773,2.151982567,0.657133908,0.971640112,45,79893.10447,0,1
0.424061044,-0.335515832,0.66476309,-0.546183363,-0.772853425,-0.298185642,52,75369.71583,1,0
-0.473839347,0.255977146,-2.239322667,1.454456957,0.151847657,0.618575284,60,37716.78136,1,1
-0.014452271,-1.119250242,1.544333487,-1.354292926,1.65131176,1.144135283,55,55583.20044,1,1
0.546284248,1.251947455,-2.204482051,0.813616536,0.615179328,-0.771148584,49,43415.69822,1,1
0.00642227,0.915823782,-1.079161817,1.436568352,-1.598252359,-1.525165596,58,30000,1,0
-0.436385891,-0.363175559,-0.226760797,-1.907219071,-0.915239429,-0.355515491,20,61308.71382,1,0
-0.109609804,-0.216418712,0.672612891,0.138950573,-0.991935503,1.273088501,26,68658.32204,0,0
-0.088362959,-0.13642215,-2.995266891,0.715414041,1.440729825,-0.812657113,20,61069.95594,1,0
-0.37001103,-0.778308553,-0.028124324,0.251963604,1.256281236,1.014949739,68,66553.58656,1,1
-0.258796063,-0.443429418,0.792395039,0.378155936,-0.625036978,-0.262500531,53,54979.00885,0,0
1.598647171,-0.270270368,0.994518116,0.136223162,-0.64658022,1.756212083,30,44583.89555,0,0
0.560919448,1.612868371,-0.697329658,-1.094247826,0.044691783,2.245422053,66,54494.82546,1,1
-0.295480318,0.946618308,-0.300835287,2.368045592,0.074669046,1.031462514,51,80531.79947,1,0
0.696954405,0.934654707,-0.616148129,-0.503537863,-0.962325929,-1.646602811,47,65619.29354,1,0
-0.33381949,0.369925613,-0.392674654,0.434161239,-0.249130675,-2.403228592,33,37188.98207,1,0
1.173124638,-1.117327009,-1.031826551,-0.646839677,-1.45360327,0.06117723,50,61951.02412,0,0
0.369642192,-0.041491105,-0.889252162,-2.27586319,1.272320705,0.906650008,52,79106.728,0,0
-0.107302144,0.97048846,0.434376922,-0.924512874,-1.760330513,0.501010006,33,71420.09312,1,1
0.447716926,-1.258264629,0.131615373,-1.447606692,-1.771439422,-0.723592942,55,79302.15692,0,0
-1.570876152,0.636553207,0.491586508,1.091567539,0.435039455,-1.485985692,57,37672.01215,1,0
-1.126767469,2.322609225,0.21401439,-0.606868016,-1.236876238,0.929790961,22,61886.7506,0,1
-1.193925006,1.061816646,0.704338601,-0.514091339,-0.500964958,1.858598453,25,54776.06405,0,0
0.142943095,1.414029136,0.878213998,-1.064330713,0.063172861,-0.670055859,50,68924.58905,0,1
1.732514999,0.21833875,-1.74171662,0.094035399,0.67530083,0.825212647,68,47263.23135,0,1
2.231300146,0.967931949,-0.85430965,-0.716458516,-0.221082118,2.602934042,47,47001.46785,1,0
0.638051101,-0.717853214,-0.231375957,0.992354731,1.779171797,-0.189720403,19,59953.97241,0,1
0.500844475,0.795863812,-0.022677525,0.302039323,-0.000438989,-0.169485673,55,46173.70868,0,0
-1.801057734,0.654388134,-0.670090574,-0.571825786,1.190794708,0.559732039,55,63891.37803,0,0
-0.5426738,0.289911174,0.912023671,0.850233052,0.27855578,-0.2843515,37,30000,1,1
-0.787783752,1.31600742,1.979948368,0.007940523,2.131209758,1.339232986,69,77636.09734,0,1
-0.620847598,-0.538784838,0.186161956,0.021496906,1.058363504,-0.404007426,26,30000,1,0
-0.168143819,-0.187057516,0.084341032,-1.462634904,0.043469775,-0.031049035,18,73570.82949,0,0
-0.472090578,0.095462041,0.849456255,-0.071086133,0.628830717,-1.442444421,19,51286.32258,0,1
-1.97929981,-1.029610971,-1.865839755,0.321544639,-0.260815856,-0.235583517,69,38256.93474,1,0
0.747910256,0.226931944,0.02846894,1.333566822,-0.270899838,-1.007579659,36,62549.89387,0,0
-1.072743026,-1.718930413,0.979035825,-0.75189363,-1.303410828,0.346063998,33,73284.21359,0,0
0.239246864,1.046954534,-0.643153997,2.278108623,-0.808261602,-1.664232188,58,77377.53559,1,1
2.07408267,0.046637367,-1.22656058,0.556868317,2.060971385,0.979887595,22,76886.83786,1,1
-0.919384592,-0.520892904,-0.18580561,-1.519411876,-1.204031371,-0.871173034,49,47123.4266,0,1
-2.530287523,-0.834373612,-0.060685433,-0.845198114,-0.655492713,1.7841287,37,63072.73717,0,1
-0.286004222,-0.23457903,-0.908652282,1.420999164,-0.093718677,1.370757393,60,33329.34898,1,0
1.100959635,0.688259711,2.096161276,1.243229143,-0.060409295,0.535645469,69,61189.42505,1,0
1.958347454,0.547738979,-0.478696381,0.018093482,0.38372582,-1.537989831,31,65071.5259,1,1
-1.229549594,-0.705537947,-1.153659351,0.149917703,-0.469120708,-0.627888858,30,54372.98084,1,0
0.496699223,-0.846039673,-0.093621319,-1.164610274,0.445376367,-0.896289293,44,32464.74891,1,1
-0.465310457,0.656898706,0.907860638,1.32144274,1.142385441,-0.77112643,52,51092.24783,1,1
-0.105948354,-0.722347405,0.017414249,-0.987767087,1.266632344,1.576785536,51,88609.73082,1,1
2.644343347,0.059909774,0.48559392,0.844741111,-0.267511801,-0.152643791,33,65865.28828,0,1
-1.502970328,0.123754643,-0.871510594,1.352042369,0.611343429,-0.657863818,45,52729.86022,0,1
0.253739661,0.312062132,1.487688446,0.048155554,-1.146133622,-0.74790948,60,57612.4251,0,1
0.467693172,0.85827043,0.561711028,0.967611366,-0.721716045,-0.531837754,52,65769.23094,0,0
1.085786325,-1.262962937,1.047701569,1.847639708,-1.173733399,0.532619493,32,36761.73949,1,1
0.097983153,-1.911159325,0.365160632,0.267968799,-0.045744689,-1.627090387,20,37541.46501,0,0
0.30805054,-0.567447281,0.824884038,-0.175301816,-0.859219276,0.09817861,44,48957.19613,1,0
-0.391648567,1.801528408,-0.87305256,-0.066852858,-1.520693559,0.423546833,44,52330.44415,1,0
0.269126941,2.0221741,-0.491410417,-0.742987903,-0.386005223,-1.735364661,68,86909.38417,0,0
-0.343192275,1.831177136,1.346480596,-0.765583793,-1.728583776,-1.417526925,21,61059.81948,1,0
0.62157189,-0.192981368,1.559741947,0.442406764,1.327193104,-0.047707343,38,52246.39161,1,1
-0.369610336,-1.782115082,-1.1470656,-0.163949822,-0.557523061,1.440982647,39,60847.80395,0,1
0.377100394,-2.343039102,0.249736068,0.327569177,0.985316074,1.202728124,22,30000,0,1
-0.029262814,-0.614038162,-0.4309438,-1.48993615,-0.49206749,-0.608469781,58,46438.65235,0,1
1.126050251,-0.19807363,-0.697031469,-0.092618825,-1.194937826,1.409288434,56,48772.70965,0,1
-0.051393724,1.300625401,0.284839695,1.03011785,1.175523971,-0.3196267,40,44691.80816,1,1
-1.773032468,0.86780546,1.140962932,-1.118924277,0.088703583,-0.32820687,40,78517.24656,1,0
1.261921501,0.227405079,0.451662473,0.016526414,1.886909286,0.094015503,30,69901.19731,0,0
-0.905732301,-0.889844771,-0.31951245,-1.854609311,-0.466522926,0.839464913,44,41841.95649,0,0
-0.653766339,-0.960779558,0.51486118,-1.305462022,-0.4449303,-0.608998195,67,40997.41901,0,1
-0.595661294,0.254127687,-0.359976174,0.807660888,1.004790842,-0.398049299,32,41108.57473,1,0
1.374438093,0.697050979,0.412114301,-0.309284293,1.01175265,-1.24816761,29,57198.98865,1,1
-2.135674214,0.391881262,1.3964657,1.822072866,0.153430387,0.351026514,27,63001.95626,0,1
3.137748534,-1.03459796,-2.077159659,0.43244311,3.33526819,0.93333919,66,66242.01711,1,1
1.056056809,0.650667629,0.797252299,0.530595665,-0.280560792,0.994624773,55,44783.84121,1,1
0.223238914,0.425910967,-1.539054922,-1.07648205,-1.269463237,-1.366580489,45,57324.51269,0,0
-0.054894001,-1.070666406,1.228327711,-0.385105377,-1.002555041,-0.382896494,60,59161.77449,0,1
0.285554075,-0.78432097,-0.63702561,-0.732636182,-0.274739489,1.245467924,52,77954.11188,0,1
0.521122428,0.688495975,-1.217671378,-1.06544174,1.518775005,0.232169173,55,71613.13754,0,0
0.645215586,-0.234507535,0.695269227,0.663893126,-0.186343862,0.034104751,37,38471.04303,0,0
0.555604466,1.589147302,0.364170063,0.864515866,1.566052098,0.010533192,29,31743.64801,0,1
0.089580681,0.501129276,-0.999186903,0.398937194,0.434425115,0.541458547,20,58334.81589,1,0
-0.19733842,-0.486631188,-1.252999757,-0.828067193,1.083369296,0.285915932,19,50441.57991,0,1
-0.151273284,-0.0102056,-0.187481487,0.330730035,0.387168627,-0.575385923,45,45585.6969,0,0
-0.19490828,0.063383393,-1.20408695,-1.912678401,0.379248007,0.881059516,39,48653.97762,0,0
1.133770097,-0.728390313,-1.061472973,1.323009269,0.752710601,-1.20288505,52,68693.17788,0,0
0.593556722,-0.912588198,0.11562079,-1.298150176,-0.566708482,1.322124424,62,37444.98264,1,1
-2.940388635,0.701389894,-0.965871634,-1.120458982,-0.555713545,-0.895954212,69,87725.12623,0,0
0.655900777,0.845273297,0.42653929,0.11529227,0.349546986,0.547889942,26,49237.10998,1,0
0.194736195,0.60378147,1.490143596,0.20415956,1.941111476,-0.164762951,40,69488.01532,0,0
-0.018708756,1.515318094,-0.148555415,-0.072748598,-1.540753225,-0.4763778,34,49964.3912,0,0
-0.388518453,-0.541773236,0.130151062,-1.110127941,-2.029185619,1.357570923,31,37225.99089,1,0
1.12411272,1.674270766,2.018096733,1.133347994,-0.263743836,0.742906111,69,57810.78932,1,1
0.947526462,-0.900921119,-1.187601117,-1.685949201,1.03084708,-0.05895133,49,41189.74485,1,1
-0.772877668,-1.012685563,1.191235195,-1.48326899,0.051376086,1.74517138,57,62206.4891,1,0
0.407052287,-1.759958882,1.070857598,-0.106982772,-1.169329847,0.979749193,53,59622.0395,1,1
-0.971656735,-0.445795314,0.854317339,-1.264233982,0.079093497,-0.805477265,50,49580.81343,1,0
-1.379618165,-0.503722337,1.291747851,1.222625276,-1.732973213,-2.260348295,27,62271.5383,0,0
-0.626717225,0.52593728,0.280574966,-1.178214635,0.628917061,0.106860498,30,75582.58849,1,0
0.862393472,0.243890942,-0.582929496,1.557027152,-0.309108016,1.383498055,51,58350.83145,0,0
0.953125045,-1.192973371,1.094573291,1.035122166,-0.0820325,0.610650665,22,49071.56562,0,0
0.51308542,-0.392726238,1.132842212,1.235055736,0.427185471,1.573963721,23,65999.11298,0,0
0.725095787,-0.371462021,1.105313901,1.887105983,0.205688917,-0.598312848,50,66623.57126,1,0
0.516178287,-1.775982247,0.044502082,0.081227924,-0.541259574,-0.117224164,22,55726.47417,1,1
-0.641481595,-0.980946727,-0.716194514,-1.012974596,1.033612838,-0.092941607,41,80602.08163,1,0
0.431922545,-0.770813631,0.191362254,-0.103007876,0.796932565,0.241221228,64,55506.8913,0,1
0.800409525,1.43362502,0.942230018,-0.566665605,-1.774284192,0.767442782,25,82319.11623,0,1
0.75429133,0.191450716,1.02435179,-0.709191273,-0.230242671,1.632369668,35,50179.07083,0,0
1.188913371,0.662168754,-0.429676127,0.150853437,-1.080286794,1.842694222,42,72755.70255,0,1
0.708303847,-1.498635497,0.315372896,-0.311704214,-1.268058099,1.666570769,35,56703.08545,1,1
0.351448208,1.194214483,-1.308778304,-0.752209684,0.535133624,0.669081112,53,64028.19197,0,0
1.070150238,1.301102063,0.984950103,-0.245402393,-0.419261281,-0.342222491,43,30000,0,1
-0.026521259,-1.998344967,-0.783308757,0.548978464,-0.142771649,0.225898432,37,92530.94969,0,0
-0.881874651,-0.705316724,0.78525536,0.956417207,-0.669684934,0.65523276,37,64754.039,1,0
-0.163066964,0.495765573,-1.149304577,-1.602923913,0.370175453,0.135068065,56,75251.49273,0,0
-0.744902645,0.644388454,1.031415906,-0.303201086,0.678346885,-0.91379432,57,39334.7653,0,1
-0.675178275,-0.67849473,0.32183519,-0.141343205,2.170254863,-0.462371649,41,62573.84137,0,0
-0.144518671,-0.305499463,-0.781357696,-1.182520022,-0.180974264,0.868042,37,57308.6846,1,1
-0.792419921,-0.597381061,0.691356381,-0.119705733,-1.448417475,-0.246500623,62,44135.94633,1,0
-0.30796153,0.110418047,-0.590361692,0.14799561,-0.50389369,0.024173182,21,79279.27327,1,0
-1.893614667,1.197178531,0.749555037,0.518834545,0.847059921,-0.078421378,39,62194.0812,1,0
0.213293707,-0.771042157,-0.274111475,0.077158026,-0.77264519,-0.892199351,42,59187.57754,0,0
0.001205475,1.000820498,-1.721047126,-0.88094941,-1.482127599,-0.171270727,38,69371.25843,0,0
-0.817088631,-0.781672072,-0.98241624,2.012030028,-0.751817686,-0.457817258,35,47179.75924,1,0
0.659245668,-0.847627212,-0.430414709,0.829126772,-0.533365918,-0.691807194,62,62419.34619,1,1
0.937570138,0.818594618,1.368189024,0.552719745,-1.082669548,-1.058308979,63,61352.73369,0,0
-1.607559864,0.921936378,0.901143631,1.004831257,0.217476514,-0.100603228,26,62011.97523,0,1
-0.762724779,0.851409937,1.623861412,0.244609172,-0.079022281,0.618170101,61,75409.54605,0,0
-0.76914235,-1.315797408,1.653635216,1.286300886,0.789705241,1.120580095,26,53632.92436,1,1
-0.939903101,-0.465950978,-0.534750805,0.05687195,-0.445859835,-1.394147692,50,52050.40675,1,1
0.829474842,0.822988592,-0.18848686,0.00174746,0.558064769,1.606403794,58,50784.45257,1,0
-0.193826139,0.041541841,-0.411279924,0.635228479,-0.492270794,0.292945489,24,50163.56656,1,0
-0.264514841,-1.073692846,-0.671510605,1.576357546,-1.129612362,-1.127028724,50,76535.01538,0,0
-2.003862364,0.458317939,-1.841494709,1.512048615,-0.543019135,-0.403697833,19,58939.64276,1,0
0.63541803,-0.714807259,-0.014747718,0.592847598,-1.618267189,-1.877385768,67,75342.07445,0,0
-1.239258395,1.794524848,-1.285565594,0.516611859,1.78821564,-1.621758404,25,64065.32462,1,1
0.05993263,1.544841462,-0.034171882,0.696042411,0.142499748,1.721425022,50,46888.14586,0,0
0.277376938,0.604097426,2.11577081,0.985620913,-0.79540689,-0.699300944,52,37395.56131,0,0
1.360658596,1.361006705,-0.509345096,1.298731939,-0.377644162,0.536892384,46,38219.56876,1,0
-1.308820399,0.06479135,0.194774006,-0.236584084,-2.450463983,-0.111191107,49,46637.10868,0,0
-3.019512156,0.765437494,0.906648386,1.31806129,1.434353225,0.017809727,18,75295.82322,1,1
0.183849545,1.477720295,0.280291292,0.342995114,1.336548044,0.368027139,70,79511.87902,1,1
1.800511182,0.245498682,0.292484188,0.650931622,0.107541904,-2.084020635,48,61394.30012,0,0
1.238946353,-0.255187172,-0.362402434,1.381949322,0.319462296,1.318542137,69,73903.68042,0,0
0.209659415,-1.704621958,-0.231877975,0.74706225,-1.267676777,-0.098709993,52,51675.16393,1,0
-0.491636186,-0.083133526,-0.960010522,0.915995563,-1.194969895,-0.504280473,57,50582.57845,0,0
0.807122597,0.823423185,0.846045009,-0.389418533,-1.697296149,0.468006471,61,71561.58794,0,0
-0.9735462,0.945633428,-1.741491657,1.498311544,-0.161068086,-0.721118797,56,62493.98125,1,0
0.476357769,0.504365066,0.971088338,0.695686711,1.061035405,0.20821197,37,71002.26014,0,0
0.505470159,-0.541299095,-1.403698385,0.126065718,-0.383214629,-0.165399127,50,60768.40174,0,0
1.060209907,-1.976821569,0.962607274,1.101074387,0.34769583,0.71101011,40,54369.53788,0,1
2.759660039,-0.495215098,-0.353817526,2.587830498,0.978833895,-0.2139463,20,56763.85389,0,1
0.392415967,-0.304344871,-1.231868688,-1.168924502,-1.624100678,-1.030020246,70,64606.95866,0,0
-0.508963626,-0.312928967,0.579298645,-0.803732623,1.845565425,0.362341866,29,63597.93549,0,0
-0.025574312,0.618556357,0.928767535,2.685305309,1.157320387,-0.270614524,25,46021.34089,0,0
-1.769075905,1.985676411,-0.438078648,0.426694842,0.513892718,-1.820997246,58,58174.45891,0,1
-0.694713131,0.123529202,0.720610549,0.190869679,0.924094531,0.197656293,64,37191.63216,1,0
-0.409282438,-0.216731789,-2.285084495,-0.115385742,0.971076303,-0.537443766,28,54763.27939,1,1
-0.524088398,-0.259221813,-1.32059629,1.208436001,0.292639887,0.345756636,43,46188.62943,0,1
0.152354872,0.124384767,1.29240893,2.611247309,1.428277953,-0.855052657,40,30000,0,1
-0.822419932,-0.82829376,-0.223669274,-0.665188541,-0.452660349,-1.206383562,55,93150.26614,1,0
1.121030667,0.120198559,-1.862213326,-0.096876727,0.461811205,1.180124298,22,48415.56685,0,0
0.000207065,0.450812336,-0.69886618,-0.350727129,1.321642801,0.843147983,49,45880.53362,1,1
-0.009300321,0.209686064,-0.923400473,0.732864977,-2.691199756,-0.006579586,22,84343.81193,1,1
-0.327894717,0.457541934,-0.165961731,1.222393438,0.437963346,0.437767088,65,42419.80113,0,0
0.155190684,0.433747609,-0.370750984,1.620932785,0.724604978,0.810414667,32,38229.1575,1,0
0.825098265,-1.771896682,0.178931729,0.766718283,-1.708441366,-0.0101897,60,56918.88356,1,1
-0.867130216,0.636870158,-0.069466052,2.519332791,0.281820086,-1.208506288,69,52575.39753,1,0
-0.658116489,-0.671014846,1.359739255,-0.574752983,-0.79370598,0.299469318,40,50409.63168,0,1
-0.303726029,-1.095839163,0.4245486,-0.834540552,0.396806282,1.002221681,66,46240.43499,0,1
-1.345870923,-1.104451828,0.457671611,1.469344293,-0.094999296,0.593181382,45,57171.16037,0,1
-0.81925786,0.43354161,1.165157124,0.12283232,-0.946328169,0.059303837,36,84547.35315,0,1
-0.476220874,-0.222574927,-0.38876875,-1.375940323,1.109663664,0.565291045,34,35840.36922,0,0
0.874389181,-1.681968784,-1.261877443,-0.316062972,-0.418365024,-0.22324493,32,72609.0484,0,1
0.262561329,0.478037815,1.206970325,0.255658654,0.269963794,1.044175215,30,83005.36759,1,1
0.193589911,-1.439608131,0.135841748,-0.646248238,1.314047623,1.34718058,40,50607.04457,0,1
0.850897962,0.139821359,0.139351208,-1.014660687,-0.916694494,-1.296182553,35,65645.94599,1,1
-0.137371788,0.238498926,-0.633329922,-0.207629137,0.008049248,1.115934422,40,58170.56983,1,0
0.39046485,0.885577082,-0.616855333,-1.06453342,-0.495327145,2.237284385,33,34210.67557,0,1
-0.103221753,1.781684786,0.846722339,0.635131039,-0.272179645,0.525588335,37,78284.80052,0,0
0.265362349,-1.364676326,0.984655798,-1.943804847,2.156085208,0.983757294,42,60528.31654,1,1
-0.582758658,-0.052473856,0.783823406,0.090424928,0.456775884,-0.647096531,49,52185.22235,1,0
-2.438817158,-0.276335295,0.792961605,0.519509888,0.313592677,-0.503706837,38,37174.95941,0,1
-0.134279162,0.433749686,0.569029537,-0.09054124,0.524087334,-0.209509615,18,67813.53357,0,1
1.422748136,0.215668771,0.13152273,1.093222897,0.430259628,-0.402449316,45,62281.77252,0,0
0.926215402,-0.352546243,-0.175379684,-1.370561234,-1.825813539,-1.311823906,44,69087.07128,1,0
0.965397485,-0.440902189,1.21032385,-0.701089501,2.296760821,-0.172661381,69,68328.97052,0,0
1.236130722,-1.116450855,-0.37372087,-0.330034646,-1.464369525,0.83638305,44,47802.00899,1,0
0.088657591,0.987861582,0.369979214,0.712724569,1.732594266,-1.298523784,62,30000,0,0
0.197315707,0.459204182,-0.804012998,0.218507586,0.618015365,0.179131888,53,58350.90189,1,0
-0.617651895,0.917768198,-0.659299037,2.143365983,0.180779018,0.148450608,29,57342.31047,1,0
-0.316072856,-0.310396136,-0.236154568,-0.805785897,-0.305484976,-0.301315762,32,62457.2579,1,0
0.61577115,-0.656835469,-0.803938377,-1.394988899,2.605160551,0.496525441,37,82768.16937,0,0
1.203884437,-1.078315067,0.797851825,1.789088983,0.60448956,0.402659251,61,59269.0795,1,1
-0.139446276,0.358917584,-1.348034252,-1.430858584,0.017688065,-0.372432847,36,70388.69088,1,1
-0.450189265,-1.039793225,0.099229623,0.683062711,-0.535262705,1.060890619,68,65656.38741,1,1
0.000527959,1.848663069,0.132508097,-0.978670042,-0.655148269,0.560610427,43,39227.8691,1,0
0.601206749,-1.307642581,-1.810799578,-2.069318351,0.050610847,1.573475118,64,40647.26859,0,1
-1.443854816,0.273660119,-0.441023821,-0.374783794,-0.930603032,-0.06642859,38,77303.75837,1,0
-2.296180953,1.566854707,0.255699538,0.899499962,0.679651048,-0.321764522,54,46807.99912,0,1
-0.550536849,0.599089759,0.428727993,-1.221771088,-0.645642367,-0.208466053,60,65537.41742,0,0
-1.220712426,0.175673712,-0.204307209,0.576094728,1.004955514,1.178316877,67,44640.8181,0,1
-0.508140198,-0.968483647,0.676888204,0.762863561,0.982587381,-0.148697033,27,71196.53834,1,0
-0.147780319,-1.381769189,-0.109316257,-1.271690142,-0.055435679,-0.087643788,45,63711.34939,1,1
-0.453248409,0.770050109,0.013652912,-0.227761289,0.58030223,1.960973123,43,55532.38605,1,1
1.452467534,1.506147241,0.251653869,1.577074822,0.63036391,-1.344478606,30,69998.7658,1,0
0.326744765,-0.43884999,0.926999629,0.65059262,-1.462331609,0.356820127,42,63895.48512,1,1
0.30047436,-1.139061508,-0.675718002,-0.261492465,1.731692989,-0.061455748,68,49166.01104,1,0
0.622207144,-2.458169431,-0.486821873,0.415295481,-0.255743714,-0.250608957,48,60179.27448,0,1
-1.138833118,-0.980764844,-0.668896492,-0.685263308,0.695573513,-0.953362629,37,70036.64818,1,1
1.039111787,-0.113656842,-0.332197716,1.113695678,0.723623511,-0.6639194,32,76615.42834,0,0
-0.075764287,1.599123241,1.426234258,1.113260065,-2.489537092,-0.408090697,35,58069.20503,0,1
0.670480617,0.673133692,0.572725319,0.120905915,-0.656929195,0.495740513,57,86796.79891,1,1
-1.071857233,0.305085405,-1.131089745,0.230706156,0.84036882,0.852441113,40,48832.24398,0,1
-1.553758766,-0.400119661,-0.600446966,-0.998796875,0.062252459,-1.778809484,20,36647.32659,0,0
0.817889658,-0.583165717,0.372767224,-1.352036427,0.688969336,-1.201564956,28,38834.07467,1,1
0.376409526,1.405647598,-0.906507781,-0.376604744,0.092366561,0.547888861,44,59850.71568,0,0
-0.902051554,0.200738541,-0.725340041,-0.08740171,1.229381794,0.632259193,54,60180.37022,0,1
-0.869663081,-2.102600692,1.344959666,1.062627497,0.114033888,-1.463659796,29,61884.03817,0,0
1.125434784,-0.673539648,-0.613375628,0.922427751,1.424089097,0.874288707,50,49979.14968,1,1
-1.189411893,-0.858216032,0.954666816,0.184832888,-0.980028577,-0.013971394,45,93385.7221,0,0
1.642672953,-0.546264009,1.25532319,1.190538984,-0.127640069,0.747071903,23,82663.95178,1,1
-0.900620735,0.56291066,-0.733462091,-0.943486179,-0.593399569,-0.851737106,23,42835.69254,1,1
0.638391926,-0.107444882,-0.889962557,1.077336887,0.388636064,-1.390023722,61,58471.06091,1,1
-0.328618476,-0.076865407,-0.276132086,-0.790428714,-0.278667945,-0.308653657,38,60739.26584,1,1
0.603187431,1.313473161,-1.088627721,1.23969453,-0.229514187,-0.264275603,42,70284.45051,1,0
-0.544114002,-0.69646109,0.121033879,-0.013346465,-0.704766363,-0.320177922,64,37136.9805,0,0
-0.162792906,1.864199526,-0.205651912,-1.998286677,-0.460735517,-0.390197304,53,34288.11366,1,0
0.040919175,-0.671307591,0.360580016,0.730157164,-0.010277064,1.692889215,35,41716.34287,0,0
-1.002187456,0.089198197,1.396943456,0.80954576,-2.021345151,-1.699806523,61,82561.62016,0,1
0.740824345,-0.281203595,0.817484981,-0.456580054,-2.301763856,-0.844874051,56,50179.42654,1,1
-0.513213566,0.123419134,0.489239775,-0.371259578,0.059145942,-0.418583699,22,72127.9406,0,1
-0.228599915,0.444591995,-1.966048413,-0.15954528,-2.769176565,0.023985065,40,68832.46007,0,0
-0.994349375,0.43383524,0.443375982,-1.925151813,-0.193142277,0.711013899,40,57304.74248,1,0
-2.562333659,-0.753117331,1.722627661,-2.364728173,-0.377163761,0.865361884,40,72411.54906,0,0
-0.191027763,-1.122914677,-3.010522516,1.301625638,0.54203787,1.076523611,52,41587.18684,0,0
2.412615422,2.503171791,0.689382543,-0.824067667,-0.672018379,0.481454284,46,52928.4804,1,0
0.784604288,-0.48398434,-0.159358575,1.85526411,1.569514769,-1.730020828,22,30000,0,0
-0.01926038,0.699212439,-0.849795003,1.370401801,0.848162873,-1.66436787,34,61465.2311,1,0
-0.262890829,-1.607641311,0.801128584,1.567195314,-1.512294032,1.147289972,55,48115.17514,0,1
0.022465893,-0.27961272,1.709705901,-0.650298952,-0.284346357,1.082626518,69,92848.91733,1,1
0.547119115,-0.127199384,0.775230729,-1.608401187,1.527185144,0.636021073,19,60880.26189,0,1
-1.180812815,0.47281507,-0.371191951,-1.086882307,-0.697631905,-0.820269854,36,72290.41252,0,0
1.114321695,-2.722454141,-0.943469824,-0.446454727,-0.052892325,-0.322521453,64,69792.23013,0,0
0.715381315,0.166140613,0.144627634,-2.373229733,1.404127576,-0.398864451,20,58835.25345,1,0
0.718185726,-1.149741455,0.873169292,-0.475425689,-0.540595616,-1.024731327,47,74881.31163,0,1
0.438475739,0.324345711,-0.387053026,-0.201678028,1.12297994,0.259048634,50,60496.07316,1,1
0.019616658,-1.036329197,-0.290382992,-1.294420972,-0.909999603,2.155469648,40,67133.82168,0,1
0.672861236,-0.855482696,2.82200025,-1.040485098,-2.88761385,-0.495627155,43,95369.94979,1,1
0.591814134,-0.27362761,1.078651946,-0.220598521,1.228529316,1.2967743,47,62883.96176,0,0
-0.354040711,-1.05232947,1.150128678,0.356286548,0.43873504,-0.885339716,36,52083.1744,0,1
-0.573601773,-0.475534447,-1.460285906,-0.890822668,0.504564275,-1.536663105,56,49382.75357,1,0
0.101856295,-1.193375769,-0.707188679,0.29225261,-1.092962791,0.987495742,43,58753.95325,1,1
1.549020151,-1.833170452,0.074681639,0.136846008,-1.013352616,-0.21881411,49,61757.74278,1,1
-1.239107076,1.017957052,-1.001137558,0.046885859,1.15043652,1.271248756,59,60887.25672,0,0
-1.467525266,-1.296048693,1.600397299,-0.652014124,0.243207307,1.470893453,45,36270.07588,1,1
0.164760841,-0.178680888,1.410312307,-1.333379596,-0.117456057,-0.278407964,26,30000,0,1
0.050887702,0.752891081,-0.533545337,1.69645198,0.220926662,1.343016237,65,45469.17736,1,0
0.173341664,-0.614944103,1.783918607,0.630305916,1.50850553,-0.876054888,48,60880.64219,0,0
0.243953198,-0.8251659,-0.004252097,1.005731653,0.723688227,-0.891799132,32,60947.84247,0,1
-0.223202255,0.226238089,2.589389717,-0.083629685,-0.474645197,1.072274429,49,66818.00208,1,1
1.489863439,1.117933823,0.144686131,-0.164025442,-1.403487861,-1.547807316,30,65445.04641,0,1
-1.600903978,-1.169315265,0.57619275,0.490659681,0.588053762,-0.00155887,39,52507.14048,1,0
-0.828497025,-0.150147832,1.399903441,-1.83468835,-0.923968011,1.249653444,57,44689.82015,1,0
-0.10325476,-1.732494595,1.27763335,-1.114643469,-1.182376938,1.316790515,28,67815.93881,1,0
-1.643188811,-0.393201004,0.510732066,-0.797774878,1.315749187,-0.432667799,50,63391.73857,0,0
-0.175854404,0.034204685,-0.141140319,-0.454566423,0.872405747,1.009230585,41,43601.85684,1,0
1.661470166,-0.854624642,0.5141327,-0.879695679,0.385685927,-1.122931093,57,69371.62668,0,1
0.020886488,-0.456991834,-0.816184172,0.332807125,-1.238397061,-0.667369699,61,74355.54734,1,0
0.230700906,-1.408226768,0.152133719,0.081447234,1.789266061,0.230409535,68,71842.00298,0,0
-1.260164765,0.077078611,-1.109307532,1.39286469,1.028868315,0.377751113,23,74467.06841,0,0
-0.616361408,1.055694249,-1.78088164,2.473759157,-0.303785601,-1.047726901,33,48740.87574,0,0
-0.37519638,-1.09714387,0.050426764,-1.26285024,-0.515280058,1.862276655,47,72776.98366,1,1
-0.317715097,-0.622671767,1.262277891,0.147305214,0.078489741,-1.877462836,47,57632.38907,1,1
1.281643795,0.502546246,0.925804642,0.145525878,-0.478418667,0.05420388,31,90672.31889,1,1
0.557691061,1.212090719,-0.081912296,-0.01419807,2.211853957,0.195907495,24,73411.91388,0,1
-1.111457957,-1.493189812,1.746989698,-1.084824571,-0.385528375,-1.746959665,20,66440.997,0,0
0.246504778,-0.168784737,-0.569061391,-0.917197446,-1.067882872,1.324129402,48,85743.87829,0,1
0.498221748,0.283130822,-1.917832662,0.240405612,1.588415858,-0.740476399,27,52405.56544,0,0
1.140149039,-0.102056391,-2.182101294,-0.945350073,-0.569061833,0.098455189,50,68260.28843,1,0
1.580540687,-2.476792067,-1.181190941,0.159271972,0.786430108,0.328038298,55,93533.73769,0,1
-1.015094192,0.501090009,0.816624743,-0.245949785,0.675387606,-1.454257958,54,72197.83241,0,1
-0.810857511,1.519336351,-0.634802683,0.141657903,-0.058562051,-1.072138286,32,62271.64816,1,1
-1.257577859,0.116661751,0.460958642,-0.95330047,-0.972996765,1.563027827,67,55952.77949,1,1
-0.234019859,-1.031106053,1.646283384,0.157469242,-0.048182927,-0.065831642,21,45475.90306,1,1
0.466358374,-0.513127246,-1.100096963,-0.880952583,-1.169861106,-2.697057485,54,55656.67358,0,1
0.987334517,1.769913068,0.478499732,0.160695609,-0.023717763,-0.30192165,59,47717.55601,0,0
-0.075951024,0.909962541,0.538963073,1.339396122,0.772781466,-0.032901891,21,56546.86641,0,1
-0.319847523,0.640026618,-0.860737988,0.26098385,1.717780066,0.219370648,27,58347.13679,1,1
0.151757992,0.356412584,1.354210925,0.321870382,-1.087849116,-1.998877736,69,74831.23572,0,1
-0.835142902,-0.661137112,-0.287707056,0.817206517,-0.250458604,-0.029308621,39,53870.76763,0,0
2.089538722,-0.200571181,-0.383752981,-1.403558344,-0.524811084,-0.832652075,48,51050.53877,0,1
-1.607661027,-0.077922736,2.111613218,1.718921574,0.273739378,0.221034543,53,73308.5231,1,1
0.184740579,0.549574316,0.522766742,-1.055589993,-1.521808376,0.506336005,29,70450.44195,0,1
2.023606219,1.508918894,0.92529055,0.879660997,-0.928662677,0.39999413,26,56348.26832,0,1
0.006799845,1.118338137,1.354892932,0.746909987,-1.692016558,1.403973256,45,69013.53916,1,1
-0.190039035,-1.419384356,-0.650473999,-0.902166362,-1.438304541,2.190570134,51,56069.54524,0,0
-0.357445423,0.223994969,1.249821097,1.008886137,-0.660437794,-1.133603519,22,56802.22557,0,0
-0.180391682,0.736763345,-0.501894115,0.497812766,1.670882613,-0.38198035,47,83308.03358,0,1
1.372848475,0.61886033,-0.544623389,1.889978644,0.347600477,0.743061744,33,57932.5647,1,1
-2.211861911,-0.629233763,-0.271999972,0.193378751,0.064995874,-0.126796114,36,53912.36672,1,0
1.533433701,2.914109216,-0.622064835,-0.108543332,1.346886004,-2.722786046,31,60268.20398,1,1
-1.423957152,-1.277084562,0.822156433,-0.514762528,0.383597881,-0.192546711,64,30519.69535,1,0
-0.266652329,-1.083188447,0.267210655,-1.743355271,0.477576111,1.234146987,68,57480.7309,1,1
-0.42924442,0.233595081,-0.491224415,-0.318227565,-0.473024465,-1.394741442,41,63821.00162,0,1
0.58855327,2.116803055,0.674505033,-0.275898394,-0.637328356,0.220504513,67,89720.79307,1,0
-1.598124352,-0.836194851,-0.275182437,0.262058183,-1.31112695,-1.907361466,28,61385.69572,1,0
0.462172666,-0.265828366,-0.32807037,-1.423103111,-0.601089566,0.870029642,30,66568.74907,0,0
2.024309623,1.077293673,0.048683885,-0.239012211,-0.280523414,0.241564281,27,65196.47335,0,0
-1.363174005,-0.017862155,0.463460356,0.576251392,0.344718948,-0.568083779,46,94029.04066,1,1
0.189706168,-0.334603855,0.389847649,0.675509675,-0.036758415,-0.417949531,56,75040.51162,1,1
-0.661982178,0.565632902,-0.363249182,-1.859815176,-0.365069466,-1.499068071,44,38235.02732,0,1
0.425887206,0.27251799,0.847111207,0.706406609,-0.911676752,1.007632066,18,78437.37666,1,1
0.019147777,1.030438786,-0.222394151,-0.246573913,0.399126808,-0.799350792,49,45826.09888,1,1
-0.641486909,1.291468889,-0.654984489,-0.185010877,-0.497766087,0.500298769,35,50195.52075,1,1
0.487872285,0.30700306,-1.468021649,-2.36451537,0.353796508,-0.961910374,21,40503.92685,1,1
1.80434811,0.291732725,0.983178481,1.493571163,-1.91327211,2.198402766,33,87335.01455,1,1
-0.190903792,0.214110982,0.012390076,0.176798885,0.336421163,1.559664738,35,77795.14303,1,0
0.719757942,0.489130557,0.210872359,-1.531460427,0.746906903,2.073744615,38,78459.92355,1,1
-1.293272958,0.055170638,1.045802916,0.375201575,0.619530859,2.19052923,68,75538.31569,1,0
-0.956436377,-0.000608482,-0.477406232,0.344478441,-0.196720425,-0.63452086,64,70361.13141,0,0
0.472406278,1.196627121,-1.374399248,1.222544153,0.915318315,-0.884131269,42,55204.62395,1,1
1.484116029,1.51611618,0.069780702,-0.309688769,-1.272958883,2.026134521,27,63090.72735,1,0
0.355613349,-1.507552945,0.307961552,0.011996069,-0.089206065,-0.141070972,24,52254.862,1,0
-0.313058031,0.010021152,-0.262849066,-0.6428078,-0.193395801,0.833217938,70,47229.97087,0,1
-0.000708595,-0.688694433,1.473737578,0.597948614,1.036399689,-0.620681282,18,50392.76976,1,0
-1.250407734,-0.310971466,-2.486166568,-0.783490342,-2.020493171,-0.604233092,50,95312.5843,0,1
0.604515326,0.40251621,1.120056638,-0.892990517,-1.058129718,0.829958332,50,54265.47513,0,0
0.882333062,0.669438372,0.79115365,-0.067797538,1.747250809,-1.969873784,36,75011.64413,1,0
-0.452090333,-0.112126444,0.456770778,-1.225863771,-2.430566124,0.783174975,24,91157.54647,1,1
-0.470042148,-1.913340335,-3.335901549,1.602131219,0.814423972,0.5244738,64,71710.58619,0,0
0.26587823,-0.965045581,1.283888783,1.927266728,-0.700327163,-0.530154415,62,48179.71441,1,1
-0.436719736,0.89649967,-1.026434111,-0.453590085,0.254702604,0.024183246,58,48950.84566,0,0
-0.066132615,-2.740426422,-0.507691978,-1.386595007,1.413782404,0.180854532,31,61782.79316,0,0
2.099721789,1.187427152,-0.170592665,0.336592039,0.293206871,0.237027652,55,93851.67789,0,0
-0.247025701,0.521229991,0.407418035,-0.482102518,1.434533377,0.690143058,24,81353.13997,1,1
-0.358340152,1.316176082,0.639428042,1.174681133,-0.492349181,-0.814982491,63,68049.75013,0,0
-0.647541806,-0.198569187,0.892840554,-0.787146596,-0.360176256,2.697725631,60,56937.37863,0,1
0.744191971,-2.061405424,0.81585351,0.544513222,0.786842249,-0.205594048,20,65691.66963,1,0
-0.181224173,0.430362642,0.252927204,0.113993589,-0.43943046,-0.130694212,28,62838.67034,0,0
-0.649373038,1.274653124,0.415922659,-0.676261511,0.597346381,1.944689269,25,62743.6221,1,0
1.321304032,0.924721806,-1.090753716,0.240049828,1.183804217,-1.82904713,43,46868.89106,1,1
1.419603005,-0.662691483,-0.751026807,0.878532558,0.868336894,1.934256248,55,46587.09003,0,0
-0.600423566,0.086761075,0.895460224,0.086848519,-1.578911565,0.093460108,20,64932.10612,1,0
-1.866539951,-0.532836269,0.837209487,0.097284665,-0.341380777,-0.530176456,46,42605.23988,0,0
1.00751369,-0.819266464,0.723799416,-0.872783428,0.281832484,-1.11965234,29,50623.33655,0,1
-0.684629826,0.955388571,-0.514416762,1.144204798,-0.24389354,-1.269101722,35,60444.66582,0,0
0.790625599,-1.197532311,0.910492132,1.044546578,0.079366013,-0.341823565,60,64961.91178,1,1
-1.970103818,-0.893816431,-1.161244452,-0.410559189,0.295070744,0.277983277,24,76736.23859,1,1
0.892597338,-1.104025633,1.07735981,-0.124288459,-0.526568121,0.622496539,47,41204.2531,1,0
-1.211171929,-1.490247523,-0.260870801,1.414220673,-0.19343888,0.266016183,59,41249.99381,0,1
0.730764119,0.146414292,1.684170406,-1.133570821,-1.181034728,-0.510207804,65,79594.7222,0,0
0.014273068,1.161503048,-1.521442092,0.604288391,-0.477841787,1.339512477,33,85147.3555,1,0
-0.953939419,-0.184876756,1.763404046,-0.558613773,-1.526678603,2.673803107,64,44338.71866,0,0
-0.407036313,-1.505747801,-0.361464329,1.778077877,0.116496696,1.494624986,62,47321.6473,1,1
0.686318457,0.83994454,-0.379479256,0.063446729,-0.193222204,-0.359291091,42,68183.41748,1,1
0.105894453,1.685701754,0.194838819,1.260378518,-0.915795212,0.502078733,21,60730.85168,0,1
0.58441298,-0.646242324,-0.697078913,-0.761327348,1.785259809,0.566174836,21,60847.68778,1,0
1.976440585,-0.478554267,-0.072329001,-1.248528682,-0.245411483,1.603676409,55,48290.4747,1,1
-1.564241612,0.51566063,-0.737626265,-0.234259457,0.286552944,-0.338180767,67,70795.43325,1,0
1.617212575,1.621873748,-0.701063531,0.262683458,-0.638633165,-0.964917434,18,56442.55756,0,1
0.104355938,-0.519834146,0.48688595,-0.510731682,-0.414348021,1.133851292,59,55949.24845,1,0
-0.898784048,-1.332449781,-0.901565495,0.758307426,0.324413471,0.406377095,20,43031.42048,1,1
-1.330313626,0.631418606,-0.768194235,-0.209953568,-0.33225105,-1.108761313,45,71870.12548,1,0
-0.189120391,0.799068073,-1.37279125,-2.081437162,0.003303357,0.705573659,63,54579.52044,1,1
0.921650112,0.00613145,-0.50393068,0.552811979,0.806824615,1.838255461,28,59322.72578,1,0
-0.12754912,-0.55813326,1.31160203,-0.882537059,-0.51802618,-0.693759539,54,77846.9515,1,1
1.51115493,0.994378731,-0.84593364,-0.361597382,-1.332161183,-0.891001585,19,44297.38571,0,1
-1.45117569,0.528036005,-0.731633265,1.553131204,-1.52626429,0.030063752,26,58699.84312,1,0
-0.012088948,-0.768435517,0.193921946,1.772811724,1.438439036,0.680299495,34,36627.7202,1,0
-1.252393444,0.049094731,-0.370796434,-0.575493435,0.931146701,-0.074913332,49,52145.38173,1,0
0.363631883,-1.351707532,2.228154433,0.577786631,0.655799667,1.134425276,68,79323.27366,0,1
0.88688739,0.685890456,-0.162527965,-0.55227449,-0.436052806,0.260707291,48,36878.99351,1,0
-0.420761794,-0.262233569,0.335218346,-0.286872979,-1.333080011,1.01165367,38,63535.2172,1,1
-2.604213857,-0.435710832,0.943768785,-0.605775415,-0.282301613,-0.720824713,34,84053.126,1,0
0.198948147,-0.032874485,0.924577866,-1.72434368,-0.093354371,-1.227721601,69,68231.29673,1,0
0.436738552,0.040307699,0.233287582,0.095055224,-1.131551667,-0.340033692,59,51242.94989,0,0
0.404294755,0.894930062,-0.161127487,0.288165387,-1.469656313,-1.346446671,34,43324.01206,0,1
1.235782192,0.591090531,2.024028536,-0.671001745,-1.730312606,0.409324474,60,31055.82709,1,1
-1.07105368,-0.156409279,-0.099760275,1.087791711,0.657393188,-2.016703905,44,83434.90414,1,1
0.680216105,0.76366815,-0.441690104,-0.436080217,-1.205358315,-0.452727215,45,53686.76264,0,1
1.192507512,0.400737254,-0.645848988,-0.637211825,0.309410321,-0.28595744,56,32970.28378,0,1
-1.778587584,-0.426599636,-1.726803203,0.526503118,-0.397799853,-1.046636481,18,44682.5254,0,0
0.319651826,-0.124718158,0.821615752,-1.54268199,0.589637909,-0.306353689,33,43828.55543,1,0
-0.504179831,-0.148222889,-2.348068397,0.906679032,0.335824512,0.004271581,20,52573.28936,0,1
-0.081522673,0.505261343,-0.005722841,-0.402169157,-0.231937418,1.269232794,32,95825.33425,0,1
0.347676484,-0.367022615,-0.204860634,0.989286076,0.130453425,-1.040735945,21,73844.0969,0,0
-0.487228564,-0.390409186,2.239965192,1.288130526,-0.110336108,0.357337291,53,67264.60621,1,1
-0.675708079,1.968757309,-1.831651229,0.640153442,-0.615347151,0.555758779,47,77962.07324,0,0
0.034152417,0.939735482,-0.901103287,-0.811973293,0.980082785,-0.021168551,46,87507.92383,1,0
-1.087245939,-0.760600664,-0.136096459,-1.250831706,-0.423073753,-0.498041696,40,67921.95642,0,0
-1.085825129,0.570940994,-0.197529337,-1.434072663,-0.086850146,-1.138991865,22,81617.96183,1,1
0.679373283,0.118350066,-0.549544591,1.102910702,-1.4151251,1.898565459,64,50388.56579,1,1
-1.148794035,0.391551175,-0.080987909,-0.134800112,0.274044604,0.072640503,28,47059.02994,0,0
0.666312501,0.137341325,-1.259562729,-0.599221795,-0.610581597,-0.31555599,36,44526.02818,0,0
0.462591293,1.189642645,0.357192879,-0.132082152,-0.476848659,2.121550092,25,64409.22651,1,1
-1.725806729,0.345620345,-2.321485342,1.080621209,-0.839560861,0.222286586,60,30000,0,0
-0.677564652,-0.062088698,-0.025769356,0.778739785,-0.123996448,2.543497762,28,79870.54643,0,0
1.194109403,1.042190577,-0.600356694,0.438506156,-2.006472615,-1.416318846,26,52594.98292,1,0
-0.981165531,0.233285041,1.016287943,0.637886057,0.682357013,-0.237138867,63,72394.33032,1,0
-0.464404262,0.121478579,1.755311071,0.180172355,-0.038664775,-1.370019247,42,39122.87513,0,0
0.462060893,0.314022602,-0.331052169,0.302113057,-0.467285601,-0.12212328,42,76668.71119,1,1
0.783390509,-0.093609023,1.390725929,0.221025231,-1.548230666,-0.126907924,31,80742.78105,1,1
-0.251538886,0.009226993,-0.316116281,-6.12E-05,0.433066686,-0.45803192,48,61543.66282,0,0
-0.597510195,-0.586694589,-0.966126523,0.753373884,-0.63432756,0.053888607,30,67916.65519,1,1
1.422369862,-0.75116722,1.745903632,0.361282106,1.30608687,-0.409297123,18,44606.48476,1,1
1.738899664,-0.998570386,0.520776445,-0.880715031,0.486318962,-0.110373336,47,60683.23283,1,1
0.978858051,-1.391983287,0.004438523,0.528874386,1.534655689,-0.755792225,26,74584.30463,1,1
0.085318143,-0.879717361,0.687177475,0.247247066,0.136970041,1.442821475,57,55454.90395,0,1
-0.808265722,-0.174267034,0.274215035,0.611413469,1.077822761,-1.108749408,46,82895.67719,0,0
-0.830444407,0.103117582,-0.069219408,-0.104206914,0.462771045,0.212363746,48,33252.00417,0,0
0.522514105,-0.271296563,-1.326434827,0.811740314,-0.450981412,-1.192645163,35,55070.22618,1,1
0.418398221,-2.35570349,-0.270536737,-0.061408551,0.187210018,-0.834945049,20,31182.3026,0,0
1.401598593,1.574586358,0.623255423,0.723879687,-0.833986266,-0.728264654,52,64742.43919,0,1
0.650450093,1.086480123,-0.122771426,-0.456471516,2.068779433,-0.131780371,19,56804.65097,1,1
-1.503080302,0.445759851,0.902325761,-0.387254054,-0.10086511,0.175421821,21,57361.92263,0,0
1.051947618,1.907490673,0.383655024,0.602052523,0.026210292,-1.106727091,58,71100.03337,0,0
-0.998060627,-0.977364117,-0.878136318,-0.331773394,0.389985862,-0.41350646,32,55743.67635,0,1
-0.383971272,1.887625121,-1.319171958,2.205782695,-1.086945324,-0.991145413,67,102100.4994,1,0
0.250200206,-0.965214077,-0.1571785,0.566444987,1.321371106,-1.03530977,34,72127.91273,1,1
1.99566749,0.238737925,-0.524228448,0.024923486,-1.025329551,1.133559632,43,60450.68522,1,0
3.109918556,-1.273837325,0.33632181,0.819900777,-1.251470562,-1.391985336,48,49879.35189,0,1
0.606723059,0.014694096,-0.718137659,-0.48068041,-0.166524013,0.074684701,47,46339.20316,0,1
-0.183196619,0.386166498,-0.615392326,0.923014819,-1.279297498,1.698073366,40,66555.42431,0,0
0.534505648,-0.154690331,1.053069718,0.895235217,1.561940536,1.206158427,47,52101.91394,1,0
0.887655426,0.713877444,0.148202969,1.253534058,-0.23070327,0.425358535,28,74863.26525,1,1
-0.320667626,0.099014449,-0.702727065,-0.440809531,-3.221167498,-0.016253973,50,58765.815,0,0
1.795211356,-0.522414728,0.017641809,-1.222733254,0.199948518,0.736642062,55,58816.25826,0,1
0.230070759,-0.566813318,1.378911243,-0.610154639,0.553505987,0.369393902,63,61719.75761,1,1
0.497743089,0.810913773,0.293786688,-0.281630516,-0.421432248,1.42262574,22,57719.7029,1,1
0.665924252,-0.65374203,0.592950809,1.667211601,-1.355893026,-0.133718924,52,64157.16057,1,0
0.421586611,0.91540297,-0.752234537,2.195012029,-0.103307017,1.001101695,68,91042.69451,0,0
0.8389405,1.222711793,1.026419377,0.344662305,-0.481705467,-0.325725854,18,68112.29007,1,0
-0.617253187,-1.668713862,2.31810226,0.009390608,-0.97557192,1.893496321,21,66350.13353,0,0
-0.558301754,1.132926387,-0.791467643,-0.34990783,-1.06382507,-0.161846415,65,71805.10977,0,1
-1.100154233,2.060422698,-1.181893974,0.82469035,0.156235749,-1.618934912,55,58372.35907,0,0
0.439501231,0.252003761,0.175542244,2.188581392,0.9030218,0.077705134,54,45545.21139,0,1
0.778936504,0.599084185,0.87550505,1.785850891,0.461543838,0.764601806,24,30000,0,1
0.457772866,1.037005324,-0.091389672,1.137976613,-1.727997859,1.628681235,27,30000,0,0
1.674492433,-0.275482315,-1.053206396,1.123302531,0.615478005,-0.996151476,50,71219.1488,1,1
-0.005596019,0.182280224,-0.108584162,0.832309886,0.772474012,-1.744422279,68,65531.98897,0,1
0.668741656,-1.31419953,0.598092273,-0.047290646,1.393696751,0.49671318,31,57780.20327,0,1
-1.091700876,0.138635029,-0.407031827,-0.736548223,-0.949887756,0.46577006,53,95434.31763,0,0
-0.387099702,0.498111996,0.607255018,-0.020814089,-0.056602639,-1.411071927,64,59486.11343,1,0
0.695537758,0.516163023,1.164710785,0.422339602,0.56752425,-0.329597678,55,30000,0,0
0.849102111,1.065424724,0.240230626,-1.453633899,-0.527553698,-0.284753379,69,71257.41602,0,1
-0.293966948,-0.774802178,-0.027947771,-0.152950729,0.55190985,0.823120026,47,77414.22592,1,0
-0.071599252,-0.532606757,0.829343925,-0.825932355,-0.024026326,-0.413705636,43,70801.27101,1,1
-1.517873747,1.895507346,-0.856100827,1.013841161,-0.846454817,-0.4355109,48,77635.88806,0,0
-0.357029201,-0.150328374,-0.954709834,-0.549708402,-0.761242239,0.114626418,59,33586.79972,0,0
0.890383164,0.200033787,-0.266572285,0.328220332,1.249289356,-1.378111257,64,61420.30949,0,0
0.575205016,-0.067010042,-0.491879455,-0.700020293,-0.996418662,1.90078194,36,47549.61071,1,0
0.500665721,-0.821680826,-0.803341975,1.597699326,-1.168000284,0.9340682,57,67846.47133,1,1
0.049773687,1.623529211,1.830468475,-1.700756937,0.344378865,-0.701798016,30,82804.70217,0,0
0.007063159,-0.527701412,2.171993209,0.475840377,-0.030572784,-1.117638596,40,54478.07592,1,0
-0.660321139,-1.127285524,-0.353705042,-1.277257668,-1.311621377,-1.040159394,36,69774.05281,0,1
0.69882842,-0.450740277,0.09171895,-0.50933265,-0.519420174,0.586741479,33,46853.0515,0,1
0.420972944,-2.001706002,-0.18784282,0.206186704,-0.816781478,-1.010380505,42,59737.26726,0,1
0.492018848,-0.651287465,1.10749924,0.255357031,-0.641667546,-0.249327257,43,52286.87362,0,1
-0.526034843,-0.968128598,1.305645562,0.229266841,2.524970397,-1.690822493,38,87015.01338,0,1
-2.15334292,0.617428631,-1.777263799,0.151749141,-0.302579905,0.541266269,35,43802.72834,1,0
1.097152712,-0.67341424,0.4760108,-0.641844262,-0.881250944,0.57874948,26,61323.54891,0,0
-0.478837456,0.887803936,-1.306821341,-0.164053323,2.021787491,-0.184568875,41,80539.68597,1,1
-0.862775764,1.398483993,1.758272158,0.031634016,0.888254798,0.193557904,64,30825.59324,0,1
0.693478912,0.781175336,0.44024803,0.195360397,0.724825561,0.795741009,57,66468.76049,0,1
-0.39201264,-0.215388289,-0.823349538,-0.065680473,-0.833094294,0.166676695,34,61666.68696,1,1
1.059936384,0.141114497,-0.241321388,0.729590421,1.191483358,0.780853008,47,49782.29536,1,1
0.61700595,-1.52498494,-0.288977258,0.09338697,0.816274588,-1.167976631,21,78241.58532,0,1
0.683569323,-0.133779373,0.525112943,0.201325968,0.147089582,0.378694237,45,85739.43514,1,0
-1.365955711,-0.860438468,1.041912604,-0.382652348,-1.716303123,0.193451383,58,69869.79202,1,0
1.211943985,0.694326381,-1.148207292,-1.052441927,-0.019920002,1.201984943,57,55548.45825,0,0
0.261250531,2.572752389,1.838754501,0.154028931,1.729930714,0.030372856,26,38296.09145,1,1
-0.369277139,0.499821636,1.605690108,1.207446044,0.22038282,-0.097360828,53,62699.7478,0,1
0.143388467,-1.991140149,-0.875323568,0.443861231,-0.376466527,-0.557132691,25,57695.22648,0,0
-1.776235233,-0.361230193,0.072801794,-0.817493941,-0.228457343,1.491228645,39,58605.77317,1,0
0.408652811,0.122490925,1.710808544,0.814740026,-0.159252307,-2.356183314,42,52546.70353,1,0
-1.029371508,0.087357425,1.232918587,-0.335117068,-0.799614214,0.511170524,66,51227.58467,0,0
-1.352670286,-0.730813126,-0.33674303,0.71465398,-0.041244829,-0.020382444,23,60435.93256,1,1
-1.522359186,0.245291743,0.814339815,-0.368795865,1.44273453,-0.183612222,43,41530.6378,1,1
1.112688375,-1.242500837,2.997198292,0.35330644,1.329454879,-0.329322439,59,75546.17769,1,1
-0.629263394,-0.944908723,0.105159982,-0.518497337,-0.75433591,-0.055855004,19,48550.39054,1,1
1.53372771,0.645797642,-0.632648251,-0.493052496,1.275897385,0.478546271,48,61680.56691,1,0
-0.535801463,-1.015663231,0.172419852,-1.566265367,0.761141313,-0.795039136,29,55135.7146,0,0
-1.707357958,0.538211605,0.246552095,0.512074819,0.633338538,0.135027228,36,69752.99827,1,1
-1.11652444,-1.369463775,-0.524536739,0.370169635,0.431911882,0.350760873,54,68931.54591,1,0
1.23581162,1.764825884,0.441625068,0.426442716,-0.930376379,-0.953750829,65,67605.56834,1,0
-0.155898178,-0.774269922,-1.25440106,0.275330561,-0.405578185,0.50387162,54,42466.6168,1,0
-0.548287296,-0.223666572,-0.665533867,-0.762250033,0.832918403,0.35892274,18,57113.14754,0,0
0.160018226,0.330613261,0.758244776,0.965899264,-1.206870344,-0.798965005,27,84033.89517,1,1
0.501782736,-0.565349953,-1.754870852,0.9927793,-1.040775105,-1.18808081,51,54871.70917,1,0
1.117398816,0.143405961,0.903167592,-0.788237465,0.306197425,-0.812112877,33,75739.21839,1,1
1.44849923,0.575356725,-2.011981366,0.532123991,-0.789532661,0.135376897,58,59847.87788,1,1
-0.359768646,0.960613233,-1.731324579,0.874991185,0.823894354,-0.075931542,24,55353.54539,1,1
-1.326047686,0.791497436,-0.498978743,-0.470098273,-0.754217956,1.393923414,30,62798.40887,0,1
-0.413465161,-0.171810464,0.286863843,-0.296035689,0.244380145,-0.367129045,21,47516.92992,1,1
0.260280507,-0.146631774,1.325263603,0.534113408,0.328071565,-0.889098783,56,73498.10666,1,1
-0.963758926,2.349108558,0.057622763,-1.510329769,-0.482094678,0.657020629,48,47191.16575,1,1
-0.957150915,0.949889068,-0.246553608,-1.088517222,-0.23964663,-0.98002512,27,68304.92957,1,0
0.343787882,-0.921823656,0.579581248,-0.989775008,-0.68001148,-0.790834622,29,76179.13299,1,1
-0.048652352,0.099988164,-0.87089882,-1.796316365,-0.018604706,-0.777745104,51,66385.95647,0,1
0.032796995,-0.335143139,0.139415159,1.084939774,-0.96168724,-2.997353218,45,51464.74911,0,1
-0.758495335,-0.135334234,-1.199446258,-1.988131814,-0.223507751,0.566866665,22,62785.59937,1,0
-0.230400714,-1.229495158,0.082590517,0.343110663,0.748491008,0.939980995,45,48986.75326,1,0
-0.924233144,-0.411923234,-0.129836326,0.811683395,-1.136751079,0.916686597,64,56830.03635,0,0
0.890198411,1.811555773,-0.804267921,-0.293595954,-0.487069412,1.885428367,28,52150.75074,0,0
1.035249335,0.579076301,0.165040637,-0.668367625,0.51826241,1.507030593,51,48581.29421,1,0
-1.846187862,-2.491161408,0.158549653,0.232842451,-2.077644782,-0.333966667,32,69458.62686,1,1
-0.92951086,1.216723492,1.175454012,0.001833001,1.855584036,1.109240368,68,74759.1195,0,1
-1.496529255,1.089629523,-1.605633403,1.003504862,1.045257914,-0.097640313,22,75799.10073,0,0
-0.650023934,-0.359285304,-0.076048908,-2.62852114,-1.53833558,-0.425969766,65,63631.76953,1,1
-0.08343797,0.717263544,-0.7602624,-0.918707476,-2.1041958,-0.755577746,38,82037.1712,1,1
-1.44964522,-0.859399211,0.869762058,0.561576884,0.029617587,-0.267623939,48,49846.52344,1,1
-0.921859813,-0.470255716,0.753912065,0.050447443,-1.120244196,0.32897225,57,79277.23785,1,1
-1.003957372,1.498546361,0.507879845,0.752034159,0.96149329,1.581137991,24,73643.41828,0,1
0.207267329,-0.27173004,-0.703833258,0.262019976,0.394002162,0.728645078,52,60597.47395,1,0
0.069344337,-1.869731662,0.885470583,-0.134737063,0.123379016,-0.771308335,38,63345.9848,0,1
-0.721737553,-0.063303223,-1.530130929,-0.302288443,-0.570256385,-1.044128541,57,75544.58717,0,0
0.176820872,-0.078588393,-1.735310704,2.325055016,1.60000764,0.568544057,22,69928.0399,1,1
-0.546680085,1.198368569,-1.275871,1.534946274,0.753452101,0.902374363,31,63922.2319,0,1
-0.27165511,0.014336422,-0.03347481,0.495505098,0.603165809,1.227476074,51,53246.42927,0,0
1.67345209,-0.421582311,0.675164401,0.078463893,1.200055965,-0.26875113,27,46135.58848,1,1
1.340461052,1.045056145,-2.976032474,0.538132549,-1.018860863,0.469502858,35,61624.72086,0,0
-1.299581237,0.120790233,1.322742832,0.826834718,1.284737869,0.855826656,34,42834.83704,0,0
0.829732418,-0.750022682,0.131112196,0.418826686,-0.264608296,-1.35105925,55,70983.34955,1,1
0.811396554,1.154997561,-1.567772348,-0.751380123,0.334729697,0.277771518,66,33385.31147,0,0
-1.148263289,0.193661765,0.10094697,1.784510768,-0.15646301,0.904347275,49,64604.82346,1,0
0.818777644,0.002925967,1.092525415,0.246208228,-1.877865606,0.510391445,34,55847.6471,0,0
1.537931918,0.177908391,0.599441015,2.01393003,0.957348261,-0.080646668,39,53408.79169,1,1
-1.122544806,-1.070668371,1.099073063,0.187147487,-1.824483323,2.609945167,42,55851.95024,1,0
-0.917502821,-0.527653776,-1.366246629,-0.245653352,-0.9665206,1.930518668,68,30000,1,1
1.017661467,0.003582602,-0.414005235,1.384140124,-0.45282463,0.009395745,33,53371.5448,0,0
0.271495311,-0.194663695,-0.924692231,0.301186958,-1.953615546,-0.189726794,47,46984.63539,1,1
0.551476275,1.272428383,1.717580205,0.133422635,-1.100622623,0.700278648,51,47174.78177,0,0
0.340589216,0.217405853,0.639362843,-1.200364206,0.244820091,-0.057528831,22,106814.6493,1,1
0.390695921,0.854903923,2.847009589,0.660217805,-0.346651192,1.271542409,61,39166.22634,1,1
-1.326472128,0.009395355,-0.467609533,-0.493310383,-0.264152874,-1.267253413,50,65942.10855,1,1
1.047317707,1.056288484,-0.724674212,-0.447791209,-0.915006451,-0.240699648,22,48066.17634,1,1
1.169589992,0.397527757,-0.142826639,-0.490548845,0.046181324,0.685246037,57,46316.8249,0,0
-0.229390744,0.013420485,1.378357221,0.439033835,-0.325248025,1.003748248,59,39797.94786,1,1
-0.04347695,-0.013283089,-0.366119689,-1.535376274,-1.640965401,-1.480917706,20,76924.50494,1,0
-1.531107503,-0.954438626,0.124437598,-0.210845343,-0.20091867,-0.954062922,55,78066.22464,1,1
0.514254756,0.50691572,0.096690703,0.980278991,-1.241911827,-1.676259421,30,50696.03881,0,1
0.572057442,-0.040204735,0.039496761,-1.245668869,0.897697112,-0.873178447,69,73682.06667,1,1
-0.062191017,-0.50199196,-0.65239846,0.172878961,-0.391506735,-1.277214447,25,44462.57526,0,1
1.12435336,1.106461771,-0.137291068,-0.63139942,2.521524431,0.539131098,47,53983.50309,1,0
-0.334077231,-1.250216026,-0.180102601,-0.403693119,0.966902537,0.229004552,67,70184.45632,0,1
0.564605926,-0.422495895,-0.00756466,1.65515226,-0.130269175,-0.153829113,22,44981.82739,1,0
-1.019664339,1.027718749,0.943516818,-1.650489184,0.579478833,0.026094801,55,48910.3262,1,0
-0.023552151,0.315522941,1.760628035,0.765630338,-2.089799189,1.194239569,48,60367.53756,1,0
-0.174354258,-0.047858928,-0.840434763,-0.477928269,0.962379407,-1.042269086,19,60559.39446,1,1
0.225307922,0.251003543,-0.391993625,-0.527663985,-0.820290497,-1.930201586,24,43825.25182,1,1
-0.369526929,0.179414171,-0.825011898,-1.111562342,0.089733037,0.710511881,33,93494.59104,1,1
-0.131472596,-1.516662546,0.187101537,0.753899637,-0.727622513,-0.390963704,27,47342.55712,1,0
0.826047171,-0.349261885,-0.538349458,-0.191404616,-0.621318375,-1.018435193,46,74291.576,1,1
-0.436764237,1.616521655,0.239796834,-0.317669414,-0.18113209,0.554011312,47,68937.82801,0,0
-1.606577101,-0.659324135,1.10362691,0.109836929,0.076832775,-1.967646205,37,47919.45612,0,1
1.749583904,-0.318301014,-2.525831686,-0.170287126,-0.026915881,-0.857588432,59,66948.88709,1,1
1.381454079,-0.541620763,0.49177989,-2.00068788,-0.001984624,-2.388656283,51,47391.23751,1,1
-1.292262695,-0.087015223,-0.460187049,-0.490824183,-1.625682707,0.259095203,25,61062.75254,1,1
0.689707805,-0.583122831,0.460422268,0.895440891,2.332049604,1.573690172,51,72360.9066,0,1
-0.502974771,0.486741502,-0.896469438,-1.506616464,0.231980329,-0.573178676,51,51626.7299,1,0
0.263487215,0.197313412,1.196260988,-1.0899379,0.437567346,-0.791544213,62,66172.21105,1,1
0.294224129,0.773547615,0.913280618,-0.426791395,-0.339991111,1.784553727,53,51359.81955,1,0
-0.2344078,-1.050941166,0.568352149,-0.725623419,-0.874154695,0.62743525,24,62634.62402,0,1
-0.783765666,-0.340340483,0.793225718,-0.027885482,0.151035731,2.38043916,31,61592.06259,0,0
-0.690541052,-0.225722632,-0.745620467,-1.093076752,0.289276911,0.160802743,37,54500.42249,1,1
-0.916191915,0.45564691,-0.619623755,-0.387854524,1.301808877,0.226637193,54,32530.12846,1,0
-0.831822208,-0.793221197,0.752436201,-0.047994532,2.077617684,1.444829511,50,71713.35707,1,1
-0.06717829,0.915653804,-0.767729143,0.648940416,1.477022404,-0.148628163,48,89857.14123,0,0
-0.715759989,1.186415591,1.445635047,1.244789386,-1.766528923,0.247196018,50,62094.1786,0,0
0.682052066,-0.988872348,-0.323591071,-0.261547154,-0.460418141,-2.421298737,43,50804.4207,0,1
1.487246155,-0.490872895,0.50189439,1.888060241,0.33581712,1.737703823,43,63121.38275,1,1
-0.580053241,-0.531931508,2.099249519,-0.183904581,-0.400285652,0.390874148,68,77190.39916,0,1
0.239404501,2.632386205,-0.706223354,0.828875148,-0.043826817,-0.1073761,55,79193.14945,1,1
0.49968511,-0.429900105,0.068761751,1.931507735,-2.145136244,0.907345008,33,73675.29185,0,1
0.472002271,1.677625442,1.054183165,0.139308409,0.914213001,-1.181461087,29,66677.6999,0,0
0.075955268,-1.266631995,0.951277389,-1.373526622,-1.875455239,-0.551378558,18,70129.51388,1,0
0.742682418,-0.989650966,-0.32781531,0.090903857,-1.572489524,0.553335573,61,61774.28399,0,1
0.482248953,-0.686604532,-0.516730438,-0.611642888,-1.014670784,0.044026161,37,45659.45608,0,1
-1.237662422,-0.845689311,-0.233135933,-0.274432027,-0.097533954,0.446631532,67,54321.73853,1,0
0.869156064,-0.267898734,1.447857766,1.984976882,-1.622725355,0.249303784,19,55156.17752,0,1
0.887290837,-0.708778203,-0.279105856,-1.222763423,-1.060392234,0.630543216,48,64388.34986,1,0
-0.763286104,-0.819341593,0.078115692,0.300466822,1.148945042,-1.320802362,35,33540.18998,0,1
0.037937835,1.158471996,-0.426786471,-0.87772128,-0.112360353,1.278144802,59,67665.56529,0,0
0.683328993,1.223793623,0.705548565,-0.307657941,0.433546979,-0.483886254,27,30000,1,0
-0.20931382,0.949296498,0.155525038,0.744842335,-1.236242784,0.057732463,23,66170.01933,0,0
1.072978048,0.523998956,-1.003433811,0.318163943,-0.053836025,-0.600775776,19,77547.68875,0,0
2.363872495,0.092743066,-0.968824114,-0.225032269,-0.135866606,-0.287405221,33,73422.59326,1,0
-0.785986033,-0.497030691,-1.998605567,-0.649800325,-0.795270471,0.229093936,22,46564.39978,0,0
-1.381044603,-0.953157505,-0.831321409,0.316078192,-0.051077104,0.735168714,55,69354.05237,0,0
0.303818596,0.362995703,0.793945804,1.707686717,-1.892125293,0.901231086,39,70565.33712,0,0
0.721562505,-1.173630393,1.323760538,-0.901351943,0.438608744,0.432511286,39,85586.63966,1,0
-0.230866374,-0.993920929,0.685558363,1.911663885,-0.399492718,-0.595795111,39,65485.70459,1,0
1.453260663,1.152913256,0.554632201,1.199497451,-0.257219392,0.369446448,18,75391.78731,1,0
-1.3386058,1.900649042,-0.12652605,1.369353368,0.851765802,0.240289347,53,53443.10852,0,0
0.692918623,0.393295138,0.774914555,0.308432381,0.432033477,0.059065115,66,47219.04377,0,1
-0.605860821,1.106457152,0.286278223,1.171129776,-0.318339189,0.534223306,30,72963.87757,0,1
1.719377906,-0.245848317,1.804448972,-1.008831282,-1.116586029,-1.27575757,29,73172.19076,1,1
1.992515353,-1.337674186,-0.098445314,-0.668043908,1.328661405,-2.02691993,30,50467.8332,1,0
-0.766656588,0.612171619,1.343008084,0.765813814,-1.340122002,1.189999221,68,41822.50758,0,1
-0.549557136,0.569289323,0.874114082,0.295845055,0.629366903,-0.13137379,65,61848.65364,1,0
0.859587887,0.071668554,0.735443286,-0.148379258,-1.597393944,0.415928509,28,60656.66524,0,1
-0.38713065,-0.242375458,-2.011491325,-2.502608891,0.917873303,-0.867565667,67,63508.13005,0,1
-0.045411218,0.962210579,0.929189562,-0.435474048,1.010600853,1.262224212,35,73287.43619,1,1
0.025388421,-0.985733033,-0.127507979,-1.17405378,-1.912610843,0.350079217,39,75432.91489,1,1
-1.919673156,-0.773780579,-0.443926494,0.493534311,0.449335053,-0.179517597,18,60117.78715,0,1
-0.013837746,-1.008106507,-1.482913041,-0.191168529,0.366503648,0.285791716,21,45070.52146,1,0
-0.689727774,0.084972963,-0.005587134,-0.628300544,0.703049305,-1.741700606,26,49114.80584,0,0
-0.493122822,-1.087893012,0.033551597,2.642910483,0.365240275,0.373128997,20,51049.88026,1,0
1.443632003,-0.684242181,-1.303001922,1.038174477,-0.962315693,1.486827198,25,58197.58755,1,1
-1.256506894,-0.705755562,-1.473280173,1.055872141,-0.217232967,0.315279282,26,52281.48996,0,1
0.813205187,-0.260608332,0.48661948,2.202215145,1.664646536,0.18614301,35,56328.5846,0,0
-0.27896293,-1.487374446,0.871705131,0.802191783,-1.107813476,-0.317031236,22,61107.06006,1,1
-0.279760168,0.087204992,0.19028291,-0.770954009,0.322857958,1.082761615,39,50353.85687,0,0
0.790371896,1.247303651,1.15083465,-0.887896352,1.151253874,1.231009311,54,64829.9159,1,1
0.340051295,0.135491372,-0.086384984,0.964902759,-0.990752809,-0.431944035,22,87414.68638,0,1
0.570612997,1.541321145,-0.054351274,-2.05935428,-1.416786647,0.358646858,40,57499.11885,1,1
0.968184661,1.333998186,-0.917028029,-0.077779631,-1.266102334,0.232214436,33,49775.03277,0,0
-0.331308383,0.777735047,-1.560241978,-2.171124378,0.394971362,0.401771172,22,64600.20618,1,0
-0.612236735,0.074685843,1.854662134,0.098843508,-1.274603773,-0.772725306,54,48073.70293,0,0
-1.085150527,0.022500388,1.13129905,0.854070251,-0.135360041,1.142776425,61,57790.36518,1,1
-0.82541053,0.763799772,-1.392512567,0.279415535,1.371271396,0.565218448,56,49823.31769,0,1
2.949094425,-0.39167061,0.155751908,0.938109359,-0.051308124,1.202405357,20,43952.2842,0,1
1.244679581,-1.882520751,-0.100046311,1.964826942,-0.777812788,-1.115343871,43,46821.29197,0,1
-1.351074366,0.492004054,-0.273992473,-0.143538437,0.125409673,-1.056586574,25,50087.83819,1,0
-1.322457957,-1.13106863,-0.409017848,2.807650783,-0.068672854,2.059394989,38,44374.22662,0,0
0.481866062,-0.962141228,0.381269147,0.212669956,0.452657639,1.14712929,69,79182.20711,1,0
0.547264797,0.000223948,0.818175525,0.949165063,1.619144554,-0.815087653,35,66470.60662,0,1
0.548883835,-0.095124878,0.402391169,-0.611062715,0.396768859,0.868152611,22,74127.18466,0,1
-0.254955794,-1.412075606,-0.120518374,1.61931398,2.033782512,-0.465814222,23,39625.056,0,0
-0.12545426,0.165491564,-0.157226717,1.041710199,0.455301903,-1.698709526,44,55590.88589,1,0
0.327879524,0.966139661,0.936814317,1.471451303,-0.767331293,-2.100250564,39,66287.7223,1,1
0.085893006,-1.12834157,0.463444938,0.054504422,2.288302994,-0.021988836,39,84790.64083,1,0
-2.219300373,1.272483331,0.072689463,-1.255417564,-0.124818017,1.560801157,55,48709.32174,0,0
-0.229799631,-1.560170825,-0.035901298,0.46039744,-1.054892232,1.521388096,55,40705.4413,0,1
-0.851406434,2.117324144,0.34527051,-1.697019813,2.323728664,1.260144955,60,62859.38144,0,0
0.175211419,-0.41126043,-0.468348689,-0.336185804,-0.733116886,0.830011107,44,49893.75388,1,1
2.985259003,0.145616997,0.821538817,0.191080437,-0.772389432,0.31736466,62,85587.18902,0,1
0.367481665,-1.892033572,-1.075858562,2.377224293,-0.551470508,1.151964089,63,68130.20824,1,1
-0.313529686,-0.062136066,-0.41145651,0.318548612,0.164626413,-2.010886353,66,55714.78537,0,1
0.921801502,0.228482178,0.611106095,0.139537469,0.930861397,0.989787919,50,55758.33015,1,1
0.482687887,-0.086162104,-1.132882813,-0.063032424,-2.648791614,-1.121005159,59,58100.73332,0,0
0.42009449,-0.563081077,-1.573008543,-1.342090905,0.926500485,-0.912723052,48,32629.79497,1,0
0.606850593,-0.946564519,0.063077675,0.08582584,-0.554534602,0.69585216,45,60629.58125,1,0
2.056543565,1.13052662,-1.696458154,0.102882676,-0.412894443,0.928730687,47,52695.24173,0,0
-1.130888435,0.030807135,-1.298803554,-0.968608495,1.715191811,-0.609708426,51,69491.34491,1,0
0.473632077,1.540752377,0.756594119,-1.186745614,0.21330816,0.646192961,62,46535.58332,1,0
-0.92638113,-0.526482355,-0.204785258,-0.481570683,0.447701348,0.562931935,34,70237.95301,1,1
0.555512646,-0.434794693,1.28548695,0.064932979,-0.048560115,-0.310647269,68,68144.6878,0,0
-0.918686511,0.815594245,-1.204814341,-0.457554181,0.763642584,0.15385086,52,62395.88463,1,0
-0.417366814,-1.622974962,-0.093952366,-1.05087545,1.618010573,2.080884048,53,78805.50462,0,0
-0.295089914,-1.21346336,0.399584553,0.289272252,-2.475065283,-0.281568028,23,31728.92813,0,0
0.975816719,1.097484971,-1.17051493,0.538866824,1.084617991,-0.24709199,62,66658.22084,0,1
0.918454444,-1.171933929,1.031761904,0.121297709,1.547033064,0.150007143,46,59328.79852,0,0
-1.245717376,-1.819051015,0.510678883,-0.562982714,0.501063248,-0.182953396,40,58888.93397,0,1
0.054934111,1.868527188,-1.609287087,0.594841021,-0.677362423,0.790502398,31,45272.86627,1,0
-0.709579855,-1.393817648,-0.037741796,-0.19053729,-1.152272448,1.469243959,26,38705.15183,0,0
-1.258504911,0.184119398,0.385956736,-1.189083707,2.361845687,-0.246668739,32,73384.80216,1,0
-0.21701705,0.069085193,-0.590056674,1.036244355,-0.904983687,-0.856785144,55,71821.71538,0,1
-0.308482788,-2.810628317,-1.479864906,0.353508019,1.517641571,1.974907943,42,86979.27947,0,1
2.426716486,-0.267317023,0.278458789,-0.119290306,0.390511324,0.119809476,37,89443.56108,0,1
0.432959825,0.448413249,2.21124295,-1.571052205,2.045830806,-1.704527742,60,36777.95003,1,0
-1.377617501,0.354309382,-0.386984099,-0.744860279,-0.318260164,1.862274128,39,57680.96109,1,0
-0.564774004,0.903520684,1.569241181,2.018565712,-1.607580924,1.126187666,24,63760.94508,1,0
1.021383295,-0.387491315,-0.752288822,-1.508342062,0.002170847,1.601342523,35,74430.54393,1,0
2.088442773,0.712504442,0.215545635,-0.25134928,-1.486447638,1.434247524,34,81402.57968,0,0
-1.585983312,-0.689329068,0.771522531,-0.016335762,2.677060531,2.644988062,31,44563.63589,0,1
-1.879924385,-1.410467416,-0.008413666,0.320476789,0.629498224,-1.036936702,43,51885.06487,0,0
1.870965175,-1.297728376,-0.297735649,-1.497170936,0.778130449,-0.795648075,57,80562.587,1,1
0.389614177,-1.462110455,0.726127521,0.174176256,0.778770283,-0.49226368,49,34903.63488,0,0
-0.868292732,1.009585968,1.891455115,-1.686105462,-0.693589681,-0.520846206,46,43852.29713,1,1
0.534629086,-1.514573509,0.300586925,0.097428796,-0.132030493,0.122951182,57,66566.68958,1,1
-2.635747739,0.274038841,-0.516060177,-0.652397919,0.110364631,-0.489898704,24,90814.93604,1,1
0.003375507,-0.265924194,-0.189751557,-0.865869267,1.943888463,-1.189550602,26,34844.31781,1,1
0.327821173,-0.102648573,2.519707646,0.834817159,-1.157091799,-0.874437523,29,60893.56019,1,1
0.92427014,1.363607295,0.134907116,-0.235606243,-0.72858389,-0.293753085,20,68316.00266,1,1
-1.013895952,-0.438427367,-0.594413699,0.473710805,-0.362931106,1.144300451,49,82047.40786,1,1
0.085687161,0.611601562,-1.145067916,0.506826911,-0.673646659,-0.575310193,50,66700.91965,1,1
-0.925424626,0.037563351,-1.825901094,1.269953489,-1.458926455,0.809967819,32,32375.17979,1,0
0.255383756,-0.152018906,0.363584274,-1.208257742,-2.70470452,-1.321278924,26,40711.26085,0,1
-0.895346322,2.299969124,0.654641993,0.919015663,-1.826844466,-3.19889768,66,80580.40089,1,0
-0.408100839,-1.441341746,-0.39669618,0.016461622,1.099029933,-0.133175097,61,66603.94061,0,1
-0.995815395,1.289131835,-0.014970418,-0.37812458,-0.008218901,-0.610008731,34,43112.59065,1,1
0.651136242,0.656406565,-1.170461709,-1.149250519,0.835538916,-0.881737197,45,67402.45093,1,0
0.858451117,-0.479524995,0.132928465,0.606590862,-0.582513596,-0.998850271,62,64607.3858,1,1
-0.23462057,1.629318517,0.481495321,-0.922224521,-0.09833566,-0.707515147,30,30000,0,0
0.038237995,-1.848110112,-0.535164267,0.517806587,1.613157501,-0.987349932,64,30000,0,0
-1.448591415,-0.521766657,1.69045267,1.927830773,1.552722606,-0.896736048,38,64661.65797,0,1
-0.299676648,-1.208482204,-0.837106327,0.97997704,0.941972133,-1.358847352,67,90531.40476,1,0
-0.050204617,0.412083465,0.283476604,1.391434325,0.202417787,-2.129400631,64,63956.34608,1,1
2.620793091,-1.113064101,0.84831722,-0.719004777,0.517969428,-2.209407488,67,30000,0,0
-1.111967026,0.433063947,-0.0772895,0.762733046,0.370638299,2.461089132,22,35813.69002,1,1
1.464177239,-0.186436416,-0.188476819,-1.144214955,-0.166926794,-0.063246791,24,69386.41915,0,1
0.996858773,-0.479353943,-1.42886615,-0.233482903,-0.404369809,1.524542446,55,71021.66536,1,0
0.280636404,0.388647246,1.357341496,1.741272056,1.122367945,-0.177591129,54,57086.73954,0,1
1.758620484,-0.268621624,-0.169893202,-0.607842206,-1.295627549,-0.144276558,36,52741.65525,0,0
0.372105473,-1.088634843,0.537365425,1.111356184,1.487358277,0.306670624,58,71908.17776,0,0
0.389159196,2.80137299,0.672720488,1.015646733,-0.275442807,0.640070648,49,76573.09719,0,0
-0.053120653,-0.487167183,-0.628298492,1.07474125,-1.314053505,-1.246669453,60,70409.42564,1,0
1.223568882,-2.21760908,-0.197528604,-1.267001976,-0.545504858,-0.379774847,20,45691.33141,1,0
1.096469234,-0.84209869,1.334482351,0.525200966,-0.874407887,0.304781761,56,73488.65852,1,0
-0.625677287,-1.267276688,-1.117197666,-0.156598566,-0.575674352,-1.933525739,52,54704.7971,1,0
-1.319247195,0.826145616,2.127918075,1.088496858,-0.593953519,1.297338321,44,50976.42757,0,0
-0.202980637,0.32165266,-0.744872785,-1.6550004,-0.633694771,1.062757418,55,50389.9348,0,0
-0.800038564,0.398712802,-1.179517457,0.367787889,-0.307957068,-2.10177638,68,60316.12414,0,0
-0.063524575,-0.370022466,0.132309021,0.226375203,-0.064773332,-0.879000475,65,68554.71098,0,1
1.237438135,-0.279350247,2.208348264,-1.990116737,0.763859635,0.104849742,25,30000,1,1
-0.457301655,-0.370931104,-1.910965936,-0.885420356,-0.244952632,0.84184231,68,49038.72034,1,1
-0.042823381,-0.081193184,-0.141015718,-1.830152213,0.326020807,1.526127196,70,53086.77656,1,1
0.058022735,0.835333435,0.476265017,-0.726355302,0.007531312,-0.637341373,36,75545.57701,0,0
0.848430882,0.336075413,0.033649959,0.549217085,0.54058077,2.338170676,47,46999.40271,0,1
-2.246889334,0.50011283,0.38192167,0.195365576,0.04667534,-0.048759324,65,55035.2672,1,0
-0.606700295,0.499558908,-0.718033082,0.169400081,-0.646821775,-0.224127902,57,72144.5414,0,0
0.211283692,0.884442437,-0.599721846,-1.039748109,-0.918199653,0.561724754,27,60594.01165,0,1
1.200078956,0.288150042,-0.148422647,1.120450492,0.210229599,0.310790517,47,82996.81864,1,0
-0.491902448,0.358848073,-1.129888088,-0.018819678,1.27337849,0.254883875,26,57747.60409,1,0
-1.876552706,1.188806241,-0.044686401,0.033703812,-0.229124627,1.996161142,65,88244.62171,1,1
0.619711446,-0.665045918,-0.388745294,0.940399569,-0.700863654,0.247370609,39,90940.22877,1,0
-0.635362389,-0.85574258,-0.470045185,-0.991345748,-0.256170675,-0.98427428,48,66870.66414,1,1
-1.189666659,-1.185921599,0.320506413,0.22854777,-0.561394511,-0.839754886,63,66274.12669,0,1
-0.62434539,0.182914564,-1.820659493,0.423462492,-0.666980519,1.472624682,27,68385.38795,1,1
-0.184525358,-1.853732241,-0.229090103,-0.54556815,-1.443594582,0.683829154,53,72248.91389,1,1
-0.604744665,0.462154096,2.317353766,0.652373381,-0.244408286,-1.556348961,27,61855.69642,1,1
-2.205566057,-0.109193095,-1.086109686,0.477123171,0.235777154,-1.60552523,69,77531.08157,0,0
0.897066197,1.1346397,1.285500496,-0.101176712,-1.081904157,0.025054551,70,67505.83018,0,1
1.274875041,-0.67191731,0.054656121,-0.13215089,-0.87833975,0.616488375,44,80791.58933,0,1
0.651521991,-0.203318285,-0.602957809,0.523547658,-0.948061994,-0.678047643,32,38208.45164,1,0
-1.13768567,1.122203333,-1.32064166,0.78847104,-1.386677967,-1.680170249,36,63243.93897,1,1
-0.201491534,1.383135647,0.139681965,0.062899917,-0.955592104,-1.125171735,28,75231.70196,0,0
-0.006521315,-0.680152366,1.453397106,1.12018946,-0.197856429,1.645751097,49,42877.11704,0,0
0.59879439,0.181781233,-0.389211145,0.658525962,-1.342057806,0.496970012,37,66458.52203,0,0
0.668340489,0.294418978,-0.080961425,-1.78846395,-0.137542467,1.000082063,63,69129.40096,1,1
-0.734173799,0.373653406,1.01037085,-1.404896698,-0.703466792,1.164993318,32,85918.38455,0,0
0.081995556,-0.262575659,0.340870791,1.182235219,-0.928982059,-0.626006208,21,54906.65418,0,0
0.457280405,1.281383398,-1.57227578,-0.246773131,0.377208816,-0.373035,34,63167.10892,1,0
1.455822322,-1.889703484,0.098887216,0.164175823,-0.640125605,-0.168005386,18,51662.72937,0,1
0.70450654,-0.421130235,1.512234911,1.139290518,-0.470013866,0.416684836,36,57887.72103,0,1
0.789056687,0.447930733,-0.036941186,-0.006411217,1.29800681,1.089504843,22,84291.82953,1,0
0.083826628,0.457224812,-2.741489429,0.03726761,-0.920055634,1.869881452,35,59561.87987,1,0
1.410459145,1.352759031,0.388214992,-0.868729233,1.565874548,0.81430217,34,49361.50585,1,1
0.409762796,1.198225393,-0.19845644,0.369994507,-0.347791129,0.821585842,59,57259.0677,0,1
-0.86108791,-0.285541625,-1.829094414,0.586512219,-1.136134633,1.926630887,58,52216.15743,1,0
1.40336997,1.299871244,-1.67920809,-0.577881837,-0.553948341,-0.205058762,21,53379.39938,1,1
0.697903273,-0.714041744,0.975107143,-0.922021378,0.068774907,1.189002966,69,51916.69077,0,1
-0.443044021,0.930887383,-0.732382746,2.626289255,1.25450386,0.57828251,36,52500.68263,0,1
-0.479492967,1.810522478,-0.907496381,-0.09290847,0.798824809,0.614952051,48,42198.29024,1,0
0.296575545,1.214944107,-0.035638561,-0.68369234,0.06390685,-0.214527924,20,61038.39685,1,1
0.463184795,0.105770384,-0.644202998,0.706586445,1.259955981,-1.394232608,67,45320.87673,1,0
0.197292266,-0.331778772,0.100048628,-0.050794035,-1.881037048,0.344834309,20,77120.96395,0,1
0.311308673,-1.528591296,-0.202720029,-1.085766323,0.24944153,0.349083602,46,55320.14185,1,0
1.699957375,0.310539638,-1.19999558,0.483053572,0.309939727,-0.575443073,70,66128.70545,1,0
1.071543152,-1.115217228,-0.511197799,-0.853120969,0.322142468,-0.09673484,25,66159.83887,1,0
0.190635591,-0.793134664,0.442753321,1.576458002,-1.610151166,-0.881893458,22,32454.06669,1,1
0.941310581,-1.190745801,0.04191804,0.49450463,-1.016912402,-0.873410998,48,56002.53853,0,1
-1.032523904,-0.460392333,-0.081942482,-0.276880425,-0.166474422,-0.480963413,44,85776.50316,1,0
0.39792705,-0.027969414,1.937384241,0.109347018,1.114791505,-1.328438248,50,48361.85574,1,1
1.80930635,0.273614581,0.731037525,0.903288121,1.915264496,-0.583478157,35,94072.06542,0,0
-0.218045895,-0.600506635,0.852441265,0.185961254,-0.664435252,0.713734606,41,68164.51465,0,1
-0.847633929,1.069283706,-0.165968408,2.122109457,-1.309846792,1.456117917,43,67754.15392,1,0
-0.652088889,-0.208205258,0.22014519,1.135867516,0.815761436,2.075437811,48,63590.46116,0,1
-1.089633037,-0.787722433,-0.43109999,0.487607368,2.614370011,-0.400133377,31,75690.92952,0,1
-0.784761908,0.226292267,0.777549766,-0.936985874,1.106940633,1.200106824,42,76521.63952,1,0
-0.370508099,1.963552834,-0.110399904,-0.146888104,-0.748632724,0.336173927,49,59721.17167,0,0
-1.405567019,0.335160567,0.222377749,0.47887497,2.861139293,-0.23735408,56,53545.09437,1,1
0.015618334,-0.362855627,0.160611302,-0.822861416,0.68679962,0.402203064,58,38627.76598,0,1
0.902277174,-1.527461356,-0.018166881,1.293426875,-0.791013214,1.102125708,31,72206.30138,0,0
-0.90775618,-0.219412321,2.938188067,-0.974157342,1.934302166,-0.498301075,65,60985.34511,0,1
1.519283924,0.234928125,-0.666619277,-0.637225698,-0.869991811,-0.521320348,65,47343.06813,0,0
0.510792089,-0.387580891,-0.67571153,-0.562299185,-0.621088519,-0.409780031,44,51293.15335,0,0
1.030580586,-1.665384638,0.694096747,0.743824461,0.726620822,-0.626774048,39,58974.36967,1,1
-0.657834554,-0.85056539,-0.595168999,-0.804936367,-0.024905318,1.198882515,55,45278.26677,0,0
0.854525227,1.454538461,-0.291406361,-1.79997657,0.037007132,-0.763849205,24,60728.7288,1,0
-1.0919339,1.434001004,-1.086410953,1.088038836,0.038691502,-0.587615146,50,35698.47774,1,1
0.890247501,-0.886639169,0.491557919,-0.444386285,1.114479926,0.311203102,60,52013.78871,1,1
0.17183934,0.672756787,0.504257244,-1.068507632,-2.32439064,0.230325803,58,42571.8353,1,0
0.55325122,-1.178572785,-0.31519206,-0.754858553,0.284513886,-0.409850042,50,63005.33157,1,0
-1.175594606,1.404316282,0.714816688,1.716762749,-0.290203377,1.683621339,41,45332.44463,0,0
-0.895069842,0.245235848,-1.858125014,-0.657043697,-0.752496033,-0.630635813,43,51614.92638,0,1
0.597228218,0.949641499,-0.706853402,-0.123368105,-0.755136418,-0.171085957,67,93896.81717,1,0
-0.948348004,-1.715093347,-0.169979186,-0.446918362,-2.637109669,-1.926750538,59,72974.98252,1,1
0.463206292,0.677637102,-1.172282497,-1.232662543,-0.798418104,-0.304997704,48,69009.5301,0,0
-1.367137806,-0.007674064,-1.748713037,-0.742718562,1.290462725,-1.322956559,44,79463.69588,0,1
0.848174213,0.851929071,-0.307895965,-1.301108407,0.832054878,-0.916265053,30,67687.05778,1,1
-1.232523315,0.914867798,0.694020087,0.955881276,-0.191381762,-1.955859628,48,38935.37965,0,0
0.552299938,0.065784689,1.282108391,0.100879065,-1.411255722,-0.892504326,49,40252.54431,1,0
0.625630934,-0.600829639,-0.547287883,2.482677762,0.821869772,-0.07506122,40,30000,0,1
-0.696771818,0.779696182,0.733215838,-0.708910725,1.309848412,-0.244181772,54,63029.13318,0,0
0.582026567,-0.060154499,0.636542038,-0.858860246,1.034194671,-0.414772039,57,44097.71328,0,1
0.260442263,-0.872784954,1.218608174,1.533759768,-0.968725555,-0.324903749,62,51443.67828,1,1
-0.538841856,-0.920152231,-0.35019103,1.057977032,-0.864878681,-0.504990413,33,55201.89684,1,0
-1.008554684,-1.477164416,-1.798500495,0.384765022,1.655911259,-0.03460353,56,50872.62759,1,0
-1.962625692,-0.51029116,0.070185852,-1.113691515,-1.209271041,-0.110226393,25,59482.5555,1,1
0.349650047,1.102692046,-1.013793741,1.744996268,0.478213366,0.274980522,35,55755.32674,0,1
-1.564802771,0.1778298,-0.723505109,-0.07210316,-1.777736147,-0.20096225,44,54260.96417,0,0
0.095344199,-0.529767706,-0.301219144,-0.430675128,-0.300315367,-0.433659694,26,36779.87369,1,1
-0.263448216,0.804855938,-0.338927631,1.142959737,0.585150401,0.778222317,45,63625.68564,0,0
0.679142775,-0.832476622,0.141559267,-0.022295121,-0.029965957,0.602873479,39,92637.99754,0,1
-0.302045499,0.095350274,0.703156316,-1.165670086,0.523913321,-0.032425692,28,64144.42525,0,1
-0.329447786,-0.179630373,-0.367735583,0.040302599,-1.226205076,1.195103425,39,94035.66106,0,1
0.731870704,0.779130626,0.395697507,-0.781348802,-0.820001964,0.082648992,66,51475.27514,0,1
0.335058029,-1.577228371,0.01481601,-3.009341143,0.481818378,-0.161172644,31,56208.3717,1,1
0.316155957,-0.850197746,0.935494396,-0.881710192,0.696888142,-0.068591489,40,59702.0965,1,0
0.46926759,-1.638245659,-0.188591851,-0.527735571,0.219812853,0.165117297,19,57453.08675,1,0
-1.535572123,-0.259596722,-0.078926676,-1.155645109,0.947057742,-0.917200063,32,77473.96056,1,1
0.75678868,1.211427504,-0.374400448,0.575246532,-1.657207939,-1.873627925,67,30000,1,0
0.612468794,-0.50544721,-0.16224854,-0.777447757,-0.46619795,0.281471138,22,53179.54301,0,0
-1.016683129,-0.510683938,-0.783488128,0.478426201,1.822683773,0.834035811,46,84950.60844,1,1
-0.244080474,0.871724424,-0.882597286,-1.233319736,1.283468829,-1.000958439,50,52550.40226,1,1
-0.039307288,1.068549558,0.775765385,0.909218921,0.633638165,1.073072767,65,73928.77355,0,1
-0.134496784,-0.088571067,-1.083201683,-1.276482527,-0.155366973,-1.646455835,61,69061.7499,0,0
0.333859967,0.684714854,-0.31911809,-2.341530409,1.034815628,-0.558788273,47,58911.12532,0,1
1.431366782,-1.076954541,1.015342786,1.237262585,0.42914152,1.706015822,63,64748.96914,0,1
1.081766728,1.377974334,-0.352700795,-0.855893804,-1.517440365,0.355936486,34,58717.60496,1,1
-1.312219193,2.148706294,0.828740454,1.756929058,0.995762447,-0.302477542,18,30000,1,1
0.62206999,0.521215791,-0.591045721,0.564591901,-0.866043414,0.252285835,31,66899.58838,1,0
1.32893332,-2.084331621,-1.051163606,0.790263318,0.75968825,1.196343199,64,50758.54224,1,1
0.386808521,-0.558230262,-1.594825855,1.0454725,-1.615972789,-1.445159922,61,39347.93848,1,1
1.090980425,0.612825322,1.312724069,0.112679346,1.599019332,1.31785975,34,65804.99424,0,0
2.012270446,-0.421482997,-1.136871182,0.124055418,-0.274896379,-0.490036531,26,64814.70788,1,0
1.023709546,1.272198554,0.74718659,1.281340024,-1.109336332,0.708384926,52,74721.02618,1,1
0.249308596,0.588157264,-0.999947027,0.111358496,-0.688505233,-0.614223559,48,56082.03095,0,1
1.045088474,-0.706475501,1.317383918,-0.728176847,-0.336849097,1.683723322,29,72881.33619,1,1
0.144887833,0.032264811,2.206782725,0.58575856,-0.005769716,-0.031163003,62,60318.12656,1,0
0.023903043,-0.893833221,-1.68653006,-2.113643414,1.318145636,-1.328816749,19,65178.93317,1,0
-0.351414236,-0.182584878,-1.084756434,1.319558802,0.070142616,0.470076425,32,66416.27722,0,0
1.563413359,-0.55459324,0.773131864,1.340439136,-2.170916798,1.301229982,51,40040.40498,1,1
-0.818428666,1.1747618,0.513042923,1.198166668,-1.229738512,1.188263175,54,65656.2533,0,0
1.532367725,2.116012057,0.776921855,1.159771962,2.757534792,0.09350037,70,61558.57716,1,0
0.499864124,-1.431188333,-0.57375555,-0.084175325,0.135388796,0.812075324,58,55932.69666,0,1
-1.399306175,-1.923216286,1.987534161,-0.106682384,0.950790114,-0.421568079,47,61715.04195,1,0
0.367649293,-0.245172422,0.118049467,-1.22964009,-0.308346139,0.591037655,31,98243.71735,0,0
-2.100026508,-1.518415699,-1.216962577,1.748041252,-1.004611314,0.362812916,62,31208.40857,0,1
0.625508017,0.046211604,-0.2531485,-0.485018173,-0.481282222,-2.89526602,21,58026.75631,1,0
0.885231483,0.748936114,-1.203566896,0.33988531,0.128326084,-1.000605508,25,72177.72062,1,0
-0.592355956,1.494141897,1.590941359,0.254045283,-0.460236337,0.207844601,40,41308.80686,1,0
0.123547696,0.201394559,-0.660331263,-1.340419182,1.918467767,0.164994732,24,65565.71956,1,1
1.954157434,-0.193155225,0.492483485,-1.744675024,-0.616252794,-0.029077491,34,64534.85776,1,1
-0.505746704,-1.978384917,-0.470673145,0.005586621,-1.05483561,0.089374619,39,36164.61727,1,0
-1.058907587,0.026185149,-0.61538731,-0.453756118,0.80880276,1.207667653,55,51235.31401,0,0
1.481663402,0.071287261,-1.910254181,-0.089436859,0.932002504,0.354122219,43,86751.26428,0,0
1.962587191,0.638956814,0.598174603,1.06541563,0.029977122,-2.332626182,25,36139.93133,0,1
0.003695672,-0.708488102,1.299181253,0.224944151,-0.602143623,1.947709642,39,53416.00387,0,0
1.011463035,-0.4350526,-0.915967581,0.758522541,-1.900658814,-1.906546104,57,57522.52523,0,0
1.341475916,-1.478002255,-1.545229115,0.445328162,1.220721522,0.958142626,62,60063.72228,1,0
-0.742484233,-2.291292807,0.803316043,-0.316334193,0.86856091,-1.564318838,39,53804.72282,1,1
-0.485305835,-1.108497091,-1.646241349,-1.001803167,-0.43988832,1.423439977,57,61234.42256,0,0
1.230874513,-1.570325814,1.219532936,0.264717868,0.059572478,-0.277999046,22,59466.27992,0,0
1.685014279,0.336712295,-0.904395123,0.083892619,-0.226677183,0.384277556,26,70653.63808,0,0
0.56288086,-0.518134057,-1.103292743,0.915156338,1.628730241,-1.986159928,37,72668.03647,1,0
-0.879814354,-0.53823713,0.248462421,-0.15090007,-1.037918303,0.729563165,39,66592.80749,1,1
1.987061112,-0.984413046,-1.038139285,-0.297341545,-0.620061494,0.416302212,51,63550.43544,0,1
-0.530970898,-3.232565433,-0.707111081,-0.229499384,-0.716726239,0.617323267,52,36547.436,1,1
-0.335137781,1.508310749,0.353981933,-0.918726635,0.310161286,0.949616624,53,61736.67122,0,0
0.342337834,-1.000270523,-2.429112337,1.446909945,0.056129454,0.178508869,36,76709.87934,0,1
1.554160421,-0.41242007,1.642419246,1.139628755,0.200068163,-0.21070807,45,35838.04143,1,0
0.853975977,-1.454892165,0.043640132,-1.213029829,-0.880607126,-0.810906847,24,40242.3343,1,1
0.4148655,0.971930343,-1.292966012,0.803948142,1.48489683,-0.44311421,58,82378.85123,0,1
0.46328853,0.143428937,-1.017245369,-1.845005064,-0.454045107,1.20649462,55,37531.89967,0,0
0.043514669,-0.826365285,0.991646378,0.985289233,1.187589949,-0.837789624,20,58458.91707,0,1
0.558139515,-0.392229611,0.601052935,-0.696350451,3.139113997,-1.843095772,49,51725.38835,1,1
-2.529560078,1.678179922,1.386780657,0.359900558,-0.873336054,-0.987532927,63,81475.75827,1,0
-0.296607459,-0.072969432,-0.682742845,-1.92950969,0.3423849,0.60604268,62,64543.5921,1,1
0.241321935,-0.181733538,0.296583837,-1.198704232,-0.131603638,-0.302852244,48,71868.69052,1,1
-1.151014084,-0.941381486,0.426567912,0.468702967,2.030881555,0.604493656,62,60835.31032,0,0
0.386323318,-1.89458115,0.6952675,-0.700908183,-0.280653927,-2.00046108,42,89928.38276,1,1
-0.204471221,-0.160038674,1.127281123,-0.83996287,0.248691478,-2.982541912,50,48840.52602,1,1
1.755475698,0.325485112,-0.717263906,1.395861697,0.22686832,0.26410857,64,65153.40527,1,0
1.573019725,1.099584464,-0.114170268,2.210959211,-0.10039877,1.004692887,22,78856.09826,0,1
-0.465805569,-2.248496534,-0.610149746,0.937013937,0.755473768,-1.710995223,46,82257.28416,1,1
-0.150837712,-1.125096327,-0.052611873,-1.091880572,0.0933964,0.526043219,48,55980.26367,0,1
-0.073947566,-0.580741091,0.698432782,1.763519333,0.481851738,1.190263574,43,30000,0,1
-0.451659476,-0.003480849,-1.6540355,-1.56143226,0.213602705,-0.004383542,38,54238.28399,1,0
0.195024984,-0.145033692,1.109371569,-0.304491454,-0.604537726,0.901090839,51,86153.94754,1,1
-0.758282069,-0.121688686,-1.139182124,0.054777767,-0.26896206,0.190407634,54,48551.11344,1,1
-1.130615335,0.408096059,-0.30737032,1.924037844,0.555422853,-0.262934375,66,64367.97604,0,0
0.622711224,-0.903293111,1.243941925,0.912659138,0.551360302,0.821015541,18,55393.30923,1,1
0.629529584,0.934141442,0.328009718,-0.463757695,1.245009049,1.912797586,21,58916.1875,0,0
-0.80431576,0.433452442,0.339529948,-0.944956271,1.859244148,-0.557841142,64,79682.08324,0,0
0.895355431,-0.319832264,-1.180626045,1.002192654,-0.521068877,-0.087731667,64,63817.20021,0,1
-0.631577729,1.600907992,-1.044085936,-0.533358957,0.134874158,-0.990685455,39,90629.05097,1,1
0.253165238,1.556416036,0.941256397,0.216740088,-0.19340581,0.155213544,33,74644.12574,0,0
0.820344013,0.932895355,-0.589143545,-1.369776489,-1.107307637,-0.156399369,62,61968.58637,1,0
-0.033612565,-3.018556771,-0.494911873,0.569257855,0.564555139,1.158451943,63,58587.77512,1,0
0.454740912,1.578945093,0.963951251,0.488695146,0.777837164,1.419748169,49,64976.48871,0,0
-0.516429644,0.794758522,-1.049913545,-1.241620062,-1.076991226,0.787985453,51,41502.30465,1,0
-0.196466583,2.006408638,0.269235133,1.031623113,-0.374499339,1.046764344,38,44135.23272,1,0
-0.205859431,1.237464592,0.042907326,0.554745808,-0.472089522,-0.704836217,44,71355.17535,1,0
-0.746578347,1.578342677,-0.002685726,0.740024253,-1.508424703,-0.954931918,59,73793.39893,0,1
-0.176774163,0.87865485,-0.518435632,-0.378678693,-0.03637733,0.436817376,54,40155.26733,0,0
-1.548618299,1.348693199,-0.579855181,0.178956411,-1.145241676,0.020020257,20,72892.72762,0,0
-0.491153747,1.994123741,-1.078364164,0.063378869,0.158993691,1.999188881,69,57364.28201,0,1
-0.284875493,0.216554738,0.482665026,-0.148170405,0.269121525,-1.921644483,60,47531.55679,1,0
-0.256179752,-1.572230544,-0.668149192,0.170503278,0.393022783,0.619580806,62,55281.14563,1,0
-0.241497446,-0.3074609,0.968744621,1.256442974,0.441322178,0.603050785,51,73324.18476,1,0
-0.0617642,0.389945599,-0.224555042,1.074950639,1.530940717,-0.761957796,24,69131.7667,0,1
0.479441518,0.074887584,-1.058450489,-1.181860677,-0.808646141,-0.967577165,46,64459.7103,0,0
0.874517074,-1.246561966,-0.237813882,0.985401817,-0.758481816,-0.339261838,20,65677.27752,1,1
-0.649765227,-1.631067625,-0.410857199,1.191143373,0.655163897,-1.641511215,62,42886.3102,1,1
-1.203200855,-0.741162669,1.009103412,-0.151177673,-0.131981525,1.457332804,55,68202.46861,1,1
-1.042044412,0.807739556,-0.369000189,0.508447104,1.125326607,2.700728947,58,53141.34913,0,1
-0.487202921,1.580339771,-0.276210381,0.494001667,0.561688792,-0.341284328,69,90318.5757,1,1
-0.351921318,0.916567614,1.411546705,-0.849966617,1.918111328,-0.639295179,19,54299.48303,1,0
-0.769996066,1.057427287,0.508267321,-0.381956288,-0.09132845,-1.31085835,29,93392.68927,0,0
-1.296116664,-0.080815573,1.662706016,0.750810239,-1.482039572,-1.096136756,32,57582.04978,1,1
-0.456120827,-1.742082458,1.259045004,-0.495822237,0.34066142,-0.589444422,33,58576.495,1,1
0.18142662,-0.455220581,-0.887162588,0.975499559,-0.071674158,1.208767941,20,55585.3303,0,1
0.595029466,-0.258764412,0.989950854,1.304972441,0.534487487,3.193007285,44,41128.24661,1,1
-0.557423053,-0.497052487,1.525303292,1.143671842,0.662607187,-0.722825964,63,79895.20301,1,1
-0.412997822,0.054694865,1.532813132,1.979804603,-0.534548515,-0.902053397,40,61456.4433,1,0
-0.926698309,0.44141976,0.988095984,-0.090732282,-1.009005659,-1.16799321,50,69406.36055,1,1
-0.03143917,0.853015188,0.967522995,0.177201074,-0.14594335,0.450789429,65,84226.34778,0,1
-0.848428634,-0.278119864,-0.302661044,0.320663048,-2.381191536,0.344220912,44,58033.03733,0,1
0.573127813,-1.903759406,-0.837382084,-0.060397925,0.080667259,0.100925802,41,58608.76117,1,1
-1.785866492,-0.482877719,-0.352217319,0.542178974,-0.407438075,-0.444303717,55,62173.64688,0,1
-0.359629672,0.043710397,-1.664789001,-1.711204029,0.861675044,1.359204699,44,40756.93874,1,0
0.301107339,1.222807922,1.342795315,0.204905389,-1.985848534,0.764261029,64,32567.58832,1,0
0.183834516,-0.567807842,-0.283292959,-1.37743665,0.00634531,0.72086382,48,37444.64127,0,0
2.693033664,0.512543628,1.291330729,-0.962623278,1.576224285,0.370238627,32,78618.8779,0,0
0.349800025,0.2900879,-1.231499577,0.732889811,0.675401328,-0.189388822,52,55110.51038,0,1
-1.004054597,0.043900533,1.082624921,-0.199116238,0.980671996,-0.715168264,53,71765.66788,1,1
-0.095464247,0.930533319,-0.494880658,0.697614475,0.339733523,0.519905016,41,56122.05797,0,0
-1.776246333,-0.660841197,-1.284369408,-0.220776604,-1.66153407,0.423162658,34,36335.10861,0,1
-0.080599749,-0.57518645,1.627118052,1.106406316,0.166529173,0.567191137,62,72990.90958,1,0
-0.833056057,-0.011900823,1.107311669,-0.239080706,0.40848936,-1.564433985,51,46665.32504,0,0
0.915390276,-0.640146505,0.21179242,-1.95491849,-1.078224544,0.339278143,18,68698.06905,1,1
-0.549540275,0.508012291,0.033937885,0.225392582,-0.126553843,-0.308666847,37,73852.5552,0,1
-0.116765916,-0.713192304,0.439510019,-2.168859846,-2.901070629,-0.878597206,23,59335.4028,1,0
-0.635557841,0.226304208,0.194628578,-1.452720903,-0.334098176,0.728426944,22,67111.26712,0,0
1.738851352,-0.100172769,-0.792275954,-0.882946529,-0.436375943,0.17727039,46,38653.29268,0,1
-0.321242766,0.214925965,-0.41205227,-1.007709478,1.402239356,2.354123386,23,103875.3617,1,1
1.832557043,-0.459741395,1.960717832,-0.545050804,-0.603223103,0.484482161,67,66601.91995,0,0
0.814151762,-0.339088295,2.672156743,-1.042067824,-0.266357059,-0.297220628,70,71718.39263,0,1
0.482066727,0.096009268,1.562668505,-1.405952664,-0.079228777,-0.108285502,50,74013.76838,1,1
0.368733147,0.202074506,0.47822394,1.541835745,-0.590320024,-1.17190127,62,57912.35871,0,1
0.393797298,-0.004201915,-0.337749033,-0.678144546,0.719791422,1.230848179,55,61166.14256,0,0
-1.927672579,1.705362357,-0.798185894,-2.230767653,-1.992392014,0.314985286,69,76274.39351,0,0
-0.278883394,-0.990736919,-0.73228241,-0.360918373,1.136576704,0.33212968,46,54484.07209,0,1
0.845157971,-0.064203795,-0.553267659,-1.124731058,-0.011878118,-1.064218464,61,65867.02842,1,0
-0.048897183,-1.573629022,2.151164041,-0.884967627,1.301647135,0.779001183,27,67016.70686,0,0
-1.405189847,0.372081479,1.806282296,0.710342481,-2.747232142,-0.935397968,49,48982.33212,0,1
-0.052404451,-1.115246536,0.74627839,-0.448157619,-2.436229321,-0.553909511,42,66656.90834,0,1
1.704105516,-0.278310256,-0.960613176,-1.152596601,-0.29197856,0.1254379,45,34585.15948,0,1
1.246891716,-0.372064325,0.893055927,0.44625351,0.505915388,-0.580945468,46,73769.43621,0,1
-0.062004009,0.280891127,-0.238617029,1.149940831,-0.554932716,-0.792330311,68,83548.06789,0,0
0.951449277,-0.552790918,-2.153009439,0.536872163,0.58384583,-0.050135298,52,73586.04215,0,1
-0.36650702,-0.595305698,0.287100637,-2.453555572,0.981309757,1.010006804,64,82459.40791,0,1
-1.703871587,1.435856464,-0.841913041,-1.114989502,0.665999547,0.895076263,49,48567.0136,1,1
-0.924465988,0.28456679,-0.808053429,0.047448531,0.103268504,0.707415548,63,56625.3755,1,1
1.562888769,-0.561050852,-0.250407994,-0.244299405,0.09560285,0.486239834,53,61881.42133,1,1
-0.273993082,-0.250833672,-0.498322973,-0.327275154,-0.614795086,-0.475564059,24,61932.19092,0,0
-0.243383979,1.645354952,-0.034256819,-0.982756693,-0.055374324,1.120872583,27,53440.54744,0,1
-0.299838196,-0.235164878,-0.08233055,-1.405584083,-1.024230887,-1.735902537,63,46302.75204,0,0
1.90413659,-0.689276623,-1.875809093,2.007781718,-0.784729467,0.433789272,51,85904.49957,0,1
1.625958915,-0.68499615,1.520277989,0.027110953,0.5143642,0.841294984,50,47504.03905,1,1
2.218780233,-0.549126481,-0.983376723,0.642121789,-0.462881132,-0.090291569,43,84845.84517,1,1
-0.15904521,-0.594497722,-0.952398385,0.006251174,-0.737561894,-0.722291765,65,67426.41761,1,0
0.295624489,-1.279647848,-0.328553252,0.046348699,0.449231013,-0.037059023,65,63045.25601,1,0
-1.516642549,-1.124200097,-0.108334847,-0.0621034,0.379899657,-0.757595031,30,68144.80877,0,0
1.476934426,-0.829320374,1.458979817,-1.120445859,-0.215299585,0.514260658,47,82851.65895,0,1
-1.167779551,0.591571018,0.269423452,-1.514489458,-0.148935431,0.945733658,49,30000,0,0
0.216775564,-0.381237287,0.566465484,0.386225374,0.41594789,0.446689782,50,65387.09064,1,1
-1.097302528,-0.207161689,0.274536188,0.187842407,0.968957116,0.38713555,23,62235.07853,1,1
-0.588866827,1.270088025,0.231461582,0.938280898,0.201085659,0.760317557,53,62789.13958,1,1
-0.837262431,1.29500715,0.309729503,0.735360827,-1.19203391,0.875889307,19,74107.55923,1,0
-0.607875261,-0.282124943,-1.932734143,-0.808512193,-0.221427493,-0.77827371,24,50844.06566,1,0
-0.539122703,-0.630863511,-0.249918485,1.132591309,-0.407149838,-1.537993277,47,42736.63541,0,0
-0.548268795,-0.864430314,1.162261111,0.765027195,-1.052986106,0.277886657,63,39236.2479,0,0
0.833333912,0.69277577,3.942331011,0.69084157,0.497932766,0.924385698,43,46389.74647,0,1
-1.104862793,-0.204707234,-1.204308933,2.249326792,0.574852579,-1.580898448,42,70311.5926,0,0
0.220541427,-0.38649489,0.42307996,2.043958763,0.726208422,0.068832076,50,67572.71972,0,0
1.217959152,-0.813664575,-0.571046578,0.689913767,-0.990912954,1.12833568,59,73249.95458,1,0
-0.513196365,-0.769666409,2.047651904,0.565197206,0.157450937,-0.116458096,23,53102.99555,1,1
-0.717918891,0.320058191,-1.353782761,1.081655182,-0.006275233,1.521134295,25,53769.53107,1,0
-0.230524625,-1.315438266,0.62493949,-0.58395377,0.307403093,1.333838924,26,84805.83662,1,0
1.179725208,0.994868694,-1.4072111,-0.569829258,0.129726491,-0.182712547,28,75296.7373,0,0
0.194107631,-0.533844644,-0.318566668,0.673421407,-0.012545945,-0.367739704,41,71282.82183,1,1
-0.531214295,-0.149635944,-0.034313331,-0.856476089,-0.132723759,-0.349335997,23,32628.68161,1,0
0.483876651,-1.336977958,1.069691682,0.592769486,1.10684061,0.134854929,57,89365.46519,0,0
-1.10229215,-0.012365938,-1.077166826,0.156832167,-0.861814008,-1.173503463,33,58620.84356,0,0
0.68135951,-0.328320943,0.663383049,-0.856190105,-0.173170871,-1.358371065,34,62593.54188,1,0
0.408607308,-0.050080599,0.018777723,0.02586651,1.081370667,-2.271494765,41,66713.50893,1,1
-0.307808471,1.471708898,0.272793386,1.305081592,-0.811055924,-0.021152973,24,62467.9534,0,0
-0.838585798,0.177698046,0.958332715,0.082370451,-0.760087928,2.038884935,57,57420.3688,1,0
-0.886680922,-0.794659184,-1.282556693,0.086547648,0.733940944,-1.990517949,57,62175.50796,0,0
0.534817336,-0.711319911,0.810594973,0.328985279,-1.423913841,-0.184162877,44,69547.25554,1,0
1.228980502,0.595131186,-0.568904853,0.459188523,0.660631123,-0.214207401,27,72731.99284,1,0
-0.637307747,1.298693291,1.095873455,-0.330840466,-0.489634579,-0.152066251,26,78296.68298,0,0
0.458386704,0.281918021,0.334557635,0.350261048,0.410000616,1.256801249,68,43536.72193,0,1
-2.087027019,0.688712745,-0.209528382,-1.04907036,-1.220734567,-0.888402876,27,51811.23331,0,1
-0.584617731,0.609737723,-0.590025969,-0.799071057,1.185076267,-1.946253193,66,72794.31815,0,0
-0.031058933,1.419064413,0.823294994,-0.671149108,-1.21723865,-0.534283051,47,36446.90149,1,1
-0.909683417,-1.949590173,1.260951685,0.46976269,0.724950354,-0.667834336,26,62423.85723,0,1
-0.936506375,0.667218939,-0.532851541,0.160232828,-1.175462384,-2.230913008,63,48210.66653,1,0
-0.667779556,0.983736044,-1.133006566,-0.134359577,1.808300871,0.24548673,43,68267.64252,1,1
0.292192728,-1.338723706,0.694211043,0.69076999,-0.071381782,-1.186012627,51,47323.82466,0,1
-0.187329018,-0.885668184,-1.448530942,0.378862083,1.950857095,-0.083099515,52,54606.3265,0,1
-2.238231233,-0.850782749,-1.305512438,-0.28997678,-0.818887487,-0.362840059,44,55643.63455,1,0
-2.120700153,-0.728790196,-1.062700276,-1.035230843,-0.442650696,-1.074015971,37,63695.19014,1,0
-0.606865178,-0.481717051,-0.415450483,-0.819708801,1.210719204,0.890627176,41,74374.82962,0,1
0.457686586,0.242602813,-1.336331889,-1.466809465,-1.426196022,-0.281459904,44,75479.24018,1,1
-2.747504843,0.865674651,-1.938799909,0.14056955,-0.699266656,0.054271567,58,63074.13677,0,0
-0.499730176,1.081316958,-1.135444194,-0.862138782,0.49506843,0.586406257,36,43355.17677,1,0
-0.526247857,-0.837823061,0.642474447,-0.495322982,-1.018780577,0.288501646,35,98694.19703,1,1
1.388337778,-0.844702999,-1.271544072,-0.127590681,0.521817422,0.145000113,67,58722.25996,1,1
-0.385021812,1.31582184,-0.340269678,1.043995191,0.170404385,-0.824191964,60,64105.66819,0,1
0.382988985,0.646743935,1.946698462,0.928790598,-1.513645624,-1.112245266,58,63633.95431,0,0
0.14125714,0.082864842,-0.04917413,-0.054708471,0.967768788,0.157847512,29,65307.28441,0,0
-2.13056648,0.473336676,0.34253099,1.265503489,-1.262433093,-0.961915511,57,47294.09544,0,0
0.768207217,-0.029803782,-0.946040018,-2.012348509,0.771279097,0.794441109,35,66578.59209,1,0
0.215396505,0.524584683,2.163474854,1.87722055,0.128475398,-0.129539741,25,87322.52545,0,0
0.50826864,-0.336066697,-0.541294489,0.692499714,-0.455012465,0.648612025,53,30000,1,1
3.926237706,0.268804934,-0.228104684,0.102803285,-1.105402525,-0.985772136,55,60484.69647,1,0
-2.084112939,-1.51054605,1.317058678,-0.891359681,0.329269325,-1.141198131,70,43176.50803,0,0
1.72469665,-0.687784295,-0.181734245,-0.438067366,-0.872524793,1.678873123,33,74833.12183,1,0
-0.287447519,-0.677011177,0.047888783,0.609350896,1.207953476,-0.149468694,70,77117.01863,1,0
0.287328904,-0.374390033,-0.281688321,0.632079384,1.244450609,0.913216259,30,58085.21855,0,1
-0.045512245,-0.926513255,-0.274832378,0.668393371,1.642034021,-1.411920409,43,60913.34887,0,0
-0.424236333,-0.533543626,0.370502011,-0.728496734,0.280897437,-0.283028274,65,46785.69716,0,0
-0.569832928,-1.514414062,0.552943189,-0.929847713,-0.404309805,1.302360885,43,30000,1,0
0.329508736,0.548700476,-0.643248431,0.195205244,-0.296902581,-1.564622846,38,55947.02696,0,0
-1.517173697,-0.082513519,-0.766080456,0.769853958,-0.370087583,2.275315439,69,56794.39375,1,1
0.750579168,-1.705207608,-0.609136089,0.00318485,0.248005538,0.202538784,67,60645.45603,1,1
-0.416194405,-0.834829911,-1.401254014,1.481484247,0.436607256,-0.818934851,38,30000,0,1
-1.130069339,0.336601428,-1.590430259,0.033137462,1.231564366,0.351948726,25,34119.62837,1,0
-0.450012858,-0.543021946,0.297167147,-0.000708644,0.020123416,1.109135702,50,37753.75452,1,0
1.257149217,-0.69694146,0.938595803,0.670559991,-1.403227331,-0.825560424,23,61246.48183,0,1
-0.535335087,-0.074592677,0.871045293,1.219230138,-0.407420926,-0.682028837,67,68779.00303,0,1
0.358453618,0.343597535,-2.381991273,-1.34925526,1.55585178,0.249130051,19,42561.36825,0,0
-0.730956276,-1.436352457,-0.245065087,-1.118011708,-1.55657857,0.463020798,25,55862.05013,0,1
0.75792185,0.550128481,-1.102091956,-0.313261438,0.73914996,-0.198437554,23,51316.53758,1,1
0.685507739,-0.800293282,0.143737438,3.158941785,-0.390573114,0.40233973,23,90480.07279,1,0
1.848608833,-0.017927968,-0.417823519,-0.261468563,-0.88346431,0.853549223,39,54227.91524,1,1
-0.175563945,-0.035420141,0.591911906,-0.121782943,0.395611049,0.173307736,42,53594.50353,0,1
0.668654805,-0.527066118,-0.01915309,0.61835193,1.560953026,-0.69147518,63,47760.04672,0,1
0.09806754,-1.023659746,-1.896001895,0.976928903,0.340444177,-0.020936949,48,31485.33193,1,1
1.295871782,-0.285686548,-0.967085873,0.169785116,-0.26254421,1.75623958,52,69697.24021,1,1
-0.718832388,1.625330309,0.005785115,1.164347495,-1.29604924,0.333070217,67,56003.49345,1,0
0.745005313,-1.36167503,0.090110429,-1.193971183,-0.098849161,1.240235703,22,54174.42717,0,1
-0.194697296,1.692313019,-1.405676808,-0.766088425,-1.33214982,-0.51433881,39,62735.48827,0,1
-0.064188177,-0.259721171,-1.536459704,1.162486951,-0.309924221,0.26264097,65,36332.69491,0,1
0.091752484,0.035371417,0.056245338,0.010943115,-0.063057648,0.794315042,42,86558.56173,0,1
0.252240396,-1.086710811,-1.403667306,-1.262450605,-2.360541491,1.497757679,35,32690.87827,1,0
-0.116229043,-0.771269417,-1.668629427,-1.322537932,1.388322205,1.22758873,26,86645.24223,0,1
0.214713183,-0.50290965,-0.445140513,-0.810940805,-1.238521473,-1.119267303,42,59776.09451,1,1
1.578118058,-1.045694971,-0.488446091,0.002125542,-0.185959201,1.151852376,46,54205.49992,1,0
0.985449686,-0.208917957,-0.878400477,0.46737957,0.533833246,1.686000245,50,70067.17693,0,1
0.869154592,-0.407015892,-0.703736957,-0.32906,1.308549718,-0.574894483,60,54804.26053,0,0
-0.455539526,1.850781142,0.013835723,0.384999189,-0.792153006,-0.89446698,25,73977.02217,1,1
-0.889240828,-1.165974186,-0.720162904,-0.437066487,-2.509185261,-0.024434617,57,64618.62281,0,1
0.955300558,0.102690517,0.070697022,1.223920202,1.078663716,0.179497703,30,70691.35611,0,1
0.876046793,0.247846282,-0.380468536,2.551840095,-1.249494886,-0.350069162,25,75601.58669,0,0
1.472670676,-1.070320549,0.167650155,-0.392612732,0.359443244,-1.186734822,65,57385.4314,1,1
-0.603980626,0.686827495,0.878205565,0.479932811,0.4215897,1.472406014,70,74468.79109,1,1
-0.229548655,-0.398327013,0.839247845,0.398410824,-3.252029433,-0.859960696,67,67768.784,0,1
-1.639484163,-2.492389652,1.288210471,0.138695426,-1.614836772,-0.506927574,58,80009.48276,1,1
-0.392471106,0.659849612,0.838146897,0.653250945,-0.460811207,0.109125453,61,54491.12864,1,0
0.996570511,-1.116940884,0.238557532,0.478821189,-2.584127919,-1.472480097,44,80485.4985,1,0
-0.466495379,-1.047774946,-0.433431638,-0.47105357,-1.338051276,-1.548894102,20,48403.61332,0,1
0.640479795,0.687902083,-0.387760923,1.316545773,0.12287856,-0.4316857,50,30000,0,1
-0.190503106,-0.347161482,-0.877777306,0.201666247,-0.088483652,0.825630185,48,39527.66355,1,1
0.324057028,0.917772151,0.004529291,-0.38480042,0.302654431,0.188003513,45,55021.8279,1,0
-1.14769139,1.210166095,0.697387479,2.443202524,0.449220979,-2.05939596,38,63938.22593,1,1
0.08520945,-0.64492846,-0.725667603,-0.116213377,-1.681829567,1.389483508,69,60239.22455,1,1
-2.991135971,0.793262496,-0.037217859,0.254943841,-1.284848263,0.797409368,46,71800.62988,1,0
-0.186896158,-0.755460801,-0.677362229,0.175440345,0.76136619,0.191013825,46,41990.95244,0,1
-1.630473244,2.233115917,0.20935433,-0.129894611,1.524330241,0.164194066,69,85866.67653,1,0
1.205994517,-0.692957005,-0.549383384,0.448664705,-0.967408049,0.673416227,26,80179.70736,1,1
0.777407353,1.026087441,-0.739510571,-0.844999909,0.258905594,2.326318858,39,74027.57875,0,0
0.466670982,0.843790026,-0.679966695,0.596543387,0.807082893,0.880524198,25,78977.41196,0,0
1.521006227,0.316087822,0.503328774,-1.758354028,0.237555617,0.29616756,62,36709.17441,1,1
-0.948916521,-0.670543161,-0.096749405,-1.298069751,-0.248766305,-1.227101013,34,70483.95485,1,0
1.747363198,-0.151397492,-0.42842173,1.825724547,-0.640649994,0.164519032,40,71105.94642,0,0
0.932191564,-2.153588113,0.261404503,-1.256180027,1.985269205,0.773312174,56,74510.95387,1,0
-0.236555287,0.224420038,-0.414516217,-1.959958852,0.096209042,-0.115184124,47,72703.35863,1,0
1.135620147,0.349615331,1.126517894,-1.231416169,0.388942031,-0.522785509,32,66668.05055,0,0
-1.106293512,0.133499419,-0.973866154,1.740057269,0.324320081,0.553645784,31,66067.23947,1,1
-0.824514162,-2.973306171,-0.186971513,-1.79186174,-0.812418407,-0.988057569,42,77885.02316,1,1
-0.608589723,-1.265636445,-1.404765222,-0.955814183,0.050821023,0.867963687,33,50649.68961,1,1
-0.528977708,-0.748090983,-0.346874392,-1.458192484,-0.322242688,-0.435563438,66,65503.30513,0,0
-1.056557643,0.291658933,-1.679635498,-0.274129197,-0.340147591,-2.122463043,65,51705.04938,1,1
1.223083067,0.289338906,0.746316523,-0.436020898,0.316959141,-0.454753966,35,57718.55626,0,0
-0.2588544,-0.170223792,0.766503767,-0.480756507,-0.915642973,-0.057124748,49,30000,0,1
0.352504968,0.635245537,0.784170174,1.856133799,-1.204788421,0.552493858,63,46941.59265,0,1
-0.570351366,-1.026242375,0.02887248,-1.199075318,0.50272506,0.437051199,55,53455.12059,0,0
-1.820603301,0.610235006,-0.879870405,-0.10218778,-0.531610593,-1.290450565,69,53652.84057,0,0
0.270057358,0.474742105,-0.800340632,0.338601246,-0.34501572,0.122094033,70,54997.75333,0,0
-1.912254975,0.377554733,1.530172055,-0.980209262,-1.928796553,-0.53400504,32,42224.9245,0,0
-0.068634046,-0.182040431,1.435677104,0.486589981,0.963082782,-0.360221269,54,55013.57002,1,1
-1.368315039,1.830743825,0.122555157,-0.399810495,0.524016212,-0.998232095,66,76281.23634,1,0
1.987275999,0.493195688,-0.515634034,0.374309066,0.708068785,-0.050907004,50,55521.62956,1,0
0.911362722,-0.968335863,1.368623423,-0.107999252,0.38732562,3.132434695,30,79473.03226,0,1
0.105753791,0.248305476,-0.694503161,-2.050531226,-1.515956954,1.856442316,24,78487.58773,0,1
1.263706678,0.752483377,0.228849208,1.306098713,0.228998965,-0.998705686,36,51194.29786,0,1
-0.846315977,-0.588108599,1.351957305,2.070458315,-0.609133502,0.065944336,38,68540.63997,0,1
0.543479379,1.089272247,-0.8363385,-0.176754182,-0.962857105,-0.313985603,54,40304.37489,1,1
0.199810434,0.382033706,0.829223586,-0.897952052,0.500048241,0.142026657,26,44191.4432,0,0
0.264020081,-2.342478338,0.520560796,1.506012721,1.658508917,0.916309107,21,61676.15556,1,1
1.2723535,0.299671977,-0.039516542,1.890382903,1.493339419,-0.129322452,48,67628.3203,1,1
0.732492103,-0.406029154,-0.993433599,-0.168795412,0.622145019,-0.712231075,24,84200.52791,1,0
0.288723663,0.537179815,-0.72443976,-0.218680615,-0.030228159,1.156484055,30,57556.59478,1,1
-1.654887436,0.94421484,0.289451073,-0.079911098,-0.215542321,-1.234032252,57,62633.3729,1,1
-0.960046295,0.195162047,-1.423336795,-1.674548889,-0.904503586,0.189303859,53,61467.15743,1,1
-0.122708934,1.665252234,0.130743859,-0.291125879,-0.269733184,-1.48610305,25,86903.25121,0,1
0.093372374,-0.178706885,0.541050984,1.714941888,0.90852396,-1.026073159,43,80134.63342,0,0
-1.130203725,0.624817823,0.985220173,-0.168688661,1.823139132,0.744788783,44,65770.13579,1,0
2.411676676,0.804942574,-1.398357074,-1.040034528,-0.816481307,-0.679391435,65,71908.12282,0,1
1.516394055,-0.097345969,1.316247297,0.496685619,-1.995013485,-1.87656171,43,65245.49788,0,1
0.60211832,0.778774308,1.695363494,-0.667198798,-0.530873996,-0.722690457,62,76121.61016,1,0
0.072036861,-0.594672987,0.410151568,-0.066452124,0.903954113,-0.829770971,59,72926.83867,0,0
-0.21220897,-0.422568419,-1.038048581,-1.268848781,2.072277291,-1.262365773,31,55469.07404,1,0
-0.95191846,-1.31248869,-0.328109288,-1.036624161,1.310041207,0.550086714,37,61491.65729,1,0
0.077480519,0.241409116,-0.047597245,0.737659255,1.285285212,-1.546812682,59,62427.77245,1,1
0.25775254,0.325251676,0.270463509,0.115866779,-0.849560354,-0.587937482,62,62277.77864,1,1
-1.241760575,1.179263159,0.021981553,-0.776057387,-0.821389374,0.133407839,45,52382.95347,0,0
0.334176417,0.791140004,0.281165143,0.11953513,-1.323809637,-0.342789901,25,65053.54587,1,1
-0.155259049,-0.284795557,-0.090746757,-0.607146709,-0.665479736,-0.404190614,69,52364.24755,0,0
-1.907807558,-1.178179687,0.265107095,-0.783760169,0.914097783,-0.722706136,22,51221.76211,1,0
-0.860385011,0.432850403,-0.460523421,1.164034397,1.624487187,-1.218786623,70,58218.8627,1,1
-0.413605533,1.110753172,-0.338186717,0.782877553,0.345517271,-0.636760835,70,64041.5655,0,1
1.887687657,0.755184974,-0.57602517,-0.02127285,-0.25512096,0.657559409,68,78385.05142,1,0
0.556553125,1.084477525,1.917259535,0.144337337,-1.066724818,-0.434045168,30,70650.83228,1,0
-1.335481569,-0.211889531,1.463900786,-0.008398017,-0.112515156,0.166920883,19,76651.91677,1,0
0.486036289,-0.466618968,0.55529419,0.487009259,0.203126328,1.117118054,65,86589.67888,0,0
-1.547303989,-0.736901352,1.325308997,-0.799501658,-1.463072073,0.599804127,31,51219.53121,1,1
1.082691054,-0.055896467,0.798461339,0.862504733,0.921472929,-1.276279862,66,70668.448,1,0
-0.471124652,-0.078590796,0.18127116,0.353565838,-0.423913996,0.447959882,20,71268.31529,0,0
-0.093636189,0.206677629,-1.505571341,-0.263056338,0.861415841,1.047669515,33,63838.64206,1,1
1.325796648,-0.129297457,-0.26216392,-0.487778032,-0.010919962,-0.582199255,26,73392.03856,0,0
-1.287163569,-0.13362773,-0.335037892,0.841130942,0.297216693,-1.58562414,56,61313.20932,1,0
-1.397118185,-0.776694053,-1.133075173,-0.150486316,-0.70194921,-0.440695583,19,70061.94349,0,0
-0.583599326,0.941619014,-1.486162275,-0.698893096,-0.344615286,0.188055712,28,38753.13294,0,0
1.038378851,0.076518062,0.492719347,-0.384569767,0.642042123,0.592407994,41,60031.85849,0,1
-1.519346075,-0.174443934,0.324504322,0.769204649,-0.131498235,-0.520746305,60,70625.29586,0,1
-2.832155598,-0.747429253,-1.16739698,-1.610553201,-1.104974016,-2.035488456,46,75426.23836,1,0
-0.451158858,-1.33191311,-0.745878506,-0.355408906,0.111574055,-1.276408423,31,47087.61952,1,1
0.5517408,1.307964193,1.161222273,1.07058267,0.385675017,0.359920933,65,58772.86582,1,0
1.20026175,0.554638708,-0.877696514,-0.168216772,1.372888526,1.990674689,57,44052.23347,0,1
-0.463161362,-1.623917843,0.170798904,0.272816732,1.152553269,-0.021946412,39,54182.45535,0,1
-0.411426607,0.763142301,-0.1897783,1.086768965,-0.064635546,1.312877294,64,64739.11328,1,0
1.153900734,0.92248117,0.506363471,0.892329653,-0.547335165,-1.056955167,65,75532.31334,0,1
-1.8697417,0.124376122,-0.856107653,-0.440058773,-0.228301399,-0.647638799,51,73556.53184,0,0
-0.388520775,1.598110896,0.090083478,-0.130393552,-0.523733507,-2.340284455,53,63341.42887,1,1
0.19042389,0.216719642,0.168722577,0.904763902,0.506161226,0.369647436,50,50236.54426,1,1
0.449218721,-1.416823528,0.230180806,0.939469487,1.041665123,-0.893624719,56,57909.87261,1,1
-0.509806693,0.365169001,0.079073858,-0.088050125,1.239834359,0.599101013,60,98057.85345,1,0
0.034441012,0.244897302,0.344609321,-0.053545652,-0.412206452,-0.502316101,35,39021.35203,0,1
-2.488327353,-0.603296849,2.191770332,0.267683695,-0.512026399,2.021813005,39,41883.83873,0,0
-0.658248412,0.573558837,2.561297777,1.36690069,-0.420394425,1.793201646,42,62627.2544,1,1
0.453508713,-1.667665266,-0.639216141,1.067566121,-1.93203695,-2.303370732,54,70601.93763,1,1
-0.982294034,0.990566827,-2.31824298,0.693386704,-1.202812359,0.591210818,22,72953.2556,0,0
0.058984222,-0.878121704,0.595495301,-1.078669276,-0.034553006,-0.743298152,49,64322.24715,1,1
0.446872501,-0.984946125,0.18625246,-0.274833407,0.37927174,0.646886556,69,37207.51897,0,1
-0.342549201,-0.113824772,1.061041859,-0.222286674,0.491173058,-1.343746622,66,56706.12712,1,0
0.170463771,0.432972928,0.2848859,1.418485033,-0.780494422,1.441233886,53,33513.76938,1,0
-0.962732565,0.163924064,0.05860394,-0.238864391,-0.491110148,1.030692299,26,65924.17054,0,1
-0.20661128,-0.742659166,1.128906596,1.253442823,-0.269503807,-1.41375229,31,66836.95591,1,0
0.61021617,-0.506089291,1.268780588,-0.570698671,-0.381125899,-0.181310621,49,58105.67107,0,1
0.156972961,-1.133042347,-1.386560059,-0.490883958,0.688017721,0.162396059,26,42255.2721,0,0
-0.58653127,-0.224679902,-0.816606187,0.481454106,-1.30817411,0.719318283,40,47715.78115,0,0
0.224216404,1.075021215,-0.105592959,1.568146706,-1.149295605,-0.011948122,62,35652.07951,1,1
0.714609791,-0.004262938,0.098437624,-0.211777129,-0.298435296,0.786372187,65,59228.58067,1,1
-2.049941279,0.859414255,-0.225983203,-2.562767862,-1.365603703,-0.070765995,69,107523.5998,0,1
1.159074065,1.455401338,0.434207178,-1.564183402,-1.900470279,0.611772285,62,58468.67547,1,0
-0.336254739,-0.588018519,0.996104789,0.297961556,-1.49347716,-1.367865134,26,53698.07326,0,0
0.425489933,-0.186573253,1.722709711,-1.474796027,-0.242714588,-0.025991547,38,63253.62921,1,1
1.197246924,2.171192861,0.578913024,-0.865562826,0.630530816,1.15012263,61,42743.2668,0,1
-1.371673697,1.444343412,-0.852333678,0.012341951,0.651366534,1.411087312,49,43261.62536,0,0
-0.709441002,-1.672404526,-0.147376225,-2.449367246,1.587915433,0.173039635,61,50716.12326,1,1
-0.288548696,0.387148316,-0.075352241,-0.379725789,0.101665118,-0.099135129,27,73275.31753,0,0
-0.783753521,0.000559992,0.51464024,-1.164808558,0.236200512,1.368034303,46,65003.58229,1,0
1.734936576,0.826453111,0.388168033,-1.499179718,-0.250407037,-0.100928376,51,57609.92229,0,1
-0.856772094,-0.744978767,2.050396651,-0.802184439,-0.201826466,1.144527155,39,71232.97904,0,0
-0.555546779,-0.839608372,-0.461513135,-1.069208925,2.080545332,-0.106643323,22,85629.28175,1,1
0.204389032,-0.676070715,0.384750534,0.469480218,0.261351437,0.039998573,28,71042.55516,0,0
-1.202149526,-0.571928546,2.354711398,1.196526787,0.348274269,-1.104718373,45,44730.91444,1,0
-0.395680712,0.815324167,-0.585206897,-0.364426852,-1.145114303,-1.249282557,41,31749.73017,0,0
0.317453261,-1.181201173,0.145148696,-0.596125779,0.410422275,0.978129458,51,33834.39943,1,1
-0.332860404,-0.6226139,-0.944880501,-0.414205001,0.658331979,1.722819075,70,73035.37236,0,0
-0.093386859,-1.789012391,0.0820869,-1.108187108,1.110310128,0.10571252,59,48633.03772,0,1
-0.529332112,1.007117823,-0.780217148,-1.288741896,0.630084525,-0.166191507,57,72275.65647,0,0
-1.514470309,1.271030099,1.046800903,-1.645554453,-0.126738228,1.022641578,69,53178.28518,0,1
0.321593211,-0.327073431,0.147318859,-1.329520958,-0.169423313,0.337364999,27,65820.79993,1,0
1.754933072,-0.297949365,-0.93539726,1.631991007,-0.072080679,-2.398322586,43,70516.18007,1,1
0.018401631,0.453221902,0.840567698,-0.690421035,0.107187044,0.993672344,60,48257.448,0,0
0.225264117,1.474482007,0.179666039,-2.941628472,1.267650441,-1.336904263,58,72341.63948,0,1
0.692722755,0.408610748,0.952818777,-0.587056938,1.072639549,-0.011720334,24,50104.00019,0,0
-1.269330497,-0.697541942,-1.147662628,-1.590414537,0.752910954,-0.441486415,61,49469.89985,0,0
1.702514658,-1.618822572,0.368824412,0.05948494,2.02920998,-0.640658576,24,72316.41845,0,1
0.202328796,-1.115126263,0.773341695,-0.048353655,-2.656238375,0.046937551,65,69481.41349,0,1
1.631856899,0.07321945,-0.42337749,0.055885638,-0.460058574,0.893627537,68,66900.145,1,1
-0.733032996,-0.655327523,-1.259002727,-0.040726079,-0.011272619,0.031321113,65,43458.37009,1,0
1.818061923,0.194967706,-0.041607495,-0.372710305,-0.672229474,1.40989476,32,54238.949,1,1
0.775155494,-0.552924016,1.228115294,-1.455896122,-0.929750725,1.534000878,63,70335.50446,1,1
0.553040086,-1.058146431,1.125930331,-0.074654072,-1.71715964,1.524870971,62,94255.88035,0,0
0.234024454,-1.177031631,-0.428428435,1.018924589,-0.311328612,-0.055847413,20,87167.46157,0,0
-0.248528618,1.562354509,-1.283085436,1.813673084,0.894027054,-0.478217869,62,52981.05057,0,0
1.200531658,0.888987749,-0.43117972,-0.237991327,0.773936342,-0.033697524,43,50113.31369,1,1
0.14035987,1.730517952,-0.468477651,-0.129609945,-0.752129886,1.125322172,24,85949.01938,1,0
-1.967069704,0.539950901,0.446446783,0.500427179,0.220245079,1.065363442,19,69010.4067,1,0
-1.117186462,-0.429991409,-0.105001503,1.493241559,1.357599815,-2.595207678,27,52982.79625,1,1
-0.185845752,1.323340922,-0.753264212,-0.486296611,-1.520067045,0.305849274,47,61900.2195,1,0
0.309998983,-0.033068001,1.104263067,0.692651317,-0.15883598,-2.36801245,64,41259.6199,1,1
-0.056588489,0.22084177,0.140425867,-0.822819266,0.286496291,-0.019068259,20,75134.84238,1,1
1.21897079,-0.042824379,0.435415653,0.32984899,0.01001534,-0.529003681,55,80997.66775,1,0
-1.951101864,-2.946904219,-1.724985434,0.970604177,0.850633394,-0.836919829,46,83101.18458,1,0
0.143587937,1.604735012,-2.424264871,-1.290860607,-1.49782603,0.849255639,42,76887.29315,0,0
-1.817979225,0.491003946,-1.437545781,-0.525144722,-1.005818661,-0.647286093,63,55194.04927,1,0
0.759712295,0.329823061,-0.480543426,0.954783097,0.682041343,-0.009504648,21,73412.17964,0,0
-0.094458714,-0.061776062,0.576356018,0.616161231,-1.702224061,-0.932367852,64,81911.06082,1,1
0.419609972,0.16342782,-2.34224687,1.03594614,0.811767841,0.073721891,22,74176.35225,0,0
-0.863882961,-0.597278936,1.592852064,0.848439646,0.449818156,0.959730413,23,72798.92534,1,1
1.279464932,0.616579352,0.170566027,-0.341103528,0.74191974,-0.877876687,36,62868.67304,0,1
1.041724664,-1.307098344,1.360294993,2.199190148,-0.469289653,0.639936514,35,46412.02828,0,1
0.583544303,0.186068432,-0.885970082,0.136909991,0.509838437,0.056486244,69,87829.8766,0,1
-0.129517247,0.561573471,0.503859934,-3.055708949,-1.17228757,0.047319738,55,59450.21529,0,1
0.579857285,-0.198669134,0.08519593,-0.282346372,-0.414504942,-0.35040785,53,78213.04269,1,1
-0.706892568,0.370867792,0.817686313,-0.469171257,0.03633894,0.773407213,29,97170.09115,1,1
0.855555659,-0.991334392,-0.233791368,0.795249167,-0.898749425,0.670917809,41,73626.3782,0,0
1.649480894,-0.965826771,0.473215209,-0.451185315,0.218106868,-0.133434836,47,77623.56691,0,1
1.07061056,0.236717121,1.102195319,1.098969996,-1.144207229,0.20267829,31,45965.81166,1,0
-0.72960247,0.678549655,-0.651176294,0.558099372,0.26865081,0.742976161,56,49088.92826,1,1
0.361417317,-1.874865656,0.242244232,-1.000090461,1.741850304,0.541519217,19,78974.61138,1,1
-1.293141544,0.522020635,-1.887862237,-0.140373336,-1.256665639,-0.306636674,51,51756.25511,0,1
0.572390311,-0.5432015,0.702503019,-0.775533444,-0.022560116,1.165707841,70,39879.53518,1,1
0.450603413,-0.192806087,1.954662543,0.184758647,-1.617961058,0.864137819,37,35088.18152,0,1
-1.86981634,-1.339517924,-1.244436048,-0.781490867,-0.832954018,2.111239019,53,56750.312,1,0
-1.161783844,-0.85161724,-0.09138126,0.074435231,0.701949172,-1.569569421,69,56560.5313,0,1
-0.283138897,0.966125326,0.880481301,-0.272305751,-0.430628602,0.701985639,40,74968.16578,1,1
-0.300859747,0.032863374,0.031417473,-0.152223255,0.742410139,1.15208955,52,45163.1311,1,1
-1.209476935,-0.382778402,0.165099551,2.05094038,0.355883359,1.005167112,51,80661.76202,1,0
0.388978729,-0.116488353,-0.390999442,-0.360485227,-0.064518271,-0.252713057,38,41810.78461,0,0
0.251473609,0.489211825,-0.428152253,-1.934433088,-1.029412595,-1.363156598,55,42210.52922,1,1
-0.194269132,0.440494496,-0.086694154,1.015826145,0.685488218,1.539654611,63,62076.85276,1,0
-0.7557915,-0.075027,0.041671422,1.007955902,0.304133728,-0.48174411,25,60797.09142,1,0
1.048707126,1.092959111,-1.181441262,-1.978940174,-1.528040408,-0.295444886,60,68694.97161,1,1
1.655407113,0.970462637,-0.066021986,-0.700899621,-0.964525593,2.066548794,68,42365.17509,1,0
-0.483561484,0.413372029,1.568533939,0.435810557,-2.769028882,-1.2731142,47,65295.99179,0,0
-0.612166917,0.054611783,-0.419133794,0.524203261,-1.365626806,0.81888796,64,34827.63926,0,1
0.491207665,0.657321095,-1.237254983,-0.004723763,-0.313376261,-0.753787655,37,30000,0,0
-0.35802938,0.314267422,-0.151416068,0.017825379,-1.05585564,-0.775732823,69,87420.31877,1,0
-0.139397201,1.060800072,-0.714612812,-0.938587873,-0.831666596,0.167652729,37,75698.31252,0,1
0.739653152,0.899561377,-1.338341825,-2.399848713,1.390570158,0.676374799,40,59944.02196,0,0
-1.909356088,-1.018253901,0.139168462,2.049507318,1.028813324,0.950200705,37,30000,1,0
1.318302325,-1.085963171,-0.710282037,-0.968667278,-0.694668188,1.081473171,63,53129.0469,1,1
0.072680524,-0.701249544,-0.624714167,0.17650569,0.793537634,-0.706587599,40,66731.2807,1,0
-0.411493145,0.97613869,0.15342738,-0.158847996,1.214872853,-1.143526941,21,53096.64395,0,1
-0.089234154,-1.576308997,-1.533174595,0.897197552,0.618548492,-0.342643897,27,83418.7532,1,0
-0.037570645,0.394757389,-1.74156965,0.114897213,0.298927483,0.347478658,57,69438.45649,1,1
-1.731201303,0.362543091,0.670872195,0.153440953,1.098323078,-0.205638142,22,46152.60477,0,1
1.494938227,1.162648059,-1.930833601,-2.634318248,0.76951798,-3.631538814,49,36062.60035,1,1
0.041325632,0.180338691,-0.976677695,-0.833339073,-1.213094264,-1.827179824,35,73119.53024,0,1
0.44300213,-1.343209391,-1.799839535,0.744633047,-0.188932254,-0.240473105,42,72615.43114,0,1
0.951549771,-0.959354961,-0.486136467,0.654668225,-0.552069081,0.855200853,34,71340.95818,0,1
-1.021162458,-1.181995522,0.428058748,-0.951652824,1.152473484,-0.904646708,22,85280.20899,1,1
0.473471899,-0.537943966,0.112337949,-1.578028583,-0.580422051,0.733071145,52,66865.04701,1,1
-0.267641091,-0.182901567,2.391873389,0.126579307,-0.752184971,-1.496103662,59,61407.31595,1,1
0.846770775,-1.165441526,1.086915618,-2.906774049,1.026682074,0.255568521,38,71466.9599,1,1
-2.12722742,1.470661991,-0.93115785,-1.148674252,0.259671016,0.262852043,53,78521.74848,1,0
-0.0990943,-1.325281372,-1.197055005,1.760161075,2.111782351,0.468738948,36,70311.35152,0,1
-0.602820656,1.346103424,2.706687941,1.445067329,-0.862241523,-1.008281475,40,60471.59304,0,1
0.432262951,1.185163031,1.062572006,0.487249359,-0.518835929,-1.547633058,22,74524.13932,0,0
0.470044187,0.89830255,0.589369607,0.307336314,1.121967737,0.726051925,50,61442.32713,0,1
-0.707625895,-0.693766607,0.074851812,-1.950170785,-1.279100371,-1.526158712,21,52681.16191,1,1
-0.712173864,0.342450879,0.273521567,-0.740667237,1.319692358,-0.770909694,50,61822.0465,1,1
-0.110665369,-1.277371134,-1.482073275,-0.295168598,-1.207455382,1.391682625,64,55213.59381,1,1
-0.896642227,0.910907035,0.15703917,-0.71941375,0.610223563,0.169888948,52,58712.27785,1,0
0.841983695,-0.073984782,0.071231397,-0.350243335,-1.843051026,0.368753992,59,47308.57925,1,1
-0.3692072,-0.409320215,-0.904138843,1.299224424,0.04512984,0.624735739,43,74985.2367,0,0
-2.906988219,-1.223744847,-0.538526454,-0.541823061,-1.369530489,0.589119658,54,63207.33936,1,1
-0.374822057,-2.477506119,1.515176393,-0.340939181,1.926275237,-0.021283165,39,70657.90978,1,1
-1.038543821,-1.038540857,-0.12517492,0.739531287,-1.071630513,-0.90142171,28,67234.27789,1,1
-1.631275815,1.112798196,2.071171303,-1.419475719,-0.828857009,2.684057815,66,46467.62502,0,1
-1.237426638,-0.402833428,-1.740679436,-0.840204579,0.535425956,-0.292634713,43,79847.6764,1,0
0.109408472,-0.169328857,-0.522130186,-0.737722588,-0.600957629,0.331046511,58,56622.25248,0,0
1.328640828,0.655554358,-1.547278551,0.055592147,0.699953357,0.440139166,30,54582.98309,1,0
0.313184474,1.805668878,-1.209422454,-0.344962067,-0.710890179,-0.532950458,31,63217.26927,0,0
-0.606503388,1.325004655,-0.828205706,-0.313340909,-0.787950957,-0.425688964,58,63510.41358,0,0
0.455904195,-0.972335004,0.315309627,-0.664853987,-0.027558706,1.488232717,66,99010.10609,0,1
-0.45909031,-1.942570571,0.266826171,-1.07083026,-1.216930507,-0.73897751,24,68947.35514,0,0
-0.694600369,2.359614259,-0.67929032,0.609142924,0.396366365,0.412429846,33,52716.58803,0,1
-1.154362668,2.268991612,-2.227799557,-0.337804119,0.87729852,0.895853902,37,88470.85888,1,1
-1.751828807,0.188453596,1.477692873,0.61901898,0.55299664,-0.214142589,62,35547.42997,0,1
-0.389923707,-1.270488246,-0.285764716,-1.11162733,0.643280871,-0.093883931,63,52769.87722,1,1
0.15805349,0.963226534,-1.11629017,-0.665242158,-1.92485522,0.956905147,67,51664.92774,1,1
-0.09662367,-0.107983686,0.274930781,-0.221183028,-0.461647746,-0.137349472,60,59935.78352,0,0
-0.415966928,-0.112981123,0.204445171,-0.127867037,-0.227065166,-2.07720827,44,65192.96068,0,1
-0.945746061,0.894458843,-0.322676465,0.754368726,1.454452672,1.503883345,51,66535.05101,0,0
0.608246192,0.334374747,0.148531016,-0.43050929,-0.581307388,-0.97547548,39,66257.83459,0,1
-1.31713192,-1.185814911,-1.15502984,0.746742243,-2.301734493,0.215476759,55,69448.56387,0,0
0.776027914,-0.324741935,0.759912843,0.374944009,-1.003969507,-1.317778313,54,59096.84416,0,1
-1.002217019,0.661152929,-0.996867095,-0.10685261,-0.661193217,-0.510879353,20,79343.78567,0,0
-0.752435237,0.510252222,-0.605569655,-0.951298796,-2.156482134,-0.436485896,44,35820.866,0,0
-1.466785191,0.262016574,0.648801816,0.756875265,0.968702521,0.174171094,24,30000,1,1
-0.501402147,0.933422954,1.203958965,-0.926337467,-1.569580032,-0.877132269,52,71111.13771,0,1
0.975312458,-0.361716988,1.585774568,-0.02128038,0.446021548,1.982834635,62,55031.8788,1,1
0.515628088,0.178669775,1.055798238,-0.053940443,-1.092396726,0.024532146,40,85759.98977,1,1
0.978422112,-3.3755791,-0.324072184,-0.207095143,1.506984367,0.881041819,19,75639.71713,1,0
0.522142546,-0.449650194,-1.541033069,-0.389319723,-0.276153698,-0.008854409,41,68832.21157,1,0
-1.103669829,0.763902909,1.405055586,-0.822076695,-0.479111655,0.99726809,19,52698.74531,1,1
-0.330789224,-0.390394467,1.370695989,-1.616936437,0.528254447,-2.100650019,67,70137.56374,0,0
-0.780199129,-0.466227392,-0.671976153,1.403804733,-1.007300485,-0.704745501,53,54053.87041,0,1
1.330574904,-1.041452952,0.921189038,-0.491723464,0.575546474,-0.521795923,34,60894.58926,1,0
-1.196788646,1.003365893,-0.332177794,-0.128112095,-0.481668625,-0.529885499,28,55105.61862,1,1
0.893697689,0.548463274,1.501276884,-0.134227384,-0.594601847,0.518677838,24,63887.20644,1,1
0.89295387,0.825414598,-0.514864662,1.095604337,-0.08756871,0.587164973,19,56236.55772,1,1
1.829620202,-1.726213962,1.978651288,1.933194222,-1.089670436,-0.074051482,32,75010.27183,1,1
-0.409686593,-0.160450043,0.786120548,0.15984742,-0.190891685,-0.049296378,63,66790.36104,1,0
0.71232216,-0.280111008,1.797544845,-0.157002668,0.339485047,2.440511662,48,52362.22241,1,1
2.281651837,-0.280571707,-0.46379727,-1.123457007,-2.308741399,0.324593444,63,53288.78686,1,0
-0.617641677,-0.616027544,0.405029604,-1.443588449,1.09130753,-2.225207269,23,40949.60722,1,1
-1.535040248,-0.346104272,-0.969279198,-1.77397493,0.81597813,0.770112399,54,30715.76426,1,1
-1.880010034,0.849644783,0.843989252,-0.79584496,-1.854577175,0.55946522,63,73991.69419,1,0
0.712712029,-1.912851353,0.899041533,-2.090854797,-2.010432296,1.159344912,70,54657.65765,1,1
-1.883150208,1.777294768,2.397023918,1.078829954,0.841906626,0.598398228,46,41739.88223,0,0
-0.372319053,0.483841125,0.482039797,0.423096244,0.764518909,-0.904754617,21,66666.57779,0,0
0.437313187,-0.042331896,0.724094203,-0.251640515,0.623034754,0.890004553,63,49178.12703,0,1
0.185175537,0.906834146,-0.470830377,1.109383981,-1.426923804,0.099305956,54,58960.46802,1,1
0.425444864,-1.451834745,0.541379373,-1.071156077,1.828642224,1.046164314,29,40616.89791,0,0
0.222289856,-0.664700905,-0.379891209,-0.819981055,-0.755000867,1.547899047,44,69736.22107,0,0
1.278865813,-0.121075432,0.115860759,-1.93379328,0.239476541,-0.121866263,42,61320.82609,0,0
-0.952316381,1.36556037,0.174515662,0.774353695,0.251779022,0.875796966,62,67496.02402,0,1
-0.676995138,-0.046496581,-0.352304873,-0.810341286,1.592931153,1.033653479,29,53584.89413,1,0
-0.772659445,0.450054671,0.062945097,0.015695613,0.1251673,0.158749868,34,63706.90232,0,1
0.830191812,-0.589578996,-0.37529517,1.002576401,0.415841356,1.95809023,67,38169.48015,1,1
0.900398588,0.486842069,-0.379731125,1.370850755,-0.077125877,1.045543358,29,94117.67664,0,1
0.451225319,1.677239593,1.076664652,-0.029146351,-1.196599389,-0.585388011,48,66221.29816,0,0
1.183493667,0.995526692,0.175413642,0.384237436,-2.318660596,0.260079352,26,85612.4024,0,1
-1.178040867,-0.081455988,0.347066272,-0.903850246,0.032579875,0.860168903,36,56008.43661,0,1
1.667224112,0.675490847,-1.457304769,1.683373343,-1.412363091,1.92008942,46,44252.00074,1,1
1.523238622,0.577516955,0.423458332,-0.16615056,0.350177215,0.62085659,70,52626.84936,0,1
0.735621997,0.506587672,0.530423464,0.080284952,0.148750087,0.28946012,42,59342.73487,0,0
1.781798909,1.111953361,-0.398338623,-0.406853072,0.124433696,1.263814336,32,58251.31075,0,1
-1.656623208,1.104477704,2.085029676,1.199248998,-1.052924619,-0.219454259,26,87923.43432,1,1
-0.524448136,-0.127158597,-2.289227264,0.199593923,1.036544076,-0.989982105,30,47164.07486,1,1
-0.735303461,0.641879061,0.784367136,0.760934577,0.474771097,0.703756358,64,50928.41767,0,1
0.721479324,-0.383094921,0.712804805,0.35395814,-1.181699783,-0.378168258,61,70695.06016,0,1
-1.05014074,-0.923072396,0.541582932,-0.220409383,2.068547584,2.715768937,59,36200.03578,0,0
0.757495149,-0.269493756,0.176212706,0.929468561,-0.210791318,0.252969934,20,59392.41806,1,1
1.370536144,-0.076278152,0.550679323,0.345316195,-1.334286501,0.709868988,27,62125.8065,0,1
0.6952029,-1.661580989,0.86817548,-0.960979061,-0.758351984,-0.628325096,35,66500.2461,1,0
0.283751024,0.860332559,-0.725887584,-0.989211384,-1.508890862,1.264600423,27,65233.10039,1,0
-0.987873341,-2.767325423,0.299195622,0.148826729,1.359426918,-0.026949056,53,89816.06039,0,1
-0.846850966,2.714816939,-0.183316842,0.907457902,1.080448327,-0.124536388,45,46728.56208,0,0
1.249618905,1.501879134,-1.0937684,1.639420549,0.739479575,-0.100522111,20,50334.708,1,0
0.779349004,-0.261008724,0.717169975,-1.777213458,0.551141902,-1.2914043,37,69141.75496,1,1
-0.039019519,0.009426361,-0.564360425,0.025659849,1.248342161,-0.250526621,35,63395.75648,1,1
-0.417909546,0.302971874,-1.497858675,0.489647662,-0.241994212,0.5461658,66,65268.42107,0,1
-2.025807873,-0.589160388,-0.539110661,0.295669135,0.422662143,-1.545386239,54,38922.72101,1,1
-1.070852419,0.192619148,-0.798898898,1.009327105,-0.81189153,1.021669024,37,92716.17905,0,0
1.911419087,-0.143999978,1.028479009,0.655533976,-0.153448552,-0.268338454,27,66772.89132,0,1
-1.280455571,-0.094272717,0.153193141,-0.985500184,0.450077173,0.244726734,51,36268.60216,1,1
0.189479821,0.181461063,1.382382746,-1.014791689,-3.081142824,-2.234014397,39,69169.58018,1,1
1.007443973,-1.313527798,-0.666556231,0.312454856,-0.619710776,0.224987061,38,43449.62655,1,0
-1.254922668,0.039569724,0.874169872,0.990505424,0.16498714,-1.043146882,50,73936.96177,1,0
0.184710475,0.163447747,2.839622915,0.143417553,-0.077516066,-0.351458365,33,40266.08638,0,1
0.937915538,0.128849621,0.356032467,-1.57793307,-0.452396326,-1.567465543,59,75090.79153,0,1
0.012499322,-0.215830755,0.861648862,-1.047171415,0.589151939,-0.881881563,52,41688.30105,1,1
2.868403056,1.137857776,0.693517664,0.691515856,-0.707712373,-0.163558315,53,45385.11737,0,1
-1.668599259,-0.353652555,-1.422075327,-0.348645091,-1.22190746,-0.271752423,18,62065.13196,0,0
1.05872853,0.227325907,0.585817297,0.117957303,1.183766106,0.88453035,29,50825.13737,0,1
-0.172801737,1.297297534,0.306456321,1.065418039,1.042648526,-1.868071124,30,51683.5889,1,0
0.771920155,-0.07937614,-0.259747383,-1.202209048,-0.599149098,-0.051369296,25,37052.60063,0,1
0.441307152,0.214463267,-0.884036374,-0.414242656,-0.06869457,-0.099082623,68,55053.64242,1,1
-0.733156197,-0.096384636,0.69398324,-0.522872813,0.845989687,-0.457807064,48,73257.70732,0,1
0.228996392,1.237369794,-0.97240374,0.355402537,0.044034327,-0.913205887,22,88175.56563,1,0
-1.857901451,-0.257724562,2.133645605,0.772888178,0.530207607,1.102177082,61,72413.38963,1,1
0.603247501,1.283354577,0.114169083,-1.480267457,0.475566794,2.047713566,68,70271.93456,1,1
0.298158466,-0.103587895,-1.223307048,-0.005536359,-0.319170217,-1.714061191,53,34672.43285,0,1
0.638660169,-0.859459723,-0.513996278,0.869329104,0.515924003,-0.924184989,64,59568.72128,0,1
1.058118325,0.679373171,-0.278134338,-1.854786451,-0.964943626,-1.004360538,42,50225.75047,0,1
0.36761984,-0.304667834,2.412376654,-0.064392441,0.394274318,-0.281521701,62,37339.54963,1,0
0.14808942,0.620500899,-0.884588947,-1.215784441,-0.074097656,1.255845673,30,40918.38757,1,0
-0.881068337,-2.729404385,-0.116217263,-0.641566904,-0.360720432,0.527670472,52,70019.70539,0,1
-0.712220764,0.005205262,-0.53782837,-2.505034589,-1.246735869,-0.153852573,49,51639.88408,1,0
1.18673462,-0.459605299,0.499258486,1.392734119,0.131659261,0.016362562,25,37874.50251,1,1
1.436335406,-1.063258687,-0.521883414,-0.355829127,0.038530278,-0.319012654,39,50455.50134,0,0
-0.238110436,-0.553241002,-1.139056666,-0.807191864,-0.839636462,0.73864683,23,64341.99363,1,1
0.046002747,-0.573703144,-0.19529458,0.328267045,-1.59687182,0.860335129,66,49886.23142,0,0
-0.904614375,-0.047985795,-0.299393843,-1.042310233,-1.644475101,0.591297915,28,41848.60037,0,0
1.172756845,-1.367326461,-0.592244378,-1.137244529,-0.25407299,-2.196541289,24,46196.92288,0,1
0.665416824,0.31627378,-0.538810359,1.51032917,0.306497639,0.013140757,32,73266.90417,1,1
1.941217436,1.366214785,1.184695798,1.808663028,1.849971594,-0.1865357,21,30000,0,0
-0.878323077,0.280928497,-0.319740214,-0.592063672,-0.045154845,0.991303613,57,55979.58735,0,1
-0.378007899,0.808988609,-1.134127662,1.06735471,-1.625386052,0.239106546,51,58272.74801,1,0
0.231445923,1.094562455,-0.462115964,0.356040444,-0.206918168,0.556738543,60,48661.70092,1,1
0.646489538,1.236489512,0.054335659,-1.413831292,1.251364899,-0.495297046,57,45627.92207,1,1
-0.215667638,1.870138693,-1.336269637,-0.928131894,-0.682795609,0.939398379,39,74751.4359,1,0
-0.87296109,-0.499201998,1.62597796,1.551099799,1.118603577,1.23381473,47,74700.17422,0,1
0.881407529,-0.718483985,0.867579478,-1.426795033,0.175724713,-1.626991378,36,61579.78803,1,0
0.721135363,0.783465648,1.430172744,2.280999338,0.646881555,-1.29618902,54,51849.44042,1,1
-0.916274101,0.70826622,0.392128125,-0.571362176,1.858855998,0.762453697,67,61689.33163,1,1
1.355442801,0.7756753,-2.09369745,1.580814906,-1.837263907,-0.172392295,55,66065.75494,1,0
1.170198709,1.889282454,1.535333717,-0.305563795,0.896504183,1.028713687,47,58321.9567,1,1
0.134296497,0.011369909,-0.86356836,0.799903592,-0.094701118,0.241820794,49,66470.30005,1,0
0.079597862,0.42615656,-0.782186744,1.39503314,-0.949180533,0.692867714,36,54695.63301,0,0
0.554057771,-0.980388251,0.156325144,1.389953818,-0.100634637,-0.74723738,69,30000,0,1
-0.86170307,2.135321124,1.378229847,-0.584365531,1.690970943,0.339793842,42,57098.70205,0,1
0.030031479,-0.336544921,1.053287134,-0.8573881,1.33494598,0.342631897,54,70274.03652,1,1
-2.152383545,-0.308215928,0.90628112,-0.08121201,-2.000714461,-0.688894,62,60459.88326,1,0
0.876455646,-0.346749891,-0.311827053,-1.300479621,-0.769839706,1.001693477,40,65155.03065,0,1
-1.561493222,-0.644895859,-0.327607526,0.239264176,0.942894236,-1.89532164,29,55930.03588,0,1
1.503419828,-0.729437049,0.345943668,-0.820796652,-0.021744078,0.207707037,26,57105.21335,1,0
-0.330120094,-0.523704283,-0.130070841,1.082709774,-0.01801334,-1.29407734,54,62562.59601,0,0
-0.211666982,-1.365795928,0.889317907,-0.570112416,-1.568326456,-1.022301642,34,89153.3506,0,0
-0.627733906,-0.78531792,0.830117664,-1.742258969,-0.745476842,0.985986888,67,72634.23005,0,0
-0.288038874,1.948963111,0.591341321,1.400914776,-1.358205747,-1.099924837,52,70649.62304,1,0
1.418531345,0.735655144,-2.525961282,0.183368003,-1.653317478,-1.142139005,68,63072.08718,0,1
-2.487808657,0.925904177,0.127988364,0.02913489,-1.257737983,0.580322207,64,40024.19986,0,0
1.276965386,1.177208787,-0.108853881,1.094394785,-0.928097757,-1.110784084,66,78384.66834,1,1
0.338023481,1.834134564,0.168025602,0.871576502,-0.761113469,1.018209527,58,73608.83343,0,0
-1.207021648,-1.771422551,-0.754324639,-0.761853544,-0.842129722,0.644605182,47,65488.87867,0,1
-1.075312393,-1.229883115,-1.32478591,-0.449781606,1.020456073,-0.777643862,21,59342.29954,1,1
1.676393027,-0.803723661,0.46313848,-1.11295525,-0.907144205,0.980375682,58,68188.73982,1,0
-0.94550688,-0.469729796,-0.356301318,-1.464452055,1.426184692,-1.938569151,21,56533.46579,0,0
-1.153350511,-0.300569391,0.574692994,0.578592535,-0.483975878,0.472491381,41,70919.18243,0,0
1.137314542,-0.446977553,-0.670914378,0.39218431,0.43919866,-1.246231524,20,47431.48109,0,1
0.338552876,0.219308913,1.41591064,0.760829212,0.471143081,-0.523299413,26,31349.21698,0,0
-0.937925577,0.035295391,1.001064843,1.281605441,-0.897843421,-0.458709933,28,41982.37775,0,0
0.216624975,-0.722834795,0.296827109,0.774474795,-0.328090565,1.281397318,49,62115.33099,0,1
-1.025752684,-2.175548777,-0.213288413,0.863459476,-0.502943837,-0.501279259,60,55473.91641,0,0
1.100821398,-0.992868705,0.852408878,-2.077961258,0.372440713,-0.078619398,69,57783.87723,1,1
1.061370965,-0.549238653,0.392547815,-0.306985242,-0.128844489,-0.438173473,57,40558.77508,0,0
0.532006199,-0.247079437,0.238584188,0.964576495,-0.748398274,-0.982640147,46,64529.04024,1,1
0.361661061,-1.129667459,1.04286541,-1.168208736,0.119058289,-1.030301245,51,44450.95798,0,0
1.761188125,-0.490806466,1.426536154,0.091671383,0.339616083,0.308728328,65,67448.64031,1,1
-0.000313673,-1.130987388,-1.252411184,0.519464441,1.850044679,-0.026388954,51,38778.58316,0,1
-1.181874125,-0.125819352,-1.050384107,0.442853494,0.068126456,0.762516581,38,47418.96087,0,1
0.449473913,-1.073091328,-0.780260725,0.368796308,0.010008347,-0.242063443,42,45402.51484,1,0
2.08604705,-0.848904656,-1.502424598,0.598912719,0.42839861,-0.209658877,38,68606.95807,1,1
-1.014759493,-1.308684131,-0.062748526,0.180743895,-0.949402363,0.76575294,37,53071.72427,1,0
-0.361462767,-0.153500696,0.600116455,-1.462928207,-1.725509601,-0.372107591,41,66370.40885,1,1
0.416446038,-0.86644777,-0.021418295,0.506955535,-0.312102092,-1.439590398,22,77106.35178,1,0
-0.053904849,0.906784267,-0.534121642,0.284746561,1.072099098,0.847546989,58,86700.21615,0,1
-0.98230358,0.405850267,1.126457757,-1.449748451,1.233551713,-0.677141021,19,63467.38511,0,0
1.121857856,-0.069851868,0.140556403,1.379735211,-1.879384706,0.06688656,26,43470.81699,1,1
2.320040722,-0.797485497,0.342982967,0.5338377,0.66607948,-0.626513756,60,78768.42965,0,0
0.196131459,0.380520305,1.154234805,-1.380348321,-2.184798002,-0.972501718,25,82670.33158,0,0
-0.90406829,0.690700889,-0.123241939,-0.817225164,0.459180555,-1.898721726,49,59102.35632,0,0
-1.548960525,0.142688412,2.060214073,-0.564052042,0.399359313,0.339165655,24,79779.5644,1,0
0.257975981,1.603701855,-0.447815004,-0.564763439,-1.72398003,-3.393914513,55,64999.47732,1,0
1.103877343,0.459637318,1.997948205,0.293050189,1.000046143,1.298344776,37,35112.25791,1,0
0.475167746,0.913607218,-0.974735182,-0.976351751,1.743835901,1.032016094,64,50534.97404,0,1
-0.002403841,0.133565416,0.517484903,1.128136747,-0.062480331,-0.909502202,32,52422.51966,0,0
-0.589271652,0.675664453,-0.642532169,1.045803451,0.140999875,1.58825291,56,54544.7619,0,1
-1.092163633,-0.796781233,1.119566117,0.61931731,1.479116203,2.060799193,45,45998.13939,1,1
0.834751326,-0.458398363,-0.478232608,0.044241775,-1.126332034,-0.273316471,48,45529.67173,0,1
0.913771621,0.349363553,0.290871191,0.937447515,-1.101077458,0.410970441,39,80189.00964,1,0
-1.545729787,0.342099482,-0.650541996,-0.275947723,-0.839383504,0.136269635,57,33949.77338,1,0
1.589838978,0.507611823,0.937225174,-0.724488861,0.037082104,1.513615981,66,49139.58659,1,0
0.574071221,1.100392892,-0.655751261,1.190109646,0.034415844,-1.392632345,68,69315.73537,1,1
1.399594645,-1.424971172,1.683414845,0.317542757,-0.553290275,-0.227369573,41,51637.75725,0,1
-1.342127748,-0.974452548,-0.995997107,-0.684057641,-0.300480411,0.919397858,51,66005.07839,0,0
-1.365824155,0.229572641,-1.345627918,-0.417742367,-0.539568235,0.813533875,26,53979.22509,1,0
-0.14896931,-0.724363632,0.951552078,-0.736427984,-0.491800011,-0.042808178,19,66561.53141,0,1
0.502784427,3.377768241,-0.59164364,2.022174859,-0.76852146,1.392311073,62,44430.68901,0,0
1.796360823,0.515719619,-0.007237313,0.004098437,-0.760439738,0.233478328,42,32121.98585,0,1
0.706078914,-0.078330849,-0.322241154,0.157771311,-2.000943835,0.113700183,29,53983.61699,0,1
-0.242681277,-0.515469273,-1.312608267,0.721219048,-0.223675094,0.697043024,21,33177.35242,0,0
-1.026369208,-0.480162283,-0.076993664,-1.215360983,-1.955579322,-0.060895322,68,58996.99195,1,1
1.230000573,0.030140661,1.264915895,1.096547266,0.750559119,0.050261567,57,42949.46381,1,1
-0.964705426,0.111981933,1.003137003,-0.607846131,-0.559917844,-0.787291996,30,43129.50225,0,1
1.628468555,-0.456699145,0.231792763,1.830016286,-0.119409579,2.933402993,46,82080.46884,0,0
-0.28438465,-0.273152247,1.112268293,-0.31265873,-0.373209633,-0.473412876,49,64105.77262,1,0
1.590582073,1.344284575,-1.059518585,1.037640015,-0.244113775,0.72924445,44,36956.70039,1,0
0.67893129,1.384504963,-0.325454329,-2.496798117,1.263374816,1.908723849,47,59275.39019,1,1
-0.136995489,0.25203398,0.395804941,-1.175133076,-1.351496412,-1.342819864,63,57855.72428,0,0
-0.519396372,-1.341259727,-0.130414827,-0.293607159,-1.623316922,0.611174562,56,30000,1,1
-0.340907877,0.538503157,-0.24682333,-2.030782998,0.119372327,0.023162701,18,65214.77643,0,1
0.428316692,1.554282442,-1.200643732,0.600884449,-0.495879724,1.794731609,28,74292.33177,0,0
0.077156496,1.369781102,-2.081341389,0.312958125,0.359623921,-0.909211114,40,53657.28824,0,0
-0.593811408,0.734425853,0.817866425,-0.99082765,0.71657724,-0.752254741,66,55619.05692,0,1
-0.16563141,1.422422955,0.243221573,-0.01595863,-1.106343257,-0.049908168,34,51641.97043,1,1
0.07857703,0.053384272,0.901998378,0.80647723,0.603388843,-0.49351439,32,65781.81183,1,1
-2.128734094,0.62810297,-0.437235942,-2.103049517,-1.021943487,-0.45927762,44,56258.06032,0,0
0.458168115,-0.680775566,-0.712777885,-1.273489016,0.074575191,2.028429323,70,56855.6213,1,0
-0.979721225,0.292265456,0.006547967,-0.335088299,-1.236913724,0.127042702,27,47858.72179,0,0
-1.153332403,1.329534244,0.854199649,0.023723627,0.132143757,-0.784685433,33,90620.01584,1,1
-1.687344347,-0.589423411,-0.231452215,-0.058611422,-0.020877281,-0.390016751,54,56105.83012,1,1
-1.793892498,-0.861443429,0.801785184,0.889294785,-1.102929489,0.404891559,45,70508.78276,0,0
-1.355447503,0.097488939,-1.006308006,0.477211246,-1.358411341,0.337367585,19,63981.97912,1,0
-0.709020958,-0.226662204,-0.161447133,0.696634841,0.750638584,-0.57726375,56,30000,0,0
1.953259138,0.649147721,-0.070114144,-1.389875733,-0.453000453,-1.628031691,52,54439.50295,0,1
-0.525879676,-0.453259526,1.226389944,0.144823855,1.012030962,-0.050540259,32,42705.37256,0,0
0.177750106,1.718439616,0.207627398,-0.307142509,-0.54339373,-0.077594925,28,74651.02605,0,1
0.400481387,-1.289676098,1.746077518,1.462071882,1.302179736,-0.646130221,50,41004.29391,1,1
0.131065186,1.253734786,-1.3476848,0.174395637,-0.948389555,1.279779766,33,67422.30249,0,0
-0.077443461,-0.764849228,0.129918904,-0.669053935,1.472746558,0.574577901,28,74947.38487,1,1
-1.195293764,-1.795982735,0.179398039,0.852501276,0.174371863,0.134818365,37,64206.10976,0,1
1.450927548,0.237875156,0.620093198,0.563297796,0.399796741,-0.360711293,69,60056.65401,1,1
1.807196644,-0.254607986,-0.813359936,-0.821601673,-1.004024613,1.733028623,36,54061.3448,1,0
-1.682658694,-1.109609368,1.684446339,-0.348489703,0.729215183,-1.154472841,56,58147.47571,0,0
-1.024028591,-1.681376892,0.012963941,-0.33144646,0.763928132,-0.496596064,67,39898.52119,1,0
-0.279810342,-0.008360787,-1.087067513,1.227461092,-0.324434858,-0.452368085,40,62668.14742,0,0
-0.964537795,0.975836892,-0.01602499,0.203241874,-2.133995392,0.298960613,27,75772.31764,0,1
0.505965553,0.584953493,-0.313161523,0.726782479,-1.113328566,0.66088483,25,46914.15477,1,1
-0.728272202,0.056706649,2.783235142,-0.493271721,-1.113480661,-1.336574619,19,60275.76993,0,0
2.165056068,0.478847573,1.0499436,0.334800291,0.449352818,-0.684610025,24,58448.05876,0,0
1.190548594,-0.027214132,0.049661356,1.303360903,-0.46503234,0.447644393,43,64689.66556,1,0
0.212574031,-1.429724243,-0.111916685,-0.361076765,-0.445609716,-0.665146606,57,51953.53436,0,1
1.026986263,-1.420893985,0.951056862,0.115154804,-0.56631227,-0.401776087,36,37371.80508,0,1
1.105900424,-0.203168529,0.99886216,-1.363306256,1.469290278,0.172644702,23,43196.44936,0,1
-0.563947488,-0.160653286,-2.911549919,-0.76555809,0.045351961,-0.979925481,50,30000,0,0
-0.816217245,0.850982679,0.642993155,-0.334442892,0.197740336,0.277611323,28,71640.87621,1,1
0.078143063,0.757304224,0.027966544,-1.060839309,-0.619389511,0.612559837,69,65964.86027,0,1
0.861636124,0.605133016,-1.311143822,1.321973678,-0.029638657,0.038386779,53,59781.95987,0,1
0.139060399,-0.280282713,0.88021414,-0.83800702,-0.975689343,1.425383815,29,49544.03594,0,1
-1.576996482,-1.38065217,2.246188014,0.786798592,0.343724678,0.725422512,45,57568.98859,1,1
-0.802824444,0.412071137,0.556795947,0.186836238,-1.146553578,-0.040921732,26,59572.45623,0,1
-0.073972864,0.525169313,1.100428442,0.030851949,0.744219846,-0.321424782,40,52180.98158,0,1
-0.075665604,-2.388531462,1.804119092,1.486163645,-0.734952273,1.75471924,57,52752.08301,0,1
1.972542177,-0.834338187,-0.830262151,-2.260600297,0.948392813,-0.661457104,23,79642.34139,0,1
-1.385987942,-0.691054377,-1.857571445,-0.196204897,1.907294258,-0.272172556,67,41237.74855,0,0
0.505589242,0.118350201,0.656866063,-1.080380337,0.001101112,-0.409816695,36,74893.01327,1,0
1.489113108,-0.803360433,-0.247611536,-1.961420409,1.311615122,0.39780339,37,35773.0828,1,0
2.271449745,-0.038134569,-1.374173452,-1.194731734,0.751448949,2.255156295,35,84116.65824,1,1
-0.404397423,-0.21053494,-0.078169936,0.017237535,-1.432782039,0.24667271,44,30000,0,1
0.491429453,-0.159149472,0.727547374,-0.725347129,0.110927778,-0.322074059,50,66980.83163,0,0
0.569760357,-0.716394294,-0.148971665,0.89661359,0.501198706,0.188671573,46,50119.55065,1,1
0.195481732,-0.638985054,-0.786827631,-0.213845848,0.597715315,-1.312858608,26,57494.66738,1,1
-0.098845201,-1.08026706,-0.22350706,-0.324738355,0.178206805,-0.187784408,62,57971.78366,0,0
0.43597539,0.380067441,-0.019476465,-0.320280951,0.165311396,1.704084289,61,69084.26864,0,0
-2.532246085,0.571102629,-1.929482263,-0.098494406,0.005087358,0.661989998,67,30576.39908,0,0
0.68206949,-0.77061795,-0.142774953,-0.418478535,0.133176086,1.230967321,44,59538.10155,1,0
0.126177904,1.520640096,-1.344340472,-0.851253698,-1.22367897,1.013346405,70,62778.18807,0,0
-0.222474897,-0.314601447,0.659025952,0.989184884,-0.236210781,-0.708799626,56,50080.45974,1,1
2.046862196,1.530185624,-1.561042576,-0.62409505,-1.452981355,1.911988238,28,58334.1564,0,1
-0.674934019,-0.642127174,1.012692205,-0.383526616,-0.497627683,-1.776048545,67,50038.08765,0,1
-0.403075989,-2.026577777,-0.409165069,0.42940508,-0.590805551,0.332497389,59,68321.59282,0,1
1.991553302,0.402197825,-0.542975707,0.318741246,-0.654662974,-2.059650061,25,65459.28771,1,1
-0.832061305,0.248545105,0.294454597,-0.893438062,-1.052008158,-1.713307613,31,63254.74466,1,0
-0.550115283,0.034393795,-0.866034445,0.754981944,0.269277274,0.935565151,63,69935.81686,0,0
-0.147025423,-0.642232478,0.278745754,0.53767034,-0.318070306,-0.691332773,30,78707.81595,0,0
0.840734482,-0.034572225,-0.732108775,0.177974834,-0.420426256,1.244885578,24,45127.37756,1,1
0.207802507,-0.511259458,-0.556734512,-0.431316851,-1.407573994,-2.174367445,32,93331.98701,0,0
-1.292625347,-0.302349566,0.405354169,-0.406730691,-0.297861192,-0.088508201,55,65896.85726,0,1
-0.532168563,0.841632256,-1.138580734,-0.201797103,1.1455328,-1.215942458,61,52482.8165,1,1
-0.607354433,0.18421723,-1.264337302,-1.231831941,1.16080631,-0.328521318,60,94494.06595,1,0
-0.077221045,0.609951387,0.248225507,-0.039268449,0.37351258,1.548348615,35,53774.18937,0,0
0.425843659,-0.231868507,-0.026899852,0.89210204,-0.295153975,1.791802214,53,41833.67302,0,0
0.418205756,-0.342017346,0.168692745,0.87637119,0.55898283,0.512928915,48,52352.64186,1,1
-1.776011754,-1.153482531,0.327639237,-0.380851771,-0.667353588,-1.594619613,21,51632.22287,0,0
1.063940988,-0.370036613,0.057375554,1.064083273,-0.299252256,-1.206684886,30,76274.05678,0,0
0.252568846,-3.321114556,0.608092624,1.905904555,-0.742522443,0.160054962,56,58308.1727,0,0
1.384532048,-0.590221966,0.097436287,-0.316207535,0.908366427,-0.805908905,47,61501.31949,1,0
0.444198327,-0.081874177,-2.0073039,0.691514706,0.780005961,0.657972538,36,60953.79002,0,0
1.101322958,0.563673654,-1.747884595,-2.262809963,-0.034682259,1.675925127,21,77491.9378,0,0
0.466545311,-0.268677878,1.92794918,-1.258146728,1.731252309,-0.982669894,18,55161.42104,0,0
1.346225756,0.347673542,7.19E-05,0.091121029,0.412514581,-0.89506156,57,56924.61855,1,1
0.522250636,-2.179788661,0.950241652,-1.006733063,0.356227546,-1.18043518,49,49669.80105,1,1
-0.097915246,-0.056836852,-0.345703906,2.039202045,0.249120247,-0.254258926,29,53689.442,1,0
2.27243472,-1.679502793,-0.058015094,0.597879687,-1.262286818,0.05222748,29,67877.36248,1,1
0.889037122,-1.208303516,-0.453364654,0.965831647,-0.894279831,0.021581483,37,70929.84525,1,0
0.573744421,-0.187165548,2.465927331,-0.029026406,-0.054637954,0.897685287,28,85497.46507,0,0
-1.276304417,1.276263988,0.253242422,-1.00320802,-0.046383479,0.392971613,70,58439.08903,1,1
-1.288307617,0.371206763,-0.534857906,-0.518810282,0.5897627,-0.058714152,70,56043.47801,1,1
0.292715482,0.018230997,-1.651539713,0.25438048,-0.667867109,0.040915408,66,65957.43895,1,1
0.145521198,-0.019530389,1.973733443,-0.637915338,0.070686701,0.085512116,47,52967.11575,1,1
-0.614122565,-0.713628893,-0.163278385,0.671191992,0.088560131,-0.057804023,66,50389.06814,0,0
0.1409827,-0.543983413,0.74422912,0.711414969,0.128195082,-0.677114665,61,64853.88587,0,0
1.588626928,0.427376045,0.85599729,0.004981304,0.016414517,-1.203070639,48,54122.64972,1,0
0.695402475,-1.385360518,-0.462830523,-1.825635087,-1.403840019,0.142277149,45,55657.13185,0,0
-1.14100851,0.59305405,0.672452775,1.714784934,-2.261218464,-0.499300222,61,69085.33832,0,0
-0.111508827,-0.388507067,-0.604138287,-0.212672857,-0.941763636,0.525103919,66,64651.73097,1,1
-0.804966481,0.825557075,-0.990426362,2.709276648,-0.531123023,0.07198268,46,90007.95148,1,0
-0.387699916,0.961093457,1.164464693,0.652535696,-1.178451869,0.01491445,58,73827.2831,1,0
-0.413615666,-1.673084013,-0.15818938,-0.209955077,-0.055673869,0.984473707,39,48489.8544,1,1
-0.477645583,-0.581580763,0.518512834,0.447821876,1.090106969,-1.404611671,62,54003.58189,0,1
-1.255135372,-0.855527688,0.410920994,-2.019285517,0.726033165,1.769249148,66,39407.5809,0,0
-0.127654682,-1.812727965,0.63793196,1.026142403,0.466333295,-2.184979531,46,45405.14419,1,0
-0.560607637,-1.032533276,-1.556536934,2.566941238,0.985310739,1.450795695,18,78933.34648,1,0
-2.92944869,2.441255845,-0.585290531,-2.089233474,-0.924623044,0.200836997,38,55833.56655,0,0
2.052972025,0.609509896,-0.324475157,-0.28740901,-0.45679627,-0.524043572,48,39208.40507,1,1
1.088769654,1.917287969,-0.831478673,-0.105338123,0.614846863,-1.471636369,44,30791.87048,0,1
-0.376300725,0.82909844,0.429006848,0.875228629,-0.474530009,-0.599489629,52,37924.66781,0,0
0.01881905,-0.741843161,1.186893078,2.105975674,-0.41982649,-0.163677058,25,47962.00428,1,1
-1.171654347,-0.381771197,1.345184655,0.382882123,1.862419122,0.194918054,57,60055.77705,1,1
1.695722878,0.58843618,-0.339204765,2.141791824,0.095442078,1.445597389,25,54051.85437,0,1
1.897288695,0.437506203,0.291965862,0.170432477,1.7636262,0.073414199,23,70477.23036,1,0
0.156693728,-0.577342016,0.445643504,0.451423819,-1.823296666,0.319654025,32,45962.54572,1,1
1.023530644,-1.509993171,0.621256094,0.328235566,-0.630866305,0.350113792,38,78396.80286,1,1
0.175286779,3.287761187,-0.878135073,1.220299783,0.408816581,-0.327537667,54,57954.83021,0,1
-1.336725439,-0.141149672,1.820580268,-0.422321058,0.09373258,-0.192206926,23,66874.49584,0,0
-0.411823369,-0.325738893,0.926520184,0.818286759,-2.055546263,-0.10695245,46,52197.11252,1,1
0.131927967,0.113334464,0.952649344,-1.230796606,-0.229579181,0.626454609,42,75254.05105,1,1
-0.454547719,-0.242728589,1.203460057,-0.284504105,2.473017597,-0.91292875,40,40091.54919,1,1
-0.218653277,0.122728908,0.534135942,-0.636743623,0.246912772,-0.506577112,55,41490.74715,0,1
-0.091399558,1.286947286,-1.027313423,0.087961559,0.604436,0.356339227,44,45457.24234,1,0
-0.080878498,-0.12454848,-0.138972732,-0.316079749,-0.643943168,-1.076483506,59,77639.02097,0,0
0.05225849,-1.162710439,-1.651053395,1.132133692,0.243284147,0.113650187,40,56443.79973,0,1
-1.060605066,-0.161643794,0.41507251,-0.878668095,-0.012328198,-0.545677564,36,45774.14484,0,0
-0.717016149,-0.464401781,-0.169213658,-1.731315936,1.118814432,0.50528623,45,57053.92146,1,0
-1.284584266,1.423898937,-0.040522384,-1.35728382,1.087000887,1.373822983,51,62579.99338,0,1
0.97781555,1.171119065,1.20400113,0.994168046,0.407516145,-0.544627192,24,43844.24764,0,0
-2.105646942,0.107525,-0.456994039,-0.969557343,0.070965816,0.757700841,68,62393.47428,0,0
1.153590343,-1.278735855,-0.252123159,0.397844416,-1.679107536,0.200603185,30,57958.52331,0,1
1.386349397,-1.225892263,0.021973296,-0.294787503,-1.713955437,-0.383820551,21,52412.14448,1,1
-0.302180587,0.015123262,-1.839992249,0.824244055,0.081910913,0.00663173,28,41004.91968,1,0
-2.603137088,0.336322969,-0.266063656,-0.230765705,0.874634111,1.29795684,67,73328.16645,0,0
-0.361310562,-0.374622819,-2.485794912,2.764348516,1.331746057,-0.171819836,38,52968.02863,0,0
-0.064184161,-0.480169584,-0.585521562,1.898117016,-0.88973875,1.309107521,38,30000,1,1
-1.01059822,-0.592799233,0.855189053,-0.31521018,-1.509238594,-0.119966499,60,65340.30394,0,0
-0.515218394,-0.02339396,0.447266558,-0.452134589,0.932959153,-1.412427134,62,65713.83271,1,0
1.530195199,-2.382762352,-0.59482031,3.132326151,-0.814691767,-0.146740378,59,73993.89707,0,0
0.664927162,-1.101326629,0.040798218,-1.078850961,-1.577068268,-1.490305685,43,66198.48346,1,1
-0.924564114,-0.627050845,-1.074989567,-0.055023548,-0.493678158,-0.317712095,48,62076.26833,0,1
-1.59759917,1.207503195,-0.002343403,0.02244892,-0.511098967,-0.356118401,66,52696.90818,0,0
-0.327017318,-0.813813642,2.930320285,-0.002337898,1.320171076,1.816855658,21,52740.22636,1,1
-0.213456779,0.180468142,1.84580132,-1.738711721,0.865633915,1.609367641,20,70137.77475,1,0
0.496199187,0.226542751,0.05262213,0.49660241,-0.737387103,0.085397783,56,57648.32528,0,1
-0.535316713,1.297916506,0.160144165,-0.970350091,1.397954343,1.211356431,65,38440.80769,0,0
0.511499575,1.262577407,-0.979565315,1.435989124,0.125025858,-0.39774249,38,54837.09436,1,1
1.93515404,-0.057502969,-0.801789108,-1.455965042,1.060835635,-1.427243952,55,59186.29449,0,1
0.815501022,-0.475484741,0.362184322,0.059465927,1.327178508,0.527826553,35,30140.2425,1,0
-0.048088507,-0.663833103,-0.524892566,-2.216120647,-0.2625929,0.361382728,50,71201.62782,0,0
-0.183150471,-0.241063222,0.904149595,-2.154383706,0.571319574,-0.937529558,68,60009.63292,1,1
-0.356673134,-0.434033354,1.569685681,-0.839351958,-0.406758464,-0.89330261,59,39558.05754,1,1
1.180640912,0.553627409,0.332620785,-0.698210082,0.930102262,0.939566764,52,55538.39501,0,1
-0.627313446,0.420309817,0.101737206,1.465726413,0.090275144,-1.683530003,49,58465.80121,1,1
0.045222709,0.591801191,-1.680779625,-0.040591836,0.960322219,0.558181076,28,74189.16427,0,0
0.051197902,1.259283711,0.747610245,1.292406901,1.524756664,-0.314475797,56,73757.42451,1,1
-0.501784193,1.862869121,-1.143671302,-0.379786595,0.547231832,0.559563607,48,76171.25303,0,0
-1.372465548,0.124663393,-0.418009129,0.606085183,-0.093459856,0.988305727,47,65638.31277,0,0
0.322974504,1.099463771,0.959575892,-0.725475317,-0.076827877,-0.874323815,55,50197.96305,1,0
-0.061003972,-0.351660184,1.029758164,-0.793473069,-2.957031751,-1.140172482,63,46391.73719,1,0
0.500240469,1.185006984,-0.466507527,-1.820850139,-0.71279432,1.466286421,37,49489.36753,0,0
-0.533600306,1.061509157,-0.408915535,0.335753994,0.93257352,-0.057186394,57,59011.98419,0,1
1.220821299,1.00841597,-0.699318873,0.262083415,0.969881207,0.327747836,43,59622.88039,0,1
-0.876773781,0.094069841,-1.197853745,0.777312887,-0.734567658,0.910770703,28,75434.48771,0,1
1.712040284,-0.668358164,-0.634795482,0.214918287,0.164574618,-0.961288026,19,56184.78816,0,0
-1.74763651,-1.394528438,-1.613130019,2.026195977,-0.189266422,0.901961874,56,30000,1,0
0.434770065,-0.040037208,0.683062582,0.176027637,0.689602379,0.640153206,34,42110.26244,1,1
0.475430683,1.533012542,0.394523605,0.991826714,2.208614763,1.470022865,41,45363.37766,1,0
-0.795557068,-0.309844901,0.560529285,-0.324109083,0.708468578,1.452582979,47,45349.4058,0,0
0.424393938,0.785126585,-0.954404051,-0.908470034,-0.670177455,0.063436533,54,30000,1,0
1.27951867,0.843951401,-1.195070564,0.71769517,-0.078419528,0.753056177,23,83541.9102,0,0
-2.216818839,-0.283686221,0.053514274,-0.089147988,1.401928253,0.044551205,66,30000,1,1
0.502744807,1.316344838,0.064102565,0.832043046,-1.408676924,0.145244156,40,51393.84204,0,0
-2.49327082,-2.908660744,-0.147269828,0.352936542,-0.615057665,-1.128859177,64,69875.94358,1,1
-0.965664804,-1.222750279,-0.289483269,-0.793013327,0.709963932,-0.224495166,52,68845.10452,0,1
1.629166365,-0.915632296,1.710775778,1.074337878,1.294331253,-1.794765201,67,37954.7455,0,1
-0.581782033,-0.819715023,0.426025012,-0.871189954,0.608967902,-0.137480463,64,78101.09946,1,1
-1.173879964,0.336262951,1.970678391,0.625326263,-0.606694915,1.320042761,43,75916.46926,1,0
-0.197937729,0.290037803,1.268965025,1.281611112,0.536535301,0.777929252,42,57278.75164,0,0
2.067906338,0.393990572,1.703270926,-0.384594838,0.414292767,0.112248138,53,60408.77175,0,1
-1.831682247,0.596081494,-1.074462766,1.155994454,0.350821767,-0.202044857,38,46294.25589,0,0
-1.051309912,-0.950104569,0.593170991,0.397616834,-0.097073677,-0.540319955,59,63786.26284,1,1
1.497431683,-1.218176067,-0.431765489,0.851943778,0.052994308,-0.918510115,60,63392.48857,1,1
1.857702344,0.396319682,-1.663386711,-0.836755691,-0.907499861,0.818668918,40,52699.22997,0,1
-0.103431224,-0.630232074,1.49600317,0.214300232,2.480204225,-1.535033917,18,69683.1702,0,0
-1.239052703,-1.570475045,-0.293692526,-1.40808131,0.156999441,-1.558009074,27,64972.67573,0,0
2.095843502,0.971344285,-1.05510163,1.711300515,0.548512281,0.904357813,42,108199.611,0,0
1.594442392,1.395101907,-0.414563863,-2.013998322,-0.217911216,0.207853102,39,46475.09361,0,0
0.678946988,1.55716089,-0.796224123,-0.35475182,0.845310329,0.044825299,64,79993.56815,0,0
-0.812402349,0.187007721,-0.693697968,-0.931708594,-1.298432942,0.207060584,25,47215.26135,0,0
-0.049029341,0.625932096,-0.22160339,0.674700415,-1.745605536,2.010085713,58,67911.70755,0,1
-0.160360081,1.369868223,1.730815193,1.923945946,-0.030471507,0.056038822,50,30000,1,1
0.330851305,-0.64141579,-0.666317217,0.654915099,2.054055275,0.293290539,70,52314.69587,1,1
1.451001438,1.110677684,1.659270664,2.961283697,1.208320835,2.058058035,29,67081.00727,1,1
0.879417041,0.275396234,0.848836796,-1.377940177,-0.80844643,-0.063591193,65,63598.66665,1,1
-1.077376077,0.913711652,0.396271564,-1.301184133,0.51608741,1.726317943,56,30000,1,0
1.37649645,0.186093021,0.748120032,-0.893114232,-0.635989478,-2.107012102,29,53821.66727,0,1
0.31313214,1.29625671,0.013655664,0.121244695,0.426416687,-1.161880163,29,82150.76573,0,0
0.687065796,0.223523763,1.286050104,-1.026922375,0.504393876,-0.667971918,28,75434.16815,0,1
1.466540859,-1.483979059,0.566980263,-0.751662754,0.926479121,0.583991787,65,74406.92795,0,1
-1.11158025,1.451926632,-1.664665985,0.620483524,-1.565663697,1.773990423,25,95283.05136,1,0
-0.035825579,-0.947530741,0.296251932,-1.239171883,-1.265587989,-0.590819212,68,33826.45178,0,0
-0.531454551,1.25305821,0.783973143,-1.133196013,-0.075570558,0.978252418,25,54083.78743,1,1
-1.567859425,-0.090242881,-0.289001219,-0.398538753,-1.032423336,2.237225074,54,60466.09563,1,0
0.346709978,1.176010985,0.126255873,-0.304443071,-1.10972207,1.564760674,66,49032.20591,1,0
2.511556552,1.134768615,-0.612857995,1.010015717,0.271857379,-0.403873399,33,61873.01097,1,1
-1.840077745,0.430142974,-1.377625656,-0.900639748,-0.916035564,0.868562841,53,79514.70211,0,0
-0.032280611,0.508535318,-1.550376871,-0.720279984,2.25765689,0.33940668,35,61654.85775,1,1
0.640542935,0.422628617,-1.537067987,0.581670116,-0.533165987,-0.6594511,61,30000,1,0
0.123078202,-2.013824756,0.669044742,0.801394324,-0.270232084,0.427293115,38,70153.621,1,1
-0.113128053,0.118330219,-2.490281708,1.428724467,0.297540541,-0.473809902,21,59775.10919,0,0
-1.299216363,-1.116064176,-0.666479927,0.469120355,-1.507955381,0.124353649,67,30000,0,0
0.232786743,0.171187144,-0.765653285,0.13036406,0.508504512,-1.378397711,24,50767.46634,0,0
-0.756763977,-1.142942546,-0.282159536,0.575038407,0.34146765,-1.762930987,51,33964.50158,0,0
-2.189921705,-1.184951941,-1.85643155,-0.267412806,-0.349305515,-0.286536893,51,55682.59361,0,0
1.194592221,1.604934502,0.403888095,-0.274767594,0.273927308,0.318141562,62,52441.01232,0,1
0.95838582,1.069447388,-1.273161394,-1.774110312,0.428282513,-1.127863682,53,37122.80125,1,0
0.051660977,-0.004142585,1.132405541,0.893415957,1.435190712,0.526295254,54,63765.54205,0,1
0.229074688,0.18476865,-0.621765688,0.211458945,2.500261468,0.042749513,47,43759.70407,1,0
1.074318013,-0.247916026,-0.095613023,0.777039266,-1.061500988,0.650251688,43,79860.51812,1,0
0.224339657,0.569876376,0.003773857,-2.815810494,-1.29734741,0.945638555,29,62522.9316,1,0
0.904017555,-0.676054367,0.244241053,-0.047101708,0.102749611,1.343576643,28,56087.75004,0,1
-0.297482201,0.993740263,0.037014377,-0.855881506,-2.078918481,0.603272061,46,78811.04087,1,0
1.311983739,-0.253086841,-0.427110549,1.501362505,0.649415232,-0.295264341,20,63903.63423,1,0
0.320785726,-0.419846996,0.343048531,0.614216915,0.113080763,0.188862754,28,65199.05115,1,1
0.194051944,0.021713018,0.46614713,0.234235411,0.367286599,2.329180931,26,59024.77991,0,1
-1.270061089,-0.59114683,-0.765134667,-0.431932969,-0.303571935,0.985464712,43,55294.84555,1,0
0.286955854,0.328682349,0.426367819,0.39720831,0.255015766,0.071536065,25,66062.72695,1,0
-0.831954917,-0.537362589,1.191720302,-0.928185629,0.472239578,-0.150533806,38,82860.31326,0,1
-0.638282727,0.468523603,0.705894196,-0.099725348,0.200023406,-0.598239367,25,30000,1,0
-0.815375628,1.216006539,0.932375242,-0.578363387,-1.345098615,-1.187198553,59,88024.22706,0,0
-1.066234932,-0.719321687,0.171920849,2.266489655,0.172005827,1.70811337,23,44879.23264,0,0
2.124771403,-0.130575457,-0.936150446,1.469947756,1.853964686,0.478499048,35,62886.32296,1,1
1.331339062,0.461330713,-0.80964446,1.063047484,0.240892058,-1.26885415,23,34244.55268,0,0
1.920367502,-0.435857355,0.319887968,-1.490311022,0.137055613,-0.125338591,38,82371.56396,1,1
-1.22289502,0.464320561,0.942763725,0.864157112,1.560037658,1.270488468,61,39258.53104,0,1
0.07125375,0.555398861,2.785911914,0.187666675,-0.745615558,-0.446940158,65,76834.95295,0,0
-1.293507625,1.083261776,0.981821944,1.22346014,0.88967764,-0.814486667,70,56382.32442,1,0
-0.695694877,-0.605990046,-1.170435757,0.322395095,-0.530157353,0.35676879,65,57559.32864,0,0
-0.918126983,-0.94277524,-0.767272572,-0.006717666,1.086583343,0.658150383,40,41111.99664,0,1
1.239584006,-0.30757739,2.278517316,0.233784296,0.798048154,-0.4456829,53,78287.5153,0,0
-0.396229678,-0.96775234,-0.214388932,-1.805633292,-0.412278863,-0.599538585,35,57787.97091,0,0
1.068379334,0.564498204,0.047514635,-0.767403272,-0.265961126,0.460587117,44,70765.08667,0,1
0.60412089,-1.1617513,-0.96041692,0.373335539,0.977811541,-1.124845326,62,30000,1,1
2.303638752,2.333016418,1.565103406,1.139388358,-1.855450901,-0.538201963,20,46631.37968,1,1
-1.479444223,1.295927862,0.500333207,-0.550493116,-0.44192911,-0.120359248,29,63760.58602,0,0
1.25923324,0.01257577,-0.774601348,-0.04080688,0.620417484,0.739032053,37,36331.92032,1,1
1.14644087,0.867394493,-0.993825289,-1.600992445,-0.308106771,-0.427673085,36,65418.85259,1,0
-0.973378838,-1.636801864,0.307203946,1.459310813,0.13486338,0.563286905,40,50072.03123,1,1
1.007133336,2.523373331,0.044206175,1.113741732,-2.041150946,1.166035006,22,48334.48058,1,1
0.336144963,-0.590214612,0.832110217,0.652102619,-0.854478096,-0.506438044,68,67691.15975,1,0
-0.22747626,-0.120497414,0.546968473,0.406806188,0.679452672,3.222928442,36,62561.51213,0,1
-0.823935487,-1.855933287,-0.264480349,1.552549065,-0.751007377,1.419578908,29,43139.90108,0,1
-0.719109451,0.486287305,-0.543801595,-0.805010991,-1.302459711,0.272453301,45,76847.12568,1,0
2.049812096,-1.106344157,-0.159942148,-0.913161556,1.061608533,-0.181786522,54,67581.97541,0,1
0.000682819,0.101655762,-0.550680847,1.061519786,0.515684054,-0.555319886,51,30000,1,0
0.782130002,-0.544274433,-0.130195533,0.994313382,-1.088533353,1.661270012,33,55452.33266,0,1
-0.790899382,-1.077743935,0.016440929,-1.193495586,0.138503844,0.210499706,70,65598.72473,0,1
-0.779852946,-0.804361502,-0.897930893,-0.531359882,-1.055947795,-1.438819298,21,58332.48569,0,0
1.081984809,0.225788034,0.630679862,1.689093131,-0.152459057,-1.712121732,64,30000,1,0
-1.349576212,-1.281490973,-0.370427714,0.411667328,0.17598819,0.112441659,59,60952.67178,1,0
-0.415213768,-0.748811671,-0.84188435,0.787161518,-0.808496399,0.13444537,23,71363.26064,1,1
0.034027411,0.663273381,-0.351607428,-1.159046543,0.742332934,-0.916970768,24,58778.64173,0,1
0.111372602,2.602479875,0.242258157,0.656644525,0.897351702,-1.514436821,51,60832.19322,1,0
-0.179093285,0.47758882,0.0830382,-1.419541546,0.263565525,-1.963088896,21,75298.55196,1,1
0.395819781,-0.917261642,0.422118115,-1.979821366,0.413982152,-0.759330071,32,36236.43833,1,1
0.692855756,-0.36711417,0.898346125,0.72682396,-1.452828838,-0.362748055,30,71046.26061,0,1
0.734637545,0.031589006,1.304940204,1.43444517,1.362187227,0.691771235,26,65093.90705,0,0
-0.985803809,-0.349424951,0.285486163,-0.253786076,-0.091324988,-0.130333959,54,35645.21477,0,0
-0.284155098,0.903058167,-1.069402387,-0.546550682,-0.935256365,1.063987229,34,70465.93776,1,1
1.194762862,0.217473483,-0.269110803,1.710848656,0.145835812,0.605071496,55,87092.96403,0,1
0.894647188,0.907852385,-1.004318384,-0.194783369,0.745469992,0.513230061,31,65007.35522,0,1
-1.372859451,-0.31444379,1.696854074,-0.065768724,0.512349567,0.979248644,54,68317.0501,1,1
0.3514799,1.32550022,1.987400883,1.693957226,-1.084690365,-1.386694564,48,44019.24138,0,0
-1.978225249,-0.166485584,0.650311197,-0.353584813,0.75763789,-0.536243851,19,50721.02828,1,1
0.046934902,-0.971189869,0.858458843,-0.654027609,-0.060659082,2.401414527,63,44731.44379,0,1
1.897767017,2.177320381,0.250943193,0.815508224,0.501204182,-1.906227092,36,65937.39035,1,1
-0.947892717,-1.824977747,0.366055915,-0.711856154,-0.801551501,-0.297792538,36,52230.42043,1,1
-0.834323045,-0.738738725,-1.597454218,-0.144601538,1.045911589,0.476148662,30,51304.59724,0,1
0.764029782,-0.627027852,-0.073932365,-1.319158602,0.182715526,-1.876936976,38,70556.18763,0,0
-1.542801515,2.508306273,-0.881153062,0.185397088,1.188823314,-0.752680332,48,85045.93949,1,0
-0.63275503,1.806858884,0.281356538,0.068097487,-1.534868109,1.995996323,61,58685.16046,1,0
0.596441138,1.493928144,-0.059609845,0.968020275,-1.40141912,0.170440488,45,36376.1162,1,1
-0.634285848,-0.330658662,1.946821962,0.857256537,-0.240027847,-0.574452402,18,60602.51403,0,0
-0.235969987,2.426178004,0.916627689,0.551518008,1.46762502,0.210470162,52,62873.41355,1,0
0.74418571,0.368352004,0.284511983,0.394255693,1.962810898,-0.57635866,27,72471.13774,0,0
0.421546084,0.97726337,-0.266939687,-0.073254114,-0.888426299,1.712521585,25,55147.25585,1,1
0.266818396,0.179695381,1.676021459,0.609555969,0.053047032,-0.991027013,30,73215.1249,1,0
-0.339122279,-0.049466571,-0.029954646,-1.112332174,0.155151975,-0.52279217,36,70914.59485,0,0
0.370061115,-0.251778674,0.331673962,-2.348966072,0.718157613,-1.492221729,20,55528.79609,0,0
-0.12373268,-0.209639993,0.042249604,1.161917671,0.884962666,-0.295445175,20,72304.58382,0,0
0.45780561,0.608491649,-0.404153906,0.674160462,-1.114398193,-0.174565787,44,73952.71177,1,1
-0.496932025,0.367199799,0.036506222,-0.126986434,0.06459336,1.195640664,35,43633.17522,1,1
-0.182568974,-0.03147137,-1.961966851,1.074558608,-2.008517924,-1.01673117,52,74405.32413,0,0
-0.989957793,1.509523993,-1.547706401,-0.731497417,0.810791283,0.483628508,61,58200.35423,1,1
-0.03500761,-2.966753069,0.349630542,-0.705492532,-0.338619868,0.086727129,51,56288.18254,1,1
-0.811000864,0.509887248,1.568199691,-0.844137724,-1.205382079,-1.892504872,47,58380.77063,1,1
-1.11404645,0.717738707,0.348221104,0.567621975,0.33254681,-0.7253007,25,78618.11517,1,1
0.258661148,1.146962868,-0.720368855,-1.582958077,-0.369869243,-0.765061898,38,78576.76349,0,1
0.212739776,-0.064871441,-1.442853754,-0.766961607,1.261461031,1.68303941,63,67144.92469,0,1
0.782873735,0.207920067,0.78452726,0.289715023,-0.892582136,0.545726876,36,64043.84286,1,0
-0.43112557,0.985948383,-0.567195151,-1.204151076,2.2229552,0.144670374,60,58435.52535,0,0
0.408052847,1.491166404,0.643235419,-0.660310406,0.854555543,-4.295390984,65,100476.9586,0,1
0.550797572,-0.300535985,0.389865158,-2.211567577,1.287694413,-1.908269405,63,49728.19778,1,1
0.444773808,0.266975783,0.478300392,0.605806649,-1.028836202,0.727788032,57,53292.26719,0,0
-0.825653683,1.678573964,0.033601707,-0.687835193,1.788459377,0.782042793,47,64536.59305,0,0
0.149363482,-2.124027076,0.383644385,-1.09928125,-1.212547445,-0.742248204,44,46399.73728,0,0
0.364140296,-0.6900126,-0.119454401,-1.295022726,-0.209811696,0.027678211,37,75731.32538,1,0
0.007178467,1.465835979,-0.635306534,-0.418213512,1.304656627,-0.043236516,31,37929.79189,1,0
-2.086477658,1.092537834,-0.963499061,-1.580155587,0.506769073,0.169445922,29,49292.01505,0,0
0.160489624,0.522445211,-2.385008798,1.942379677,-1.239161917,-0.372004533,66,53973.85823,0,1
2.212531039,-0.448596873,-0.181109562,-2.384744617,1.135410062,0.815368414,40,44929.95264,0,1
-0.360039269,-0.881818499,1.519378183,-0.45061915,0.339954453,1.106109709,29,75614.63645,0,1
-0.728077098,-0.591215619,0.730080093,0.106906929,-0.416200236,-0.95961638,70,40275.15907,0,0
0.37334856,1.548008221,0.227709118,-0.775379004,-1.542009256,-1.194372632,61,45552.22711,0,0
0.31237821,-0.628442689,-0.734004994,0.212131737,0.43475053,-0.796114231,61,49846.74221,0,0
1.192735165,0.101422964,0.997339226,-0.799601575,-0.163427803,0.048718019,56,72644.92807,1,0
-1.257868156,-0.753707645,-0.119309312,1.530094464,0.156309349,0.355631241,59,81787.05969,1,0
0.731380253,0.84277403,1.574934314,-1.118877014,-1.58520136,0.788450005,47,67835.89244,1,1
0.590422061,-0.53872628,-0.981087263,-2.351223941,-0.418657058,0.971421886,65,40294.60003,0,1
-0.142146537,-0.09759389,-0.749969528,-1.29849985,0.480304622,0.362448609,44,50697.16765,1,0
0.338687318,-1.683382133,-0.847269944,0.386494775,1.876464611,0.229591826,41,83581.22199,1,0
1.029457482,-1.613368236,-1.48211837,-0.11792438,-0.205281623,1.648895507,20,60432.93333,0,1
0.87231538,0.007673193,-0.937044685,0.752132908,1.443299059,0.005000039,47,38312.92143,0,1
-1.143019312,-1.325157155,0.10321626,0.501744617,0.787348421,0.59004683,52,92910.51407,0,1
0.820158187,2.105086639,-0.712201025,-0.63628035,0.233784966,0.320254647,50,51453.20244,0,0
-0.064688605,-2.061523112,-3.856375329,-0.489083494,-1.012341784,-0.17318641,54,58927.02126,1,1
0.072874098,-0.800175299,1.074273297,-0.385328776,-0.970478544,-0.166587766,57,49728.8451,0,1
0.073196991,0.016700867,-1.684093729,1.884346083,0.617540871,1.321956767,66,45666.41965,0,1
-0.150242989,-0.365132938,0.589228285,0.690822315,-0.526495574,-0.090230306,33,79439.73265,1,0
1.191707497,-1.104145457,0.03121459,1.891686899,-0.615362719,-0.352669157,65,62943.41407,0,1
-0.08371796,-0.957927839,2.117372816,0.840779372,-0.180610339,-0.737055732,35,64729.61593,0,0
-1.119546128,-0.990654077,0.996957482,-0.063583395,-0.16383083,0.422535425,35,40807.1877,1,1
-0.393529856,-0.286721695,-0.504604595,-1.019361487,0.900767976,-0.512138032,31,55510.86624,0,1
0.178694717,1.95192909,-0.702063562,0.201519671,-0.505497698,0.331794489,49,50669.60188,0,0
1.229214784,0.077937297,1.502727681,-0.060869172,0.801240036,0.17772374,29,47615.18387,0,1
0.603094685,1.182900489,-1.475871097,-0.093647285,0.439705134,-0.427388019,59,67009.68726,0,1
-0.850535279,0.506976346,0.190879936,-0.209099077,-1.673995987,-1.395584228,19,54932.04028,1,0
2.485189917,1.113862398,-0.131120463,-2.052462708,0.294507663,-1.029224311,70,70389.50637,0,1
0.264775311,-2.799964303,-0.343226069,1.260839817,-2.667758434,-0.871871522,43,70811.05412,1,1
1.275390738,-0.304458021,0.353513984,-0.050453489,-0.895223262,-1.004029961,40,53474.80699,0,0
-0.151714434,1.307135423,0.189559861,-1.414253116,0.463076847,0.455267824,52,66809.37275,1,1
0.533359245,-0.571735823,0.457400743,0.481762709,-0.0106431,2.129175347,50,53067.03866,1,0
0.839468505,1.762473165,0.138975652,-0.855836169,-1.767892106,-0.510990075,58,48181.34844,0,1
1.218194712,1.483890154,0.417681405,0.562140623,-1.119161767,-0.384274679,42,44096.02772,0,0
1.057368305,-0.469130716,0.093365193,0.881656461,-2.608913113,-0.584582547,21,61289.58625,1,0
0.872197,-0.503163519,-0.659426887,1.019636491,-1.342563257,0.857676761,38,48870.1175,0,1
-0.315086731,-1.013605842,0.00400126,-0.160916727,0.579063349,0.42635686,65,80672.18423,0,1
-0.571746042,-0.629594232,-0.71438656,-0.413777728,-0.557432939,-0.016627422,21,84389.77012,0,0
0.33260751,-1.232589064,-0.780376605,-0.62553836,0.169945542,-1.213111468,48,67123.85546,0,1
0.933128072,0.42881118,-0.336150003,-0.722556088,0.013644382,-0.96776234,66,63652.66953,0,1
-0.222720701,-1.456046493,-0.119423161,-0.017230064,0.03258307,0.175293576,32,60278.64055,1,1
1.065171966,0.603733016,0.035225306,-0.209343062,1.023132423,0.22328729,21,95605.95944,0,0
1.452616745,0.628078697,0.916378827,-0.825303816,-0.202910642,-0.016109292,21,89436.44121,0,0
-0.916320919,-1.661204405,-0.498464083,-1.143784754,0.910668373,0.664927127,61,56931.23546,0,1
-0.836920704,1.549818606,0.196851926,-0.108756092,-2.477343393,-1.22257737,20,57016.56537,1,0
-0.140375059,0.513609294,0.118027714,-0.434197618,1.111425957,0.303589877,69,64903.979,1,0
0.307612668,0.749698021,-0.608628287,-1.141366973,-1.290078092,0.247986322,22,42306.04836,1,0
-0.524567014,-0.758665202,0.073740786,0.830571013,-1.072939723,-0.957939219,36,33001.55113,1,0
1.352202679,0.622379118,1.002721415,1.772092751,-0.704617489,-0.604899722,55,39930.62476,0,1
0.424066862,1.12639345,0.186506217,0.962588214,1.083855221,0.693129476,49,55474.51407,0,1
0.039447048,-0.098608399,0.226583929,-0.720188012,-0.889299849,-1.138591648,26,45825.55959,1,0
-1.435909524,2.001922459,-0.705328331,-0.050229685,-0.655888779,2.46377107,20,81822.85316,0,0
-1.315815816,0.044064635,1.968858851,1.540428952,-0.961687718,0.555761601,51,37961.15682,1,0
0.28100925,1.1407858,-0.64835637,-1.173699643,0.255394801,-0.057336811,42,39968.02978,1,1
-2.132595626,0.293008807,-1.667783461,0.782595127,0.743608335,-0.252152334,70,32483.641,1,0
1.01263741,0.585521533,0.86018412,-1.448083208,1.704324516,0.788201499,27,50320.34826,0,1
-0.158153844,-1.671332268,-0.11481704,1.684037627,2.3998175,-0.411349532,49,54025.16062,0,1
3.24309297,0.371053738,-0.303041821,-0.430314525,0.650180753,-0.370316258,22,58806.59831,0,1
2.307916251,-0.734975101,-0.54555378,2.229043725,0.365654187,1.452588275,46,59478.02,0,0
-0.181449069,-0.846398306,1.871714624,1.728063799,-1.217339732,-0.471558995,24,50673.1597,1,1
-0.106337003,1.744103184,0.354590279,-0.10643051,1.909303154,0.136081349,32,44213.1475,0,1
0.995581514,-0.213770248,0.549751222,-0.719405373,0.215403109,-0.760212076,19,66282.85134,1,1
1.70317261,-1.003301831,0.162615624,0.194775472,-0.289064842,0.259040477,27,46504.47767,1,0
-1.638029057,-0.359131628,0.270049613,-0.180158967,0.387531769,0.580614434,28,71717.50199,0,0
-1.786375465,-1.300450229,1.398624611,-0.401566964,-0.636350727,1.682895509,70,37763.8694,1,1
-0.622034806,1.433884468,-0.250854661,-1.658113255,-2.337671564,-0.93734889,57,48777.55115,1,1
0.582737583,-0.695680744,-1.456937546,-0.514553584,0.571802921,-1.447874204,38,90633.58351,1,1
0.496873591,0.529299934,0.868054654,-1.110479122,1.342473852,-0.266790604,29,92678.96886,1,0
1.069771455,1.356106714,0.496701612,0.551647706,0.556922635,-0.617113991,21,39584.06154,0,1
-1.199697528,-0.500152681,0.107979813,0.991071317,-0.00707913,-0.015447039,45,78111.78951,0,1
-2.316143863,0.532022432,0.470753242,0.740684004,0.013271752,0.521988326,46,84203.13939,0,1
0.858014195,-1.030086055,-0.37074422,0.34237509,0.172279748,2.265023076,30,75946.76208,1,0
-0.828196273,2.445769569,0.020692583,-0.852907067,0.141654221,-0.451485357,67,58997.65829,1,0
-2.018487864,0.936380135,-0.131700254,0.205400773,-0.060701317,-2.210403688,35,31050.97297,1,0
0.145063746,-0.192606439,-0.591488257,0.792765144,0.025342879,-0.23797665,44,61270.60425,0,0
0.793175688,-0.772833731,1.189172783,-0.586235574,1.55501274,0.350527665,20,66172.50232,0,1
-0.122057132,-0.113996553,-1.412258627,0.118986421,0.472273214,-0.96963074,52,63576.23347,1,0
-0.457848386,-0.339983722,2.360882172,-0.145461589,0.105146984,0.233682453,56,67154.3439,0,0
-0.159362232,1.952944554,0.877362209,1.66236667,0.659226896,0.137481535,39,47818.5087,1,1
-0.370582762,-1.225534722,-1.777975535,0.851548135,0.659298987,0.259851744,34,52742.70592,0,0
-1.348047112,0.134801423,-0.224166329,0.609159612,0.945997963,0.791321954,45,30000,1,1
-0.714680677,-0.018338067,-0.168545916,-1.716693734,-0.756911412,-0.082691284,55,73353.32244,1,0
0.521279905,-0.1174103,0.391886629,0.172837327,-0.480527906,0.547537657,33,46535.03059,1,1
0.321678541,-0.108616655,-0.989378271,-0.155013429,-0.813557454,-1.798961147,22,56263.6725,1,0
0.168059806,-0.11607081,0.032025343,-0.163657111,0.766722923,-0.962379292,39,63797.48924,0,0
-0.995148482,0.873066066,-0.121119398,-1.563413473,0.717870974,-0.341534331,34,51591.38964,1,0
-0.181503162,0.608984446,-0.737618363,-1.087768622,-1.273242873,-1.00512914,28,43912.25817,0,1
-2.177065046,0.418911611,-0.876752231,-0.068017488,0.390837813,0.006596002,39,63837.75436,0,0
0.178476664,-3.033989362,0.918804647,1.114355778,1.372233868,-0.343743298,61,33248.00948,1,0
1.428857708,0.299794874,-1.69658254,-0.59052457,-0.235332639,-0.45513399,61,71502.75187,1,1
-1.474132132,-1.65563936,0.477878936,-0.399938727,0.313973274,0.883804797,53,69906.63688,1,0
-0.585927673,0.646320163,0.797510307,1.781091995,0.730485703,0.083821791,58,51754.17407,1,0
0.329106779,1.474497368,-0.218558338,-0.296822389,-1.320558239,-1.083709903,63,52589.58491,0,1
1.252842634,-0.926239113,0.05237284,-0.128789524,0.151988159,-0.603322385,61,45183.56795,0,1
-0.448224616,-0.261780722,1.163495,-0.115244782,1.27211619,0.753220417,59,54267.09656,0,0
-0.692250329,-0.599355705,-0.704851511,-1.345505146,-0.593208817,0.199709356,57,56987.53156,0,1
-1.968923142,1.235431776,-0.601652429,0.571798123,0.832466142,1.195940165,20,55222.95904,0,0
0.103438129,0.095027885,-0.495483681,-0.652876119,0.027161607,0.846566244,44,81729.9822,1,0
2.04207604,1.728329381,1.165325599,-0.030070617,-0.674504642,-0.389066929,62,33764.16056,1,1
0.277358462,0.413754203,1.292293747,0.444372964,-0.096508551,1.435508449,65,46379.66476,1,1
-0.022278979,0.242450181,-1.395890234,1.942557589,-0.526127924,1.517815324,30,70971.35044,0,1
0.322082311,0.068206783,1.006240747,-1.317770045,-0.888314042,-1.785419557,30,90823.56155,1,1
-0.011092004,0.817992099,0.818908306,0.864982185,-0.254344772,0.03178082,68,47039.77736,1,1
-0.813014372,-1.737686198,1.55359481,0.868723256,0.068426312,-0.54983949,47,75181.95374,1,1
0.823279916,0.085343956,0.385108032,-0.638214773,-0.166054383,-0.2604758,35,42748.18287,0,0
0.225761523,-0.070046444,-0.04426012,0.599503848,-0.265373581,-0.816150805,57,54159.81646,0,1
0.017613252,0.725418827,1.145216687,1.643436151,0.225995883,-0.941420882,50,60152.43282,1,1
-0.975366027,-0.187701606,0.698903792,-0.764971209,0.531405975,0.90117324,34,49642.26355,1,1
1.303507932,-1.038734434,2.244898414,0.241469797,-1.144095233,-1.16806156,58,53711.47139,1,1
0.664702745,0.007350675,0.958707845,0.404801364,-0.252395869,0.093354567,27,39546.03003,1,1
-0.552920837,-1.082840529,0.153547976,0.534178855,-1.97354091,-1.34913709,58,70114.41313,0,1
1.001824854,-1.925262213,-1.17410438,0.769291761,-0.162183359,1.269405812,61,46529.30009,0,0
-0.497570838,0.727122481,-0.580917177,0.166304828,0.150529046,0.030033855,41,50042.28738,0,1
-0.782003493,0.579061573,-1.435954978,0.513436186,0.569780012,0.745292185,59,48270.84222,1,1
-0.759703117,0.467090944,-0.215062036,-0.91147365,0.154104806,0.195105781,46,49068.41574,0,0
-1.771068553,1.302928422,0.926067593,0.164003494,0.548175644,-0.253244157,25,62167.88591,1,0
0.47154238,-0.66503189,-0.003671088,-0.476341266,0.065224982,0.068370901,53,60941.09842,0,1
-1.831144878,-1.431114143,1.021725269,-1.229828905,-0.675518378,1.50733342,31,97779.03084,0,1
-1.228443831,-0.070029777,0.337573733,-0.509144549,-1.115935168,-0.897426661,46,56323.78321,1,1
-2.075588009,-0.3475003,-0.40309229,0.269456392,-0.263002707,-2.549348942,24,58493.61833,0,0
-0.086069693,-0.842295717,0.087625155,0.435797276,-0.766276203,-0.786864715,42,80054.91875,0,1
-0.15032046,-0.079849153,0.472096691,-1.268459121,-0.119719115,-1.209087464,59,63373.27058,1,0
-0.326696213,-0.611605146,0.139223398,-0.937676717,-0.491877003,0.968014464,47,58519.15153,1,0
-1.042577695,-1.836005283,0.150684229,0.72465628,0.419081013,-0.175729296,45,57996.62107,0,0
-1.172233753,-0.441176691,-0.769050108,0.508148093,0.048955024,0.827451084,27,62909.75823,0,0
0.464369864,-1.136375167,-0.432976265,0.887102662,0.447494336,0.031891582,64,74621.6194,0,1
-0.550551932,0.231648072,2.258460796,1.367830427,0.442384723,0.008676042,64,80180.20846,1,0
0.316358322,-0.656034758,1.22846649,0.53788711,-0.179673044,0.163944953,51,75473.05753,0,1
-0.885248686,1.111631474,-1.473840897,-0.414807627,-0.118336345,1.480024286,33,67003.19585,1,1
0.181062743,1.603866067,-2.366968958,0.114849458,0.501604488,0.186527574,27,63161.41625,1,0
1.303278037,0.679381373,0.076192421,1.659897101,2.445938931,1.10916985,46,90572.38055,0,0
0.5861658,-1.551026182,0.893472894,2.764448998,-0.989131147,1.045163868,32,52883.02631,1,1
-0.412413818,1.505195999,-0.519941837,0.463096366,0.041751488,-0.163291581,45,70473.51842,0,0
0.25719897,1.57572045,1.021658728,0.535554139,-1.195708347,-0.073934517,68,77613.19821,0,0
-0.240665175,0.018790511,0.059654565,0.725708367,-0.02091235,-0.377802666,41,75664.60042,1,0
0.007880185,1.32292616,-0.16306128,0.023792846,-0.674060904,1.283177226,59,48564.09871,0,0
-0.325611052,-0.551675138,0.756115176,1.163853902,-0.119906411,-0.941062017,37,102226.8641,1,0
-0.164335206,-1.866245935,-0.531875793,1.008045293,0.155310334,-0.722991728,64,85058.10521,1,1
0.212093353,-0.760284439,-0.286706322,0.354376447,-0.489391112,-0.276244035,70,75899.7285,1,0
-0.9933587,1.729300866,0.670167262,-0.318019906,-1.783758676,-1.14815233,46,44903.54697,1,1
-1.015878827,-1.491079924,-0.031395937,-1.520696387,1.425535677,-0.591294784,19,74696.5655,1,1
-1.388542554,-0.000478718,1.908776273,0.732413548,0.83927698,1.136066192,63,30000,0,0
-1.600271105,0.034143893,0.693825413,0.212858315,-0.130559229,0.651405648,49,56516.82572,1,1
-1.217282692,-0.512974244,0.628813828,-0.737767731,-0.894732998,-0.420740195,64,61600.02913,0,1
0.159462507,-0.4435216,-0.049504646,-1.129920265,0.08502459,0.802828912,59,53261.93363,0,0
-0.892787515,0.072249134,0.874754677,0.661432849,0.360988825,2.081908069,47,83749.54251,1,1
0.513614464,-0.562162342,-0.322607773,-1.601236322,0.770011816,0.313111893,26,61556.32865,0,0
0.034713749,-1.422058497,0.282377751,0.299641187,0.862222164,1.420359459,36,45581.71232,0,1
-1.968504213,0.215031943,-0.916293047,0.843550409,1.050676305,0.851588817,23,71296.95735,0,1
0.654975584,1.073366582,1.039441392,0.549892886,-1.740859689,-0.294436968,25,65976.2505,0,1
0.810798646,0.869572519,0.290604697,-0.390739774,-0.304643214,0.19729797,51,33701.73519,0,0
-0.993862675,-0.809735467,1.982513064,-1.249374484,0.993100821,0.526282467,18,80069.32922,0,0
0.420191543,-1.251227915,2.392298384,0.58701924,-0.923631703,-0.744969744,30,61519.33167,0,1
-0.856498237,-0.284187882,0.763319451,1.200523092,1.219267577,-2.609248655,23,74778.83866,1,1
0.097670377,1.56779151,0.068425311,-0.572733355,1.810377615,-0.834075563,52,66157.88976,0,0
-1.264498407,0.645598079,-0.946064512,0.5069082,1.191254319,-2.158140948,46,54947.09839,0,0
-1.793106453,0.703964677,0.904749803,1.581515119,0.661590407,-0.751453427,19,66363.70893,0,1
-0.38281719,0.889856952,0.210284564,0.338847096,-0.447506227,-1.707444546,27,58488.64734,0,1
-0.123728946,0.420766563,0.538034839,-0.396880145,0.281634804,0.880108704,48,64361.92007,0,0
-0.397679694,0.120608548,1.729787387,1.04085354,-1.346094649,-1.182597501,25,69018.89767,1,0
-1.184030558,0.662306897,-0.824423289,-0.737560974,-0.781110665,0.544108089,58,62203.68539,1,0
-0.399899062,-0.546166104,-0.924304168,-1.298192015,-0.710803483,0.766602063,56,66976.65312,1,0
0.269294753,-1.414463011,-0.236425938,0.812321191,0.061972574,0.701508774,45,54418.76448,1,1
-0.04489303,0.722996935,0.82120115,-0.406162263,-0.392177265,-1.868336184,48,51428.49071,1,1
0.182501031,1.237738106,0.55486724,-0.316521014,0.261599957,1.122644395,30,71622.54453,0,1
-0.6701152,-1.118231939,-0.895688512,-0.626940636,0.877826825,0.420338366,24,81752.78549,1,1
1.171717915,0.821921482,0.756552901,-0.472817396,-0.709727543,0.804265741,68,52237.50679,1,0
-1.176173337,1.680765713,-1.201212819,1.403033428,0.148601093,1.829876269,18,64727.5046,0,0
0.487560297,-0.002246202,-0.837741674,1.662498766,-0.41596899,0.794332137,62,38863.88394,1,1
1.181891093,-0.818002185,-0.115457317,1.794978636,0.190162494,-1.182652631,66,87070.73693,1,1
0.480908093,0.123018674,-0.553431246,1.090120621,0.686172598,0.653283441,61,77190.37818,1,0
-0.202524227,-0.550533968,0.889859489,0.46627126,0.921235791,-1.503616894,70,51242.92901,0,1
-0.528297047,-0.61673011,0.286378483,-1.432285592,0.670304119,-0.062965619,43,54706.51593,0,0
1.036087651,0.433184067,1.765561178,-0.187524703,0.413985629,-0.5032288,63,78138.94432,1,1
-1.422974925,-1.603729475,-0.247185365,2.156754489,-1.420213273,0.01015054,33,62638.8502,0,1
-0.97012426,-1.443928922,-0.122202151,-0.435621579,-1.08126593,-1.509542172,29,69491.87518,0,1
-0.397557765,0.01929088,1.210382609,1.514144475,-0.82417828,-1.394379076,33,45206.9188,0,1
1.237653758,-0.022308539,-0.090920803,0.055035819,0.358620207,-0.449352415,51,68653.68143,1,0
0.379767636,0.343554577,1.494005248,-2.678142386,-1.291004912,-0.222523107,44,57771.21311,1,1
-0.968045759,1.875225388,0.54082821,0.640485564,0.337522328,-0.425795079,69,64482.73549,1,0
-0.310307705,0.104514036,-2.35278647,1.266254696,0.264469257,1.450452498,42,54037.32535,0,0
-0.614323144,0.59817215,1.177570414,-0.048995969,-1.935689106,0.423642124,36,56835.388,1,0
-0.709788992,-0.975532936,0.912726813,1.233051004,-1.087602822,0.39619146,24,61558.15979,1,1
0.978889559,0.767937664,0.951332606,-1.667827514,1.043875575,-0.382312341,29,51222.99857,1,1
-1.371743129,-0.526390865,-1.910978379,-1.385564264,0.697409148,-1.39183184,63,94024.55881,1,0
1.608780856,0.071420833,-0.662989961,0.204864308,-0.850393997,-0.004120785,41,44178.24957,1,1
0.82822969,-0.108848625,-0.588704834,0.477114728,-1.034860985,1.807269966,67,67497.81381,1,0
1.090861671,1.032974235,-0.841121368,1.356578869,-2.450346685,0.224379628,56,64540.99547,1,0
-0.462939512,-1.309976554,1.741922532,0.638924467,1.471297688,1.113192427,22,71413.7861,0,1
-0.149940719,-2.283238635,-0.011767838,-1.193629089,0.041054368,1.239390887,18,30000,1,0
-1.433151815,-0.213432697,-0.036560943,0.213045622,1.883724055,0.559541259,24,34695.90425,0,1
-0.524662407,0.468531257,0.55200831,0.600727445,-0.191671087,0.220273972,65,51773.25028,0,0
0.493654848,0.152269376,0.569301668,-1.874233999,0.282589299,-0.987731481,43,73803.67019,0,1
1.296063062,1.232204237,-3.334892711,-0.04363347,0.891298471,-0.208447142,41,56039.49174,0,1
-1.107156817,0.437372674,-0.646357537,-0.335582544,1.638842686,-0.360895236,65,55427.92474,0,1
-0.365505937,-0.563848332,-1.412788578,-0.654693074,0.501021658,0.329995557,34,60236.81119,0,0
-0.15129922,-2.325420154,0.400306093,0.498777052,0.002407218,-1.414066607,21,47384.8904,1,1
-1.395789202,-0.237312234,-0.288892414,-1.149681527,0.027957661,-0.537290696,33,67050.88897,1,1
0.591349242,1.027959002,0.015387565,0.416879512,-1.045835602,0.40401589,53,62879.88585,0,1
-0.723990332,-0.392047783,-2.078519749,0.559491129,-0.381882867,-0.70211482,22,67536.07476,0,0
-0.195390351,0.028320264,-0.309852225,1.08376331,0.051219485,-0.915609754,22,82742.68008,0,1
-0.451949372,0.421360254,1.115130252,-1.123419263,1.381893875,-0.791415055,69,56547.32835,1,0
-0.789338506,-1.015292374,1.409449483,-1.505234218,-0.430043193,-0.272409379,60,61652.63111,0,0
-0.007044985,0.623235897,0.71886342,0.278903607,1.062654645,-2.380691588,63,45218.41041,0,0
-0.215609579,1.63712179,-1.335465293,-0.286271234,-0.081838011,-0.746159013,34,41209.88907,0,0
-0.371857882,-0.172813352,1.259401803,2.902650262,1.24355856,0.952753212,58,59888.7656,1,1
-0.728461622,-1.129064422,0.724002255,0.458498476,0.676722494,0.32387858,38,61543.803,0,1
0.319524671,-0.066601027,-0.117189034,0.058161712,0.609195363,0.420038578,47,70341.01723,0,0
1.653617268,-2.224384109,-2.025036315,-0.172827956,0.97882666,-1.827691166,66,68630.2848,0,0
0.139887233,0.336903264,0.953594951,-1.218061845,0.833159911,-0.414198978,68,63815.31901,1,1
0.996118215,0.452274378,-0.59216633,0.563881553,1.063813396,-0.115879053,50,85273.10491,0,1
-1.390221925,1.675636294,0.346165821,-0.079145026,2.131763959,0.46436161,62,55318.78066,1,0
0.157761439,-0.193994793,0.068393861,-0.078313683,1.616894711,1.110855518,40,57155.44729,1,0
-1.097368319,0.408485338,1.538394984,0.094443325,0.466424234,0.954725916,59,64248.73552,0,0
-1.476924928,-0.861288102,-0.125366986,0.22121253,-0.441746859,-0.585374967,46,42241.43567,1,0
-0.739371407,-0.356427121,-0.01511359,-1.739255646,0.36641779,-0.562482205,59,70319.22545,0,1
1.191899334,-1.525185437,1.57861539,0.837023006,-1.926195726,1.412015989,56,61071.67648,1,0
0.950015829,-0.194789621,-0.658222244,-0.846444375,0.828986613,-0.360070582,55,61353.3319,1,0
0.243004722,-0.305309154,0.814322851,-0.138032197,-1.060033195,-1.082594701,24,68141.99248,1,1
-1.53270056,0.299199766,-0.198615723,1.285904921,1.122481276,-0.207131858,54,65638.60715,0,1
-0.196280651,-0.62359688,-1.002541962,1.779448592,1.980289034,1.349359789,24,66165.59578,0,1
0.301700009,0.083345351,0.001160987,-1.700494439,-1.450934343,-0.904871177,32,54154.78392,0,0
0.17553623,-0.333380056,0.691705114,0.030244828,-0.050304396,-0.42887986,46,83542.11375,1,1
-1.843793583,-0.331499388,1.35370984,0.272913185,-1.064412853,-0.863510899,27,38067.67388,0,0
-0.890317848,0.080362326,1.474693985,-1.507530026,-1.728309964,0.956394329,37,49716.29427,1,1
-0.064077764,0.040522942,-0.294764074,0.802591364,-0.106321651,0.287854063,62,51712.47911,1,1
0.53629091,0.761174039,-0.987249232,0.116262677,0.635167037,0.925880244,26,49189.8555,1,0
-2.196127821,-0.120643034,-0.3187389,0.194159596,0.754400429,1.565018882,23,33801.00661,1,1
-0.162123975,-0.349885349,-1.181530753,-0.917552918,0.153925813,-1.512101779,37,84660.82984,1,1
0.14304877,-0.180807445,-0.217386199,0.412886643,-1.664232057,-0.759151372,38,69637.529,0,0
0.849611989,-0.714664117,-0.341665284,0.838223956,0.123378762,-0.433521917,24,50529.76923,1,1
0.692857584,-0.359911094,0.727490204,0.127297884,-1.492548016,0.06883836,55,70457.63302,1,1
0.582571319,2.031158713,-2.20593518,-0.513935901,-1.426988258,0.505897608,65,57592.12259,0,1
-0.799940507,-0.912678761,-0.733607946,-0.436069318,-0.996819888,-0.491453628,51,55635.02247,1,1
-1.908002137,-0.278656334,-0.725518304,0.220395707,1.049811191,-0.691941529,64,45598.71382,1,0
-0.393052757,-0.387488663,1.187127252,0.048797378,0.545255346,0.956659432,20,60258.61154,0,1
1.001631825,-0.247171612,-1.113844377,0.904822119,0.322590698,0.54609752,62,50515.39794,1,0
1.393454528,-0.331239309,0.22665736,-0.480258288,-0.862614181,0.315881781,34,45417.22758,0,0
0.710549102,0.279240101,-0.128128414,-1.218380603,-0.387775384,-2.145758963,68,74333.90835,0,1
0.429340823,-1.710175101,1.043042527,0.359386077,-1.370122506,1.206676498,60,47665.92227,0,1
0.379639648,1.037171473,0.595831865,-0.477529853,1.364301327,0.183969141,19,81068.08495,1,0
-0.556118747,0.6325828,0.121243732,0.783681949,2.197258008,-0.161979184,59,49280.22017,1,0
-0.130060294,-1.242871586,-0.554666875,0.00753863,0.556598414,-0.819332642,29,37455.57158,1,1
1.669069526,-2.269077273,-1.852342503,0.654813204,0.731754211,-0.632914386,30,67875.82398,1,1
-0.942558006,-0.977072146,0.247085656,-1.014317047,-0.158960139,-0.89091409,55,53298.36897,1,1
1.614778791,-0.242666461,0.530489799,0.143386263,-1.619452364,-1.997574875,53,36287.72304,1,1
-0.322028154,2.580291899,-1.574867612,-0.699263207,-0.843964791,-0.817521801,29,63820.66871,1,1
1.325432109,0.543256965,-1.233694164,-1.220373653,-0.465384549,-1.599037897,44,40411.36058,0,1
-1.406815009,-1.807589649,0.252329973,-0.861107878,-0.385256011,-0.060467301,43,30162.22102,0,1
0.585904201,-0.689655505,0.339141686,-0.544477092,-0.615393629,-1.150760867,64,70155.54677,1,1
-0.736770136,-0.053212436,-0.99064731,1.244694527,0.047753309,0.729934089,68,82334.92437,0,0
-1.415267192,0.253683554,-0.574064714,-0.570940399,-0.850169089,-1.664320692,57,54079.44635,1,0
0.218534042,-1.31474886,-1.836488839,-1.27154025,2.167724121,1.194744949,22,78174.57763,1,0
1.009471789,-0.134990228,1.377263904,0.131477422,-1.365374015,0.836614897,49,72030.64008,0,1
-0.844941439,-0.717639138,-1.299874407,0.029180661,0.887309544,-1.06623572,53,70008.55538,0,0
-1.49901596,-1.103758563,0.542259391,-0.492053012,-0.26185471,-0.094267148,62,57454.43953,1,0
-0.091844764,0.259595647,-0.034960696,-0.161223466,0.462798095,-0.854377838,55,51058.00703,1,1
-0.087435329,0.773877173,1.28959362,0.976227086,0.508114867,0.578599346,69,65161.82987,1,1
0.548319628,0.841041277,-0.792254093,0.670705765,0.15704323,1.799856823,33,69720.22522,0,0
0.949594571,0.574386351,0.06125271,0.584230207,-1.133370748,1.181064011,27,41090.60055,0,1
-0.059415181,-0.497369533,-1.698426909,-1.183678785,-0.33203975,-0.687728122,54,55135.62982,1,0
1.855503315,0.714549761,-1.938526837,2.886548062,0.169095272,0.114634615,32,57159.98932,1,0
0.224234745,0.309054438,0.596333584,1.05125221,0.106433835,1.522262324,28,55767.10528,0,0
-0.346426506,0.133941883,-1.785025839,0.517028563,-1.023131975,0.524270766,69,49873.40053,0,1
-1.611567359,-0.611693122,-0.228217534,-1.164311774,1.291212459,1.01011273,26,40010.5437,0,0
-0.26265952,-0.496876127,1.011295448,0.947730113,-2.493573426,0.651228552,35,55436.07345,0,1
-0.336386945,0.073886936,0.746684856,-0.50112851,-0.250124888,0.07625824,50,55834.16974,1,1
0.960304796,2.439874467,-0.664585488,-0.194270805,-0.921318755,-0.069465535,26,52908.58796,0,0
0.462483624,0.30124248,-1.588503136,-1.680779276,0.182165416,-1.210903902,58,69739.98456,1,1
-1.179369122,-0.611188502,0.509494862,-1.241483086,1.016725856,-0.7658147,32,39470.694,0,0
0.172254386,-0.832389445,1.342256783,0.438546499,-1.406969011,-0.90180498,53,64205.89815,1,1
0.671531172,-0.491766613,-0.662238079,1.006234675,2.353605232,-0.351346374,53,33094.04587,1,0
1.528031359,2.177293448,-0.803312858,0.68490442,0.201848637,0.099548022,18,59006.30666,1,0
0.887503967,-0.399256646,-0.524901963,0.650818997,0.38172399,-0.107934101,45,30000,0,1
0.760846654,0.906870535,0.571608711,-0.064766457,-1.439754335,0.215863806,50,46652.13683,0,1
0.060085995,-0.375928245,1.228517606,-0.406707015,-0.046567188,0.664235206,18,59670.77962,1,1
0.388312005,0.261184541,-1.239606811,0.288895144,0.971674822,-0.415585675,23,38624.82338,1,0
1.249504901,0.791745274,-1.498281809,0.821408323,0.209921572,0.737996637,28,38721.95918,0,1
-1.332777397,-0.57190285,2.339996322,0.004862255,0.140195574,1.138166884,65,74728.4169,0,1
-0.349439327,-0.641111654,-0.177322788,1.21025202,-0.051859569,0.415148566,44,36066.35351,1,0
-0.772568749,1.658869694,0.252892796,-0.215069264,-1.378000092,-0.544527737,22,58217.47701,1,0
0.379153119,0.984592895,-0.691930841,-0.980278935,-1.383708671,0.946677888,27,82140.61583,0,0
1.230222176,0.790672319,0.489962309,-0.010362242,1.169327127,0.48264811,45,62136.32925,1,1
-0.596974287,0.787276293,0.960060875,0.105972278,0.882286706,0.618824291,33,60434.15153,1,1
-2.390304367,0.459575488,0.299796172,-0.082030067,1.030271172,1.535171494,60,49296.80175,0,0
-0.412220745,2.017775813,1.740858077,1.280655561,-0.822820044,0.709442683,43,49348.07899,0,1
0.913473732,0.043908302,-0.32674459,0.805301981,-0.157567761,1.574271053,67,57483.37902,1,1
0.537629903,0.577262367,-0.262882473,-1.430940989,1.231800186,-0.1484972,45,30051.71565,1,1
0.428186248,-1.450912929,0.231406351,1.534367014,-1.228655325,-0.431428714,31,75190.83401,0,1
-0.279993302,-0.824960687,0.464961646,-2.741417061,1.129882408,1.148929069,30,63113.55367,1,1
-1.279030736,-1.200819,0.227947262,2.151024373,-0.586519593,-0.985746072,18,33783.16621,1,1
0.515294322,1.274063584,-1.284415027,-0.287305514,-0.8552333,1.88840939,52,75390.36437,1,0
-0.83428181,-2.552540152,0.312515166,-0.189567737,-0.0319163,1.301907381,32,70188.65263,0,1
2.184096733,-0.402310023,-0.374173585,-0.060016239,-1.117001909,0.087615022,46,66586.33341,1,1
0.570507208,-2.993706603,-0.580977014,0.385205433,-1.896893594,1.201273635,48,93543.94528,0,1
-0.580648303,-0.831287895,0.032482055,-0.000263201,0.076029687,0.662333328,29,61445.04339,1,1
-0.611385247,-0.49094895,-0.961522687,-0.133395189,0.53426577,-1.290031786,22,82952.41824,1,0
-0.092944207,1.384871094,-1.135391324,1.308918309,1.215290173,-0.816291159,65,60382.67106,1,1
-0.239501922,0.396627939,-2.61546896,0.56559608,0.606974713,0.285747263,63,66786.39144,0,1
1.116833776,-0.833141523,1.747237329,-0.958803854,1.965397185,0.159543581,49,51699.86065,1,1
0.18641617,1.06596372,0.555731319,0.740673914,1.361074976,1.308128593,27,31720.16314,0,1
-0.731631739,0.017832255,-0.116764121,0.524107003,0.738078752,0.302057507,22,32601.22984,0,1
1.890440685,0.037566859,-0.667223237,-0.545273726,0.468618825,-1.268718049,44,58733.29367,1,1
0.049308332,-1.202671508,-2.876032282,0.792138426,1.230102183,-0.545327646,56,56441.15061,1,0
0.768839676,-0.990013714,-0.728528876,-0.157572601,-2.213022111,0.743063739,38,42300.44711,1,1
-0.608226507,-0.8250973,0.715866337,-0.221673472,-0.480057041,-1.822615594,33,55842.505,0,1
0.363115628,0.046461273,0.942174304,-0.248913117,-1.858481047,-1.411358894,46,66752.03451,1,0
0.311109991,0.077885727,0.642291994,-2.428118057,0.663097632,-0.372654846,32,79363.78689,0,1
-1.889649292,1.544092664,0.158391956,-0.526699333,-0.742763877,0.926715277,55,49617.8697,0,0
2.01527511,0.385055168,1.303874146,0.713173242,3.019653142,-0.216748092,24,65893.751,1,1
1.290644461,-2.707565694,-0.328537222,-0.022411243,-0.517925798,0.460932635,35,86088.43409,0,1
-0.397195316,0.262641988,1.085188916,-1.28518643,0.106363165,0.004814951,68,71250.04237,1,0
-1.10226974,-1.450016356,-0.384582444,0.964631255,-0.402266534,-0.140852088,36,48458.02546,1,0
0.347561614,-0.965970925,-0.881141309,-0.29860016,-0.488831238,-0.653786564,34,61520.96684,1,0
0.086697699,-0.812169472,-1.00571298,-1.221575491,-1.246521884,0.839825631,31,62771.60012,0,1
0.355668949,-0.663338324,-1.064496421,2.206012462,-1.28014941,-1.254267884,58,69561.90932,0,0
0.191577396,-1.375149392,0.659068029,-1.053172594,-2.179493002,-0.233657084,65,60585.93648,1,0
0.506240989,0.203482003,-0.742745571,0.879491511,0.545462303,1.146129338,27,67254.45613,0,1
1.447305699,-1.410802285,-1.033028845,-0.769314101,-0.424646767,-0.764245897,42,75295.29215,0,1
0.568103205,0.356667607,0.71373522,0.135826835,1.933628226,-1.55633735,58,44222.6872,0,0
-1.049655499,2.236971077,0.32797039,-0.902180963,-1.244140184,-2.116827557,61,40190.92935,0,0
1.362562853,-1.329359059,0.962591983,-1.239304181,1.47631452,0.666274606,26,69132.39747,0,0
1.640614563,-0.284510304,0.512599511,0.522202545,1.572259335,0.733615612,33,57700.85391,0,1
3.152056735,-2.523457363,-0.75311158,0.405290545,1.277043167,-0.344230221,65,72946.6645,1,1
-1.123494033,-0.300935293,0.076102416,1.144649444,0.23479731,-1.271028356,41,76315.11257,1,0
0.242882013,0.642717153,0.125132991,-0.03438193,-0.338205725,-0.146097039,38,32244.00484,1,1
-2.082098703,0.720639231,-0.919158658,2.220351794,1.276067697,1.178094468,51,47444.47196,1,0
0.553149156,0.07736373,-1.104624974,0.268346667,-0.791463143,-1.269296916,56,58122.85376,0,1
-0.548200298,0.889263425,-0.680721609,0.566774681,0.270707595,1.05817442,69,44644.34703,1,1
1.923445795,2.546054536,2.036582357,-1.358429245,-0.043747946,-1.695229007,24,52905.52921,0,1
-0.77461497,1.712304687,-0.412744094,-0.614084315,-0.891416863,-1.13698366,24,40819.82151,0,0
-1.689183038,-0.522520929,1.232866791,0.519679701,0.278046972,0.10927701,45,53421.08311,0,0
-0.471263741,-1.451103986,-0.468660509,-0.084227762,0.741838252,0.947652534,68,45509.52515,0,0
-1.975487771,-0.406151417,0.88883882,0.187683135,-0.930828209,1.471642703,52,65169.3593,0,1
0.751099455,-0.946982766,0.902491656,-0.816493756,0.460120187,0.991756519,27,73536.3025,0,1
-2.065083046,0.451347548,0.952590508,0.121946973,-2.229028187,1.552264914,55,66131.18087,1,1
0.028457581,-1.181193539,0.387827342,0.118545892,-1.049155341,0.182060488,49,98966.17923,1,0
-2.07781182,-0.072822433,1.377366579,-1.18043502,-0.457345723,-0.621587934,51,74082.95701,1,0
-0.320297805,0.838014055,0.378353969,0.642549845,0.357337237,1.184086369,41,73520.24676,0,1
1.643378156,-0.100695873,1.713529729,-1.700064947,0.86931475,1.36350402,69,58768.46115,0,0
0.360647891,-0.946313823,-1.619919803,0.184238081,0.082822891,0.93082306,67,55397.13655,1,0
-0.863493605,1.174814058,0.348286248,1.765592694,0.566595734,0.612560684,58,79096.61348,1,1
-0.031203489,-1.878980945,0.283323593,0.680550538,-0.160581903,1.391971657,64,56204.55065,1,1
0.018016872,-0.327795056,-0.936519846,0.674299246,0.404748143,0.341971155,63,60523.81859,0,1
0.472630346,-0.041660023,0.579584222,-0.897426675,0.351909067,-0.020531216,58,57417.2435,0,1
-1.366858363,0.015908658,-1.490082676,1.769062053,-0.509020626,0.725521466,19,68099.36977,1,1
0.592567274,0.180496056,-0.654184326,1.376718095,-0.355379877,0.477579671,59,73372.91964,1,0
-2.704391632,0.61043982,-1.999087813,-0.843590023,0.600127172,0.885291122,21,75964.91327,0,0
-0.629884552,-0.035407439,1.558626517,-0.474763242,1.812087809,-0.131936331,18,55443.71593,1,1
-0.488273842,-0.368058282,-0.231549494,1.254656045,1.206818581,0.909250314,39,62732.39786,0,1
0.633326826,-0.407589345,2.166884035,1.796147378,-1.129116056,0.857616465,28,64970.48867,1,1
0.022630853,-0.611515802,0.802949927,-1.264686035,-1.125581739,0.213349276,65,81963.0392,1,1
-1.405563054,0.787543324,0.448098213,-1.00371077,-0.535631349,-0.750301311,28,33207.73479,0,0
-0.984993126,-0.646528479,-0.586227694,-0.143786756,0.098921338,1.240624319,62,60171.68179,1,1
0.19868001,0.846771109,-1.046350036,-2.171094029,0.048256257,-1.209657461,31,50353.97012,1,1
-0.079067342,0.018999082,0.522971574,0.01904516,1.240280277,-0.957705773,44,52012.07188,0,0
-0.57912411,-0.521254807,-0.071514009,1.185743514,1.295113306,0.168022848,50,47242.65401,0,0
-0.48083379,0.618407216,-1.339270315,-1.438637016,0.005665584,-2.507899501,45,68086.81927,0,0
0.696167997,-0.727453925,-1.516858417,0.127106965,-0.227696576,1.542959334,40,30000,1,0
-0.517692573,0.638184041,-0.958703729,-0.581770705,0.516746432,0.014692239,26,57923.16676,0,0
-0.088091244,0.212726121,1.820967225,1.639945949,1.06320132,1.539483243,35,32676.85038,0,1
2.169936588,-0.596324689,2.213277918,-0.569791862,0.55243681,1.8040336,60,49612.40136,0,1
-1.423682637,0.528634815,0.204989147,1.518993088,-0.431545803,-0.154831341,41,56793.851,1,1
-1.851842732,0.546589726,0.148942796,-0.597455071,-0.612253862,1.348751054,44,53915.37387,0,1
0.783589665,1.157519606,-0.336320372,0.771175805,-1.110603718,-1.060111427,52,70217.22092,1,0
-0.678643061,0.966147012,-0.934485348,0.251945618,0.193486848,0.433297122,70,78744.97655,0,1
-0.318237528,0.491274021,1.375179058,-0.138272667,0.623120098,-0.47338965,21,89372.39236,0,0
-0.781156378,-1.127590951,1.873576394,-0.790528569,0.734845193,0.696485902,39,59887.27778,0,1
-0.259800141,2.448586988,-0.893419086,0.323095421,1.15176037,0.882573507,28,77416.26967,0,1
1.598538112,-1.403616211,-0.082838378,-0.440535262,1.480309601,-0.159907901,24,81959.20322,0,0
0.802128459,0.949263174,-0.449866301,-0.689766225,-1.374965648,0.544821339,58,52856.0285,1,0
0.862223512,0.431283817,-0.420239075,1.472722741,0.404762433,0.944706303,54,78496.40044,1,0
-1.416227056,-1.174142372,1.185908255,0.547530227,0.439259489,0.187820135,51,30000,1,0
-1.151153737,-0.124300939,-1.311961545,0.643638952,-0.073946408,2.539040319,29,64465.58547,0,1
-2.839078659,-0.078752886,0.466469691,-0.391598519,-0.82834457,-0.137138624,21,84081.92153,1,1
-0.809380821,1.305582716,0.728238107,-0.185978347,1.444629835,1.655856278,62,61489.746,1,0
0.956703186,-0.7133109,-0.142151174,-0.248576667,-0.588600511,1.145391267,19,57144.15777,0,1
0.516946516,-0.261945006,0.893067827,0.337238913,-2.192568859,-1.859895445,64,57068.61345,1,1
-0.221513263,-2.336069605,0.147651841,0.641803452,0.020072285,1.492973408,18,82026.96343,1,0
-0.022300284,1.734762793,1.217129921,-0.03025137,-0.237863667,1.073944993,35,36124.81165,0,0
-0.688885543,-1.070468243,-1.522205305,-0.792644994,1.857697273,0.114145919,40,54134.9534,0,0
0.204758882,0.326910864,-0.348775261,0.760570457,0.489693954,0.368873489,51,72634.75562,1,0
0.765878279,-0.10140783,-0.071813143,0.033403868,-0.305262747,0.492790928,21,64768.36644,0,1
-1.615886787,-0.098000967,-2.672207384,-1.440836379,-0.19685509,1.375308643,70,77803.04906,1,0
0.299647688,0.809861985,-1.085952734,-2.13529475,-0.208403508,-0.413076534,68,70233.92714,0,1
0.932434871,1.67126246,-0.813599254,0.297897175,2.217133375,1.586002421,69,52921.84861,1,0
-0.415100289,0.25149367,0.948205995,-0.829473799,0.675483868,-1.084058737,59,68721.97003,1,1
0.700700612,0.655078018,-0.706843346,0.431062129,-1.407160172,-1.760133468,62,40206.2277,1,1
2.814654444,0.328891537,-0.818078987,-0.775618309,-0.244439948,0.593485822,36,30000,1,1
-0.104342793,1.017531424,0.817485781,0.133185772,-0.023632448,1.259026191,57,50827.36194,0,1
0.39330705,-0.462916379,-1.617910646,-0.378401528,-1.107568203,-0.179583381,59,61198.42569,1,1
-0.738057084,1.075390554,-2.071244067,1.75192081,-1.782955457,-2.264218639,57,47825.57112,0,1
0.181251163,1.110499866,-0.3615923,0.950315658,0.595563382,-1.49094031,68,62615.70598,1,0
0.460271625,1.082537009,-1.447706768,1.3472969,-0.804632996,0.436283838,58,60877.91118,0,0
0.19484234,-0.660147867,-1.409679295,0.024047769,1.248771619,-0.010054952,26,32098.34669,0,0
-1.01969532,-0.168337634,0.573433792,0.822360939,0.008194433,1.284280451,40,51904.81224,1,1
0.206361771,0.239466989,0.875973838,0.091650078,-0.47426882,0.072924396,30,74115.56734,0,0
1.462195939,-1.370842045,0.788864216,1.469591367,-2.41673365,-0.740588292,18,67297.71624,0,0
0.448635765,1.594920208,1.10877666,-0.072562065,1.22231785,0.309081124,29,49553.18782,0,0
0.961987189,-0.012276534,1.24113432,-1.39748934,0.293526833,1.015612059,27,69283.53499,1,1
-0.23701197,0.283927888,-2.128590209,-1.998621525,-0.448194719,1.351234431,44,86327.61345,1,1
0.749900239,-0.57700444,0.45041196,1.66831112,-0.890291388,-0.111009358,36,53633.14269,1,1
0.279267838,-1.326877559,-0.5296082,0.478504474,1.599091209,0.067424196,57,71121.53147,1,1
-0.95091073,-0.604029885,-0.747424246,0.54425685,-1.064219701,0.779271932,49,68754.04983,1,0
0.318521005,0.219204188,0.560414632,1.489647842,-0.368647458,-0.748608334,39,52839.23466,0,0
-0.991696663,0.673428813,-1.73029548,-1.651734944,0.569745102,0.736773409,42,43008.03298,0,0
-0.632880275,0.161791541,-1.751108606,-0.358601215,1.45076664,-0.232040681,28,84759.99794,0,1
0.189328307,0.346724016,0.633572744,-0.23606983,-0.216319707,-0.075575704,28,76329.36965,0,1
0.297244273,-0.337026375,0.487786018,0.742275233,-0.734816974,0.002676405,43,55829.3642,1,0
-1.189232465,0.496248566,0.136732656,-0.692640225,-0.106739209,0.129589893,33,78203.1249,1,0
1.053985771,1.482832866,-0.879913405,-1.201373744,0.904470663,1.91378388,46,68322.87717,0,0
0.572006278,0.704789442,0.743829635,-1.210348651,1.129394885,-0.468981676,47,78093.19188,1,0
-0.704728436,0.809541888,0.680302892,1.149418076,-1.375159149,-0.417493965,28,33112.3812,1,0
-1.537584796,0.294016399,0.085304515,-0.742532094,0.11494012,1.44673759,18,53875.62685,1,1
-0.144904579,-1.50315507,-1.177321041,-0.552017484,-1.434265409,0.444690845,23,83601.57873,0,0
-0.445943714,-1.044666531,-0.425248346,0.634498151,0.884217171,0.76755571,30,99779.69565,0,0
0.113140457,0.454875801,0.837833678,-0.698945408,0.422383901,-1.030250512,44,54153.39108,0,0
-0.363116661,-0.010939052,1.327191223,-1.704948423,-0.921185631,0.246434179,60,53892.2445,0,0
-2.007456861,0.439842886,-0.326536603,-1.581701174,1.53414557,0.810375747,52,70245.92979,0,0
-0.388346938,1.676423418,-0.249672968,-0.056807397,0.33501348,-0.67436963,70,65163.90669,0,0
-0.305619111,0.726035999,-0.161689108,0.49732843,0.22519248,0.628492861,50,67999.22379,1,1
0.633661025,1.258886206,0.274893009,-0.202245244,-0.179111482,-0.20439752,31,30000,0,1
-0.698199675,0.094681389,-0.5810673,0.430442704,-0.008037934,-0.645420792,60,56418.88613,1,0
1.678674673,-0.807215677,-2.894185058,-1.612837526,-0.381482501,1.013191443,63,72080.23671,1,1
-1.911640551,-0.057866159,1.192769002,-1.545303541,-0.741208496,1.137913127,39,30000,1,1
1.311167498,-0.804751814,1.794688947,2.253935916,1.229130588,0.128728889,59,35738.92603,1,1
-0.224318971,1.558294957,-0.61239986,1.232784272,-0.49274259,0.450704395,38,33391.46026,1,1
0.859584872,0.790391077,-1.066653369,0.768971892,-0.526408038,1.324589077,19,69760.86678,0,1
0.079801484,0.520512497,-0.137100522,-0.659724671,-0.12929409,-0.395487058,22,46055.79501,0,1
1.139555536,1.235943202,-0.187503884,-0.238006191,1.424514481,0.348581567,32,41985.59397,0,1
-0.387361965,-2.020056415,0.995518577,-0.001677317,1.131165894,-0.386343453,67,60824.72209,0,1
-1.098620425,0.588137951,0.054639442,1.314346114,-0.39484837,-1.018457999,65,41391.42101,1,1
1.420504287,-1.310645784,-0.79262283,0.402782766,1.226785426,-0.394647802,37,66773.9545,0,0
-0.113480646,-0.007255698,-1.318409451,0.525913801,0.10812017,-1.124943556,43,96208.90396,0,1
0.221558474,-0.311707592,0.865634185,-0.167654935,-0.843425268,0.425555989,41,54469.5199,1,0
1.234751914,0.661736612,0.599511241,0.792665067,-0.476129348,-0.772180245,52,30854.59771,1,1
-1.031955242,0.228187289,1.060559878,0.302322747,1.373253869,-1.397053733,41,53206.56527,0,0
0.595490898,1.345117174,-0.968186751,0.044022733,2.082845264,0.742706846,43,67349.4255,0,1
-0.589894756,-0.601897161,1.8384369,-0.743084172,0.319816759,0.67767287,58,65850.3146,1,1
-0.132169356,0.70911439,-1.743694507,-0.113571742,-0.566537162,-0.330264999,67,72576.5722,1,1
0.072278965,0.162223217,0.709601021,-1.079532704,-0.124917468,0.703201711,39,51093.08204,1,0
-1.500221861,-1.63529027,-1.909582767,-0.040139006,-0.762444182,-0.80609594,44,55799.48893,0,1
-0.778837043,-0.918616459,-0.790331382,0.088911358,-0.616763379,-0.372316437,36,30000,0,1
1.351072892,-0.149878034,1.56102293,-2.404518385,-0.715047798,0.407330144,54,69210.76973,0,1
0.886191189,1.11229245,0.831364254,-0.230339539,-0.079343747,1.033801821,53,40347.45744,0,0
-0.062639577,0.463723058,-0.546220415,-1.175880205,0.120681036,-0.382439357,46,63000.88693,0,1
0.243123459,-1.167500824,-0.518837043,0.498639326,-0.148161141,-0.595909769,57,46931.40407,1,0
-0.294242506,-0.140316228,0.100622111,0.637159744,-0.221322935,0.982507039,56,58696.99141,1,0
1.356583386,2.017806449,0.514140991,-0.426339818,0.760491624,0.612686418,60,74376.41049,1,1
-0.200352578,0.111223335,1.251579383,0.549022087,-0.229208925,0.1487235,29,53442.23625,0,1
0.231842092,-0.327325575,-0.456234005,0.591066936,-0.165015811,1.181118848,61,48905.12604,0,0
1.146030144,0.491739641,-1.611785063,-0.229715839,-0.176560271,1.947005514,33,60038.70065,0,1
-0.777371485,0.76339308,0.156968627,1.534286975,1.543287733,0.365916779,65,50362.72095,0,0
1.558789184,-0.456168347,-0.457430838,-0.725074937,-0.491214625,-0.589871767,48,45872.75982,1,1
-1.53046141,0.502574774,-1.300633705,1.471365703,0.596296107,0.497309107,32,87998.84018,1,0
1.629642131,-0.328889497,0.297668915,-0.225199429,-0.748377694,-0.819933887,50,32177.32455,1,1
-0.372675584,0.719327602,-0.213113754,-0.843326353,0.349944831,1.242162766,32,69807.87196,1,1
-0.242698748,0.169693158,0.306512206,-0.351548476,0.546233192,-0.701649434,49,57966.00197,1,0
-1.890010171,0.481967827,-0.8944442,-1.099389228,1.084259287,-0.193140426,39,47612.48027,1,0
-0.454794717,-0.759183546,0.48671053,0.784557867,-0.384268169,-0.837676432,67,65211.01329,1,0
-1.039806531,-0.821286384,-1.317098197,-1.602768978,-1.113962565,0.182173266,23,60516.07333,1,0
-0.607646345,0.945497305,-0.82773139,1.389608554,-0.783985323,0.217454288,47,79807.95119,0,1
-0.137310966,-0.079396381,-0.242914231,-0.935867202,0.964541573,0.742645954,58,42982.46737,0,0
0.957791614,0.285034742,1.741818415,0.836653372,2.081751612,0.119642188,34,52257.91124,1,1
0.207603351,-0.306395427,0.784825369,0.024225861,0.834453412,0.046267048,61,75174.03622,0,1
0.307676653,0.898726774,1.077192504,0.270815283,-1.26213943,-0.573880088,19,56925.57268,0,1
-1.095519389,-0.60780998,1.417077033,-0.590043371,0.800652881,-0.286347309,33,68201.29617,0,0
-0.88075409,-0.13560124,3.602832136,0.352808,-0.943791091,-1.392912981,64,78222.04416,1,1
1.798725018,0.785992813,0.041589068,0.134974289,-0.349142617,1.393700908,29,68432.87644,1,1
-0.735201035,1.172967699,1.420400923,-1.457911068,0.187231077,-0.094301822,64,50833.01913,0,0
1.656208252,-0.523759291,1.012635254,-0.962500003,0.355368855,1.640696432,62,54735.12633,0,1
-0.243061199,1.959683982,0.996032503,-0.540912111,0.065442095,-0.121029047,29,78349.2679,1,1
0.002287936,0.313241694,1.774239618,-0.754996518,-0.601112147,-1.902124319,68,62328.18122,1,1
1.07036516,-1.042928262,-0.419313031,1.252810945,1.059958265,-0.450393922,65,56944.13439,0,1
1.271892422,0.369052049,-0.498685024,0.007014184,-0.527566405,-0.002606231,56,65754.14968,1,1
-0.11081256,-0.382999214,0.319765513,-0.778671348,1.254512745,0.065350362,34,40736.57887,1,0
-0.388243054,0.434068487,-0.182699772,-0.490769824,-1.359379891,0.676837227,59,56448.70738,0,0
-0.055920449,-0.042856248,0.318500853,-0.504463084,0.215530342,0.173880484,58,58821.96455,0,1
0.337957528,0.07427369,1.562748785,-0.288049472,-1.226150963,-0.336996263,23,58576.7553,0,1
0.891303687,-0.911593377,-0.478146723,-1.075329405,-0.834082632,-0.914989702,58,54085.98721,1,0
0.004229859,0.990061231,-0.304678963,-0.813931111,-0.513012209,-0.406368359,43,55367.99523,0,1
0.618886298,-1.156127367,0.174311004,0.766606911,1.520605455,0.604525844,18,58290.48132,0,1
1.638359732,-1.108764895,-0.228318426,0.185343103,1.308024666,0.858412709,33,81904.16628,0,1
0.381309612,0.367360349,-1.914005828,-0.152337547,0.874248763,-0.673857014,63,30000,1,1
0.311652856,1.602844247,-0.580127643,0.002622817,0.03328575,1.006996456,57,70484.59286,0,0
-1.518910825,-0.352593097,0.687373242,-0.045560757,0.188058949,0.569064074,64,58698.52096,1,1
-2.630730137,0.700972323,1.437546751,-0.209131105,1.266479162,-0.887084201,33,59072.97791,0,1
0.388375729,1.073340177,-1.154618568,0.517104839,0.701305286,0.246705051,63,53907.07415,1,0
-0.094824231,0.814684437,-1.159282399,0.443159986,0.018008423,0.369767063,33,67527.11721,1,1
-0.514782675,-0.311208289,0.030233803,-1.571762973,1.48667158,-1.064442801,56,74253.10546,0,0
0.243530204,-1.091046717,-2.075595065,-0.131562186,0.814529536,-1.358637627,46,31557.04581,0,1
-0.060403729,-2.207547566,-0.444970203,-1.505819399,0.242419866,0.473819045,67,91409.09192,0,1
1.127780251,-0.262840499,-1.73604206,0.635577203,-0.45897678,-0.454275988,66,62161.82549,1,1
0.086110868,1.178087369,1.3690613,0.767666557,-0.549242253,1.512101711,43,61645.29076,1,0
-0.746923285,-1.124165985,-0.769331154,-0.610778898,-0.336175355,1.721066278,47,39086.76132,1,0
0.990166239,0.700209848,1.652834186,-0.116758955,0.456990886,0.471989289,50,51434.95463,0,1
-0.217131075,-0.95015253,1.113521353,-2.111440297,0.835782816,0.951740107,60,80386.00426,0,0
0.526536684,0.106072576,-0.646317298,0.972789814,-1.444291846,-1.023853447,37,61030.14888,1,1
-0.477410706,0.707791614,-1.071959637,0.70967374,-1.946598678,-1.331896686,54,66236.36974,1,0
-0.649826885,-0.659495437,-0.193545749,1.150085262,-0.951489807,-0.141414312,30,53082.12556,1,0
0.08416823,0.170484681,-0.104646624,1.48654414,-0.407676613,-1.286560588,25,89561.50958,0,1
0.012828644,-0.415091337,0.346146944,-1.224109293,1.195947201,0.307637709,49,57701.08578,1,1
0.479827035,0.705148659,-0.77654329,0.888044202,-0.280418168,-0.783676371,35,76957.66303,0,0
-0.268645753,0.235317168,0.746394874,1.479304444,0.254773349,0.190455807,62,57730.93981,0,0
-1.836359784,0.056507674,0.265328055,-1.494577871,0.417904512,-0.173101918,58,65213.04599,0,0
-0.432773884,1.55834996,-0.340395157,-0.171211212,-1.02357086,0.637352372,28,65282.99426,0,0
0.793818467,0.662306142,-0.712040655,-0.363401983,1.459888832,0.32633878,55,73868.51673,1,1
-0.297376079,-0.690351866,-0.184884983,0.855461864,-0.664805886,-0.403923141,60,71081.5657,0,1
-0.246383403,-0.085863901,-0.816901252,-2.393941066,1.559791456,-1.368385665,64,52888.96415,0,0
0.986376506,-0.075898785,0.058438695,1.815957696,-0.126176001,0.162510588,31,77385.57833,0,0
-0.711973227,0.080319573,0.085438685,-0.112537064,-0.337503298,-1.742476541,57,45147.92243,0,1
-1.542803218,2.524509277,0.261707283,0.916094402,-1.110789184,1.246106911,67,42246.82123,1,0
-0.16063112,0.370851893,1.76624241,-0.060237238,0.197285291,0.52893408,50,55628.72971,1,0
-0.484173951,-2.03590257,-0.13244472,0.492125051,2.254382394,0.842774572,70,65901.01804,0,0
-0.96624632,-0.542798972,1.004597867,-2.321418259,0.41358829,-0.969484033,58,44666.12652,0,0
-0.175378456,-1.932372087,0.229587397,-0.384882373,0.270436872,0.356081105,40,58832.55039,1,1
0.491505647,-0.329798257,-0.238244302,0.847761211,-0.666603626,-0.666602806,24,39228.53313,1,1
-0.009288562,-1.98731023,-0.11915927,0.288732347,0.591983749,0.149069713,32,55956.57652,1,1
0.306981073,-0.871590471,-0.058826409,-1.636841093,0.157617807,-0.99843613,32,74577.5519,1,1
1.813407699,-1.52072153,0.279767708,0.061424894,-0.062834475,-0.083441861,26,47346.08916,1,0
-0.342878862,0.384160178,-0.959320765,-0.818742326,0.494794784,-1.3785305,38,41675.00771,0,0
0.278348635,0.000539363,-1.465340383,-0.905419251,-1.815845979,-0.16003059,54,65679.37261,1,1
-0.509213363,0.302962307,0.654297393,-1.520694273,-0.100524492,-1.644381733,56,48186.13079,1,0
-0.84635972,-0.104551389,0.898123833,0.618702622,-1.197027845,1.747113709,45,96342.7863,1,0
-0.584907653,-1.39429775,0.745635833,1.113014444,0.028898498,0.160404987,61,62879.80838,0,0
-0.478758572,0.513521369,0.154972019,2.120143134,-0.724199376,0.005680216,23,75369.40803,0,0
0.359475798,1.92222456,0.767224627,-1.474048392,-0.655839851,0.676057055,27,40279.88059,0,0
2.349075787,0.409212579,0.713429026,0.767372161,-1.333441283,-1.299306821,32,66860.53,1,1
-0.716043436,-0.425924599,0.787629359,0.83317137,1.115664971,-0.780750967,41,44908.58266,1,1
-0.416625306,-1.428067176,-0.859540821,-0.580504677,-0.677746498,0.531059815,21,57313.37713,0,0
-0.063123013,-0.908066971,-1.096951797,-0.917578385,-0.624238624,0.161454665,64,48715.93894,1,1
0.395798849,0.453039657,-0.388569247,-1.085742321,1.530615071,-0.71965008,67,75595.57627,1,0
0.263550812,1.073118027,-0.01738411,-0.527353243,0.567957433,0.64804571,52,64817.2742,0,0
1.284095794,0.260866175,-0.241921127,0.202621596,-2.034639238,0.302731287,32,61761.15355,0,0
-2.426392071,0.79988729,-1.876690331,1.360112011,1.385360172,0.505557273,69,80415.92806,1,0
-2.38692987,0.707678244,1.721692612,1.105338338,1.647890642,0.38973848,54,60237.98132,1,0
-0.495878172,0.506534391,-0.274045989,-1.615416944,1.554376088,-0.681403,19,75455.80211,1,0
1.097300188,-0.658473595,0.172704417,-0.788843249,0.668189243,-0.075847637,64,87008.94418,1,1
-1.565648032,0.173923512,1.244548991,1.299640374,-1.10170976,-1.857056191,57,62102.23168,0,0
-3.00763234,-0.848377804,-2.34497227,-0.731092833,-0.049225507,-0.510832204,45,63893.02295,0,1
0.571179406,0.017428953,-0.511693872,-0.056914163,-1.448445302,-0.245343297,22,74318.19916,0,1
0.243657224,0.330863531,-0.387117274,-1.705288935,-0.866016056,0.626753433,40,81551.33528,0,1
-1.090208407,1.678783807,-0.336310045,1.153033416,-1.110886724,0.512150903,26,61923.06787,1,1
-0.985539601,-1.309731974,-0.173486591,-1.912748206,-0.627030455,-0.752081801,24,50438.4867,0,1
-0.96974372,0.481507631,1.447134798,-1.642810581,0.16395389,-0.774205939,21,72998.51892,0,1
0.110535317,1.481236592,0.673458876,1.050817061,-0.444911949,1.306974299,36,68575.10937,0,1
-0.626315276,0.758847766,0.958035269,1.92006168,-0.487861755,-0.293908399,25,72854.31291,1,0
0.494063919,0.832945443,0.047120272,-0.290611085,-0.290894445,0.114249919,48,70481.1226,1,0
-2.854626663,0.587694902,-1.399373046,-0.046862812,1.49947268,0.78524864,31,63101.49749,1,0
-0.856851865,1.29833449,-2.079697035,0.90827956,2.163755502,-0.079501668,46,63968.88263,0,0
-1.126053961,-1.087478168,-1.529407723,0.289447815,-0.45069618,-0.151659922,26,70533.67602,0,1
-0.256340678,-1.385926666,0.359765704,-0.373218179,0.336074202,-0.315331882,54,38257.08912,1,1
-0.538047758,-0.00633414,0.031769713,-0.485453621,-0.841277963,-0.509072999,23,79945.20668,1,1
0.79784378,-2.161162104,-0.210163648,-1.566797957,0.767651305,0.142902527,59,66749.68274,0,0
-1.859336772,1.230645804,-0.368576907,0.232941772,-0.476450062,-1.82246366,45,47307.96925,1,0
0.045491476,1.220715195,2.011721575,-0.091916822,-0.711104863,-0.361116466,62,62776.70967,0,1
0.558336423,-0.433350555,-0.822903591,-0.437846179,2.001587266,0.540250883,27,79778.85137,0,0
1.856647437,-0.370770597,0.927819456,-1.001814796,-1.356069243,0.423678989,62,64354.15202,1,1
-0.481765971,-0.072347475,0.001912936,-0.900530853,-2.452827355,1.411064664,20,49019.15292,0,1
0.324458604,0.05202065,-0.060939512,0.618376921,0.734830246,0.837417509,29,40882.61433,1,1
-1.803862793,0.127173919,1.176637549,0.881663648,-0.367628411,0.408257706,53,96973.39804,1,0
-2.391956204,0.558232107,1.462530383,-0.327116156,-0.645996579,0.028662942,28,33916.2611,1,0
0.844774376,-0.172626353,-0.239549457,-0.432479573,2.731659,-0.456533202,26,65053.7019,0,1
-0.005560294,0.943193303,0.799202719,-0.853648047,0.730226573,0.503268253,23,51202.06586,1,1
1.17851269,0.445947777,0.363891362,0.936820044,-0.058514098,0.323489531,29,75636.60153,1,1
-1.373402889,-0.606963446,0.007437139,0.03099577,-0.70793164,-0.374282034,63,41755.38454,1,1
0.51990214,1.335112668,0.204254943,0.367900979,0.445787849,-0.867091682,70,84125.55892,1,1
1.868817841,-1.358256986,-0.688008815,0.35847013,-1.732852629,-0.053098145,58,58124.07345,1,1
0.419705608,-0.092165811,-0.306099393,-0.307701621,-0.516101439,1.156006963,25,56697.84457,0,1
0.276581506,0.966917401,-0.58063528,-1.1653601,-0.03709897,0.11020738,58,55301.03016,1,0
0.008556081,-0.723073105,0.901376716,-0.996133156,0.213491832,0.028397509,30,51111.09582,0,1
-1.570881457,0.309555647,-0.095201116,1.127885533,-0.142431337,0.423166987,60,54469.48383,1,1
1.355572936,0.543339597,-1.297714025,-0.725684315,-0.693211244,0.481320569,26,70775.30967,1,0
-0.61085764,-0.860523868,-0.723437223,-0.41036232,0.920662146,0.248907262,37,34174.05967,1,0
0.504483256,-0.07247772,-3.199264645,-1.134390535,-1.651653564,-0.042080331,57,48765.26434,1,0
-1.563034307,-0.15650383,-0.494492602,-1.216066519,-0.277923872,-0.508182043,27,82427.09011,1,0
-1.179459665,-0.551737852,0.037645065,-0.769164997,-0.517930562,1.004856724,58,58643.53181,1,1
1.435087399,2.301674852,-0.136135849,1.688407184,1.0118431,-0.426961662,44,51413.51884,0,1
-0.347302289,-0.763106353,1.980154352,0.658037391,-0.458883094,1.572328588,70,40878.21696,0,0
1.453275476,1.004930294,0.574906041,-0.526788871,0.437663557,0.154358606,21,42446.51083,1,1
-0.078230659,-0.392801017,0.530451853,1.082876795,0.333046796,0.052691225,27,74733.06227,0,0
-1.841897773,-1.086636189,-1.643269035,-0.152298873,-1.835118342,0.75997842,66,47660.74141,1,1
0.8920676,0.102814243,-0.364642054,1.354340047,-0.065647385,-0.653186153,36,72068.00635,0,1
-0.589892318,0.649093384,-0.486662807,2.21173035,-1.742735822,0.573867241,27,45292.28058,1,1
0.698688814,0.920509575,-0.786081199,1.028161739,0.351285218,0.115258255,67,58113.80911,1,1
0.025210868,1.562265111,-0.799880666,0.094550955,-0.730321534,0.410881342,65,58963.68173,0,0
-1.543118228,2.94524629,-1.808122954,0.699309874,1.186669577,-0.683594504,40,48695.16416,0,0
0.164294765,0.250514204,-1.275853205,0.015071219,-0.1807681,-0.692970413,53,61154.35469,1,0
2.196223142,-0.663092174,0.874093403,-1.835998364,-0.770056302,-1.832517587,58,30000,1,1
0.492986459,0.452874327,-0.142914692,-0.654625414,1.199858866,-0.457253442,26,58672.31539,0,1
-0.057517753,-0.26621295,-0.506402418,-0.951591596,-0.871890165,-0.509706384,19,66677.48425,0,1
1.075343402,0.92596613,-0.005411335,-0.676791042,0.894695061,-0.667370335,36,47475.85998,1,0
0.210668465,-1.297164296,1.167390679,1.793671433,0.467528674,-0.115461714,25,63195.02283,1,1
0.20953423,2.368334542,0.004210521,1.122149743,-0.365431623,0.064265372,43,62302.16214,0,0
-1.091625172,0.856048095,0.540374131,0.440884801,-1.335977806,0.499741269,68,62904.73319,0,0
0.233848026,-1.684004018,-0.846604842,0.81234295,1.241662542,0.565789286,53,39827.73419,1,1
1.035443416,-0.709028902,-0.618629951,-1.892113486,0.500464057,0.65047851,28,61427.56494,1,0
-0.836062152,0.816081044,0.353976885,0.728183713,-0.771948021,0.692299545,20,34165.8163,1,1
1.424495821,1.176344056,1.892653708,0.939624316,0.244605685,0.275312996,47,50558.37966,0,1
-0.091706024,-1.272237627,1.42977486,-2.239747188,1.006161899,0.055226883,35,59942.10157,0,0
-0.887769512,0.71302585,0.582828069,0.765236754,0.112018794,0.929103609,34,63125.15226,1,1
0.997632077,-1.947339873,0.15143376,-1.424073643,0.238398833,0.69328585,68,41860.44858,0,1
-0.286794236,-0.089335865,1.401069356,-1.970005356,1.032003744,-1.481965843,26,55737.44663,0,0
0.759514887,1.112046842,0.794678323,1.326318217,1.537262774,-0.172788005,47,71918.20261,1,0
-0.291758632,-0.55151573,-2.293662022,-1.007049048,-0.119599175,-1.803400452,33,45304.66472,0,1
-0.059826144,-1.506922299,-1.053930848,-0.715946739,-1.337442865,-1.822958986,25,30000,1,0
0.493560204,0.146214796,0.338140325,0.989604543,-1.302576314,-0.508875195,58,67943.51432,1,0
0.290897058,-0.604718867,-1.786967566,-0.305238272,-0.690992813,-0.127992919,43,45866.88501,0,1
-1.99553178,0.629558366,-0.897589005,-0.180165374,-0.934891526,-0.424177552,22,50413.58257,1,1
-1.12124374,-0.885326432,-0.699814944,-0.202086906,-1.682468896,-1.776089881,22,61959.0294,1,1
0.929409985,-0.77263689,-0.256165906,0.347598771,1.847825003,0.775095878,63,61158.87927,0,0
-0.132136589,-2.021002321,-0.287430208,-0.226334416,0.528099262,-0.706942716,41,75323.09993,1,1
-0.523731303,0.169944711,-0.289120427,0.114126074,-0.523797597,0.489376197,31,56372.3487,0,0
-1.358574015,-0.160904938,0.825307517,-0.503558125,-0.032516842,-0.679437734,22,61024.5807,0,1
-1.079736321,-1.188384671,-0.265223865,0.35181959,-1.786399088,-0.497632355,53,34606.36987,0,0
-2.02179864,0.193798714,-0.384630132,0.313843032,1.157321898,0.433684139,42,69423.21917,1,0
-0.101280719,1.027070301,-1.349172104,1.897885838,-1.949610392,-0.349147164,34,49629.24153,1,0
-0.598437581,-0.215567943,1.024346202,-0.38125095,0.510027782,0.17050758,23,108466.0087,0,1
-0.966587891,0.26816695,-0.671497514,-0.184165518,-1.838422155,0.277322377,24,56795.92672,1,0
-0.068123425,0.27331125,-1.087030328,0.238824326,-0.414008095,-1.427129908,63,66365.92626,0,1
0.363970631,-1.204329827,0.213090575,0.964435644,1.242688872,0.477788731,32,69565.61479,0,0
2.093197932,2.056585821,-0.766941262,-1.091585153,-1.633952092,-0.937614286,23,58669.8965,0,1
-1.51188342,-0.47084983,-0.52595274,0.103576522,-0.1487089,-1.111063078,49,66551.4026,0,1
1.159381043,0.656116202,0.258460174,-2.507826036,0.627770676,-0.726602154,59,93831.71728,1,1
0.973101561,0.769215277,-0.326482624,-0.271531917,0.4641695,0.814487994,57,48693.70738,1,1
-0.779092739,-0.139595127,2.311609375,1.07272703,0.070186,-1.600369694,44,30000,1,0
0.203235955,0.606795025,-0.074828543,-0.726142436,0.495763512,0.650997841,57,40456.5763,0,0
-0.457633249,0.245819222,0.617838219,0.176837615,-0.610823956,0.339552965,22,74958.9224,0,1
0.18568858,-1.417639757,-1.941694047,-0.528905574,1.932795855,0.074333743,33,52814.13577,1,0
1.509131013,-0.332272701,-0.860649132,-0.859402198,-1.610617853,0.246676498,69,94978.67529,0,0
0.605606233,-0.612550902,-1.086913695,0.971485998,1.162070744,-0.290103438,28,70906.69877,0,0
0.508608373,-0.461745041,-0.954379723,-1.04525869,0.189494537,0.682287349,56,50204.61557,0,0
-0.43030932,-1.304003178,0.415537994,0.292965294,0.617109231,-0.426560697,42,48322.24314,0,0
-1.484056665,1.126433717,1.035565068,0.308351621,0.794546018,-1.624859541,19,53305.98868,1,1
-0.208468211,1.601992655,0.344630505,-0.851799517,0.555628603,-0.077221807,45,30000,0,0
1.206608155,0.978002976,-0.226644624,0.155685257,-0.811021761,0.801356634,24,64166.16422,1,1
-1.527167857,1.270529224,-0.630855039,-0.934947837,-0.286269689,0.492038666,55,70402.84749,0,1
-1.055089368,-0.344634837,1.113599751,0.521791875,-1.451589667,1.81440192,68,45490.05852,0,1
0.126267736,-0.636256835,2.071255454,-1.314945715,-0.298495726,-0.25318781,67,36726.34152,1,0
-0.984654785,-0.778587047,0.135055705,-0.339605503,0.322518995,-0.16075184,18,46341.66651,1,0
-0.792523447,0.644064923,0.939363064,-0.25277166,0.607128275,-0.233309296,35,74958.40923,1,0
-0.423598582,0.227063053,0.34337035,1.112955338,0.391434345,-0.776310927,29,72048.31601,0,1
-1.365617404,-0.077221712,0.755504906,0.140043072,-1.755089741,-0.47314628,70,63230.05704,0,1
-0.974121846,1.295148544,-1.164546778,0.95501349,-0.562173932,-1.038885181,66,84628.0488,1,0
0.703427917,0.404941354,-0.48813628,0.554691048,-0.662249489,-2.293878573,25,34663.68204,1,0
-1.307369782,-0.838657638,0.39546944,0.548303001,-1.310167933,-0.580222799,37,56874.32623,0,1
-1.597872134,-0.680908829,1.212490944,-0.33193319,-0.835933401,0.023488459,52,68403.2431,0,0
-0.63002498,0.681993299,-0.818134222,1.020905884,0.00127918,0.630720845,59,71846.53629,0,0
0.731955503,1.041732853,-2.033299111,-0.356170409,1.413788521,-0.575655658,33,72056.32367,1,1
-0.196921808,0.551680232,-0.498264426,-1.72982548,-0.953064329,-0.564055891,67,70858.76466,1,0
-0.464581078,1.896888748,1.010130714,-0.214787168,-1.128864435,1.030619669,50,79792.39067,1,0
0.044358798,1.635007166,-1.583895591,0.453476405,-0.599472444,-1.331173423,57,71417.52632,1,1
-1.745707433,0.441035835,-1.176919892,-1.606625719,0.337466387,-0.163273215,42,42683.78269,1,0
0.494705654,-0.838580659,0.155918586,-0.885102359,1.22370789,0.957254681,36,53177.44499,1,0
0.383435031,-1.309987512,-0.115971253,-1.23058844,-0.086508908,-0.708412852,52,34571.24518,0,1
-0.409308474,-0.387381745,0.594466482,0.786717105,-1.445878746,-1.533535619,33,74944.71864,0,0
1.005924512,0.753213446,-1.22872676,1.672862637,-1.233082828,1.706849581,33,77918.75472,1,1
-1.127496099,1.826647079,-0.324978594,-0.209699154,0.188281389,0.799295319,65,41694.44337,0,0
1.127908993,0.417447034,1.195185402,0.531530363,0.995254395,0.830368704,42,54300.45061,1,1
0.154493666,1.168722794,-1.192896194,0.505519366,1.815741925,-0.0893095,49,33668.62346,0,0
-0.33655259,-0.245307486,1.476912296,1.553796946,-1.182400835,0.640627093,61,58184.77453,0,0
-0.019873635,0.622769125,-1.067416986,-0.652552904,0.139774381,-2.490388895,45,47595.05741,0,1
-0.107264766,0.823356829,0.849381577,-0.219878965,-1.029845037,-0.437293997,26,42484.35971,0,0
1.220282896,-1.979594276,-0.37295851,-0.340768649,-0.898626676,0.94756976,35,59628.51226,0,1
-1.076679127,-0.413438802,-1.144908258,0.07536724,-0.983311732,-1.395904584,40,88227.7284,0,0
-0.762519239,0.949700384,-0.496899047,2.504316802,-0.334261165,-0.333453176,47,71926.7385,0,1
1.036302892,0.274468336,0.544929188,0.030811115,-0.882279086,0.319661931,49,56223.9736,0,1
-0.595534935,-1.196515048,-0.006853995,-0.854710653,2.478846057,-0.784276782,41,59271.422,1,1
0.900533077,-2.430122376,1.118469411,-1.154497227,-0.459675783,0.007375192,28,88174.8617,0,0
1.699435983,-0.365780745,1.435740061,1.252645007,0.987778111,0.385684921,69,78879.58766,0,1
-0.401795027,-0.071585693,-1.183030665,-0.859254504,-0.659527675,0.301972494,43,55340.05011,1,1
0.681362327,-0.88392295,-1.256269145,0.663586959,2.23324053,-0.400743088,28,67517.65509,1,0
-1.153692281,0.143084937,-1.304793774,-0.679691329,0.339064981,-0.829052839,37,45021.12674,0,1
0.754733298,0.506386747,-0.899196096,-1.266692737,0.83693173,0.396150866,61,60371.37557,0,0
0.199423986,0.670687171,1.104214521,0.6051996,-0.59107751,0.339152299,35,71463.20326,1,1
0.473038282,-2.355918925,0.560361951,-0.630744867,0.976440605,0.290027013,51,75305.26303,0,1
-0.645572072,-1.314285098,-0.545027573,0.425425639,0.334889026,0.114495539,53,50397.9882,1,0
-1.661083416,-0.304622648,-0.011102591,0.499282941,-0.378977546,0.340145415,21,75026.34912,0,0
0.503252065,0.572173131,1.404305505,0.546265245,-1.079891436,0.876966102,38,62226.60946,1,1
-2.063403152,0.489234014,1.908010851,-0.268148684,-0.237543511,0.309952471,43,55672.05922,1,1
-0.317350492,0.471869948,0.259384333,0.686183557,-0.323143479,0.097728172,31,88639.21025,0,0
0.941181866,-0.383417942,-2.659281184,-0.922546328,0.869028277,-0.526860711,43,54594.92879,0,1
0.191897736,-0.327633437,0.297287095,-2.454090251,-0.232248866,1.3858781,30,43380.52975,0,1
1.948342645,-0.728329268,0.93474813,0.706892173,-1.921543703,-1.123034723,43,49913.49828,1,1
1.025109153,0.768194128,0.224632316,0.165590505,0.646180049,-0.202789838,58,70884.93234,1,1
-0.653898388,-0.920488788,0.726514919,-0.610078244,1.293166582,-0.509073585,32,45199.41505,0,0
0.02731338,0.850036395,0.357065374,-1.471152762,-1.666067485,-1.827103029,44,72440.45477,0,0
-0.047370703,0.207853238,-1.234645417,-2.036578299,1.804730613,0.353812871,40,47197.74922,1,1
-1.582176763,-0.045044478,-0.886238433,0.051743348,1.396651803,-0.20326177,39,58873.9072,0,0
-0.940398916,-0.6567104,-0.321152187,1.648785966,-0.630880665,0.031876101,27,93152.20508,0,1
-0.560760907,-1.355541861,1.065414778,-0.138557416,-1.117159607,-0.178826174,22,46762.4965,1,1
-2.036220503,-0.647652756,-0.765884068,-0.361335387,1.052977457,0.753276658,21,30000,1,1
0.047493468,-0.330006869,0.455902633,-0.024367842,-1.36964918,0.881465462,67,80512.33489,1,1
-0.249071845,-2.369024312,0.303692594,2.179205112,-0.668340578,-1.101265699,53,38995.2693,0,1
-1.672893901,-0.197355155,1.586197265,0.751904227,-1.315129742,1.765338213,33,47813.88914,0,0
0.404212865,0.924357368,-0.041679778,-0.933575252,0.005907809,-0.240175055,49,70930.99169,1,0
0.715872745,0.567217905,-1.754758418,0.028103904,1.465185143,0.587580477,28,70330.21502,0,0
0.227034479,-0.496205876,0.646870465,0.332436911,0.374916834,0.180314442,56,30000,0,1
-0.324068175,0.046936298,2.138055212,-1.056338867,1.018074499,0.105713566,50,54853.62691,1,1
0.591442152,-0.556164569,0.712383345,0.759136622,-0.351802476,0.556835536,52,72782.89609,1,1
0.68022036,0.148760733,-0.787661592,-0.817808797,0.097302829,1.318317391,65,90427.73115,1,0
0.30740357,1.540107824,-1.081945879,-1.510945767,-1.226437765,0.777056898,21,41417.44289,0,0
-0.82461225,0.968498803,-0.952968834,0.076133554,-0.096885929,-0.243346087,40,76022.07791,1,1
0.276600766,0.520794306,2.00331188,-0.082155859,-0.74597011,-0.084248885,20,50070.10889,1,0
1.195480651,-0.492884912,-0.327327441,-0.001021902,-0.160270298,-0.563493358,37,75624.37872,0,1
-0.596629059,0.749938393,-0.662643394,-0.764644618,-0.229012073,0.715191303,18,44394.85304,0,0
2.097939339,-1.686876951,-0.158436644,-0.625112618,-0.314439878,0.589901879,50,56549.47304,1,1
-0.525630934,-0.252353482,-0.316907049,1.12844666,2.107557,-0.342117335,27,65811.09735,0,0
0.032407013,0.58371142,1.56765036,0.441085615,1.767544653,1.326509259,61,74313.66259,0,1
-0.672485596,0.740421214,-1.014477491,-0.956746077,1.416142382,1.073800805,20,68554.62405,0,0
0.223270836,0.66988449,1.180643232,-1.950696894,1.795058967,1.82350611,49,53561.54833,1,0
-1.742221693,0.294830689,0.122092096,-0.914416402,1.419302649,-0.789826836,62,52466.03213,0,0
-0.546041799,-0.195724979,1.207026513,0.157299072,-0.022377334,-0.100190395,55,86684.72431,0,0
-1.0921212,0.53797597,1.582619044,-0.631931718,-0.124909605,-0.196508799,48,64157.96051,0,1
0.135338348,-0.952861041,0.084797634,-0.709650205,0.235400251,2.603712035,38,52867.88369,1,1
0.994447376,-0.844677263,-0.31506361,-0.589160439,-0.210684919,0.009842585,41,68070.81051,1,1
0.646006187,0.061734676,0.066178832,-0.072707563,-1.040045381,1.265171991,41,69342.45511,0,1
-2.371659361,0.173197643,-0.094770672,0.784627913,0.296605256,1.034767612,69,39698.71138,1,1
2.042069653,-1.825615179,-1.656966456,-0.000419204,-1.566121084,-0.083944096,27,67294.1139,1,1
0.295279941,0.455146381,1.552480374,0.061937022,0.13764164,0.055510824,23,37403.81203,1,1
-0.77649914,0.772728378,0.245785017,-0.224860364,-0.994772885,0.522783144,45,50327.20382,0,1
0.157127919,-0.077285237,-1.163099185,-0.499356832,-0.08103887,1.257843236,18,45205.76371,0,0
0.176189823,2.374466283,-2.06752332,0.894240871,0.191203443,-0.172005535,64,58062.37171,1,1
-0.666848717,-0.682935106,-2.327599233,0.742402068,-0.352853471,-0.50858029,63,53443.5003,0,1
0.197916667,-0.361087163,0.770480437,2.045279918,-1.640510863,0.9322844,61,56997.65382,1,0
-0.607472288,-0.395066906,-0.618977568,0.610564298,-1.188018833,-1.146868651,27,31577.66647,1,1
-0.404361993,-0.076187611,-0.454900668,-0.498414322,0.458243622,0.252740135,58,58858.16632,1,0
-0.686279136,-0.328724813,0.488154265,-0.904651309,-0.557442194,1.060172934,47,43480.6839,0,0
-1.43267129,-1.406810545,-0.516048156,0.952945261,0.560849753,0.430247531,70,94252.69156,0,0
0.14583647,-0.546548296,0.546524416,-0.814986884,0.009701292,-0.566975429,32,54005.40154,0,0
0.585299437,-0.097620696,0.095264064,0.809736687,-0.197831891,-1.001233746,31,56132.82949,1,0
0.514883596,1.228572082,-0.084129583,-0.759913994,0.347643588,1.18707341,41,70425.70244,1,0
0.819925253,2.202243273,-1.572750406,0.349158384,-0.674897072,-0.175665766,27,79837.40516,0,1
0.32434021,1.335473898,-0.819731356,-1.059751215,0.400394918,-0.901406888,43,42335.73836,1,0
-0.532725498,-0.77537903,0.602535366,0.779885354,-0.419507082,1.138857446,18,68595.69788,0,1
0.839663864,-0.695809611,-0.682021815,-1.233671656,2.536285559,0.801002204,37,74494.05047,0,1
-1.35751754,-0.159328578,1.205369556,0.27295733,-1.133935617,-1.051741115,46,62769.90889,0,1
-0.900671383,1.784558889,2.346401324,-0.197839934,-0.35724863,2.514305095,51,62469.37951,1,0
-0.964200071,-0.165424052,0.656385301,0.101806437,-0.316906997,-0.540531968,19,52320.8664,1,0
1.080056059,-1.327507491,1.492831891,-0.395803834,-1.351865561,0.784049337,19,55167.31179,0,1
0.942788514,-0.501177137,0.720727238,-0.419259947,0.725812589,1.986584314,19,58383.40973,0,1
0.487305237,0.757056002,-0.534262023,0.154781204,-0.428724081,0.888220111,25,53611.21323,0,0
1.071929865,0.689940277,0.200151665,-1.002138378,-2.379778222,0.259179442,42,73321.12997,1,1
-0.879282782,-0.200216666,2.013320946,-1.008022062,0.695128572,-1.432266902,35,46922.28886,0,1
0.34859512,0.683414674,-0.523553743,-0.3585495,-0.636168781,2.041028941,62,72832.13972,0,0
-0.125174428,-2.273172203,-1.039327299,-0.39747014,-0.104901423,0.865136536,34,79916.99553,0,0
0.846882104,0.103829235,-1.134194423,-1.005396464,0.67682258,-1.414853867,47,65547.42863,1,1
-0.115224233,0.860685421,-0.217529384,0.924214693,-0.364706585,1.54462673,25,33157.69567,0,1
-0.384942888,-0.832863275,-1.003472089,-0.334473418,-0.372896639,0.061152234,59,69182.95522,1,0
0.540908519,-0.836338536,1.674019427,-0.226662203,2.464701984,-0.277657806,63,50344.25999,0,0
0.876169167,-1.866448153,0.216356535,-1.327528326,-2.153745748,-0.572103629,46,52085.11824,1,1
-0.668345195,1.589895595,0.97172631,2.071635855,-1.285965487,0.171161751,68,65429.4056,1,0
-0.061075671,-0.720153977,-0.298665391,2.427067396,-1.092060935,0.807963789,36,76581.09857,1,0
-1.058440634,0.241043278,-1.140197198,-0.780398578,1.789022741,-0.49469269,54,35079.35926,0,0
-2.498061017,0.603917041,-1.309393945,1.226086381,-0.644613306,0.127583642,41,60863.58931,0,0
0.200459631,1.512067949,-0.907991742,-0.091813384,0.240208875,3.380614489,35,89876.19829,0,1
0.608905356,-0.153897774,0.347525494,1.603769593,-0.474078203,0.475699648,27,43515.28579,0,1
0.262066809,-0.539429794,0.519882932,0.336233086,0.603200342,0.965908004,33,56993.87605,1,1
-1.949561718,0.173067649,0.603196073,0.099762169,-0.012713548,-0.958269062,67,50760.12328,0,1
-0.35084943,1.284080277,-1.488672684,-2.49926954,0.253099196,-1.35740297,58,70549.8744,1,1
-2.21834776,-0.170172531,-0.000409186,-0.878605973,1.287246371,1.464532792,59,41242.83852,1,0
1.369701108,-0.954869082,-1.026061831,0.02052067,0.440269647,1.179068426,61,36442.76066,1,1
-1.086054582,-1.540757808,0.401465968,0.198666253,-0.735067377,1.71385816,22,72480.54754,0,0
1.255403609,-1.221297385,0.479077055,-1.214833714,0.312067049,-0.07959596,32,63579.87441,0,1
0.945869644,0.864391497,-1.172173047,-0.728771529,2.418652748,1.254313833,40,42207.07786,0,0
-0.900590353,-0.320624476,0.968029607,0.553447017,0.564970469,-2.554263594,48,58972.91415,1,1
-1.132784951,-0.60752091,2.338822942,-1.38321073,0.151909655,0.541220886,47,40772.5078,1,0
0.350370216,-0.715967223,0.834835738,0.133729724,-1.370552953,1.033026494,24,73834.25679,0,1
-0.844324037,0.08504586,-0.16283404,1.237953531,0.724418531,-0.688291812,37,64174.30193,1,0
0.102484642,-0.239455094,-0.316545703,0.385469629,0.87222688,1.055833885,56,49280.08015,0,0
-0.482827591,-0.273132144,-0.209063982,0.335486743,0.312723147,-0.179789108,20,51297.68652,1,1
-1.781158414,1.349323928,-0.760733847,-2.020151449,0.114094119,-0.079700626,20,53112.09368,1,1
-2.230468019,1.538016282,0.252398207,-0.821912776,2.832539681,-0.258599645,48,43874.85955,0,1
0.226684248,-1.610021673,-1.138462591,2.054201834,0.855427749,1.581317893,24,80099.77238,1,0
-0.561557746,0.327592731,-1.889697787,-0.599161918,1.240028262,-0.454364034,18,77447.14487,1,1
-0.553089817,-0.776862099,0.219601682,1.26447621,0.066882154,-0.576664646,44,53981.05495,1,1
0.695863839,-0.248251114,0.021233066,-0.610840889,-0.131594418,-0.857229752,67,55282.36917,0,0
1.173442277,0.309278385,-0.571170016,-0.277820502,0.632099078,-0.368575744,18,43156.05036,1,0
-0.272544721,-0.212719917,-1.282696623,0.515586845,-0.132542862,0.195003211,23,57590.73218,0,1
-0.340598707,0.230459881,0.289744027,0.100693016,-0.050433985,0.638589002,37,67338.68638,1,1
0.500143033,0.672970206,-0.990175039,0.381512451,0.463205682,-0.75329095,56,77717.89588,0,1
-1.35693557,0.294576801,-0.138944351,-0.818390255,-0.512809846,0.37290391,61,46558.04491,1,0
0.223153055,-0.646836304,1.764971854,-1.136270189,0.220409215,0.611970874,20,34728.88766,1,0
0.551885972,-0.629199607,0.65118977,-0.885871614,0.080084147,-0.932775364,19,44892.78112,0,0
0.680230208,-1.439705297,-1.369132662,-0.532318141,0.967025637,0.063136644,64,68343.22031,1,0
-1.936752703,-0.853920298,-1.274851571,-0.229281382,-0.611314338,-0.084848473,49,59347.36286,0,0
-0.76135527,1.962068362,0.151819093,1.037275381,-1.999931905,0.073849693,37,74885.74551,0,0
-0.878263253,-0.792003574,-1.375320682,0.087341456,-0.31063492,-0.529989517,53,60623.82739,0,0
0.099886954,-1.193378812,-2.001725481,0.484597103,0.397286023,-0.135499725,44,84235.59105,1,1
0.48074458,0.319927862,0.532372011,0.141601013,0.964107457,0.031070839,37,36215.11893,0,1
1.496710407,-0.110364759,0.320935754,-1.115434254,-0.692843003,1.864047944,36,30000,1,1
-0.49496548,-0.195593237,0.450598331,0.017269526,0.54209986,0.044739162,38,80298.3374,0,0
-0.497572498,1.409045966,0.263035182,0.13078211,1.135154366,1.338414199,60,48063.19777,1,0
1.149672019,0.549126676,-0.065310712,0.759923221,0.751250663,1.414110987,37,62063.86208,1,1
0.296576939,-0.529992932,-0.662188548,-1.06858807,-0.790635103,-1.318968722,22,62015.85109,0,0
1.267651511,-0.424475918,0.516134966,-2.040410865,-0.683226375,-0.291189201,37,64902.26178,1,0
0.288728003,-0.502586514,1.529883488,0.176263815,0.43500345,1.41617331,29,52894.14329,0,1
-1.157116619,0.874739622,-0.501229007,0.353850002,1.625340312,0.181108463,65,45722.00324,1,1
-1.333128355,-0.308147629,-1.02074021,-0.179384806,0.014165159,-0.116383875,27,44521.92599,0,0
-1.551512249,-1.793153502,-1.135119419,0.028020901,-0.165327719,0.750029953,70,69054.95675,0,1
0.662051835,-0.048319679,-0.866730233,0.878772379,-1.369617465,1.067525208,39,71572.4799,1,1
1.188596823,-1.537026001,0.202598524,-0.458805577,-0.36428688,-0.029371137,55,56248.65245,1,0
1.849362141,2.184230602,-2.139627564,-0.278640842,-0.715238154,-0.278254189,45,51048.01066,1,1
0.843105332,-0.965667914,0.439170424,0.079036445,0.027199374,-2.363569312,29,68530.06397,0,1
1.162838578,-0.161864765,0.64391301,-1.219814679,-1.512823993,0.047053498,56,37775.66348,0,0
-0.580016333,0.258202735,-1.79807836,-0.151897225,-0.328590454,-0.381155745,27,89245.4716,1,0
-1.156415817,-0.288658161,-0.979180436,-0.063743317,-1.008934346,-1.006527431,65,66785.63634,1,0
0.850079332,-0.290030401,0.07968098,1.637042214,0.940229306,-0.205335184,52,57607.87415,0,1
0.417680752,0.421827286,-0.14346973,-0.298115658,-0.859172358,-0.417411881,65,72448.52066,0,0
0.107444374,1.526215959,0.519637468,0.20001124,-0.572349238,0.169164974,61,69459.95521,1,1
0.387371481,0.767509082,-0.141136822,0.918617605,0.282126526,-0.279002935,57,63525.8166,1,0
0.323185482,1.478513879,1.264769527,-0.837484725,-0.453715578,0.446997375,54,31646.16904,0,1
1.28381686,-1.046619108,-0.321169399,1.375740387,2.359452622,0.173905656,34,66164.25144,1,1
1.294985585,0.317362633,-0.983032987,1.763870232,0.930515157,1.273549348,69,81838.28697,0,1
0.544220352,0.155246052,-1.063441866,-0.028896288,0.017206578,-0.534297899,44,51671.71816,1,0
0.845802873,0.351091292,0.735468509,-0.539426061,0.368101385,1.779849034,69,74379.73508,0,1
0.514062552,1.376231971,0.029621142,1.627119424,-2.355423188,1.067241181,63,72735.53148,1,0
-0.461169732,-0.22078915,0.633715901,0.795630873,1.231725174,1.486744159,46,64411.11204,1,1
0.756564675,-0.405503367,0.613122499,0.081969205,0.51189667,0.252768055,43,62552.47266,0,0
-1.394495069,0.533980797,-2.019849853,1.42684382,-0.073157823,-0.281316471,26,68397.68235,1,0
1.053891552,-1.778202728,-1.140082601,1.320992189,0.565849683,-0.537947536,68,66237.47898,0,1
-1.19452294,-0.236852049,-1.020625041,-0.336256954,0.687849244,1.75238974,29,88362.90597,0,0
0.285803287,-0.134197689,-0.816064188,0.248729853,-0.416372517,1.096661469,60,74501.32833,0,1
-0.845153958,-0.920358616,-0.420355327,0.576792488,0.380162041,-1.00811632,43,70606.68583,1,0
0.553388983,1.057059011,0.999149595,0.02873003,1.048724541,0.977615313,50,75857.90155,1,0
-0.033925226,-1.062240317,1.198482352,-1.390870591,0.454897743,-0.825360074,49,70616.96771,1,1
-1.594755958,-0.135873048,-0.29289083,-0.938259504,-0.252605987,0.324290756,28,30000,1,1
0.420699631,0.293157225,-0.251280861,-1.358262785,0.296650762,0.825932595,46,58248.69172,0,0
-0.577920777,1.353451561,-0.705433724,0.492924303,1.382239064,1.457976115,25,50706.45976,0,0
0.881146721,-0.010556435,0.089187697,-1.184352317,0.783975941,0.237544423,42,64919.54266,1,1
0.001325689,0.936153594,0.202520883,0.192418071,-1.163067154,-0.133996082,37,51649.33518,0,1
0.395420985,0.700595397,0.806475555,1.831903826,0.586683814,0.044132206,38,68866.77297,1,1
-0.957568955,0.123457556,0.798438726,1.427770185,0.454157905,1.066846462,21,53683.22666,1,1
-0.589332231,-1.089513408,-2.302118051,-1.837416647,1.164113524,0.788381696,53,85465.24855,1,0
-0.458638636,-1.434580861,-0.152544948,-1.278701471,0.032819513,-0.016333751,60,84751.0512,0,1
0.85670248,0.106505401,1.384100031,-0.776516424,-0.369340291,-1.863349867,46,38298.94414,0,1
1.677377088,-0.542696874,-0.438114927,-1.169023689,-1.368164814,-2.434474117,36,64843.07229,1,1
-0.805171752,0.919261092,1.139241818,-1.653814377,-0.694594407,0.225336018,43,53071.80779,0,0
1.076848145,0.745856518,-0.3064518,-0.01084034,1.20794557,-1.181249665,53,63780.21127,0,0
-2.169677418,-0.184610994,0.174923467,0.705100549,0.197956487,-0.52884392,42,68800.34175,0,0
-1.194189401,-1.157712924,-1.136890692,0.954034039,-0.099787813,-0.226942179,40,40818.724,1,1
-0.958778456,0.51073555,-1.099248558,-0.474476171,1.295623783,2.076485453,55,45395.91897,1,0
-1.352508689,-1.017949446,0.725491572,-0.2719037,1.089602467,0.122372503,45,47262.51418,0,0
-1.58358839,-0.758463923,0.88181828,0.355677245,-0.735745554,0.719976796,58,51728.73035,0,0
0.412998912,-0.979415738,0.026428906,-0.108485562,1.200996334,0.50454734,28,52166.17736,0,0
-0.214067698,-0.138501022,-1.227524243,0.810606776,-1.658581031,-2.421887543,46,71951.48038,0,1
0.379405398,1.170192334,0.043804557,0.430364863,0.459544942,-0.399491038,61,63337.37132,0,0
0.690472686,-0.00504087,1.257234961,-0.376304424,0.341308397,-1.220030236,67,46932.67074,1,0
0.265616993,-0.443218692,1.74286647,-1.856636312,1.149781913,1.727203096,37,55205.60898,1,1
0.657763176,-1.52561493,-0.316707932,1.499031605,0.381011676,-1.819314356,26,30000,1,0
-0.069532286,0.552124585,-1.65986785,-0.686082289,-0.244560199,-0.420823991,41,90295.71975,1,0
-1.186993388,-0.780404606,0.8403636,0.357558646,-0.165562741,-0.260727389,64,60271.03579,1,0
1.057814181,0.117517619,-0.275963096,-1.916591669,2.693248987,-0.985839717,66,74889.0473,0,1
-0.589112133,-0.354218616,0.943040642,-0.011316583,0.082640448,0.101424044,58,71897.567,0,0
-0.935596299,0.83817722,0.281072225,0.100261961,0.597075692,-0.042278023,30,59458.98371,0,0
-0.177917876,-0.157236392,-0.883444106,0.148602073,-2.02116176,0.163045648,19,30000,1,0
-0.912810919,-0.058926355,0.058244361,3.013793283,-0.827356898,0.502491302,34,51631.05017,0,1
-0.417430382,0.485747147,1.308338367,-0.631118374,0.518768045,0.236818861,67,65304.21983,1,1
0.344053922,2.106940182,-0.149153989,0.820664227,-1.614522524,0.380476247,44,60907.6389,1,0
0.348341739,0.88844693,-1.034805163,0.523232452,0.549398834,1.112211633,55,75605.62068,1,0
-0.897830066,-0.088606106,-1.588644169,-0.678638993,-0.725125354,-1.649664848,19,59970.57991,0,0
-0.487705373,0.003197991,-0.772164687,0.805669403,-1.03385131,0.699966495,50,87630.98001,1,1
1.074333005,-0.52485946,-0.410136262,-0.164320937,-0.728836254,-1.045702456,22,44105.33097,0,0
0.496400118,-0.949995704,0.819999136,0.875243218,1.527538858,-0.642398987,31,67765.20054,0,1
2.075065039,-0.552750787,-1.120849268,1.960962623,0.333417921,0.121085593,44,44565.9919,0,1
1.180128174,-0.772148964,1.553751886,0.150798891,-0.910436378,0.411321016,67,73711.23984,1,0
1.144293069,0.653368384,-1.337152211,-0.281125229,0.775339852,0.52905404,53,48703.47083,1,1
-1.38786855,-1.071194858,2.331486093,1.051556184,0.829738344,-0.945121845,44,33651.33201,1,1
0.763860352,1.333210561,1.725518557,1.396653166,-0.381308101,1.631193757,31,37705.26187,1,0
-0.053106802,0.752046384,0.141166249,-0.883257539,0.959173625,-0.417852493,32,52918.99886,1,0
-0.550981804,0.020501729,-1.647693535,-0.45295709,1.006749636,-0.719407188,44,83379.5499,0,0
0.168015341,0.000318611,-0.055424062,0.675423272,0.851331967,-1.271935865,25,71120.86711,1,1
0.945211535,-0.55728131,-0.386840958,-0.13203201,-0.673752033,-1.370513182,38,66703.27775,0,0
0.500831591,0.270084411,-1.274287223,-0.954332013,-1.179051893,-1.399799135,51,59024.01519,0,0
-0.878473801,1.088092463,0.291009627,0.540694828,-1.692867324,0.314358375,66,43105.26436,0,1
0.742458914,-0.703156462,-0.82364313,0.671489716,-0.655514639,0.604179089,45,46007.91667,1,0
-0.637587542,-1.533392089,-0.714905847,-0.334385756,-0.367810958,-0.864205021,41,51723.72846,1,1
0.216683119,0.703218255,-0.203678635,0.061348765,-0.286436086,-1.141878817,34,50364.6046,1,0
-0.303350067,0.324365974,-0.574908829,-0.576573069,-0.047203521,-0.211645555,69,50148.45416,0,1
-0.218866252,-1.120198801,2.078156617,-1.095237426,1.732988549,0.097286403,23,45728.79681,1,0
0.766242975,-0.733391371,-0.535714633,-0.497064607,-0.339577173,0.262977484,55,60091.21848,1,1
-1.04019372,-0.859104274,0.440881011,0.07393235,-0.048774117,-0.964286615,36,48731.15784,1,1
1.945195074,-0.724532269,0.145522492,-1.475089221,-1.817591839,-0.167196272,18,76974.53108,0,1
-1.821086069,-0.323682754,0.352750225,-0.424012931,2.227971465,1.567177554,55,76823.60374,0,0
-0.597667683,-0.266547304,0.429088404,0.087830131,-1.315907401,-1.194764112,43,69015.30296,0,1
0.37021189,-0.650793655,0.881361487,1.19465991,-0.706854704,-0.029128386,22,67283.71763,1,1
0.584314166,-0.758163819,0.266446076,-0.312592355,0.695722047,0.499981067,21,36716.97968,1,1
-0.100475721,-0.228784344,0.224895795,-1.24590235,0.246192438,-0.967877145,42,94362.38126,1,0
-0.057390703,0.167691535,0.058477068,-0.209660013,1.64318627,0.611314346,62,55776.1041,0,1
0.410550085,-0.316296536,-0.138417852,-0.566569304,0.720013656,-1.339235349,69,71905.70406,0,0
-0.231069477,1.158667023,-0.911797882,0.552178555,-0.081284051,0.6345173,66,72494.54955,1,0
1.393181258,0.508087714,-0.060868377,-0.337905326,1.044083869,0.043356519,62,44381.89443,0,0
0.839349114,-1.590845857,0.241267375,-2.710566622,1.161307946,-1.419420764,39,50582.28298,1,1
0.872824351,0.523727765,0.402164557,3.691624501,-0.660158761,0.687665668,65,65968.6514,1,1
-0.966156723,0.605543983,0.180284773,0.142363292,0.963029386,-0.895860384,30,36808.89465,0,0
-0.079388424,-0.434734968,-0.232955013,0.08919151,-0.222261163,-0.153310822,40,58659.37382,0,0
-0.300465949,-1.495197587,-0.057079903,-1.541409972,-0.103477908,0.630166889,50,30000,1,1
-1.005601376,0.008066759,-0.553646485,-1.464569266,0.142933283,-0.964443576,42,60152.01536,0,0
0.360164184,-0.007708651,0.313223991,-0.091948958,-0.380780872,-0.528287499,27,80628.02475,1,1
-0.537645758,-1.121646237,-0.221128228,0.336171332,-0.434591148,1.126159227,35,59963.92117,1,1
0.65540383,-1.451219216,0.180560938,0.702114139,0.984720848,-2.069807275,44,38051.18524,0,1
-1.070191563,-0.087553546,1.000803043,0.237437657,-1.528938905,1.418673232,66,51707.04223,1,0
1.719040613,-0.233077192,-0.70935891,-1.185942203,-1.061626945,-1.464254392,43,69226.7451,0,0
-0.896332659,-0.417265365,0.596695381,-2.504466609,0.674733983,-0.699270467,66,62501.90447,0,1
0.219302337,-0.083410735,0.03321018,-0.100222349,-0.072899459,0.282412347,59,66778.98936,1,1
0.79185931,-1.102776374,2.0211936,-0.533974671,0.991512652,0.603139851,69,57416.09449,0,1
-0.57064043,-0.434820613,-0.216300328,-1.262571724,0.357932278,0.297990027,19,48513.61811,1,1
0.852468643,0.533325031,0.695164583,0.828058224,-1.333704659,0.047265385,27,61881.32348,1,1
-1.229183598,-0.34997008,0.015353452,-1.575576749,0.062834419,-0.436044994,37,61019.13946,1,0
1.452117699,-1.671972472,-1.388304508,0.616968839,0.534547801,1.561290761,55,75407.59292,0,1
0.014149265,-0.472692278,-0.520689096,-1.410137975,0.234039659,0.772956371,20,52951.9192,1,1
-0.596411408,-1.070158464,0.880471105,0.134088686,-0.468274174,1.175604899,27,60731.1341,0,1
-0.299181772,0.267136296,-0.432694461,0.933974322,-0.27394032,-0.4213573,45,57821.72446,1,0
0.808919269,0.318837403,-2.220256315,-0.337933316,-0.560085156,-2.328211902,36,94109.45722,1,0
-0.584455292,-1.658774625,-0.031403017,1.689919835,-1.325197082,1.020030321,34,48705.04603,0,0
-0.749357689,0.759012971,-1.092336298,1.917886326,-1.462739565,0.356433567,61,54230.62376,0,0
-0.221536598,-1.112186301,0.131817733,0.237175,0.390020956,0.182861302,70,45638.5176,0,0
-1.176962113,1.55918229,1.551147081,0.541385371,-0.871458366,-0.567374834,61,79557.52486,1,0
1.820543908,-0.048776265,0.769457311,1.060708866,0.575598427,-0.348118587,40,80669.32448,1,1
-0.566394591,-1.246393499,1.536655829,0.544426372,-0.595067487,-0.599049749,45,56746.52865,1,1
0.831616786,-1.141986071,-0.561512021,0.437243218,-1.313148587,0.045167831,44,77783.90727,1,1
0.209470084,0.348095292,-0.143166334,-0.524069403,-0.407943635,-1.135677471,49,64921.52396,1,1
-0.98453405,-0.39129989,-1.044436197,-1.687356175,2.094374972,0.76261088,55,70530.31008,0,0
-0.005954709,-0.09665391,-0.684043445,-1.390095413,-0.095610779,2.036629087,29,45077.19672,1,0
0.784002779,1.612780233,-0.926884832,2.382367359,0.645866668,-0.597652596,37,62420.66532,1,1
-0.188261335,-0.699244064,-1.306722969,0.322458958,0.16880381,-1.592790577,23,88085.56082,0,0
1.193112946,0.059962858,1.365856625,-0.245683481,-1.405198036,-0.102015048,20,82161.78884,0,0
1.021515393,1.419844487,-2.091960295,1.263327259,1.448963246,0.315223337,20,72079.49684,1,1
0.918914855,0.270513475,1.370138905,-0.749457973,-0.24782181,0.453253894,40,74265.94883,1,1
-0.459656772,-1.606602735,1.246058925,0.583108267,-1.310512565,1.602510486,26,96495.12681,1,1
-1.079842448,0.505389012,0.499792675,0.077192034,-0.512233508,0.81580294,50,71786.49373,1,1
-0.613587605,-1.163002858,-1.114507268,0.460027501,-0.206244095,-1.811581903,53,50074.75217,0,0
0.196240941,1.406807529,-1.582175111,-0.336409869,0.749479524,-1.235973432,29,78195.16479,0,0
0.545786714,-0.822867605,-0.548403681,-0.964694307,-0.680763181,0.405653785,43,58885.39723,1,1
-2.171571405,2.969509508,0.625120456,-0.822871073,2.6203456,-0.454153134,54,67331.63638,1,0
-0.008113202,1.467375988,0.003063637,-0.783884202,-0.937168983,1.515127059,67,61777.40884,0,0
0.158089225,-0.79661257,-1.043499495,-0.002970312,0.611994962,-0.937132687,65,49368.21018,0,0
-0.277544256,0.020013805,1.148204785,-1.55613518,-1.973972741,0.960709953,27,64627.51098,0,1
1.291273839,0.753644282,1.684383328,-1.247428615,-0.123698666,-0.649340182,61,74503.11832,0,1
0.421780074,0.783660474,-0.226599164,0.135524298,0.367234279,0.262193188,28,71081.33455,1,0
1.310191908,0.44233626,0.109336904,-0.127675044,-1.119583254,-0.82792586,36,67198.95676,1,1
-0.21596052,1.252159037,-1.508848684,0.190231534,1.499045481,0.558859578,22,56990.34633,1,0
0.937477493,-0.122968947,-0.414386716,-0.045043534,0.434476651,1.072711305,41,35115.49138,0,0
1.635066395,-0.366717669,0.510439978,2.518950207,-0.317640465,0.252995214,52,59289.07698,0,0
1.311693449,-0.346863988,0.35485654,0.126738434,0.423677502,1.909132537,45,68314.33148,0,0
-1.092141593,0.858373232,-0.507667849,-0.379079649,-0.593314162,-0.720436218,47,30000,0,0
-0.253676078,0.36518104,-0.274243508,0.101131785,1.251379902,0.097968546,36,58994.93632,0,0
-0.345164705,0.291283666,-0.447210737,1.019955043,1.015298602,0.845849401,23,58577.73086,1,0
0.489254535,0.795234249,-0.278464714,-0.049628389,0.373390067,-0.949777854,66,46279.99873,1,1
0.686353555,-2.051052408,0.423234803,0.684728359,0.611692047,0.06228758,62,71406.25079,0,1
-0.838892674,0.310068824,-1.967537085,0.396045964,-1.47719621,0.66403989,56,74162.87743,0,1
0.067838514,0.218568889,-0.074349515,-0.290415577,1.466945107,0.92919986,36,87212.08835,0,1
-2.019927332,1.668808081,0.349975536,0.110875799,-0.099357821,1.141843241,68,59577.02865,1,1
1.441945006,-1.528587982,-0.570484686,1.598922114,1.025045649,-0.869062868,48,79372.67766,1,1
-0.512374241,1.557186632,-0.479333044,0.243078295,0.749842224,0.288258395,61,47711.18506,1,1
0.05586394,0.075409129,-0.450394441,-0.986021024,1.009714768,-1.314911061,28,54432.14438,1,0
-0.309649714,0.488989531,-0.479049974,-0.319510427,-1.04776295,-0.724374211,34,70192.21726,0,1
1.146027575,1.675918788,0.005883778,-2.11424725,-0.920499342,-0.174113088,34,50159.48132,0,1
-2.837506441,0.560761268,0.129002758,0.137398707,2.248274769,1.144027584,67,57567.35618,0,1
-0.016610342,0.400368289,-2.100514316,1.312062344,-1.519342073,0.527915236,32,72593.34045,0,1
-0.105818757,0.242291186,0.652880371,-1.341405768,-1.097610354,0.040091002,23,59909.28992,1,0
-0.453636388,-0.483478135,-0.289998884,0.149732735,0.043243997,0.448656711,49,46205.42833,0,0
1.726226546,-0.028489125,1.932963175,0.985431806,0.044979727,0.52120389,57,51156.71587,0,1
-0.887329459,-0.715512766,-1.191648539,1.091138633,-0.540018077,0.369023366,28,55899.04947,1,0
0.771796177,-0.044566899,-0.867314509,1.279801172,0.616078872,-0.575076955,30,68813.22776,1,0
0.356252789,-2.335930697,-0.202908979,-1.868253831,0.902083438,-0.956689598,34,55126.15218,0,0
1.261519253,0.429039568,0.41322545,0.504930955,-0.018167633,-0.223290361,45,30000,0,1
-0.667189085,-0.121737254,-1.950767327,-1.505565185,-0.26848986,-0.793861152,66,71794.11357,0,0
-0.732968899,-0.336203737,-0.829100052,-0.998332137,-0.02226219,0.621278253,35,69681.66039,1,0
1.096069907,0.219758084,0.591320161,0.82112226,-0.497360792,1.528956165,45,44016.86958,0,1
0.425321308,-1.433563923,-0.948123946,0.158047122,-1.698236942,0.563640504,65,43000.44176,0,0
-1.544937347,1.929269997,1.370026376,0.726336074,0.300924437,-1.81013847,33,80266.39712,1,1
-0.539305014,-0.102767461,-0.453883599,-0.929116605,0.765835714,-0.633250871,53,56391.04968,0,1
0.386382654,-0.145844433,-0.899373201,1.47360311,-0.153927278,0.018149066,66,71303.63572,0,0
0.837764222,-0.96539621,0.610244258,0.688333934,-2.265078182,-1.434796421,57,49590.43154,0,0
-0.679230653,0.023946382,1.607617387,0.889298119,-0.571715045,0.031196506,37,69829.13389,0,0
-2.91425599,1.38695989,0.416396259,-1.080166776,0.905722072,0.469319397,56,46157.20547,1,1
0.523223186,1.035916209,1.260429399,1.17140124,-1.438248513,1.408858598,44,66334.27547,1,0
-1.22032069,0.854437751,1.676635341,-0.316161577,0.695884022,1.818707025,57,65353.43066,0,0
-2.017338798,0.546398952,-0.92185868,-0.61122627,-0.445416128,-1.191524141,50,30000,1,0
-2.832325925,-0.358542528,0.938391334,0.62546354,-0.018775151,-0.116588138,19,61859.6605,0,0
0.81398086,-1.450163167,-1.523470509,0.583211775,-0.685899511,-0.103966513,30,49220.78336,0,1
0.12861745,-0.201038772,0.424902532,-0.846818848,-1.13558251,-0.713008914,19,76395.07805,0,0
-0.225656381,-0.235871465,-0.071317891,2.05630101,1.434246468,0.098648469,54,63527.93669,1,1
1.389024363,1.04879444,1.242950203,1.814350576,0.815839033,-0.080069666,22,56290.49661,0,1
0.637324683,0.309390442,1.172251513,0.605035141,0.64472103,0.613802896,23,82782.80168,1,1
1.616300043,1.612311528,0.569783351,0.430403423,0.908555482,1.35661393,67,31451.74683,1,0
-1.392735472,1.19748854,0.298427899,0.329786226,0.502714872,0.13236395,49,88909.38604,0,0
-0.034550624,-0.45649561,0.508368677,-1.549996626,0.944131256,-0.490049781,65,88131.75913,1,1
-1.616713375,-1.795129197,0.061770871,0.112807388,-0.663900746,-1.025517877,41,54154.66151,1,0
-0.229382332,1.385575234,-0.061195741,0.099541582,1.377686887,2.042460873,34,73325.96374,1,1
-0.248615854,1.359385223,1.442578172,-0.576011686,1.28843106,0.906875608,26,67280.46564,1,1
0.626613637,-1.366211591,1.56288982,-0.309349172,0.380481968,0.399710901,70,30000,1,1
0.045563881,1.50924002,-0.141659198,-2.381292395,-0.287994548,-0.165980712,57,58327.16087,1,1
0.623407138,0.382117171,0.237636403,-1.09727293,-1.223529219,1.611878674,57,41024.2893,1,0
0.703440133,0.160685498,0.081655225,0.921826292,0.228657774,-0.159624184,19,39656.61934,0,0
2.154928677,1.614783254,-1.611698442,1.731196902,1.68491518,-1.712117068,26,55702.94564,1,1
-0.315296655,1.344685173,-0.336435578,-0.943380685,-1.160837173,0.265026421,23,56223.21471,0,1
-0.941022701,0.651330952,1.599704201,0.182848655,1.018075149,-1.227806124,36,78237.25032,0,0
0.246083615,0.473217066,-0.749775875,1.098382329,-0.471438874,0.268760682,50,48712.58596,1,1
-0.802280027,0.616394291,2.114543462,-0.520215026,-0.386097785,1.344134153,36,54077.75491,1,0
1.481960768,-0.400057434,1.17212631,0.676248177,-1.175458991,-1.672508647,50,80510.01429,0,0
-0.283218039,-0.05510145,0.401498151,-0.033789696,-0.752492927,-0.899634314,70,57244.47388,0,0
-0.565576368,-0.902317155,0.560843286,1.190401988,0.646782086,0.864727418,62,52302.8503,0,1
-0.471315721,-0.333039776,-0.917206696,-1.28245074,0.771127569,-0.499470741,47,72852.83969,1,1
0.718417423,-0.366633879,-0.265228752,-1.104576629,0.235858081,0.415164391,56,67959.48328,0,0
-0.157746983,-0.63530537,1.44139911,0.279539169,-0.500812865,0.417313862,70,61498.93561,0,1
-0.64166682,0.136746503,-0.614529339,0.0962061,-1.103557202,0.889569923,30,73860.77708,1,0
1.665351918,-0.323980851,1.061131757,-0.056323896,0.061758467,-0.646591653,35,41284.92203,1,1
-0.856169841,0.50223472,-1.377040189,0.57583416,-0.364954304,-2.551829109,19,51271.74862,1,0
0.035566074,-1.622320613,-1.198158412,-0.930649565,0.211181422,0.396864636,20,89975.05469,1,1
0.652306152,-0.113354794,1.901384666,-1.369435612,-0.3212377,-1.569003744,23,30000,0,0
-1.63133511,0.13155164,-0.011837146,-0.500108108,-0.295664787,0.935176547,45,49907.71527,1,0
0.480260501,-0.31062924,-0.538499887,-0.388278559,0.158960686,-0.042263915,30,42248.44619,1,0
-1.055107675,-0.1723927,1.362740827,-0.283747181,0.352192465,-0.296031296,37,61065.27471,1,0
0.822782781,-1.585246011,1.245821555,1.269045711,1.22392129,0.690555604,49,69074.08485,1,0
-0.962651012,0.356477105,0.920754565,0.770417247,-0.336988334,-1.741843975,48,76604.42918,0,1
0.692769032,0.647605983,-0.569897919,0.533239869,0.545494517,-0.20020689,26,53844.24174,1,1
1.105833066,0.493537294,-0.286917576,0.221999595,1.803622059,0.447874228,20,46158.20775,0,1
0.861436526,1.038727059,0.311628824,-0.434188456,0.572076324,0.252843772,48,38230.95368,0,0
0.251316648,0.201529606,0.694399342,-0.853945157,1.164250994,-0.488830454,32,60718.87432,0,0
-0.231300943,0.478681181,-0.508483574,-1.197157421,-0.620627339,-0.478733665,21,91909.48001,1,1
-0.576419576,0.156090738,0.170737111,-0.69450685,-0.72035564,1.543242089,66,51184.54539,1,0
1.471034691,0.68755072,0.267391301,-0.042921988,-0.159374128,0.912671662,34,58923.29192,0,1
-0.69949522,-1.577229636,1.286769756,-1.1549842,-0.052939885,-0.664173195,62,62042.87829,1,1
-1.037066074,-0.893580968,0.754465829,0.169519758,1.070824517,1.348460944,48,53657.29435,0,1
0.665368935,1.586899657,-1.506801645,-0.194438127,-0.729683949,0.755081017,46,81348.70439,0,0
-0.796136803,-2.460435822,-0.213630308,-0.397298412,-0.08862791,0.488389642,28,78139.83264,1,1
-0.950063497,-0.14017793,-0.92878337,1.161532901,1.074825247,0.52659014,49,72274.00709,1,0
-1.443604262,1.17227496,0.568087421,-2.460618622,0.215543583,-1.146121098,57,74408.01015,1,0
-0.482909839,-0.093260666,0.923153351,-0.383729545,-0.01081697,1.505264011,20,49721.48066,1,1
-0.082715024,-0.405011071,0.101555986,-2.352437446,0.238497621,0.951507727,67,42781.5046,0,1
0.243091728,0.129421677,-0.268127031,0.238562673,-1.127552502,0.24512343,18,49839.92526,1,1
0.951306244,-0.35312018,0.069169793,0.762181583,-1.143753114,0.243606544,25,64206.19935,1,1
0.526897924,0.030849493,0.208919273,-1.351106204,-1.588213752,-0.091475001,58,55131.38968,0,1
-0.19087222,-0.683381037,-0.640099652,-1.223057584,0.206681787,-0.568708843,34,68536.37171,1,1
-0.198195676,1.10867442,-1.218711101,-1.698299832,0.91885475,0.534548247,25,61623.29061,1,0
0.510157469,1.423264921,-2.050139043,0.063641993,0.765586485,-0.795406786,60,39910.19644,1,0
1.272570163,-0.133390322,1.267182132,-0.340788276,1.143627993,0.150698704,50,78611.6643,0,1
0.126314199,-1.386489421,0.496366244,-0.27865473,1.454222219,0.097365063,43,52330.16034,0,1
-0.469130854,-0.52384317,0.362511011,-0.367971639,0.144647384,0.385181571,19,71794.53149,1,1
-0.992866001,-0.18398866,1.265198888,-0.973599064,-0.064607718,0.941249958,64,47285.90405,1,1
-1.445205264,0.505538877,-1.25546801,1.131874024,1.475964695,0.403337122,66,46784.32716,1,0
0.666269672,-1.008013223,-1.735630876,0.27234068,-0.701015197,0.693566422,46,46064.93285,0,1
0.577978524,-0.769162319,0.384231917,-1.184663537,-1.17853262,-1.939942581,32,38522.33153,0,1
0.577363525,0.510676138,0.293271375,-0.700546816,-0.338879453,0.460413384,47,38881.98166,1,1
-0.128659446,0.938908832,-1.73130681,-0.872068774,-0.455743309,0.075056614,67,65709.27823,1,0
1.406934746,-0.621594045,0.359521062,1.405927903,0.048326746,0.371724947,61,46087.38646,1,1
-0.484118495,-1.333217054,-0.400222952,0.711219273,-0.850019691,-0.529079742,63,65188.93188,1,0
0.955269237,3.284118201,-0.80708806,-0.126489457,0.369733145,1.150925342,29,61526.43018,1,0
-0.038742895,0.783304237,-0.333423708,1.707221185,-0.56911204,0.250430462,19,73200.89304,1,1
-0.608350765,-0.267003762,-2.441528571,1.452043595,1.228203826,-0.744814874,38,44722.80259,0,0
0.592530307,0.869031276,-0.591374223,-0.230710894,-1.194565503,-0.568314654,46,75912.66319,0,1
0.409636119,-0.12445663,-0.704294569,-0.410565322,-0.139472816,0.902773547,46,46412.22134,0,1
0.356972759,0.867156889,0.557102447,-0.362363956,-0.334914292,-0.085289128,33,30000,1,0
0.081278422,0.159393198,-0.158230137,-0.952746596,0.230889923,-0.004716411,68,62853.83101,0,1
-0.037893082,0.091271898,0.638868874,1.733974448,0.926704483,-0.197712555,48,46872.27972,1,0
2.388371993,-0.113581868,-2.549539345,-1.006412503,0.266210906,1.011130502,50,82497.26897,0,1
1.184256645,-1.447381333,-0.839098223,0.868304315,-0.128591198,0.48232997,19,64514.83402,1,1
0.722826895,1.938094899,0.555997052,0.690543131,0.691255038,-1.18713354,61,58722.18947,0,0
0.111799158,-0.94153392,-0.308864631,-0.304865978,0.843024769,-0.975771025,21,63023.53672,0,0
1.007157201,-1.360023576,0.845460533,1.810045104,0.269199797,0.004567553,56,52539.43473,1,1
0.517994776,-0.212859883,-1.804602909,-1.559096321,0.387591827,-0.643041664,66,85264.19093,0,0
0.026204753,-0.961471814,0.73111084,-0.079691301,0.646635546,-2.160531287,22,51778.18294,1,1
-0.303564325,-0.051712791,-0.639139218,-0.489040165,-1.643926726,-0.745026228,19,66949.5617,0,0
-0.080917338,0.687763849,-0.736197084,0.96059315,-0.350805211,-0.278522558,62,47715.55175,0,1
-3.170425736,0.995302901,0.991047047,0.353565864,0.376233931,-0.400001632,25,60024.88242,0,0
0.210600839,0.814730722,1.16190113,-1.727295179,-0.291607484,0.720762245,67,41444.71186,1,1
-0.48847608,-0.305632055,1.034699696,1.239479444,-0.28814689,-2.234539613,53,63429.06502,0,0
1.592669998,0.049591828,2.038641925,0.485461723,0.374901543,-0.772365478,23,60972.26268,1,1
0.019344071,0.407879051,1.266803608,-1.035491862,0.397644974,0.795662704,58,68232.68771,1,0
-1.18896342,-1.757787424,-0.795436584,-0.349679105,0.467059355,-0.667661636,27,67021.96524,1,1
-0.049880154,0.5705847,0.141638128,-1.299884915,-0.792223462,-1.211390909,53,60436.70108,1,0
-1.046121085,-1.457299288,-0.360197908,-0.170838026,-1.417803361,-0.680700087,21,90592.36883,0,1
0.473407416,2.040346599,2.02908986,0.150117967,0.804386782,0.446207276,56,59725.67701,1,0
0.290947364,-0.404515085,1.104869955,-0.334647159,-0.742415507,-0.253403563,31,60587.53278,1,1
0.957839631,-0.184875177,-0.188880137,-0.4504645,-0.811525356,-0.724959059,29,58721.60422,1,1
-0.790881792,-0.769707099,0.877909798,-1.612740369,-0.901751525,0.481780036,64,63039.02999,0,0
0.034008096,-0.629970032,-1.232198466,0.337241462,1.151030141,0.374867576,34,55708.90777,1,0
-1.365021795,2.274093569,0.250261738,-1.924454597,0.212026812,-1.263498209,38,54476.00884,1,0
0.701494782,0.940369689,-0.937922493,0.031079518,0.342523398,0.094785946,70,71280.92452,0,0
0.51887118,-1.549202445,-1.688592201,-1.799155824,0.689551183,-1.299485147,30,59274.02159,0,0
0.495805021,1.504212901,0.784536238,0.05050489,-0.04237053,1.170091332,50,75810.06399,1,0
0.001619031,1.193242275,0.908591095,-0.006119005,1.012688463,1.231197181,30,31591.71849,1,1
0.414772891,-0.281212462,0.457212636,0.403344968,-1.196803156,-0.287673502,65,82842.27192,0,1
1.604339108,0.306696942,-0.182967041,0.862285717,-1.085607006,1.064961616,62,73428.73858,1,1
-0.285094257,-0.014944079,-1.266358655,1.047588422,-1.140769466,-0.756214259,26,59228.42985,1,0
0.138645184,1.972579904,-1.161346871,-1.610042599,0.421668498,-0.139883514,67,58836.98002,0,0
-1.086126299,-0.796290189,-0.96927998,-0.058206053,0.506417696,-0.584789296,65,69610.23756,1,0
-0.868260962,0.14601061,-0.233673292,2.010940885,-0.472582037,-0.024687249,37,44604.61723,0,0
0.097813293,-0.428145331,1.076178734,0.119100568,-0.232438349,0.066245114,61,60576.04471,0,1
1.103933547,-1.433040405,1.060404211,-0.83134814,1.268070601,-0.002663064,57,62327.41706,0,1
-0.256280824,2.191638255,-1.6485676,-0.079701126,-0.694436196,-0.090183712,18,30000,0,0
-0.235916529,-1.181566579,-0.693233337,-0.38366594,0.295432791,0.127287489,30,65219.53067,1,1
-0.406885245,0.220129187,-0.72016102,-1.176458157,-0.685715871,1.255390479,39,39716.29098,0,0
-0.534756671,-1.740700606,-2.531583129,0.869104188,1.095974325,-2.01087582,68,76244.49294,1,1
0.294971456,-0.399070539,0.566120947,0.584352558,0.628426184,1.920921435,30,80070.89405,0,1
-1.497257645,0.421968821,-0.246159824,-1.334509072,-1.398921426,-0.350777575,52,82658.28846,0,0
1.280939577,-0.82473398,-0.113142537,-0.093274584,-0.26080103,-0.077904694,18,55163.47553,1,1
-0.665422298,0.586801851,1.345871058,-0.566463649,-2.079006791,1.329301493,63,54953.60353,1,1
0.721903485,-0.269041092,0.088309013,-1.601592515,0.900455581,0.606689021,70,30355.77501,1,1
-1.269998597,1.160082512,-0.430730465,-1.414819457,2.047308951,0.535018869,50,70202.954,1,1
0.668840131,1.361760913,0.572077621,-1.265959824,-2.18044112,1.245630854,22,37370.15335,0,0
0.671944608,-0.586744761,1.058871847,-0.058429753,-1.427098691,-0.164757444,47,38262.96779,0,1
0.384202072,0.076732859,0.296467566,-0.457953,0.167320084,0.91901552,22,55443.93354,0,1
-0.994428522,0.183454226,0.689189599,-0.959187962,-0.01845881,-1.260485993,60,43414.06687,1,1
0.24954819,0.619349295,-0.14556765,-0.39188303,-0.410845172,0.417524218,42,45573.82774,1,0
-1.183056185,0.014381996,-0.081857746,0.747534972,-1.737620017,0.561816718,43,60706.42902,0,0
-0.252763255,0.190210959,0.11302071,0.356696097,0.32344683,1.146049908,36,73222.05646,0,1
1.029413101,-0.243406475,-0.75312095,1.001868808,0.887513852,0.707832129,29,68092.46952,1,1
0.796701927,0.115239867,-0.568061614,-0.228312865,2.846985449,0.204484685,25,62841.65343,0,0
0.015182943,1.297940194,1.377879642,1.602557191,1.307287922,-0.317609754,27,77203.6643,0,1
-0.974806576,0.646083241,2.007956096,0.348079884,-1.298715992,-0.328742027,35,61914.31233,0,1
0.645587712,0.701255639,1.592197914,-0.488917423,-0.011891411,-0.320281262,58,52100.01777,1,1
0.019381238,0.723070324,-1.323257357,0.09295181,0.592077721,-1.29787907,28,48448.9491,1,1
-2.320315598,-0.153808778,-1.419857535,-1.248075953,-0.688261448,1.743429913,47,68285.2199,1,0
0.782629826,0.318827044,-1.190709432,-0.306185136,0.780012002,0.99867507,22,43484.35137,0,0
-0.024232834,-1.085173678,0.134387442,0.42997423,0.70337779,0.254500356,41,65232.17658,0,0
1.202451248,1.268807656,-2.808724592,0.611669508,1.237359716,0.814937283,62,53574.51326,0,1
-1.095270519,-2.782960432,-0.588801567,-0.410162223,0.802242753,0.753052612,30,47430.29723,1,1
-3.176703813,-0.087148392,1.407099289,2.733890428,0.28514365,-0.992977496,53,47171.26033,1,1
0.279083858,1.140895977,0.982438831,-0.172207743,-0.637931747,0.636751266,66,74480.16136,0,0
0.291563677,-1.363867934,-0.509094651,-1.678394042,-1.293078594,1.269745986,44,47136.55812,0,1
-1.690671628,0.399779918,-0.433355441,1.213267192,0.219016138,-0.677894706,49,55811.72179,1,0
-0.978499546,-0.680766447,0.567241707,0.607127304,-0.403834092,-1.533700679,31,52970.0434,0,0
2.755217744,-0.368803265,0.935268755,0.231688821,-0.307197238,-1.162042502,58,75887.28993,0,1
-0.305610614,0.945940961,-0.533137268,-0.464920891,1.121790491,-0.096342599,19,83074.56793,0,0
0.730958976,0.198056926,-0.234366022,0.393346516,1.368924014,-1.219752159,21,73632.71492,1,1
-0.650659827,-2.034355868,-0.566009729,1.619016246,-1.235366616,-0.172005152,28,54365.30626,1,1
-2.090302899,-0.97642554,-1.331349441,0.201632937,-0.210430606,-0.654714966,59,65133.8925,0,0
-0.170258247,0.975335735,-0.219743748,-1.470033587,-0.43320517,-0.000799109,54,46354.59403,0,1
-0.26560456,0.448942718,-0.29592754,-3.453354083,0.314908642,-0.509662564,65,63156.34499,0,1
-0.399878239,1.748135573,-1.260644116,0.384559561,-2.266277689,-0.035979989,55,33643.6563,0,0
-0.114640836,1.682647594,0.646080938,-0.985913541,-1.460837985,0.60251556,54,63529.27933,1,0
0.264268272,-0.34224513,0.483320679,-0.099712717,-0.117494933,-0.958058796,30,59172.26961,0,1
-0.150116951,2.503237805,0.695719701,-0.809077623,0.786115204,0.281338552,26,66611.28214,0,0
-1.264006168,0.02447967,-0.768070355,-0.880908984,0.075290737,-0.852252605,59,59815.20195,1,0
0.486184792,-0.962668534,-1.983575678,-0.765274133,0.671507073,-0.005752169,44,72525.84764,0,0
-1.949371755,-0.633639866,0.46733113,-0.67487536,0.197308378,-0.081855637,19,48547.5853,0,0
-2.050357457,-2.256725105,-0.664112715,0.776235988,1.276289574,0.355579689,64,71347.08922,0,0
0.739180495,1.607019008,-0.890668133,0.573643793,1.485887549,0.184627306,44,67084.74414,1,0
0.507020272,1.594761989,-1.257053075,-1.207988823,-0.760462887,1.238881066,29,76342.38416,0,0
-0.057395365,-1.015507439,-0.275322528,-1.071734726,0.88364534,-0.026062495,29,77350.42332,1,1
-1.395448505,-0.227884288,1.577327297,0.379121904,0.508119548,-0.627503668,20,45721.36394,0,0
-0.707910941,0.095607544,-0.505449521,1.052502365,2.504668145,0.929725836,43,67755.49017,1,0
-0.262746748,-0.960353052,-1.089803044,1.03714136,-0.797835019,0.330984006,32,42514.73863,0,1
-1.595893969,-1.755102031,0.651933401,-1.002908841,-0.116735531,0.88414743,44,77395.01456,1,0
-0.739028658,-0.210357604,0.17281228,0.989311432,-1.032273633,-0.11996847,68,47203.13269,1,0
0.652330338,-0.321079429,-2.119301368,-1.776269634,-0.972936232,-1.308698935,62,54299.64908,1,1
1.427305364,-0.388411241,0.66234632,-0.202884417,0.385564022,2.243911747,52,63263.31138,0,0
-0.419434753,0.222716063,2.128467769,0.487026443,0.205543421,-0.602644056,30,71077.18172,1,0
0.756488354,1.429519659,-2.600535927,-2.078805013,0.541451094,-1.160922887,22,65569.5404,0,0
-1.914060071,-0.30309272,-1.235706024,2.092856924,0.519753727,0.716988762,60,71484.53281,0,1
0.659451241,0.170442999,-2.848527089,1.326695183,-0.235638753,-0.945150652,34,60187.20857,1,0
-0.803948415,0.726870524,-0.075304421,0.647003972,-0.242539069,-0.392403586,36,63661.47706,1,0
0.307345617,0.554142927,0.990386237,-0.965028208,-0.970798732,0.124573354,37,33497.75862,0,0
-0.247752418,-0.614423524,0.10550075,-0.068103625,-0.701154304,-0.143319449,40,75391.35265,0,0
1.32041401,0.096377123,1.391995698,0.79042017,-0.056801777,-0.363413246,29,55632.43458,1,0
-0.874435648,0.54753982,0.83055029,-1.122661567,0.197029642,1.589689443,49,53543.44173,0,1
0.627606298,-1.128351338,1.702147324,-0.180474231,0.710787892,-0.111464324,46,89052.12225,0,1
-0.279507463,1.263539011,1.160210768,0.91038385,0.60886066,-0.899426245,22,30000,0,0
-0.158305478,1.431588905,-0.402943069,-1.494595002,1.557076766,0.976952813,66,61429.34,1,1
-0.183853893,-0.722780255,0.066726456,0.332424711,-0.972688092,-0.722537606,68,30000,0,0
-0.845673104,0.193670018,-0.868676915,-1.75476963,-0.232585411,-0.109066918,60,65092.52783,0,0
-0.014098966,0.642278257,-0.230656169,-0.943846756,-0.885304556,-0.904626697,19,49513.18217,1,1
-0.062648222,-0.545614156,0.061831672,-0.504592606,1.277287069,0.211433505,23,30000,1,1
0.241240248,0.481613846,-0.084907324,0.513555613,-0.502473888,0.039780273,38,76336.94784,0,0
0.084505146,0.163255626,1.342253526,-0.700789103,1.155027452,-0.029009253,52,40653.41986,0,0
0.79799455,-1.467918178,-0.330168063,0.125548391,1.452786134,0.150018169,32,74231.07634,1,1
0.923508616,0.459161316,-0.932086414,-0.687228138,0.413436963,0.817801428,35,45380.00833,1,0
-1.050623322,-1.100142416,-0.869611035,-0.530616772,0.293058828,0.70309424,66,53035.79609,0,1
0.868772501,0.939202852,0.655100272,1.250661508,0.038645145,-1.039407267,64,30000,1,0
-1.186336427,-0.671211075,-1.403138408,-1.150228178,-0.317106036,-0.674653263,19,66369.61293,1,1
0.587855888,-0.161285434,-0.20118617,0.759153974,-0.437384764,0.924372617,22,51390.98827,1,0
0.619738785,1.372278913,1.327500245,-0.001063885,-0.147416724,-0.782830221,54,54501.60811,0,0
-1.911316892,0.496381647,0.292598446,-0.575553689,1.82437839,0.491897285,58,58574.60461,0,1
0.092979247,-1.07947392,-0.074605389,-1.217522832,-1.041855215,0.83948257,23,35279.79149,0,1
-0.468496113,-1.014916571,-0.035910404,-1.146236307,0.204609224,-1.641580298,68,70366.53294,1,1
-0.758765258,-0.599302789,-1.029564592,-0.738645025,0.711305964,-0.406338731,59,51547.49723,0,1
1.350852331,0.394644083,-0.85713471,-0.150054407,-0.284375841,0.815034134,68,94427.95254,1,0
-0.653679141,0.358299815,-0.195181673,0.603509636,0.416082371,-0.146973871,36,52806.04277,1,0
-0.806376929,-0.843102305,0.27127303,-0.30023926,-1.504601813,-0.404175238,33,54156.41132,1,1
0.07569494,-1.167209486,0.948150012,-0.233310852,1.325043146,0.831114781,29,39651.24466,0,0
0.685589746,0.281583405,0.092560617,-0.083990223,1.131148711,1.103905756,41,35795.8535,1,0
-0.141648586,-0.181860066,1.352774176,0.476777691,-0.098425899,-0.678409744,26,73165.30335,1,0
1.166370546,2.157215887,1.605198015,0.644802819,-0.879835865,1.767130781,20,75917.16008,1,1
0.530975662,0.036603657,0.795267212,-1.386965476,0.792898148,-1.784216733,34,51519.00299,0,1
-2.17821132,1.814252828,1.224981408,-0.28207471,-1.148119466,-1.507113346,47,61819.86121,1,1
-0.529466964,-1.170383598,-0.990713521,1.227404017,-1.004624066,-0.454379547,44,78627.98811,1,1
-0.561842099,-1.57321294,-1.149198935,-1.316119954,-0.053609491,-0.334529433,41,64341.98362,1,1
0.479360953,-1.120085133,0.517973376,0.07431289,1.518041567,-0.288764547,59,67272.24287,1,0
-2.624817056,1.189129781,-1.341209812,-0.170844004,0.640581856,-0.534505154,67,61308.99859,0,0
2.549009709,1.75610159,-0.290371844,-0.56667559,-0.64699517,-0.725610873,56,50212.27747,0,1
0.531026095,-0.782179454,0.771191905,1.590782651,-1.682097942,-0.220312405,24,65781.79049,1,1
0.148876804,-0.46056603,1.413372925,0.036835809,0.041520414,-0.589846398,26,87971.23928,0,1
1.181567716,-1.16898091,-0.25421565,1.511145072,0.251421786,0.681927738,33,52193.69439,0,0
2.343654053,-1.811639847,-0.649944295,0.005627205,-0.072780082,0.030614465,28,73011.98834,1,1
0.870746645,0.718411698,0.320461622,0.460255889,1.80639168,-0.221162795,26,62720.50878,0,0
0.948813096,0.223020303,-1.073543444,-0.577221509,-0.13192689,-0.072118655,18,51153.17203,0,1
0.130690024,0.010487983,-0.173278648,-0.566093675,-2.282120374,1.114161367,61,73429.20519,0,1
-0.141525753,-1.400056537,-0.008000048,0.40934753,-0.407139558,-0.483406514,52,71684.91457,0,1
-0.475795444,1.639956682,-0.027983993,0.427697458,0.454644579,-1.273391426,37,68705.91003,1,0
-0.826111992,-0.503356738,0.088503474,0.597987067,0.386897309,-0.977364745,68,86229.23441,0,1
-0.6870141,0.533626425,-0.834514856,0.376678287,-0.176678286,-0.233021199,25,87533.20783,1,0
-1.350555964,-1.454561405,-0.726992993,-1.336420927,-0.342218186,0.481503195,24,60809.50636,0,0
-0.075871451,-0.19052519,-0.747116261,-0.806368677,-1.999622885,0.879807521,54,58408.31199,1,1
-1.684667577,0.291374456,-1.620094339,0.849942886,0.085770756,1.648638343,54,38589.35829,1,0
0.190916524,0.327075218,0.341830322,-1.958465365,-0.338622776,0.739155072,37,82998.04858,1,1
-0.036330608,0.154648543,0.894657452,0.292607242,0.249249882,-0.882947963,22,58904.50491,1,1
0.146935298,0.494522492,0.796310083,-0.111880099,0.491289274,-0.203225875,29,50867.47027,1,0
-0.52213157,-1.130520456,-0.26249686,0.849581867,1.241068372,-2.16366025,38,45998.67904,1,1
3.07686037,0.197372605,-0.811005239,0.416621186,-0.955565101,-0.311540359,37,45891.86209,1,1
1.3601159,0.113757683,0.744314642,-0.66398028,-1.293982155,-0.605106895,22,86380.78115,1,0
-1.2445425,0.231672684,0.638923022,-0.709350038,-0.573966731,-2.313025389,40,73474.17548,0,0
0.232868087,0.072345217,0.217420642,-0.522783473,-0.735593245,2.107535576,24,37680.16049,0,0
-0.608006143,-1.273212774,1.744311252,0.580063047,-0.825409575,-0.377983747,18,38286.6703,0,1
-1.014479727,-1.317799752,-0.026425521,-2.30221368,1.444906441,-2.107210173,42,61827.97757,1,1
-1.340072071,-2.214268186,-0.256889984,0.157379444,0.148415872,-0.274140398,36,44753.0765,0,1
0.432216691,0.81753451,-0.399817331,-0.883034587,1.972393463,1.65077023,19,56219.12958,0,0
-0.681380235,0.82765751,-1.560877706,0.190835298,-0.003070423,1.907099084,29,83295.32876,1,1
0.967826024,0.843550291,0.661339964,0.344497787,-1.171876449,0.058370521,59,76041.25946,0,1
0.993782215,0.306789962,-0.105485367,-1.662326583,-0.808174584,0.096377748,42,34329.30625,1,0
1.373914385,-2.133119218,0.509931241,-0.226866427,1.024455347,1.225593273,49,44833.23973,1,1
-0.852386766,-1.026710492,1.841878002,0.155570357,-1.133851737,-0.15051192,65,63685.43073,1,1
0.475365611,0.170415418,-0.39075177,0.087950095,0.557876644,0.460283832,60,76946.50031,0,0
0.632454217,0.135518003,-2.338008717,-0.122200953,-0.356752529,0.839590066,35,47672.03056,0,0
-0.474178175,-0.222748213,0.48107037,-1.22088752,-0.929825573,-1.075936202,48,65527.88938,0,0
-0.771771957,0.368917203,0.16685939,-1.068628031,1.386519732,1.536767329,61,53176.2347,0,0
1.609520666,0.011651708,-0.732453876,-1.378047323,-0.588566036,-0.879688485,26,86280.95497,0,0
0.227495876,0.120770466,0.397266336,0.554045571,-0.827571025,-0.633791635,38,69336.22529,1,0
0.635967751,-0.639065333,0.78609632,-0.115570842,-0.07889308,0.0998223,56,57101.06784,1,0
-0.822076012,0.982010986,-0.94660991,-0.051753239,-0.508237693,0.939601375,24,37580.00045,1,0
-1.219284467,-0.430771609,-0.301331861,-1.705493444,2.214985901,0.677404954,30,44078.18391,1,0
-0.569449774,-1.330649083,1.47675373,-0.033602797,1.060357293,-0.04939968,37,30000,0,1
-0.124021387,-0.770999013,-0.721622191,0.633637072,-0.590692422,0.284169791,30,64083.70765,1,1
-1.064220007,-0.348466191,0.066669755,-1.841839575,-0.475337111,1.073289736,69,69990.52629,1,1
-0.009844809,0.994002788,-2.624411166,-0.535406259,-2.019448275,0.008393427,45,70746.84133,0,0
-1.688505188,-0.042267998,-1.481845501,-1.570349132,0.137403651,-0.812055367,54,50790.11682,0,0
-1.120047422,-0.186148219,0.157517497,-0.420282075,-0.747059343,-0.602927839,42,79201.1273,0,0
0.670911248,-1.248663425,1.22798781,-0.900991898,0.088011382,0.909280658,63,83753.39614,1,1
0.60379052,0.78548259,-1.362029682,0.380908834,-1.966274095,-0.811236858,65,50019.53191,0,0
-0.391876765,-0.651952154,0.074564062,0.169239563,-0.026756336,-1.567843699,62,77722.67831,1,1
-1.017764309,-0.100027859,-0.375717909,1.291504406,1.698671306,-0.304188681,43,62097.88123,0,0
-1.027403552,1.480183077,0.953088055,-0.054077849,0.054141161,-0.075347294,61,52098.56109,0,1
-0.373268246,0.508763331,-1.217803305,0.338487802,-0.774682187,0.860498302,50,78467.94299,0,0
0.644518492,-1.628254048,0.430077648,-0.557707482,-0.020466725,-1.457776394,57,41902.24888,1,1
0.928245691,-1.769510236,-0.653690687,-1.103064651,-0.064248736,0.346471922,57,37725.87232,0,1
-0.496531735,-0.06431045,0.223038025,0.834762435,2.191833141,1.151259005,44,54056.9209,1,0
-1.153492426,-1.212740615,0.068931052,1.243255054,-0.332841929,-0.817345201,32,56571.9771,1,1
0.267843638,0.648546748,-0.251779074,0.705655699,-1.203293303,0.081643711,20,35350.44541,0,1
-0.823534971,0.042263065,0.477811846,0.131228123,0.021458174,-2.150591543,46,67359.96303,0,1
-0.518252639,0.165384769,0.043652734,-0.974093554,0.195533238,0.873163708,48,48292.31045,1,0
1.32527609,-0.706743182,-0.132806302,1.141628173,0.562295966,0.795596366,57,40359.75707,1,0
0.827115429,1.741383655,-0.356416534,0.579509316,0.75576185,-0.019977786,35,69745.07567,0,0
0.157974312,2.842593728,0.07759839,2.024878609,1.955526086,-1.32728117,41,53558.85539,1,1
-1.271919001,-0.278584724,0.222043548,-1.15442395,-0.595663702,0.666883258,56,75863.53047,0,1
0.211396567,0.353039248,-0.98914208,0.862566501,-0.686549744,-0.244997932,61,66888.60447,0,1
1.062657291,0.097417343,-0.349471238,0.549106505,-1.854136477,-2.780382333,64,57030.71964,0,0
-0.375633666,-0.259686863,-1.055185945,-0.3420272,0.661653767,0.778212482,25,76469.61224,1,1
1.35111409,-0.832070468,-0.039845423,1.36383488,-0.887314365,1.163615809,46,66305.54817,0,1
1.29274529,-1.084967987,-0.592332205,0.402345148,0.89176428,1.339305784,65,59704.10071,1,1
1.663732832,-1.135597266,0.770783148,-0.936893028,-0.491634914,-1.277002884,54,67675.70797,0,1
0.305243127,0.405240026,0.672726978,-0.118339016,1.725957972,-1.916793981,54,68163.87045,0,1
0.5873917,-0.519674478,-0.922748564,-0.948858807,-1.433506889,-0.410385143,26,43584.12919,1,1
1.414187288,-2.57829285,-0.002307345,-0.468515715,1.022925503,0.517864528,62,95372.82823,1,0
0.447393937,0.444858221,0.638516579,0.703826154,0.903842563,-0.942790728,47,61014.64679,0,1
-0.501234108,-0.038261282,-0.17530832,0.989274045,0.526576438,-1.591034415,32,61314.66533,1,1
-0.448542837,1.346673001,-0.728217525,0.221212334,-1.117263699,0.724569583,57,33643.22489,1,1
0.238554954,0.373122397,-1.092403528,-0.750074877,0.53115082,-0.345206842,29,61928.03364,1,1
-1.290561422,-1.478673596,0.854267562,0.38160842,0.126874741,0.622589231,69,62577.15752,1,1
-0.143258915,-2.229676641,0.902713148,0.723399638,-1.83025621,0.015796693,58,42752.97759,1,1
1.096547118,-0.719472384,-0.207947599,-1.972111745,1.55827299,-0.166105194,44,44406.55792,1,1
-2.191253851,-0.625107421,0.766137585,0.116478775,-0.345611416,-0.064135982,64,46510.57245,1,1
1.534482102,0.943159201,-2.96521053,-0.190189798,1.481217696,-0.358445372,64,55573.56616,0,1
1.122374219,-0.008870932,1.327554651,0.953711255,-0.06766145,-0.458542422,48,63199.48768,0,0
-0.459764616,1.133688498,-0.156944805,0.385689165,0.982326063,-1.101281119,30,56655.26173,0,0
0.543390828,-1.324833056,0.141776561,0.484351701,-0.859525112,0.483349447,32,64541.29588,1,0
0.003147727,0.965264384,-0.320517724,-0.481910966,0.214434954,1.247537146,22,70129.128,0,1
1.229990368,0.720989153,1.395707482,0.001651717,0.143941993,-0.500479308,59,68143.32062,0,0
0.982683143,-2.018234111,-1.060731624,0.94368497,-0.323601027,1.866099624,42,65461.52158,1,1
-1.400070723,1.322617841,1.474460327,-0.064879733,-0.869222814,0.376577977,29,64285.30385,0,0
0.587262413,0.093458492,0.396270921,0.174669556,-3.066800731,0.258174578,66,64337.85936,0,0
-0.205627854,0.392044504,0.622664216,-1.535957298,-0.845759408,0.655018182,26,57798.54617,1,0
0.082832571,-0.864896112,-0.329204563,-0.068540036,0.700509114,0.97510791,43,50102.51883,0,1
-0.728171901,1.275247013,-1.308219198,-2.011999968,-1.395229549,-0.454573925,54,58602.50464,1,1
1.748137069,-1.185852329,0.930510766,-0.516144869,-1.18813364,0.554823498,26,69797.29307,0,1
1.04006182,0.832092018,0.311408351,0.063515558,-1.434862808,1.046634682,22,69712.26492,0,1
-0.739771164,0.820607476,1.361623458,0.767030794,0.208888116,-0.379377237,63,67618.04585,0,0
-1.334610607,-0.974167428,-0.19377632,-0.999159943,-0.893406585,0.004738832,24,52871.99447,1,0
-0.385672631,1.983373599,-0.419231379,0.373684143,1.220342977,-0.767257825,58,56753.07318,1,0
0.434502646,0.23152848,1.388088237,1.468493404,0.734619707,-0.493048241,48,56810.33964,0,0
0.240205844,0.65389261,1.911894164,-0.640743866,0.200124064,-0.349690912,61,50894.07654,1,1
1.253132825,-1.527120795,0.009347176,-1.547052922,0.303949667,-0.904196807,54,73409.20798,0,1
0.789919722,2.117730003,-0.752757497,0.289839957,-0.762948073,-0.062947419,24,32391.10282,1,0
0.969569026,-1.22455694,0.810530763,-1.191997007,-0.762692626,0.330828965,22,90330.11661,0,0
0.326855401,1.024886433,-0.254020566,-0.818998573,0.711026547,0.427950257,69,91108.25927,1,1
-1.38929873,-0.994771718,0.599262825,0.923336942,0.913392024,-0.808471288,34,60750.10914,1,1
-0.195698531,-0.618988803,-0.259275974,1.876899275,0.702262372,-0.606321935,28,66078.02118,1,1
1.06008974,0.788754044,1.564014018,-1.000690116,-0.470582656,0.850917135,54,72737.44165,1,1
-0.051522929,1.027552714,-0.699489505,-0.73741974,-0.391322078,-0.608727134,53,48630.94237,1,0
0.503090369,-1.271284249,0.480529663,-0.439868962,-0.931756782,0.824191359,44,68514.03967,1,1
-0.318748315,1.090472169,-0.48870197,-0.547808054,0.768253837,-0.732464387,18,79785.88978,1,0
-1.029811849,1.044980495,-0.281506561,1.933292514,-1.961455562,0.376996025,18,32959.23425,0,0
-0.123344064,-0.937953409,-0.412055655,-0.53056783,-2.204236305,0.752351675,31,38389.92573,1,0
0.309047443,1.598647594,0.738608066,-0.387751915,-2.004859372,-2.649686284,70,71252.96852,1,1
-0.655687719,-1.456857628,0.918363115,1.616177473,-2.142689283,0.868466965,45,55948.78052,0,1
-0.235711245,-0.624772583,0.557738829,0.576676312,1.357140901,1.30407114,58,54200.6769,0,0
-0.939463242,0.479002624,-0.107983467,0.985899233,0.786805364,-0.308914457,18,55092.45056,0,0
1.119244918,-0.853566285,0.140180031,-0.906112873,-1.198596602,0.345738394,25,43095.42529,1,0
-0.294455758,0.263819086,0.897721568,-0.530179683,-0.105932907,-0.839122408,62,53847.02812,0,0
1.452755545,0.241076079,0.929311587,-1.039718358,1.465790374,0.363480536,58,40194.67858,0,0
1.528747851,-0.18707427,-2.690275631,0.801261546,0.500198621,2.461049781,64,79630.83528,0,1
-0.081045965,0.832400539,-0.272222172,1.225243208,2.114376268,-2.19673576,60,61998.94833,0,1
-1.008448733,-0.228360793,-0.224258791,-0.599774369,-0.114266134,-0.500711527,43,61598.29136,0,1
-2.085897878,0.231541069,0.669252564,-0.364241323,-0.655158946,0.796754366,53,69999.64473,1,0
-1.472037073,1.146471877,-0.066770818,-0.320490065,-1.081109167,1.261583294,46,101853.1943,0,0
-1.373834825,0.79068621,0.719183381,-1.547223993,0.023644656,-1.382422369,57,44212.62788,1,0
1.378469627,0.786017291,-1.078660771,-0.673822078,0.936064392,-0.638190733,62,32366.68572,1,0
0.115824587,-1.149179602,0.260054515,0.773266215,0.099125033,-0.580317888,66,59539.70121,1,1
0.389604524,0.524792576,0.900205653,-0.875418504,-0.358195,-0.652995798,21,32599.0764,1,1
-2.220421009,-0.878498791,-1.474382869,0.092981862,1.256520435,-0.116174589,59,54920.06536,1,0
-1.197966429,-1.28141498,2.513643468,-1.308018974,0.528892096,-1.428690963,19,73117.32453,0,1
0.887079776,-0.071706346,1.190885933,-0.144000911,-0.113436497,-0.254525398,47,82919.88833,1,1
0.286774112,-0.904295187,0.001353302,-0.563321155,-0.766591273,-0.936148897,64,36513.5463,1,1
-0.147205279,0.790617719,-0.828408107,-1.221671484,-0.254442792,-0.068854901,37,45850.90726,0,1
0.564842359,0.81453546,-0.17508515,0.790386096,0.472747223,-0.705129977,47,65451.88997,0,1
1.635797806,-1.902626236,0.08380236,0.846627361,-0.780348876,-0.169036717,35,71309.42454,1,0
-0.221042464,-0.82830254,0.440662557,-0.969538712,-1.233652939,-1.036437366,47,72162.07792,0,1
0.069369803,-1.459786672,1.500660849,-0.216183464,-0.480151257,0.952700614,63,82126.74151,0,1
0.192596919,-0.462629277,-0.476098469,0.044318683,-0.049209692,-0.325596612,52,70928.97907,1,1
2.392109635,0.45517567,0.562709838,-1.814761787,1.363290165,0.013827753,18,58201.89763,0,1
-2.099356264,-0.242288098,-1.292429163,-1.397092726,-1.16003737,-0.145819429,20,75929.74873,0,0
0.683223015,-0.589759241,-0.413600714,1.286284436,0.226748097,0.007232219,40,61047.11281,1,0
-0.114802249,1.300176527,0.376716848,-1.065126897,-0.277571473,0.002192572,62,64120.77117,0,1
0.566771726,-2.304857173,0.691262491,1.258183108,-0.227940786,0.805138361,57,52586.65026,1,0
-0.657372554,1.236871894,-0.753232477,-1.345413674,1.539366303,-0.286066899,39,62351.3294,0,0
-0.048965031,-0.544288293,-0.440791696,0.658827777,0.081212137,-0.719793536,66,35555.57304,1,1
0.711410579,-0.07810901,1.460556636,-0.311303108,-0.913554912,0.041715289,65,75520.93849,1,0
3.112910201,-0.527363338,1.16190862,-0.170766269,0.888746722,-0.612904212,65,44863.14477,0,1
0.808036189,1.542888106,0.208457217,1.855935914,0.815240683,-0.074913578,61,46679.09412,1,0
-0.848065598,-1.230978497,-2.236645153,-1.254186634,-1.001171112,-1.052027269,68,30000,1,1
-0.423759682,0.01173637,2.511132548,0.594798196,-1.19293673,1.049782472,65,47662.47299,0,0
-0.453414108,0.527438652,-0.019931562,0.553489664,0.410519725,-0.780532758,32,45623.77686,1,0
-1.795643173,-1.611002768,-0.312567058,3.354573389,-0.032968919,1.199403643,58,63259.22957,0,0
-0.330090192,-0.91989817,-0.522359926,-1.07713082,-0.470582705,-0.061125726,33,40581.96072,1,1
0.732829082,-0.148178533,0.376367037,-0.625984794,1.056298508,0.856153189,44,53339.10659,0,0
-1.274232119,-0.886665035,0.386582589,0.815922286,-0.592280696,-0.767311966,49,49798.68819,0,0
1.048482651,-0.815591771,0.950627873,-0.200263859,0.421562903,-1.966845088,51,33598.02952,1,1
0.487774821,-0.349862663,-0.926062164,-0.463050957,1.174644368,-1.648809878,59,63571.72104,0,0
-0.734233322,0.649581332,-0.312494878,0.957511488,-0.33913086,2.502902335,29,56711.40217,1,1
-0.141529637,-0.342717777,2.030545723,-0.266568436,-1.829098735,-0.597940298,35,60599.04946,0,0
1.598321808,1.078426194,0.224590633,-0.89185907,-0.403067783,1.096158063,35,72452.88979,1,1
0.733547814,-0.997757783,-0.172524373,0.726210155,0.189283742,-1.297756287,21,60113.0107,0,1
0.008783655,-1.25192226,-0.941617766,0.375288008,1.003005943,0.178854724,51,55005.53052,1,1
-0.237683317,1.926345406,0.505934306,-0.312846596,-0.52116069,0.348407218,56,73839.22959,1,1
0.07660907,-0.657958128,1.031018217,-0.360301519,1.723093446,2.836412011,36,55114.67161,0,1
-0.511763558,-1.310912007,0.874587646,-0.914906605,-1.298822379,-0.317858739,60,52431.07265,0,1
-2.104749506,-1.742053942,-0.258800864,0.725096855,0.164143665,-0.711268049,62,70043.42593,1,1
2.042177911,1.075103454,0.361252283,-0.360107817,-0.239163034,0.350933609,69,48299.65708,0,1
0.155324999,-0.341304515,1.671659437,-0.769845904,1.347090893,-0.924762587,48,77508.50555,1,1
0.398147265,-0.253709735,1.070882292,-1.285555167,-1.473647181,0.409576889,66,62405.98884,0,1
-0.05790775,-0.159201712,-0.784162742,0.392154358,0.425634758,-0.053488455,48,83534.82998,1,0
-0.735116801,1.012942885,-2.546005065,-0.508582979,-0.244231632,-0.753817654,59,59101.47337,1,1
-0.185924481,-0.179529834,0.296772507,-2.012675314,1.52914095,0.494383934,65,74223.9138,0,1
-1.599394762,2.344053779,0.798568127,-1.20326879,-0.828558681,0.108321369,37,35412.64227,1,0
2.277086498,0.133760574,-1.089224492,-0.233596936,0.415318262,0.760320439,65,79231.40823,1,0
-1.234511998,1.061784767,-0.008789522,-0.205537665,-0.83819154,1.652453374,37,70339.3571,1,1
-1.031966284,0.805239858,-0.263699066,-0.24354225,0.188062177,-0.501643079,49,50318.03738,0,0
-0.440259204,-0.03644732,0.104286322,-0.382756112,-0.369364873,-0.411508044,37,72973.93721,0,0
1.288075725,-0.586970986,-0.544696287,-1.475853723,-0.385229755,-1.34564742,33,40992.46668,1,1
0.014508999,0.331963929,1.290510998,-0.874548524,-1.987435305,0.521030275,36,52540.02853,0,0
-1.236135796,0.510098731,0.147968881,1.183776986,0.414584064,-0.644751547,48,47233.66259,1,0
1.254338361,-0.572586048,-0.879016886,1.036228127,-1.082239137,0.345527983,30,73799.94432,1,1
0.731000627,0.166338866,0.917462154,0.577951782,-1.116679615,1.165473221,37,78724.93444,1,0
0.538434957,1.236204978,-1.264187596,0.489502604,-1.555283406,-0.684398434,60,53265.74255,1,1
0.715734241,2.069947739,1.284494378,0.904755908,-1.056049358,-0.474282807,29,40928.71117,0,1
2.394361901,0.85436932,0.991059424,-1.120794737,0.500479766,1.014512666,66,45346.8842,0,0
2.185094895,1.862759686,1.389775295,0.032928367,0.451173288,0.707422833,64,61381.08935,1,1
-0.686715343,-0.629374211,-0.158246372,-1.120267151,0.663710961,0.601483579,43,60439.22312,0,0
1.623884993,0.701882252,-0.49611398,-1.10291447,-1.026980893,-0.391386866,52,54898.6478,0,1
0.38316819,1.338519509,0.084021761,0.368064938,0.214781626,-1.436069631,58,47554.45789,0,0
0.499095816,-0.896333333,-0.084436786,0.946750439,-0.615383533,-0.711833878,27,84426.37421,0,1
-1.692270832,-0.485590112,-0.652736286,-0.193849134,0.954729688,-1.009480515,29,50699.98677,1,0
-0.170385765,1.737904762,-0.553623314,1.649000432,0.426013955,0.581546314,41,47507.24522,1,0
-0.81282359,-0.975098856,-0.366372847,0.211784327,-0.656518327,0.284521537,26,77209.91045,0,0
0.828058815,-1.341130033,-1.170003686,-0.776785532,1.040575535,-0.598616925,22,55762.68852,1,1
1.0710805,1.527981574,0.67796329,-1.086728552,0.507344341,-0.427875528,48,67678.77022,0,1
-2.074486351,1.196763225,-0.052297138,1.018131484,-1.387002827,0.475649659,51,46872.50543,1,1
-0.022034864,0.432120244,-0.308378469,0.128459116,-1.671522181,-0.319331134,62,67591.2475,1,0
1.121861505,-0.045710755,-1.110354161,0.676047378,-1.347685821,-0.581146709,28,71027.90913,0,0
-0.186678962,-0.438524506,-1.160372978,-2.65796326,1.649181717,1.978591129,26,43255.56896,0,0
0.729063645,0.281948874,1.935914051,0.244672034,-1.015462626,-0.549624195,39,51988.89319,1,1
0.351165468,1.579806957,-0.627257463,-0.511774188,1.876140208,0.668639679,57,46427.48081,1,0
0.341660232,0.238566126,0.610528394,-1.393759536,-1.067318583,0.392575677,64,52079.6115,0,1
-0.271314978,2.166959267,0.16263447,-0.062682343,-1.173865055,-1.523255932,45,84016.18793,0,1
-1.216580804,-0.897941986,-2.775188461,1.091813534,0.879952481,-0.678993883,33,63853.40743,1,0
-1.121530147,-0.019680754,1.792450823,2.266228286,0.925523311,0.819121707,27,89220.44982,0,0
0.709352514,-0.373058668,0.684083979,0.242152407,0.555825174,-0.131482786,51,82241.62712,0,1
0.019458256,-1.085141543,-0.767670154,-0.70914659,0.676110294,-1.464939579,32,76963.35204,1,1
-0.138512245,-0.153083733,-0.028366504,-0.769502557,-0.801621775,0.394488195,35,81815.70741,0,0
-0.423890042,0.417329302,-1.149183367,0.963132362,0.833003195,-0.582304645,62,77398.95064,1,0
-0.305188845,0.52423018,1.826220478,-0.996874119,0.239996672,0.435892175,48,85567.78599,1,0
1.046911794,2.170452179,-0.907657708,0.62242738,-0.36527539,2.687774658,22,68169.9076,1,1
-0.335244082,0.46446747,-0.523083997,0.29368119,0.094619898,0.38243907,68,70294.83646,0,1
-1.341064713,1.150136804,-0.729561078,0.183101392,1.060645818,0.612173016,50,69868.93703,1,1
0.743651776,0.066094246,0.0803794,-1.56811859,0.391850603,-0.253994529,46,53408.034,1,1
-0.204876664,1.6780556,1.3703165,-0.356958202,-2.157802093,-1.119587658,20,72692.68546,1,1
0.031395866,2.398449286,1.789374449,-1.458157791,0.891227871,1.02392492,40,78867.05458,0,0
1.607578306,0.531085131,-0.398996144,-0.588247401,0.814638713,-0.605839286,27,50993.81595,1,0
-0.020560557,-0.992659015,0.378258982,0.917138662,-0.37906468,-0.229181701,64,47141.38714,1,1
0.289183673,-0.548805023,0.081905413,1.231057903,0.116748293,1.793475536,49,51734.75531,1,0
-1.178923491,0.281934303,-0.981609264,0.213948649,0.112739751,-0.337707759,65,80351.08282,1,0
-0.219669452,0.456498035,2.422555575,-0.570340512,-1.979459576,1.215328132,44,56443.20923,1,1
0.609526045,0.698425134,1.362759562,1.588099332,-0.401670309,0.387478118,53,43437.98722,1,1
-1.555373734,0.460197681,0.18911585,-0.583590634,-0.362977078,-0.553091039,41,44421.97672,1,0
0.200845093,0.006984916,1.581876093,-1.135686492,-0.158726869,0.341407313,37,46442.56583,0,0
0.100791073,-0.636198441,1.212106713,0.696482968,-0.525847764,-0.716421349,20,49306.91569,0,1
0.041287456,0.401138261,0.081861341,0.457734043,0.662841769,0.904725109,22,39015.74626,0,1
1.037158899,1.854987357,0.325963605,-0.542575911,-0.809128899,1.247093828,20,69084.20857,1,0
0.334438515,1.019928605,1.512126142,0.10022523,0.910077166,0.049007129,57,57159.97334,0,1
1.478071898,0.53470395,-0.946153581,0.442159989,0.615742083,1.342476427,23,68016.77159,1,1
-0.993589516,1.029566924,1.673690697,0.203678841,1.360418388,0.160073747,32,30000,0,0
0.135924567,-0.371064029,-0.225112561,0.458938955,1.733799034,0.914513098,23,76086.36987,1,0
0.084466786,-0.508265146,1.524676743,-0.505714862,1.740451821,2.951196598,40,58768.29328,0,0
-1.069254494,-0.747785104,-0.005226597,0.526245044,-1.185617964,2.475115746,47,67500.2152,0,0
0.956295002,-0.125286623,0.337606222,0.017557838,0.344185836,-0.182552163,56,82819.88538,0,1
2.324673306,-0.422005897,-0.034308357,-0.471810522,-0.717786256,0.293505019,57,65517.73601,1,1
-0.017006074,1.208274741,-0.531843623,-0.245884762,3.28029959,-1.053955979,65,91674.04561,0,1
0.505021088,-0.475323418,-0.270054898,-0.097901836,0.614071359,0.798645609,38,31804.13612,0,0
0.084518476,-0.802721716,1.379111403,-1.445378337,1.41631199,0.389216757,62,55236.55013,1,1
-0.71358467,1.942577179,-2.314163983,-0.636659247,0.435369503,-0.774018853,54,32947.99233,0,1
-1.820760278,-0.451375231,-1.238965945,0.064905516,-2.635443086,1.186848492,39,64715.99006,1,1
-0.705773483,0.153528457,-0.725471709,-1.350991035,-0.783565032,-0.26560961,69,61147.53137,1,0
-1.391958381,0.451322825,-1.078344792,-0.619923662,-0.685582941,-0.52090799,19,43617.27778,1,0
1.704102078,-1.136693119,1.50997961,2.384644978,-0.390135278,0.399496311,31,92602.63445,1,0
-0.115109694,1.23548377,1.257676978,-1.129258365,0.3595683,-0.465072704,35,54608.5334,0,1
-0.345919329,0.63711904,0.592031809,-0.383813913,0.501332724,-0.031679527,67,30000,1,1
0.889153825,1.558384012,-0.637804067,-0.833717279,-2.62733644,1.746250713,67,70202.77619,1,1
-1.121751103,-0.679221937,1.335051867,-0.116870004,-0.236919564,-0.614684756,32,70435.15742,1,1
-0.766864038,0.099125792,-1.588129926,-0.814918343,-0.485876121,0.675409483,54,52807.60294,1,0
0.068072269,0.039355755,2.14198264,-0.243243123,1.381038324,-0.583499162,19,71825.45666,0,0
1.028768991,0.263888494,-0.684629797,-0.718547035,0.592244604,-0.973191507,60,45746.3294,1,1
0.501685045,-1.454614749,-0.262035222,1.055127816,-0.183077522,-0.081549112,37,53742.82071,0,0
0.248325143,0.110836379,-0.42934385,0.081637038,0.223680824,2.684426782,27,65905.57851,0,1
0.078117735,-1.426463911,-1.073107414,-1.002972657,-1.687023038,0.781625727,22,73865.0418,0,1
0.400235856,0.358334071,1.925113124,0.840796524,0.661352045,0.462052635,49,56636.82651,0,1
0.201652905,-2.128649125,0.788894631,-0.958266616,-0.395538921,-0.524552016,19,52763.82178,1,1
-1.029972275,-1.851586834,1.215470542,-1.564080189,-0.807378773,-0.38458295,61,59381.75387,0,0
0.046079222,0.818548716,-1.223669272,-0.003042487,1.31423184,-1.483477227,66,30000,0,0
-1.073688659,-0.546838455,0.180937827,1.907264424,0.273580823,1.795035984,22,55806.59109,0,1
0.081082543,-0.987858074,0.521028689,-1.827664129,-0.66543093,0.268910871,38,30291.50625,0,1
-0.480647941,1.270845621,0.270756524,-1.330987922,-0.604393146,0.18194919,35,47375.73625,1,1
2.539381623,0.327626217,-1.160373451,0.752525663,0.36590634,0.203847533,65,38664.06949,1,1
-0.039894384,0.872090196,1.075500021,-0.6423214,0.288171296,2.090149465,57,67923.85114,1,1
-1.404239566,-0.166242072,0.121550083,0.611948567,0.029425051,0.299500509,21,49036.08696,1,1
-0.134180211,2.679628694,-0.954964036,-0.837488907,-1.203356389,-0.192532842,49,78568.53657,0,1
0.519358746,-0.604513861,-1.85525054,0.141962177,-1.05546402,1.799111539,53,32291.51734,1,1
1.673363946,1.744495549,0.606666513,1.744473925,-0.748313978,-0.12965511,21,56347.48809,1,0
-0.5894524,-0.06136604,2.450455734,-1.194589647,-0.196146431,-1.691584104,34,61268.22382,0,0
-1.582427974,-1.654510395,-1.015254273,1.02376081,-0.041311063,-1.527006454,69,67351.08727,0,0
0.816837011,0.482848746,0.17044705,0.679706797,-0.159971026,-0.191709809,59,92303.8692,0,0
-1.380598706,0.314762561,1.110497279,-1.489244251,-0.114244961,0.291638708,50,30499.12238,0,1
-0.436155442,-1.051321814,-1.269652266,0.558900524,1.881245598,0.821945544,39,48636.39492,0,1
-0.257620486,-0.922219277,-0.479956769,0.072806129,0.849250087,-0.918302231,35,89954.79824,0,1
-0.069633453,-0.024697643,-0.860158779,0.09109401,1.188216757,-0.225258682,44,46183.82185,0,1
0.689164457,0.349747815,0.984676695,0.336517566,0.464263992,-0.80965005,32,66626.33482,0,1
-0.683634282,-2.470663283,1.325522569,-0.350365844,0.072402672,1.113714057,42,45903.5222,0,1
-0.273729252,1.053121453,0.159036265,0.070098959,0.40995824,1.282419603,27,39090.2994,0,0
-0.014270353,-0.494497974,-0.841734069,0.241452425,0.225820173,1.958262119,33,47766.94721,1,0
0.149597958,-1.331747484,-0.442790938,0.746057939,0.807978209,0.351535014,21,89664.35792,0,0
0.097827175,0.941066551,-0.630498514,-1.527161033,-0.975140467,1.865295993,48,42501.68808,1,1
0.436005775,-0.023617979,-0.977268862,1.290885896,0.724747095,-0.692902518,49,55526.76517,1,0
0.84383951,1.216165777,-0.102038201,-1.155290343,0.167058669,0.215941825,41,56180.4888,1,1
0.392634116,0.437952263,0.574826484,0.761628464,-1.807087038,-1.060819145,35,73745.12941,0,0
0.453585524,-0.001514503,0.490257444,0.079445099,0.085721687,0.573334075,49,76933.29951,1,0
-1.582223167,-0.152729945,-0.008232365,-1.281156343,-1.306217801,0.284743605,70,61616.30297,0,1
0.050227699,0.482712761,0.057053837,0.52814547,-0.534997673,-2.453846776,45,30000,0,0
0.479507548,-0.413531259,-0.081550795,-0.945406639,-0.15919066,1.109607057,28,46661.52276,1,0
0.728941195,-0.852572589,-1.297211539,1.068795555,-1.507101869,0.855350025,25,42029.71017,0,0
-0.692350774,0.609909123,0.160134897,-0.710834839,-0.053741183,-0.555641663,18,77380.22888,1,0
-0.659039275,-0.144487841,-0.583625585,-1.494986098,0.068468077,0.281217858,19,46184.17613,1,0
-0.574100675,0.033567648,-1.347343219,1.533845105,0.755073732,-1.493741741,38,85252.38698,0,0
0.5364139,1.089379836,0.370705567,0.181323671,-0.45376535,-0.770220506,66,66122.83449,0,1
1.033881055,-0.113876608,-0.611730036,0.867191126,0.274475004,1.66907943,69,77021.96737,1,1
-0.407460107,0.015033926,0.227753921,-0.851471879,-0.095412749,-1.154346485,36,93836.56677,1,0
0.907962314,-0.599649511,0.847637815,-1.891810537,-0.418270736,0.009546318,59,45842.59486,0,0
0.123479809,0.430739934,-0.950238721,1.675202424,-1.670577295,-1.396361002,47,35700.83081,1,1
-0.124285777,0.349827913,0.092121282,-0.006426812,-0.111600307,0.33794522,70,62804.98513,0,0
-0.21138423,0.900775132,-1.810422882,0.491351894,0.744512497,0.562745105,57,74311.14545,1,1
0.746611365,-0.579128837,1.532533091,0.656595781,-0.933716791,0.724130216,42,50026.75008,0,1
0.325577817,-0.45781697,-1.359066497,-0.335391053,-0.217783861,0.467984004,70,60545.79542,1,0
2.275825428,0.792137399,-0.514819662,0.226229548,-0.070487326,1.42683554,26,78255.57312,1,1
-0.852224643,0.252213003,1.338379904,1.593952593,1.102440632,-0.55402827,59,76770.89848,1,1
0.518101702,-0.906218126,-0.234522926,-0.032441229,0.030107824,-1.058274498,69,51273.38727,0,0
-0.52920101,1.306554068,-1.197397686,0.942101316,0.288087375,-0.587172721,45,64070.14691,1,0
-0.869286987,-1.698450568,0.713073232,-1.99124698,-0.008656047,-1.346230816,54,45964.25363,0,0
-0.010867137,0.784284753,0.690532462,1.12376063,-0.492305825,0.078779692,49,38250.57569,0,0
0.137352479,-1.265212036,-0.633186339,-1.522004298,-1.134473918,-0.139621647,58,80373.35368,0,0
2.918173555,1.885788516,-0.524926521,1.009408824,-0.285072097,0.477537342,28,30000,1,1
-0.184145816,-1.544599727,-0.435408971,0.39063122,0.393359304,-1.616241473,67,62864.88464,1,1
-1.130178729,1.152250652,-0.207023961,-0.095920676,0.123076368,-0.013012375,38,54445.58473,1,1
0.273010717,-0.08163436,-1.892971077,-0.099588221,1.47951693,1.214480865,41,68231.40192,1,1
-2.074640038,-0.36660257,-0.181423861,-0.252731093,0.945852037,0.572229445,18,49725.04483,0,0
-0.091956783,0.185396656,1.783914198,-0.820669519,1.240557901,-1.895535876,33,77124.25026,0,1
0.016025282,0.631900339,-0.895969967,-0.205976279,-2.03227661,-0.011708956,69,56666.64819,1,1
0.794600383,-0.904400502,-0.583493593,2.208059078,1.579334252,-0.73277496,41,81771.65095,1,1
0.973622249,-0.815787725,-1.183617663,1.302306711,0.266811595,0.012861885,27,63282.8418,0,1
-0.503569619,0.649604865,0.612161926,-0.871003179,0.408925462,-0.380653172,49,44252.73639,1,1
-0.150614015,-1.707342954,1.203197358,0.267687402,0.896027346,1.739296409,45,68138.46792,0,0
-0.766120831,-0.584229093,1.180317839,0.095979163,0.021317308,0.085713183,67,66263.88191,1,1
-1.128062555,3.040686954,-1.248010589,-0.142293443,-1.070380548,0.316758714,50,58394.84068,0,1
0.309894779,-0.968012965,0.49979173,-1.002777557,1.447407633,-0.044063609,55,48774.62022,0,0
-1.273585549,1.147802792,1.433750034,0.445897985,-0.76822206,0.474450616,39,72909.54955,1,0
-0.414626901,-0.585950769,0.509663108,0.84607163,-0.985717379,-0.216885336,18,45521.67623,0,0
-0.99517396,0.509045145,0.478409683,-0.833898685,-0.234300915,0.773517813,52,47099.7521,1,1
0.549683186,0.654355691,-0.471642579,1.955541417,-0.386003935,-0.391925483,62,67912.09044,0,0
1.801430099,1.128956735,0.220109824,1.522003249,0.003806834,1.376453373,29,56837.71265,1,0
-1.301587983,-0.200253827,1.23631818,0.548165559,-0.09820828,0.496447097,63,30528.48032,1,1
-1.853018483,1.988884639,0.328208968,-1.231719703,1.347129768,-0.152557283,42,45571.67964,0,0
-0.124886885,-0.589336565,-1.248274756,0.401408626,0.459322599,0.842091831,45,66087.71339,1,0
0.015697796,0.234220414,-0.456041674,0.281978002,-0.857796979,0.493030048,34,55953.74476,0,1
0.218659307,0.245276932,1.209279539,0.513155276,-0.720504258,0.827315151,33,58483.52658,1,0
-0.446320515,-1.12196812,0.32474332,1.590464272,-0.388188648,0.085743879,49,63930.66473,1,0
-0.200639299,-0.285872255,0.119062078,-0.175974055,-0.384201005,-0.241187768,62,66844.50856,0,1
0.367510411,0.161513499,-0.554015533,2.04782658,-0.514744137,0.135276182,21,61741.66072,1,1
1.040430893,-0.432121043,1.188599181,0.406504346,-1.101742018,-0.500376609,64,30000,0,1
-1.95504877,2.440923965,1.662412598,-0.290463176,0.290402137,0.979328645,58,59171.65692,0,0
-0.368939439,-0.838623674,1.263189123,2.399377207,-0.455604503,1.469186814,66,52254.89428,0,1
0.213808794,1.179424468,1.442591621,0.8298919,-0.951801459,0.579037518,28,60459.47113,1,1
-0.917976105,0.856459813,-0.358706241,-0.454733887,0.485475195,1.41815761,37,76015.39506,0,0
1.731169632,-0.013862135,-0.500169097,0.084216589,0.847821999,1.126864546,43,43913.07441,0,1
-0.63540988,-0.865209054,-0.156345173,0.635233022,-0.245637098,-0.268251746,24,61053.9581,1,0
-0.041292687,-0.76825532,0.038573242,-0.150861027,1.781486365,0.8357925,48,67155.65348,0,1
0.556022097,-0.517967299,1.43101978,0.133907869,2.215520699,-1.282965894,24,55357.05572,1,1
-0.591284789,-1.785741282,1.165886739,-0.817203604,0.496890153,0.18606878,21,40363.87913,1,1
-1.846573048,-1.003465426,0.538469387,-1.685194531,-0.468810719,-1.182354357,25,41941.55658,1,0
-0.428654527,-1.482476515,-1.431186766,0.106419323,0.268953554,-0.109655904,68,59481.76609,0,0
1.029440556,1.345875003,-1.688021845,0.140027822,-1.224443065,-1.439694796,31,50694.63844,1,1
-0.336895127,0.618462392,0.240462745,0.527119592,-0.871863608,1.094304053,39,31082.69729,1,1
-0.846434301,0.785974099,0.880263206,-0.576189707,-1.682689138,-0.394884133,40,48028.16597,0,1
0.92567221,0.588831952,-0.079567049,-1.340554295,-0.628464983,0.906322553,42,40491.42915,0,1
-0.330774896,0.166967623,1.914904505,-0.96532447,-1.23252025,-0.075520629,53,71225.94413,1,0
-0.510160814,1.460680332,-1.082441044,1.055633757,0.624056732,-1.844204747,70,37735.91197,0,0
0.14945609,-0.610762656,-1.208351949,-0.666611312,-0.749158526,-0.484162118,66,81305.99437,0,1
0.77075021,0.106669655,-0.664280974,-0.442080986,0.276621292,-0.530711658,43,92395.75452,0,1
2.381713532,0.747058828,-0.702297213,-0.312413564,0.747906441,-0.014777498,41,48891.20027,0,0
0.827236108,-1.321209232,0.526285869,-0.619276169,1.171342412,1.508035229,35,50793.40808,0,1
1.159839966,3.096588896,-0.421711852,-0.693210828,-0.353424541,1.673616756,38,74156.42631,0,1
-0.505966199,0.028565763,-1.547840461,-0.871123565,0.310637499,-0.231232158,64,76260.12894,0,1
-1.025868106,0.141989451,0.891578457,1.400656575,0.342501501,-1.260278725,22,52613.6792,1,1
0.06233135,1.256878032,-1.759951926,0.680100683,1.272091382,-0.744108766,32,53403.81176,1,1
0.107169915,0.914955333,-1.071218223,1.247820773,0.783558079,0.479609169,48,53526.05431,0,0
-1.078512741,0.038078019,-1.622706571,1.449339756,1.303344989,-0.108242463,43,47224.64446,0,1
-0.17529453,0.130129438,0.207121277,-2.349879797,-1.664651458,-1.575322447,21,73672.47924,1,0
0.399317602,-1.504148531,0.186047712,0.343454642,-0.66427101,-0.50359259,21,62331.36733,1,1
0.360393395,-0.556465778,1.916454321,-0.586178634,1.031816834,1.311573922,61,49119.87952,1,1
0.504287853,0.517210216,0.913826656,1.116809644,0.580701837,0.292255957,67,60969.21841,1,1
0.29096473,0.443892839,1.441646183,-0.741471203,-0.125045546,0.047291419,36,54325.15366,1,0
-0.507008659,1.22116575,0.288609651,-1.054149756,-0.474049883,-0.388793935,43,97552.36097,0,1
-0.513900627,-0.120501058,-0.976931821,-1.434045861,0.788684545,-0.459957641,67,56267.98119,1,1
-1.198951398,-1.387286513,0.128107602,-0.302674911,-1.979577071,0.543960569,50,71102.93873,1,1
1.784775039,1.056730431,0.592421007,0.914945263,0.792191185,0.142060706,21,66520.54601,1,0
0.013450365,1.436089346,0.703807382,0.256167217,0.090688266,0.771016191,64,57740.29634,1,0
-0.224853056,0.898244573,-0.472412144,-1.202648265,-0.488839518,0.546647279,55,66603.9206,1,0
-0.928792081,-0.163633671,0.488786474,2.15265909,0.502440902,0.019720122,41,63157.35395,1,1
2.935657902,1.044386052,-0.933027971,0.649538639,-0.386049082,0.384209801,48,97301.58509,0,1
-1.073328032,3.428910478,-1.043277594,0.777410116,0.029018735,-0.59253248,51,58543.62905,0,0
-0.428847926,0.115152314,-1.115784711,1.285028827,-0.046245801,-0.048168631,51,30000,0,0
0.415836836,-1.311736692,0.024625989,-1.640215589,0.744529924,1.340950422,19,92835.61189,1,1
0.600212966,-0.58628505,-1.177836355,-0.911434139,0.159181821,0.010710028,60,52355.38139,1,1
0.957932055,0.625476,-0.42474439,0.823011357,-1.909119651,-0.21719055,25,61296.99088,0,0
1.807608508,-1.604804311,0.902916551,-0.810738328,-1.392093803,0.210484429,66,51843.34845,1,1
0.506157655,0.169403075,-1.029129678,-0.275013472,-1.084166203,-1.165570335,38,51016.25716,0,1
-1.0560308,0.38033665,-0.504312034,-0.077740653,0.456544667,0.220848285,29,43220.07191,1,0
-0.256945125,1.53512174,0.071631277,-1.277405389,0.556852422,1.696044016,53,30000,0,1
0.307832373,1.310194856,0.246886902,-0.360817182,1.670357185,-0.808614354,18,49237.6439,1,0
2.068226042,0.864584792,-0.499290591,0.914503217,-1.014430411,0.26705515,59,67713.72532,0,1
-1.397805478,-2.162679011,0.786860069,0.72945389,1.30925297,-0.023494241,56,35303.74107,0,0
1.202576505,0.921053128,0.590452301,1.113014662,-1.937878665,-0.049087395,33,67580.15263,0,0
0.17991437,0.705513386,1.139856604,1.009875874,0.017757957,-0.067127749,66,94796.21012,1,1
0.837830535,0.255944377,-0.081601924,0.405873926,0.2452034,0.714308884,23,64301.93558,0,1
-0.101994717,-1.730222126,-0.512818809,0.326678498,0.241590257,-1.098121341,50,39157.87258,1,0
-0.84243263,-0.776773909,-0.682632022,0.25333076,-0.309595518,0.688673757,60,66037.69708,1,0
0.750872779,-1.16682277,0.307027518,-0.627047167,0.117895592,0.069134463,30,74364.1714,0,0
0.654431027,-2.01500844,-0.377155783,-1.029944724,-1.235219571,-1.76272264,62,79563.44737,1,0
0.972056966,-0.002915151,-0.569169778,-0.689597346,0.865161487,0.379838247,26,62815.48818,0,1
-0.013304635,-0.797822121,-0.448287264,-0.326029317,0.249790433,0.11391989,52,69066.58732,1,1
-0.599822023,2.62530558,-0.683690485,-0.655825945,0.362233413,-0.871753798,45,72753.13693,1,1
-1.558786995,-0.168771939,0.199021113,0.413831738,-0.279016462,0.160571609,51,69034.01134,0,0
0.819373268,1.293753156,-1.412583183,0.201895216,-0.327979625,-1.31626482,49,64775.24363,1,0
0.423889482,-1.569099025,0.303016292,0.309323499,0.524730894,-0.684703756,18,50417.23322,0,1
-0.965782633,-0.530089586,0.67654876,0.351408066,1.58997385,0.036975667,56,74316.32226,0,1
-0.538573673,0.096897876,-0.580879138,1.195663938,-1.393631091,-1.685617437,42,51962.6374,1,1
-0.466758812,-0.908153949,1.92203694,-0.008572892,-1.444070175,-1.151385078,69,99037.20893,0,1
-1.482984432,-0.422200685,0.017621311,1.008369434,0.266205312,-1.001881559,27,50402.6626,0,0
-0.817682397,-0.217950906,-1.561342983,0.516585358,-0.332200086,0.079172483,19,72038.72265,0,0
-1.133830357,-0.233907985,-0.281242906,1.129633537,0.124105772,0.441339085,21,40837.33137,1,0
-0.412479012,1.855118573,0.062656145,1.614629834,-0.023789315,-0.892802456,42,52848.99195,0,0
-0.738697498,0.378226285,0.448967556,0.57664958,0.622009368,-0.948930983,33,51161.71359,1,0
-1.627004921,0.479510563,-0.257430524,0.10376825,-0.28616343,0.13811211,57,39491.02021,1,0
2.022590231,0.539654774,-1.011570276,0.097307817,-1.20821179,0.111149899,61,51383.86497,1,1
1.252540731,0.612626377,-1.094980618,-0.47016608,-0.789853961,-0.700238738,22,65405.63735,0,1
-0.779019422,-0.082886984,-0.653599285,-0.503772147,-0.160451655,1.828720323,40,56288.91799,0,1
0.272421397,-0.320746371,-0.557775363,0.902117163,-1.254970469,0.184391175,37,77894.51055,1,0
0.41746509,0.16681606,-1.134974165,-0.963670292,-0.036853907,-0.170165077,20,46028.8013,0,1
1.191085855,1.156803949,-0.732813161,1.614772636,0.060754656,-0.386090463,18,70459.85338,0,1
-0.818605027,1.126238188,0.659458524,-0.151723253,-0.3578036,1.008831954,63,51111.37665,0,0
1.092106784,-0.240398476,1.648412608,2.862077893,0.209222134,0.545044396,68,76937.65755,0,1
-0.547905304,0.767843695,0.755461714,-0.693115427,-1.614278581,-1.73764447,42,71750.5311,0,0
-1.335862404,-0.194584663,1.305861086,0.25018892,-0.953184339,-0.695811157,33,75195.0561,1,0
0.724136559,0.033870549,0.974118468,-0.35184927,-1.142698886,-0.446786208,58,57579.48376,0,1
1.290758424,-0.473523382,0.833130328,-0.793084092,0.879856738,-0.011951151,22,79940.35417,1,1
2.587908974,-0.181645139,-0.337796263,1.063800351,2.306164003,0.627134911,53,35100.49415,0,0
-1.199725265,1.34133007,0.140910878,-1.105554194,-0.88081958,-1.070151987,23,66694.29283,1,1
0.698919685,0.092421147,-0.420619342,-0.676074507,-0.235242237,-0.07940748,29,62073.36844,1,1
-0.409801244,0.135282509,-0.219107162,0.586319709,-0.693429243,1.699266584,63,72509.80752,0,0
0.783358711,-1.447217779,0.0681671,0.744960811,0.221225241,0.029060402,40,58863.94551,1,1
-1.470489551,-0.309243908,0.713566152,-1.391885421,-0.608408649,-0.69429543,63,45239.25174,0,0
-1.262769776,-0.241314904,0.423323382,0.581676885,0.282779877,-1.334211795,55,43622.29983,1,0
-0.775874823,-0.829143485,-0.161829263,0.128899913,0.665026617,-0.486902125,22,59822.85646,1,0
0.078964046,0.021665412,0.055538741,-0.917723358,-1.223824938,-1.078748302,19,56098.25367,0,1
-0.641081267,-0.42918229,0.433463674,-0.788881535,0.271514316,-0.394600077,20,72853.87083,0,0
0.659054344,0.079995855,0.667394438,-2.033451428,-1.794056023,0.542183638,58,74307.63404,1,0
1.026894618,0.12150301,-1.518995163,1.717444428,-0.256533964,0.036959024,24,60717.40618,1,1
0.599577541,-0.955754358,-1.077388964,1.015420415,-0.323680425,-0.480015249,43,60385.01295,0,1
1.61878764,-0.398701782,1.107310534,-1.28914501,-0.229137051,-1.790682926,29,75969.18562,0,0
0.415826629,0.077374283,-0.06086957,0.798907673,-0.312060456,0.831995007,67,56325.90003,1,1
-1.21689671,1.184299431,-0.424076593,-0.574022344,-0.494927121,-0.352482047,62,56937.72836,0,0
1.363376514,0.256719173,-0.263499473,0.914810536,-0.265782178,0.107986711,18,40158.88465,0,1
-0.605156236,-0.66193518,-0.263705306,-0.496073569,0.238137692,-0.911735679,18,73178.50024,0,0
0.9104185,0.399004759,0.557937782,-0.363354095,0.266257207,-0.408956357,50,58652.7998,0,0
1.573734217,1.707548889,-1.108016394,-0.288347268,0.115199345,-0.579915389,70,77052.81453,1,1
0.456688011,0.916706473,0.024777746,-0.657355342,-0.573597424,-1.33391881,56,41894.80186,1,1
-1.496158813,0.54752653,0.246117729,1.399271375,1.080336648,-0.907964522,70,52628.79273,1,1
-0.918212167,0.725590175,0.396267917,0.898526993,1.525355084,-0.014707348,26,74191.12659,1,1
1.322744467,1.439954041,0.222863996,0.109948538,-1.288414315,0.298572519,18,64892.85237,1,0
-0.169122686,1.075626794,0.51590623,1.024568164,0.164269156,-0.683933657,32,42253.0537,0,0
0.079573535,0.566760381,-0.572696151,-1.627071715,-0.468141933,-1.202699207,42,73838.38809,0,1
0.758824416,1.06864222,-0.941802732,-1.228458779,0.925598053,-0.356438047,61,40428.08329,0,1
0.696322862,-1.081651096,2.457004443,0.474554762,-0.012594201,0.779629222,53,72419.40466,1,1
0.278799812,-1.502265252,-0.301264685,0.735536556,0.053177948,-0.939152569,27,45305.24311,1,0
-0.208668371,0.157098651,-0.184454471,0.279407546,0.494967823,0.012882127,67,78172.13284,0,0
-0.312668446,0.06868071,0.677840098,-1.882694675,-0.297538959,-0.660439415,48,61693.35638,0,0
0.857898825,-0.543910054,1.596089292,-1.062334524,1.677481077,1.128510491,68,65160.76757,1,1
0.553569531,0.82585267,-0.544528117,0.416591867,0.509739728,-0.506605791,37,58784.36177,0,0
-0.257300001,-1.862863586,-0.998815268,2.426472289,0.931607495,0.662006099,22,61315.13302,0,0
1.082112313,-0.534772256,-1.242153351,1.217912665,-0.220555596,1.015068497,45,61244.40802,1,1
-0.129034115,-0.484955545,1.593106222,1.577304298,-0.122855662,1.541480641,51,70584.91685,1,1
-0.851662174,-1.636301785,-1.038106986,0.339725422,0.81162486,-1.353312139,56,59055.47588,0,0
-0.758970699,1.494731007,-0.027555937,0.332490981,0.711182268,-1.398110319,55,81934.62627,1,0
-0.978740836,-1.359201269,-0.977284832,-1.033485467,-1.248668532,1.165219463,33,48957.92885,0,0
-0.272410017,-0.588340057,-1.448355918,0.951822053,0.127632596,1.001483972,32,72909.88813,1,1
1.233724278,0.907979758,-0.292375353,-0.073181703,0.473837946,-0.616927462,58,68462.62958,1,1
-0.805095181,0.646045343,-0.937786666,0.692732375,-0.130300625,-3.236993693,56,78501.00612,1,0
0.188475761,-1.108174696,-0.691628425,0.030686353,0.378927566,0.080887119,59,61813.82346,0,0
-0.656689346,0.682489209,2.006105097,0.279118425,-0.087994248,-1.517497758,43,64941.36319,1,0
-0.260309041,0.289784479,0.424896104,-0.087728116,-2.246750944,-0.827699477,47,64771.4286,1,0
-1.510041212,2.333035562,0.93146952,0.224624698,-1.31089144,0.181192448,19,41761.1757,1,1
-0.220538229,0.403940416,0.824659563,1.000076558,0.974984434,0.315643308,20,65907.40229,1,1
-0.19370538,-0.141241821,-0.100860923,-1.266229529,-0.24438025,1.581314716,36,109048.6011,0,0
0.540287944,-0.856501957,-0.439718359,-1.492922426,0.189690995,-0.372736559,41,84137.5637,0,1
0.223280913,-0.744243367,0.248934612,0.425864578,-0.003656803,-0.976302593,20,48301.74293,1,1
-1.198392125,-0.825769095,0.16845077,1.440574298,-0.825298299,0.917291979,57,32992.19577,1,1
1.084198244,1.371098814,-0.568805417,1.692744617,-0.467078472,0.377070563,22,60782.76227,0,0
0.21030304,0.017969915,0.12984783,-1.224410218,0.328949477,-0.363131933,49,76249.91765,0,0
0.198393517,0.565247124,-0.706329707,-0.402873835,0.430996136,0.031760494,69,59420.27989,1,0
-0.009182353,1.5142476,-0.171457931,-1.479215254,2.18840947,-0.378033671,48,88337.94872,0,0
-0.517757447,-2.358464142,-0.335283475,-0.550611626,-0.477742179,0.692036195,29,48296.27633,0,1
0.21780234,1.278873765,-1.268872593,1.122848095,1.670639158,1.68793949,60,63374.58941,0,0
0.475588436,0.055396912,-2.351158213,-0.012891784,-0.860414883,-0.725490115,53,58370.62819,1,0
-1.746895691,0.435048372,-0.93906325,-0.37387408,0.488600194,0.420891331,53,70971.20998,1,0
-0.538760837,-0.828403222,1.804104665,0.545085756,0.17787262,-1.529756528,48,71998.79737,0,0
-0.25494697,-0.755124398,-0.309681782,-0.79505209,-0.125865551,-1.072559831,50,77829.52324,1,1
0.256170606,0.48884589,0.775968161,1.592978365,-0.005658452,0.562557552,24,58140.9876,1,1
1.193311006,2.3845978,-2.124445143,0.007284972,-0.622614992,-0.070400852,43,78866.88431,1,0
-0.771740815,1.003313313,-1.008286068,-0.401794243,0.903904555,-1.109166457,43,65174.73421,0,0
-0.497961847,1.265522921,-1.354489617,0.586849235,-0.842615041,0.008761536,37,80395.79612,0,0
-0.512534111,-0.19200127,-0.20230001,0.93928616,0.31752592,0.878913014,51,82494.68841,0,0
-0.80152759,-0.600204225,2.421955481,1.59597524,0.755858334,-1.446926818,50,60274.59214,0,0
-0.347186495,-0.780804952,0.460238943,-0.209968906,1.384203093,1.746536497,36,49891.47998,1,1
0.77080222,-0.488273725,1.695612533,1.086056523,0.971769469,0.573028051,34,63055.22293,1,0
-1.053835495,-2.052782433,-0.254436728,0.101211612,0.572429446,0.592963418,60,74859.65981,1,1
0.427814395,-0.724919343,1.364869374,-0.611380021,-0.637731963,-0.001345255,54,37424.33565,0,1
-1.70190223,-0.560353156,2.073256707,-0.776811529,-0.785775152,1.747128232,23,52577.48069,0,0
-0.561337996,-0.175358174,-0.109369066,-1.096983444,-1.138578885,0.962322909,39,70238.9355,0,1
-0.3294893,0.13175011,-0.539264711,-0.741693999,-1.234265569,-0.367576002,55,30000,1,1
1.674859673,0.362450869,-1.317810937,1.115706622,-0.001404038,0.757389677,34,44487.57278,0,1
-0.274802305,-0.014925372,-0.309060259,0.706709602,-0.727416702,-0.733140529,37,50804.59605,1,0
-2.201243473,-0.581443086,0.081896675,-1.241211656,1.199225634,-0.280248322,59,58747.68075,0,0
-1.998888907,-1.963358643,2.030953617,-1.74639092,-0.578961592,1.466633736,59,55172.84825,0,0
0.034029586,-0.575308608,-1.294973974,-1.112293156,0.094255837,0.387583404,58,55456.53863,1,1
0.613770856,-0.972450638,0.059661894,-0.776736208,-0.264643768,0.661523627,43,40033.50603,1,0
0.375455858,0.466066748,-1.814308121,-0.303265711,-1.403857437,1.169625088,45,86546.46961,1,1
0.167570106,0.909287397,-0.426762829,1.172863523,1.089440832,0.548223237,67,50881.88966,1,1
1.162259598,0.938571067,0.311395357,-0.547716859,0.695482085,-0.81117835,62,31454.63681,1,1
-0.539591221,0.756952736,0.512583153,1.68049996,0.810522089,1.661281289,25,77028.78539,1,0
0.894910556,-0.133525735,0.58902308,-1.680199892,0.59494666,0.51614731,60,48373.70055,1,1
-1.632014885,-0.521955565,0.397404033,-0.348632521,-0.759485035,0.586797077,24,41818.57495,0,0
-0.904947833,-0.747102754,0.58042194,0.785548669,-0.740048965,0.055875845,24,70170.10882,1,1
-1.807041395,-1.507498917,0.045739129,0.847205252,0.451987641,1.110760479,46,52217.2099,1,1
-0.274845301,0.991853701,-1.047866306,-0.335713956,1.542919566,1.914956308,20,62527.29743,1,0
-0.046261217,-0.174711038,-1.851656964,1.001753434,0.385978898,-0.375343092,33,50496.64017,1,1
0.114101492,-1.246340294,-0.546687822,0.812196443,0.978466677,1.065415025,30,53056.00999,1,0
0.061883353,-0.826491376,-0.134615433,-0.682114659,-0.525872332,0.034372702,67,45111.3706,0,0
-0.927553331,-0.866973456,1.253931797,0.314928468,1.09785091,-1.998107375,35,41789.75658,1,0
-0.190240844,0.043024485,-0.100601675,0.703613284,-0.419468392,-1.404055007,61,112073.2422,1,1
-1.497446669,1.067467851,-0.196569034,-0.610534768,0.240159271,0.424291407,30,47580.20103,0,0
1.363228975,-0.34798955,0.385527127,1.69432545,-0.366161095,1.010354824,48,38057.66166,0,0
-0.303626073,-2.252533515,-0.270011987,-0.835361947,0.889156174,0.609075456,20,76956.88247,1,0
-0.488886119,-0.189180335,0.810541999,0.144092883,0.902761989,0.769098565,47,63997.7497,1,0
1.588940328,-0.1561939,1.979333618,-1.249777316,-1.47678108,2.589605672,20,60261.1883,1,0
-1.242246534,-0.224920231,2.190785514,0.103360199,1.325297834,0.528383489,43,52681.27305,0,1
-1.125587114,-0.627461166,0.097040627,-1.067073216,2.376409193,-0.264922248,19,53902.1378,1,0
-1.096220325,0.217439081,0.336892365,-0.294129141,-0.355332683,-0.126644554,56,55539.25369,1,0
-0.067871382,0.066141115,1.57885612,-1.586597561,-0.126801572,1.635001734,51,77048.04781,0,0
0.43163163,-0.024830314,-0.149962023,0.7998134,1.239429794,-1.269189012,55,56274.52882,1,1
0.739675468,0.412641361,0.679192142,0.35628005,0.066767455,1.237959557,30,77159.58301,1,1
2.571995317,-0.429832823,-1.13516013,1.087410554,-0.00397431,0.016167744,28,59195.01125,1,0
-2.249432454,-0.48658567,-0.310839148,-0.347805165,1.896968734,-0.831579408,54,56922.81905,0,1
0.608735589,1.38012329,1.156114617,1.133847367,-1.354297161,-1.450149093,24,44679.92438,1,1
-0.557130573,0.55935541,-0.718195634,0.039279645,-0.78896313,1.480593677,60,92170.89765,0,0
-0.586415149,0.826946061,-0.128051179,0.113167459,0.417822994,-0.857362112,44,60224.67023,0,1
-0.619772128,1.226104585,-1.574209646,2.114053325,-1.619544594,0.062361964,24,59981.66941,0,0
-0.908769671,0.525944181,2.005768295,-0.484675965,-0.373009183,-0.97475017,25,87883.03177,1,1
1.684524835,0.928388679,1.26302807,1.227459031,-0.38216563,1.965859893,53,66247.59187,1,1
0.842297327,-1.579345162,0.188099566,0.479684941,0.96177382,0.098173026,59,67908.33071,0,1
0.023195979,0.204153872,0.507512872,-0.571904892,0.692853035,-1.346379119,46,60895.95755,0,0
1.351015752,-0.182718462,0.395898107,-1.31569089,-1.683227249,-0.428815553,38,48388.52705,0,0
-1.512528965,1.677684091,1.384311753,-1.03308505,-0.693123342,1.393135224,43,78251.39651,1,1
-1.330705131,0.927645532,-0.518800042,1.130674798,-0.690056284,-0.976831542,37,38754.69696,1,1
-2.177967732,-0.630445191,0.73226762,1.734399527,-0.216575877,-0.36143127,46,45348.89185,0,1
-0.69941454,0.372794159,1.077416499,0.091439903,-1.09754719,1.187152317,32,48344.29763,1,1
0.161698527,0.167681333,1.21532597,0.143881763,0.451647942,0.342290873,40,63768.87813,0,1
0.102858578,0.454331433,-2.259370884,0.776453433,-0.694187069,-1.219457897,32,59762.43678,1,1
0.149341911,-1.018842469,-0.599274478,0.073302029,0.588621936,0.223352224,68,32059.64715,1,0
-1.411056831,0.360016465,-1.019170621,1.099700038,-0.002854244,-0.152750082,27,94760.97752,1,0
0.803154743,-0.228151349,0.149588286,0.291622251,-0.973075139,0.052414883,19,71397.50815,0,0
0.239627518,0.282449764,-2.01603022,0.135541314,1.388277303,0.946557749,65,52635.31139,1,1
0.733054281,-0.724385165,-2.045622891,-0.699212847,1.417726634,0.240585262,69,66500.01854,1,1
-1.892762178,-0.585063171,2.170094992,-0.945267079,0.290345315,-0.092782455,47,66704.81266,1,1
0.311490859,1.17384202,0.617689388,-3.159088014,-0.239206213,-0.141909851,54,55047.92369,0,0
-1.18776524,-1.051547558,0.121009243,1.2341168,-1.056292813,1.076804122,44,65907.92875,0,1
-0.397323253,-0.977754401,0.363672648,-0.146607055,1.07111337,-0.720345833,34,66084.08411,1,0
0.534364899,-0.051581257,0.146340924,-0.400397345,0.822639535,-2.167907422,20,76371.2932,1,1
0.091093606,-0.771890375,0.997350657,-1.951707296,-0.813995945,-0.225294989,25,61035.91132,1,1
-0.85153998,-0.885028632,-0.632444192,-0.640112766,-0.686812734,0.37826394,60,64824.54702,0,1
0.006273156,0.105075971,0.186614826,-0.771686458,0.456920464,-0.416361886,54,56866.99358,1,0
-1.531535315,-1.505065857,0.227421268,-0.794773087,-1.175443747,-0.525347202,66,53498.68733,1,1
1.150267396,-1.007962235,-1.046857958,0.332836143,-0.625686424,-0.364247668,21,48457.32826,0,1
-0.205284019,2.054095583,1.276983059,0.122248553,-1.040565665,-0.024555671,41,47939.36354,0,1
1.118549944,0.459475059,-0.44567674,-1.361295934,-1.00833401,-1.298293397,46,53027.3046,1,0
-0.526531687,-0.746563352,1.01742167,-1.2978411,-0.720064494,0.661383088,25,56462.03519,0,1
-0.523575988,0.418215078,0.114912726,-1.299678552,0.906004155,-2.662335637,51,75088.37884,1,0
-0.764186787,0.567330477,1.633584832,1.810526088,-1.75454648,0.540007019,65,54310.65808,1,1
0.876173932,0.99441442,-1.041379089,1.492722629,0.43348428,0.31329999,26,55010.83817,0,1
-0.709431157,-0.127156029,-1.084758802,-0.852298999,0.257947333,0.497025829,34,55614.37438,1,1
0.644595432,0.976497703,-0.905695591,-1.97659432,0.968343764,-1.92842674,27,59281.47339,0,0
-0.382452398,-2.038446525,0.133295551,0.128044243,0.257048987,0.292829752,41,85472.71904,1,1
-1.9759633,-1.05630813,1.541468396,0.046940116,-0.378839325,-0.542500902,62,54312.84526,0,1
-0.570314068,0.163871402,1.593093618,0.316916987,-0.815309725,1.602190378,39,68416.67373,0,0
-1.179108214,0.329633533,-2.3099686,0.741373892,0.990411674,0.361720777,34,65245.51024,1,0
0.033902724,-0.911782288,0.249707161,0.451703953,0.496948084,-1.176728683,48,60931.11148,1,0
-1.190407736,0.259419991,-3.212953611,-1.116439532,-0.493135659,-1.6905066,61,45628.32511,0,0
0.925975101,-0.623840249,0.795031794,0.294041087,0.908911724,-0.614771114,26,67854.97918,1,1
-0.09107586,-0.276959094,1.118169415,0.853823575,-0.445878215,0.811561325,32,31115.44465,0,1
-0.177595995,1.024773801,-0.040244275,-0.724001723,-0.000941865,1.152455659,59,44691.68324,1,0
0.655892138,0.908937497,0.083981577,0.299956469,-0.604483709,0.181397737,68,51875.98536,1,1
0.963906934,-0.997060327,0.073638893,-0.552780717,0.533841904,0.080031089,47,56632.05831,0,0
-0.020098752,-1.057251462,-0.784441919,1.996169721,-0.99419135,-0.332045636,34,61261.06698,0,1
-0.7712003,-0.411173396,0.431705785,-1.326827139,-0.298588688,-0.021355288,24,80868.42192,1,0
-1.773969616,-0.026746301,-0.231408002,1.155948937,-0.654553783,1.215723919,63,69452.53079,1,1
-0.686049757,-0.657898489,0.930291709,-1.670812761,0.263711962,-0.346622422,62,62533.04096,0,1
-0.617212247,1.040642443,-0.113626935,1.793052685,0.388487918,0.658800925,43,54961.12951,0,1
0.107057453,0.347389842,-0.861023106,-1.141549067,-1.104160927,-0.528418359,70,55119.34656,1,0
-0.345146881,0.40608511,-1.535864671,0.189671544,0.406431389,1.013274335,19,42982.43092,1,0
0.687932972,-1.266538829,-1.864064825,-1.629193187,-1.476723384,0.578722971,65,30000,0,0
-0.612983271,1.167290717,1.312509344,-1.349981117,2.191973171,0.972119456,46,40870.80692,0,0
-0.057041167,-2.820168822,-0.457789353,0.897747048,-0.511473069,1.882118897,66,77562.65933,0,1
1.183987443,0.834055452,0.33857419,1.028162311,1.049260665,-2.58198614,23,49324.29962,0,1
0.341825214,0.934311738,1.783229892,0.239358932,0.201166393,0.753770495,50,52129.51477,0,0
-0.060037542,-0.432401187,-0.562804331,0.741081665,0.241795501,0.469126953,55,75315.71195,0,0
-0.601944442,1.272910217,-0.627477484,1.044878743,-1.166073926,0.447497823,18,30000,0,0
-0.633231397,-0.063097553,-0.132161752,-0.684176864,0.843440859,0.240590805,27,51209.82139,1,0
-0.850613253,0.062431703,0.0294327,-1.398961434,0.048647132,0.239882243,69,43531.15785,0,1
-0.541006866,0.339528787,1.88755135,-0.013703386,0.470139689,0.336366513,48,64403.67423,1,1
0.755665839,3.186574912,1.565820594,-0.577201186,-0.090714323,0.905994843,41,68353.49667,1,1
-0.221888271,1.344433908,0.620875416,0.38862148,0.130043063,0.826295886,25,68597.40334,1,0
-1.349773069,0.701131201,1.449413769,0.548028612,-0.887171594,-0.024958585,45,82623.27392,1,0
1.768169293,-0.912804487,-0.178219013,-0.681650791,-0.152891077,-0.187476488,45,68309.93142,0,0
0.319965191,0.143589825,0.299164567,0.704108543,-0.419889208,0.020153546,65,63734.09665,1,1
-1.406943401,-0.813124094,-0.301513645,0.654138376,-0.705571198,-0.412875993,61,96500.80514,1,1
-0.441848927,0.822110847,-1.290368383,0.723317579,0.13452574,1.780234651,68,30000,1,1
0.110886383,0.140466976,1.203874742,-0.407792377,0.363386956,-1.270763833,63,93010.6325,0,0
1.704592093,-1.12452168,0.531698734,0.779922165,0.25077201,0.749789878,25,86129.01988,0,1
-1.108112458,0.081124583,0.018073473,0.520002281,-0.102260795,0.743840389,46,57773.30425,1,1
0.976040719,-0.84941747,-0.002467849,0.640184645,0.411109055,-0.530391591,36,49394.36333,0,1
1.399486427,0.151216221,-1.506214871,1.677788563,0.242164212,0.296050715,46,50125.59643,1,0
-0.628654305,-0.859077316,-0.977475333,0.32777419,0.097527204,1.262959462,32,55672.05447,1,1
-0.277513619,0.027487633,0.33615317,-0.606962224,0.16615102,-0.330025733,48,77945.34777,0,0
-1.036309247,0.750469862,-0.529112667,-1.110454531,1.18300299,1.311934849,22,30000,0,1
-0.203461141,-0.053051992,-0.217713041,1.12793616,-1.205073561,1.118235255,66,90146.03025,0,0
-0.036589974,-0.390888267,-0.104656065,0.357307676,-0.31859617,-0.709860103,45,59986.01552,0,0
0.659649998,0.203276221,-0.682468769,1.670021988,0.338174609,-1.108060826,63,77651.91891,0,1
1.090183471,0.697182621,-0.96791832,-2.029552191,-1.582735902,0.165432218,32,41555.98527,1,1
-0.748096065,-1.10718327,-1.612357631,0.910667088,1.382584483,-1.240298306,25,70854.62511,1,0
-1.967325064,0.260656155,-0.146518279,-0.261137335,0.254817876,-2.904701774,53,65801.02951,0,0
-0.021244779,1.317540819,0.618608548,-0.353520995,0.956901764,-0.489412292,49,68460.26704,0,1
0.29353753,0.573656963,-1.643634142,-0.76480784,1.119761879,2.174252279,56,49622.98731,1,0
0.249417688,0.057754147,-0.024047825,0.899571014,0.412452929,-0.447156384,56,54260.15382,0,0
-0.326673248,0.639737507,0.281143253,0.613536177,-2.232593705,0.379503167,39,41474.06961,1,0
0.1247521,0.452496456,-0.989580404,-1.142382025,0.147694222,0.699989896,22,71461.39688,1,0
1.515444808,0.753601109,1.422141812,0.164921438,0.211886914,-0.04117586,27,80138.26321,1,1
0.381734169,-2.023931611,-0.385715369,0.706114331,-1.086866756,-0.33362314,69,64234.70647,1,1
-0.373368425,-1.553456134,-0.101259688,0.178010526,-1.789673457,1.22871657,48,30000,0,0
-0.500197817,1.004829149,-0.161269501,1.1078403,0.461669303,0.039916311,54,80350.68134,0,0
-0.169852358,-1.505279176,-1.770774423,-0.290038544,-1.249190337,-0.091385901,40,61787.00338,0,0
1.636739962,0.401538636,1.008752072,-2.254357673,2.061417209,0.797492687,49,30000,0,1
-0.18330071,-0.352049656,-0.955518768,0.186717561,0.263137282,-1.029562512,41,34450.88902,0,1
-0.019794345,-0.996189246,-0.236520515,0.180625769,1.351511718,-1.263112332,21,44194.99761,0,0
-0.482313571,0.349649757,0.597661001,0.311186497,0.031163399,-1.624905503,70,59993.85826,0,0
1.098983357,0.201033504,1.460903426,1.106979098,0.751538828,0.56801246,60,44677.50344,0,0
1.959837255,2.110342652,-1.079932282,-1.952463253,0.053263931,-0.163662613,55,46650.76224,0,0
0.450613049,-0.624811205,-0.446483586,-0.238483304,1.00557293,0.826357836,32,73708.92932,1,1
0.082772904,1.44011012,1.38241863,-0.922657808,-2.038331902,0.050910851,28,77810.77266,1,1
0.036782833,0.352422914,0.463713879,-1.208030388,0.888147844,-1.370957182,42,74242.24263,1,0
-2.384306789,-0.661021882,0.671171359,-0.072299,0.668764161,-0.355613192,43,35460.01664,1,0
0.745150864,0.799246458,-1.051131736,0.70182203,-0.154151658,0.89679588,56,74145.01991,1,1
0.134166416,0.565738504,-0.37920953,0.300946605,-0.409163885,-0.262170017,68,52816.48403,0,1
0.428342051,0.035843295,-0.167835432,-0.687522422,-0.299102251,1.186814594,54,89438.29521,0,1
-0.711462194,0.266295356,-0.857894757,-0.1454716,0.282766968,-0.45356956,53,63904.15571,1,1
-0.384456879,-0.596987031,-1.674569626,0.929896445,1.214039365,0.719357824,50,78245.91601,1,1
-0.411024937,-0.825787125,-0.510498559,0.683129245,-0.534189208,-1.782589914,65,68342.20571,0,1
1.021622984,0.759442174,1.3542882,-0.552770013,-1.701767091,-0.226446356,61,66492.55057,0,0
-0.378759837,-0.223939424,0.059173466,-0.617496376,2.484580984,-0.387068607,37,54478.62521,0,0
2.082660322,-0.080082998,1.374290914,-1.716484161,0.671574565,-1.397870016,67,78111.8844,1,1
0.430862419,0.279821596,0.179020914,-0.429411334,-0.391211614,1.111920677,69,73964.92556,1,0
-1.27568266,0.265288345,-0.76470773,-1.73578893,1.188846719,-0.640065917,51,55033.95889,0,0
-0.128546293,-1.429326471,1.277619013,2.067069687,0.933693902,-0.743278338,62,53394.64164,1,1
-0.651675122,1.286252086,0.212326141,-0.855118157,0.492282374,1.301299425,29,49313.27402,0,1
-2.19438247,0.121182152,0.961838832,1.108980855,-0.477051692,0.161449644,53,72263.27891,0,0
1.59947094,-0.202653263,-1.068328171,1.818106208,0.667322519,0.779801539,21,63545.17323,0,1
0.703142542,0.430846005,1.03875629,0.216201409,1.089558824,-1.702705646,30,64314.94006,0,1
0.533207318,0.236542194,1.068889276,-0.100014256,-1.720072732,-0.798541821,20,54592.49607,1,1
0.16540366,0.767062689,0.289767144,-1.322365256,0.224494982,2.086388959,70,81866.94828,1,1
-1.382017569,0.537983672,-0.806922086,-0.504600122,0.298175703,0.854047336,34,37666.39433,1,1
-0.48361714,0.717846229,-0.046008829,1.603965048,0.266076661,-1.073333837,24,71732.06657,1,1
0.841780775,1.350993906,0.611291147,0.35125263,0.046183617,0.225030541,62,74728.87084,1,1
-1.05122003,0.883624549,0.23457002,0.028348207,1.186073075,-0.995650388,64,55238.60997,0,0
-2.531769316,-0.16048622,0.601082738,1.312123209,-0.211316933,1.393835455,31,38252.17949,0,1
-0.227106008,-1.122901156,1.012245908,0.696290548,-0.002785449,-2.269747705,49,65737.69312,0,1
-0.141757554,1.667797933,-0.648446653,-0.147873148,0.315665318,0.275297351,65,77947.34236,0,0
0.135563416,-0.237723373,-1.155075621,0.216255836,-0.178069527,0.260281473,66,86579.65369,0,1
0.728518644,-0.473107413,-0.037538801,-0.768065037,-1.386001257,-1.112629537,43,69856.63856,1,1
0.637605812,-1.736726818,-0.329743159,-0.561040646,0.214130044,-0.273151872,48,50794.05687,0,1
0.258769805,0.338473105,0.785846413,-0.206298629,0.225456377,0.375543373,65,70399.58185,0,0
1.195531388,0.148886604,-1.07449839,0.557471062,-0.365165081,-1.778125634,48,67507.95473,0,0
-1.518969781,-1.515114936,1.020381874,-1.247362973,-0.132314917,-1.27955668,33,64827.83853,0,1
0.504581814,0.453274042,1.35361211,0.07624033,-3.17987024,-0.155106883,18,46730.45843,0,0
0.626538363,-0.498191921,0.000304964,-0.38986216,1.208406049,-0.833060371,63,68976.99271,0,1
-1.239562286,2.690315007,0.060736126,-0.900929218,0.901030176,-0.463129864,51,67048.55632,1,1
-1.502870609,-0.569361192,-0.767546501,-0.384491549,-1.33783118,-0.020076198,43,96414.96336,0,1
-0.745942126,-0.435193332,-0.542660899,-2.321403263,-0.675467245,-0.910459631,47,61312.54973,0,0
-0.661541443,-0.874776224,-0.408336681,-0.757588674,1.448521361,-0.026576639,58,85430.5597,1,0
0.753419464,1.277876521,1.442940068,-1.099486882,-1.154850677,0.297998013,68,80869.59122,0,0
-0.614538784,-0.372775794,-0.071870786,-0.279916043,0.478458689,0.778868186,22,60749.13085,0,1
-0.856348518,-0.724914154,-1.322172957,-2.279789823,-0.492016731,-1.245827785,41,78557.93317,0,0
-0.611633737,0.70695501,0.255354342,0.190892744,0.410141957,-0.628403869,27,48249.20359,1,1
1.118632334,-1.380352935,0.826290125,0.909423296,0.050138025,0.588541974,55,57117.38655,1,1
0.013043374,0.625110546,-0.025411369,-0.117296372,-0.283231829,-1.482089509,52,51963.31673,0,0
-0.179251025,1.781399717,1.46921344,0.498791873,0.388521873,0.106190038,19,57636.99995,1,0
-0.110005499,0.566607833,0.777508667,-0.512730556,-0.493047186,0.02809784,46,30000,1,1
1.292060334,0.637898316,-1.04912873,-1.554621124,-1.784232873,-2.586838494,36,86990.68964,1,1
-0.749171727,0.870060217,-0.551432812,0.001691321,-0.927722269,-0.494345716,55,55432.4033,1,0
1.315508291,1.709708029,0.226226281,0.680378377,-1.047858625,0.330781931,70,71804.25029,1,0
0.210496299,1.20989396,-1.666189238,-1.324388126,-1.604119158,-0.211851208,59,63679.90271,1,0
-0.160419382,0.439669722,0.336356737,-0.465227276,0.369400066,-0.474282854,67,55925.58873,0,1
2.500900498,0.903891401,-1.761582427,-0.247116401,-0.172766691,0.156173033,31,40842.82789,0,1
-1.05563949,-0.885934925,1.023433456,2.851407645,0.353941066,0.988895318,45,46289.15636,0,0
-0.35368576,0.776293591,0.907273685,0.223371195,0.520751356,0.537589024,51,56464.93197,0,0
-1.232431239,-1.005555971,0.504781361,-1.905573579,0.756468837,-0.755853214,21,52880.38073,1,1
0.952461971,-0.367022419,-0.675878364,-2.152850902,0.406921741,-1.45898988,64,45393.22699,1,0
1.689188934,-3.082562175,0.170202825,0.73049883,-0.979608597,0.519467058,42,49693.6089,0,1
1.669922781,0.401429659,-0.513377488,2.485031976,0.579525525,-1.17773852,70,66917.37114,0,1
1.223948753,-0.643872011,-1.030815277,-0.280974485,0.221804739,-0.52803425,23,73153.32114,1,1
-0.197620468,1.111145215,-0.338743012,-0.340819592,2.190104779,0.200944878,45,42502.91003,0,0
-0.365240977,0.390192611,0.698265536,0.430774176,0.00791834,1.146526305,55,46798.59534,1,1
-1.671169772,1.124095895,0.043814193,-0.798296408,0.382899786,1.285813584,26,63225.35191,1,0
2.035873535,-1.083596545,1.450709924,-2.54415462,-0.094825609,0.060685506,69,57548.12482,1,1
0.468978078,1.038386037,0.765780539,1.037264389,0.048895851,-0.509491813,35,54506.29061,1,0
-0.491956905,2.105856344,0.658690814,-0.613182128,-0.018613354,-1.200641691,48,73835.98124,0,0
1.328056889,0.7641583,-1.608926549,1.050117866,-0.434623576,1.95863012,39,62772.19762,0,0
-0.972764517,0.790349009,-0.28515853,-0.76098679,0.177353658,-0.289885907,21,35652.69028,0,0
0.406622034,0.169597676,-1.06437241,0.121779127,0.621760442,0.677828655,50,48007.6235,1,1
-0.172629134,-0.524668781,-0.18300288,0.854831947,-0.419506679,0.196780183,53,35083.74742,0,0
0.63867714,0.761192373,-0.693276124,1.070350951,0.835573289,-0.495602182,52,57312.22003,1,1
-0.063573539,-1.50608291,-0.377604953,0.232988667,0.71431033,-0.537956015,30,40078.24986,0,1
-1.450927891,-0.417755125,1.061162732,0.183239096,-0.880262252,-1.383124998,32,33583.40392,1,0
0.075576373,-1.771056802,0.475249929,0.61970618,-0.963689726,1.122425313,50,30000,0,1
1.048864142,-0.703656377,1.007114429,0.464169534,0.4481534,-0.120530644,45,89766.03435,1,1
-0.029216406,0.642045092,-1.600683109,-1.291180534,-0.587535785,1.429573361,65,39519.50223,0,1
0.775115122,0.505393376,0.057974697,-1.272082354,-1.045710647,-0.4487675,51,55265.13594,1,0
-1.045529486,0.050913696,0.966704981,-2.109059103,1.716897446,-0.298020504,55,60892.18625,1,0
-0.026260793,0.170400994,1.506295915,0.766508001,-0.966327564,-1.133264029,18,61785.66178,0,1
-0.624510455,-1.885864618,-1.54808839,-0.395729774,-1.523595448,-0.311440549,48,69313.38247,1,0
0.74698084,-0.372562281,-0.351483636,0.820197245,-0.783693388,-1.240119017,66,59234.88199,1,0
0.031491562,-0.681351606,1.034226674,0.403710573,0.231648194,0.402661456,34,53196.00312,0,0
0.690073676,-0.659059691,-0.192278313,-1.002426682,0.073552077,0.107809212,39,63296.14593,1,1
1.087710426,0.599578628,-0.910417674,-0.120222434,1.88721343,1.474875963,49,63141.46153,1,0
0.691618575,-0.860507327,-1.549999178,-0.454822052,-0.768392948,-1.457755815,46,60760.63093,0,0
0.273118434,-0.60468085,-0.948701535,-0.60922348,0.236156407,1.216001897,18,69613.36395,1,1
-0.998212259,-2.087069246,-1.688901669,0.915287325,1.128488888,-0.978443853,65,50613.94255,0,0
-0.002786111,-0.29412318,0.058460457,2.510743471,-0.659015848,0.344231605,45,56988.04883,0,1
-0.533090402,-1.087837548,0.896310186,1.116203642,0.703724208,-1.145438547,58,40112.71293,1,1
-0.344063957,0.079202929,-1.260974759,-0.026956367,-1.832171101,0.202773647,19,56325.99772,1,1
-0.374534151,-0.951108047,0.257729741,1.25950776,1.758754539,-2.510596255,42,50427.76792,1,1
-0.979925575,0.104542246,0.845271029,1.71290265,0.994757762,-0.670581549,38,75830.38539,1,1
-1.957338589,-0.144685761,-0.002708327,-1.392370782,-0.680674997,0.106099088,54,38063.15402,1,0
-0.668143048,1.672041773,-1.610694295,1.224854761,0.829817778,1.755446618,43,52871.59904,1,1
0.193379452,0.49721798,0.386211555,0.769682019,1.313182899,-2.128014713,57,52137.40512,0,0
-1.348177045,-1.839637873,-0.054646945,1.188119057,-1.288668584,-0.002277841,18,70062.10389,0,0
0.015682236,-1.264888844,-0.156504649,0.813287456,-0.599877899,-0.518744527,49,40854.33735,1,1
1.900268424,0.055208009,-0.546837246,-0.227729008,1.346083414,-1.91605264,26,60055.81473,1,0
1.023056555,-0.929847948,0.086787426,2.032870644,0.067472889,-1.124828391,63,61179.80082,0,1
1.643541509,-2.96836843,0.509817908,0.339598609,0.436166166,-0.471110626,66,73855.17844,1,1
0.391127877,1.349546314,2.390648134,-0.434327021,0.070197229,0.467076787,22,47176.58627,0,0
1.167509823,0.720224017,0.112332068,0.505978015,0.891488844,0.087898362,57,40388.97186,0,1
-0.72396473,0.520976873,1.51114116,0.972395902,0.512931641,-1.312483947,34,67125.7252,1,1
-0.644340267,-0.607323045,0.357755083,0.094761076,0.106217264,-1.834035145,70,39077.77598,0,0
-2.739140206,0.427676771,-0.099528328,0.393136384,-2.101692648,0.417648814,46,52158.91377,0,0
1.186145474,-0.704360324,0.148547528,0.088367082,0.640010631,-0.19526735,61,56420.71115,0,1
1.54032398,0.2048573,-1.22173637,-0.660075733,0.729240977,1.611424552,36,69236.16538,1,1
-0.553177245,-0.920583226,0.305860271,-0.821824459,-1.239538873,-0.352556026,57,36873.64923,1,1
-0.253951706,1.516288451,-1.992065065,-1.402816287,-1.171598908,1.143230897,46,55558.31351,0,0
-0.753862114,-1.570236654,-0.862666358,1.518020034,0.517598596,0.543838087,68,60390.64214,0,1
0.382653551,1.23228383,0.109843093,-0.223417248,0.194325068,0.821607086,29,47084.52528,0,0
1.124932545,0.038915828,1.193982273,-3.427575102,-1.974793582,0.432412475,25,54635.72169,1,0
-1.742771974,-0.489466995,1.430624397,0.396533079,-0.822021704,0.454331921,60,73335.73502,1,1
0.409438531,0.167002922,-0.23654658,0.375827105,0.313843099,-2.291857345,60,52393.86705,1,0
-0.276671772,0.733348007,0.15571732,-1.866567683,0.676676869,-0.236912601,48,54540.75742,1,0
0.113394392,1.366746737,0.98436247,-0.832396208,-0.58431922,-0.663618279,32,73284.13899,1,1
0.458994002,0.313143023,-1.329493572,-0.876289035,-0.147456488,1.270653837,51,56728.33884,1,1
-0.188202439,-0.890696085,0.404747505,-0.742267691,-0.879352106,-1.001674622,43,80075.10792,1,1
-0.103586853,0.055630124,-0.827892867,1.212775862,1.323923674,-0.280280415,52,35424.19222,0,1
-0.213875168,1.816793237,-0.171825045,-0.148877548,0.174588278,0.800865723,46,55899.21203,1,0
0.970316202,1.347678086,-0.45902325,-0.427234885,-0.667688283,0.300965392,50,71644.36383,0,0
0.41875996,0.908763478,0.435358127,1.122389942,-1.156301432,0.167307489,50,49209.88043,0,0
0.220583538,0.79568702,0.550303674,0.495347745,-1.266887369,1.109196721,53,56484.33682,1,1
-1.270951721,0.699450091,0.891078677,-1.740978258,1.811554719,0.260083147,38,78949.62715,1,1
-0.378579743,1.158754835,0.348198828,-0.616623639,-0.173511844,-0.544934287,47,48379.69531,0,0
0.89866916,-0.456628786,0.17165377,0.321962087,-0.39952109,-1.296269356,36,67238.95805,1,1
0.037696573,-1.355086066,1.8540238,-0.933890134,-0.213243815,0.486701745,49,71199.7838,1,0
0.65953147,0.069003501,-1.52435907,2.029554788,-0.630209786,-0.770104262,67,61149.53619,0,0
1.7665118,-0.817581587,1.69560986,0.112878764,-0.107010493,-0.241138714,18,60600.19026,1,1
1.038606069,-1.055020755,-0.289821909,-0.75337634,0.034928404,1.078357192,68,44626.26272,0,0
0.093158338,-0.720278577,0.570891586,-1.122943643,0.015003532,-0.22127364,50,70965.5605,0,0
-0.51098917,2.485313925,-0.325659681,0.927527588,-1.262597799,-0.444233962,43,41184.97687,1,0
-2.553549596,0.136124634,-0.70254163,-0.647861937,0.89243098,-0.279614783,59,65868.57627,1,1
-0.168384922,0.361907836,0.484577193,0.379924178,-0.552959433,-0.252625469,62,52223.9769,1,0
-0.326012496,-1.222362807,1.042128309,-1.151519357,-0.658663347,-0.991198645,44,54078.85089,1,1
0.390366194,-1.843752959,0.473007955,0.070197792,-0.703826017,1.677358132,68,56980.95385,0,0
-0.153905227,-0.819052643,-0.542115787,-0.635885898,-1.052471693,-0.549318972,45,67492.45547,1,1
-0.320385059,1.438195585,3.611350063,-0.315394413,0.267797665,0.784387459,37,83429.13649,1,0
-1.779398931,0.334275466,1.198573671,-0.7962808,0.894981972,-1.018459154,25,61670.01862,0,0
-0.939967829,0.598595091,0.933342304,1.025626278,-0.722989219,0.549526489,43,49199.55573,1,0
0.476651041,0.738566039,-0.352964231,-0.491003975,-1.843125785,0.169355704,48,38406.68623,0,0
1.715907631,-0.59134938,-0.625165788,-0.143457195,-1.027114598,0.025032073,22,77399.18325,0,1
-0.097525384,1.387965584,-0.279839076,-0.095142281,-0.448285949,0.174936669,28,62630.60735,0,1
0.327811074,-0.632807599,1.081406544,1.612270122,-1.231435311,0.415959375,38,56525.79758,1,1
0.952478157,1.406232359,-0.990604337,0.890308587,-0.598731689,-0.226902337,25,60877.7304,0,1
-0.810893936,0.442302156,-1.068203831,0.790680758,-0.551526824,-0.177025722,43,71499.95088,0,0
0.366814043,-1.789045154,0.539547533,-1.577886623,-0.015490022,0.577436484,63,53848.92835,1,0
-0.740490106,-0.748009487,0.319196445,-0.656392388,-1.454954466,-1.141954353,29,50009.80583,1,0
0.864824438,-1.784938533,-0.770313538,1.188618716,0.580113373,-1.29629897,60,40350.9606,0,1
0.151403048,1.163282133,-1.091203578,-1.170930815,1.660938819,0.178946054,30,43811.70401,1,0
0.298451814,-0.024735421,1.437896993,0.084013548,1.429117205,-2.009775452,27,54828.63934,1,1
-0.782598597,-2.22834244,0.357004425,-1.065261504,-0.584044147,-1.682839605,69,76120.11944,1,0
0.70703236,0.375746882,-1.363535864,-0.964907255,0.668655161,1.805246663,46,52372.74835,0,0
2.084712921,-0.537164262,-1.293625536,1.680785653,0.550253806,1.549395898,25,63908.86926,1,1
-1.007911695,-1.483805855,-0.361511972,0.719270642,-0.043525163,-0.57076246,59,76867.78388,1,0
-0.339759008,1.677965837,0.732841807,0.983140228,0.177005641,0.999179168,70,65726.45516,1,0
0.231607474,0.107285866,0.595008802,0.78374148,0.683043797,1.033799894,55,89605.56248,1,1
0.786406212,-0.293431402,1.131678537,-0.139288362,0.883375804,0.471091176,18,61016.25793,1,1
-0.559546285,-0.399424781,-1.490349807,-0.691596708,-0.811672263,-0.078925311,26,57645.28594,0,0
-2.83303029,-1.513279469,0.22384669,-0.402090259,0.74769139,0.626448171,21,54274.71767,1,1
1.359189494,-1.3045489,1.425910332,-0.191826454,1.666462523,0.797988368,50,89884.87703,1,1
0.76050612,1.284916785,1.33280173,1.776286069,0.882181642,0.642109207,59,78291.74257,0,1
-1.74294753,-0.47388287,0.358909981,-1.336356431,1.536462915,-1.54933439,69,38109.46624,0,1
-0.607568792,0.022067701,2.348018509,-0.553661449,-2.583519357,2.033067651,38,91651.32558,1,1
1.56818243,-2.044330476,0.609285116,-0.912963366,0.595709063,2.403327669,24,67469.70673,1,1
1.447796418,-1.318092036,1.042746633,1.056623198,0.26425127,-1.909194618,49,61935.6848,1,0
0.938640023,0.60981252,0.044447919,1.853788259,1.027084697,0.510966777,56,67774.13694,1,0
-0.176112434,0.37771176,-0.780975293,0.30878636,-1.125626158,2.045722269,45,45618.18228,0,1
0.082987419,1.753375199,-0.875209201,0.391015835,-0.506141092,1.002281802,43,62953.41319,1,0
-0.130925805,1.342956332,0.181615215,0.091320923,0.900536733,1.012932794,54,55369.52901,0,1
1.128239783,-0.230710972,-0.211502007,0.437478989,-1.059668557,-1.438518153,51,54594.84425,1,0
-0.875842406,0.472953565,-1.76858567,0.773155162,0.242314257,0.791094752,26,74382.99424,1,1
-0.805799655,-0.316603443,-1.025793585,0.425640513,-0.016938583,0.239196698,23,56032.97484,1,1
1.010274587,2.054809819,-0.318403574,0.498834328,-0.195930667,0.779851745,39,61494.59831,1,0
-0.044361456,1.149014696,0.727279376,0.775414363,0.572698642,-1.035526751,26,64916.09356,1,1
1.378467355,0.169685091,-0.016073886,-1.778278101,-1.115500787,-1.071490798,64,74154.09896,1,1
-0.671512207,0.200394785,-0.072064211,0.00200893,-0.780116782,-0.142558687,62,79020.37138,1,0
-0.05477836,1.444850287,-0.986912627,0.305209042,-0.139248795,-0.379186605,32,60222.34744,0,0
-0.922412985,0.579577847,0.02316608,0.416148181,-1.201182365,-0.157437209,18,54325.88515,0,0
0.007362681,1.558628017,1.319101027,-0.170886262,1.230921802,-0.479531396,49,88556.93152,1,0
-1.478546937,-2.193647926,0.155575113,0.1607515,-0.798767137,-0.20101699,64,30000,1,0
-0.487633421,0.461228261,-1.507313581,-0.719906405,0.7863296,-0.666097914,35,73010.83628,0,0
-1.436253865,-0.515434865,-1.251522794,-1.774844736,-0.875503307,-0.048275811,28,57839.20711,0,0
0.693923233,1.756377988,0.588788877,0.983137101,0.704197206,-1.423563261,52,68557.57667,0,1
0.71658934,1.546398687,-0.224315475,-1.134371603,-1.608848674,0.514105301,50,60612.50606,1,0
-1.73026273,0.032835809,-0.07458023,-0.160453863,1.408615401,0.260543566,21,79222.2619,1,0
1.333885746,1.535630979,-0.612734175,-0.749129633,1.135133005,-1.261828406,51,66286.8637,0,1
2.497415126,1.78311452,0.503412212,1.58700928,-0.552583508,1.326358729,65,38685.77268,1,1
0.046006387,0.074406672,-0.300917713,-0.079644715,-0.825640632,-0.826849731,36,38010.49948,1,1
-0.64111426,2.471933772,-0.186613222,-0.310456463,0.457802513,1.188951175,65,56774.31643,1,0
2.824330591,-0.031341153,-0.851223392,0.747865869,-1.526106222,0.329424394,29,69114.47427,0,0
-1.318968498,-0.21452095,0.921691298,2.156474168,0.034752087,1.000562878,57,79608.11887,1,1
0.020106467,0.865872589,-0.221132792,0.405689527,-0.807588435,0.176189319,53,49958.84734,0,0
0.179622273,-0.353790731,0.607880333,-0.377419462,-0.254310115,0.566837829,65,30000,1,1
1.34514762,0.085339776,-1.193591564,0.696593981,-0.643848771,0.989603987,58,66466.21477,0,0
0.359738975,1.409434424,1.733883138,-1.572679069,-0.798368633,1.907189762,39,60635.43567,0,0
-0.498633896,0.019218852,1.277374039,0.04642926,1.704794158,1.074625342,64,62148.44144,0,0
-0.95118437,-1.695017793,-1.90979767,1.993957655,0.780543483,0.448228714,29,43481.88804,0,1
-0.34182182,0.367319388,-0.801937475,0.157747397,-1.479862982,-1.34851277,66,77891.90073,1,1
-1.006927361,-0.696293579,0.477634391,0.107777656,-0.875813405,-2.415834306,45,47755.31513,0,0
0.04782532,0.865271157,-1.319728656,0.02063654,0.857449029,-0.130410582,32,64620.80141,1,1
-0.56419618,0.696189716,-0.131594082,-0.39547628,0.968686844,-0.714481505,21,64135.38574,0,0
-1.494037793,1.471400348,0.426631786,0.314490672,-1.385082696,-0.677723873,25,68248.24056,1,0
1.255145788,0.907532301,-0.184725912,0.775273012,0.698604849,-0.082431896,48,48830.91908,1,0
-0.497672523,1.090244284,0.538838704,-0.331820052,0.265029116,0.662793912,43,46149.54444,0,0
-1.268136805,-0.66909676,-0.693329905,-2.490751738,-1.941669965,-0.620895797,20,72795.88409,1,1
-0.168259134,0.803986496,-2.244181542,0.465617505,-0.403197718,0.895192168,56,68289.52206,1,1
0.068371566,1.968451289,0.982115312,2.133126077,-0.136163316,0.033493387,24,65026.01472,1,1
-1.746466726,-0.688649909,0.975814654,-0.376261408,0.048491805,0.037612355,32,76886.34926,1,0
0.331647667,1.799738292,2.503636642,-1.471163383,-1.320582787,1.874996446,37,65125.46156,0,1
-1.047157569,-0.549350091,-2.207186518,0.677412985,-0.763015504,0.178109625,34,54449.37188,1,0
1.711028809,-0.851971245,0.750832109,1.743832264,-0.622943739,-0.054142167,49,67769.84084,0,1
0.523960512,0.296200443,-1.968682138,0.52937357,-0.535675717,0.523902007,27,66757.03755,1,0
-0.39989999,0.715910416,1.756493282,1.724700054,-0.518997447,1.797144802,33,67133.32532,1,1
-0.74516777,0.911750124,0.487866834,0.793668546,-0.132632911,-0.046743734,65,46754.03841,1,1
-0.104967708,-0.961762421,-0.951928848,0.706850986,0.309636615,0.43975803,43,45314.00127,1,0
0.612790742,0.434540097,0.780222475,-0.518000683,1.774225725,-0.108286238,39,73202.39594,1,1
-0.025494129,-0.685554571,-0.553045008,0.285406891,0.870888754,-0.103040582,32,57773.98866,1,1
-0.217158807,-1.488922256,0.3004161,-0.029470957,1.31686339,-0.490092469,29,30852.03648,0,0
0.058370291,-0.928736316,0.205960716,-0.063735721,-0.480755685,-0.560083888,56,39429.60992,0,0
-0.603858931,-0.750900366,1.744168136,-0.253865128,-1.00392315,1.696057754,20,40222.11463,0,0
-0.343205927,0.52159516,1.81492591,0.225613467,0.801425276,-0.553833023,70,76009.87124,1,1
-2.085792439,1.152213663,-0.597265373,-1.296344984,-0.01621094,-1.540640969,41,59274.34411,1,0
0.973726231,-1.47320663,1.058105618,0.811718399,0.7303178,0.125406783,19,60530.32944,0,0
0.29879778,0.351961074,0.354840156,-0.877745293,-0.882300225,1.017817286,21,54701.25437,0,1
-0.773455844,-1.176698186,-1.412682067,-0.250271225,0.648577099,1.242516124,40,44118.43755,1,0
1.898734981,0.629085409,-0.69622838,0.330559893,-0.175249486,-1.194465249,40,71396.96311,1,1
0.08701648,-0.622730581,2.3361461,-0.927273418,-0.460900984,1.112756301,25,69784.91103,1,0
-1.036143572,-1.051329018,0.357854401,-1.966463062,-0.366755766,2.058938845,59,49432.3918,0,1
0.856737421,0.799664515,0.99977958,-0.383046678,0.490433417,-0.684154436,61,81030.84786,1,1
0.398048217,-0.586922605,-0.212044312,-1.431097493,0.774141316,-0.174065661,29,71173.93486,0,1
0.394579985,-0.315963951,-0.539941915,0.712310933,-0.366414158,-1.231555465,26,47192.47505,0,0
-0.425755605,-2.219989088,0.027264508,-1.153503573,0.344309828,1.853699543,28,55690.37052,0,1
0.450495724,0.946551361,-0.266104055,1.485155564,0.340816394,-1.492386457,62,54480.60104,1,1
-0.26175829,0.820908521,-1.493252931,-0.005792889,0.73833686,-0.399788221,48,64685.90079,0,1
0.555941452,0.005457844,-1.003325457,0.059174195,0.986915193,0.784688592,18,38570.49578,0,0
-1.904944454,-1.527580941,0.707884514,-1.980631329,1.811221387,-0.684012991,52,49424.31021,1,0
-0.433873463,1.209369178,-0.380690689,0.144862629,-0.465170387,-0.989116092,60,71915.96257,1,1
1.722155098,-0.666263386,0.025704882,-0.080179917,1.4600099,-0.052240859,32,36197.1085,1,0
-0.767067455,-0.45335345,0.23492305,-1.299089035,0.117074375,2.390156143,24,57033.80424,1,1
-0.603838297,2.312044056,0.313050049,0.087268339,-1.094801205,-0.256000587,45,41605.97118,0,0
-0.447961338,-0.703636444,1.146579061,-0.397923011,-0.650484486,-0.207072031,65,73698.04563,0,0
-1.214806136,0.742209962,-1.098695815,-0.216787818,0.46596012,-1.115559372,23,65149.61222,0,0
-2.208280776,0.562092262,0.570252724,0.025881762,0.723760712,0.385095497,37,37984.46185,0,0
-0.230586399,0.390172193,0.755027794,-0.471454213,-1.016267857,0.883723403,41,44363.66826,0,0
0.135859424,0.282000543,0.985851779,0.246456627,-0.763884257,-0.606304113,59,60208.71933,1,0
-0.052505069,0.376388562,-1.412917599,-0.086555482,-0.533116657,0.535731609,53,30000,0,0
-0.144878562,0.271940591,0.254819218,0.472768468,-0.863368022,-0.598528042,55,43498.02486,0,0
0.043040871,-0.051918359,1.716075946,-0.528674594,-1.88008499,-1.893721428,29,47640.41719,1,1
1.022841472,1.511283124,-0.099120519,-1.064919753,-2.219313713,0.457364632,20,79272.57569,1,1
-0.190446186,-1.312660561,0.483494702,-0.708868528,-0.381807115,2.074383013,45,51349.97317,1,1
-0.574082577,1.021458104,0.780395595,1.442656769,0.25207929,-1.195896357,29,69890.6852,1,1
-0.281125485,0.822342299,-1.025469844,0.955966526,0.655585607,0.179379835,33,52905.91727,1,1
0.57934676,0.698399121,1.833824729,1.213379133,-1.362334074,1.30975515,61,71168.133,1,1
1.412026879,1.116979428,0.499500797,1.282713958,-1.345339117,-0.101985825,32,36716.81241,1,1
-0.628143739,-0.092599395,0.519502814,-0.466318057,-0.527928603,-1.426834094,48,49150.90177,1,1
0.098933787,-1.868974076,-1.662027378,0.295811935,0.003342453,0.044958196,70,58360.23381,1,1
0.338357442,-0.07229266,0.794544798,0.075839003,1.0087816,1.490359982,38,62667.55473,1,0
-0.992578007,-0.991194218,0.506410341,0.659538526,0.717722069,-0.506534493,35,64856.80186,0,1
0.020417167,-0.73185921,1.624191328,-0.289168245,-0.367828171,0.232242855,65,62890.58889,0,0
-1.465673857,-1.242419674,-0.311265214,0.092974157,0.360155305,-1.05352767,23,67589.29215,0,0
-1.769050304,-0.477344858,-0.98765833,0.072271478,-0.843539239,-0.099472974,34,59826.00219,0,0
0.366746408,-0.596623694,-0.682238995,0.5322624,0.074345756,0.386691539,40,62610.69422,1,0
-0.383874741,-2.37756983,-0.504978235,0.655717221,-0.062423293,0.125852804,52,44801.95401,1,0
0.202280408,0.700221911,-1.118846518,0.093671032,1.40430229,-0.43149738,35,35729.04995,1,1
-0.017894977,2.220321858,1.290160024,0.123990784,0.493555084,0.442992706,28,43232.12779,1,1
-0.976400049,0.606237193,1.327697863,0.225898021,-0.770785046,0.669497557,40,34694.88553,1,1
-0.045254302,-0.202923957,-0.195791701,1.646551421,-0.760554826,0.735598995,34,63366.5664,0,0
-1.233101305,-0.054746396,-0.392759922,-1.729997791,-0.333091533,-0.292928635,23,74086.38362,0,0
1.390972358,-0.420985868,-1.815481913,-0.969679661,-1.564466004,-0.621009053,41,45782.0289,0,0
-1.355970345,0.090041584,0.695961255,0.673679596,-0.230020378,1.963119012,67,75127.59076,1,1
-0.195785271,-0.037008094,1.653440109,0.269784399,-0.14365921,0.137624161,54,66776.88877,1,0
-1.042271588,-0.84104843,-0.637194717,0.26274955,0.466526879,-0.257487313,33,51693.76838,1,0
0.570421173,1.682888389,-0.116784526,0.667495499,0.612125352,-1.477082036,46,54759.16015,0,1
-0.331431371,-1.487154236,0.434291461,0.213992893,0.098916409,-0.932480577,46,76732.20646,1,1
-0.51866672,0.718331543,1.724418361,-0.559282478,-1.629992687,-0.64231821,69,30000,1,0
0.853201545,-0.101197627,0.199776222,0.62880914,-1.221046531,0.439413517,59,76671.29287,1,1
0.029430592,1.900831815,0.195429916,0.020887163,-0.605104924,-0.356227258,45,73440.30836,1,1
0.516644446,0.340864599,0.179318501,-0.447577179,0.652291449,0.015197296,33,51161.59713,1,1
-0.981325937,-0.359905537,-1.425032507,0.690360625,0.618523971,-1.433249896,20,58607.17992,1,0
-1.404816944,-0.247707198,-1.446790654,0.651033858,-0.249438273,1.404428839,59,84401.72832,1,0
0.107207962,0.039906695,-0.807995169,0.214766492,2.35973041,-0.737490002,41,40351.73549,0,1
-0.318846355,-1.142790695,1.012890574,1.717119154,1.561567585,0.235122531,35,57269.39306,1,1
0.626434672,-0.766869525,-0.335357071,1.326826735,1.239919398,-0.530560038,65,69708.50043,0,1
-0.079908453,-1.784943969,-0.529604049,1.001857194,0.700658155,-0.318132113,34,63145.59474,1,1
0.205075339,-0.922976898,-0.547174604,2.566365573,0.458541754,-0.794045682,66,60780.83294,1,1
-1.62338253,0.093906482,-0.137656878,-0.146463402,0.385576036,0.296303248,27,87251.52303,0,1
1.88843694,0.300175049,1.702107934,-0.464800329,-1.805029128,-0.980342216,54,43377.26755,1,0
-0.164241985,-1.979329695,-0.151197386,0.860363099,-1.051284357,0.314254714,42,44049.64848,1,1
0.69758697,-0.137211703,-0.786297405,-0.252634298,-0.222136787,-0.118825495,53,30000,1,1
-0.83609167,0.563409951,0.025245629,0.011927716,0.127872495,0.63001982,64,43820.02228,1,1
0.308009902,-0.162912193,1.755083606,-0.985919966,-0.124456523,0.728681459,65,50023.80168,0,0
-1.302844764,-0.633788646,-0.502824719,0.606659458,0.272276781,-0.317580311,40,64797.92358,1,1
0.452067838,-0.412161145,-1.181005008,-1.471007246,-2.10330055,0.366031402,67,74396.2678,0,0
-0.355974084,-0.540763355,-0.50099127,-0.096438221,0.505664303,-0.448282189,36,45541.17672,1,0
0.029190504,-0.636730559,0.128763736,-0.015355738,0.062137556,1.316077757,27,57859.89028,0,1
0.69797403,0.173823525,0.688240951,-0.436038842,-0.187449959,-0.358980194,28,80938.89288,1,0
-1.232540311,2.307688228,1.006883579,-1.757214759,0.927312035,-0.201777072,58,57187.5512,0,0
-0.684491731,-0.743699917,-1.045717274,-1.764631094,-1.045533383,-0.468809398,22,67780.51491,0,1
0.457324281,-0.318142633,-0.950845334,-0.746172407,-0.236894853,-0.73307629,23,76813.11691,1,0
2.098221475,-0.051697939,-0.323262259,0.539050329,0.284418411,2.033697893,20,46051.71384,1,1
-0.138082335,-0.687354434,0.684493025,0.288924861,-0.853011309,0.486411602,62,42999.85808,0,1
0.591136118,1.098235804,-1.260007898,-0.016435359,-2.003343978,0.068087168,55,84315.50609,1,1
-0.10697147,-2.370885373,-0.60732691,-0.884588486,-1.15304011,-0.476220935,28,68688.20161,0,1
1.942245595,-0.53105917,-0.592743729,0.341132221,-0.064720587,1.11311176,65,40095.38576,0,1
-1.747221667,0.818313736,0.941748855,-1.799029278,-0.249019744,-0.54564064,60,44150.08905,1,0
0.094621045,-0.294094308,0.528260761,-2.396549482,-0.018266049,0.120779191,59,56994.43828,1,1
-1.625544034,-0.820838959,0.903718361,-0.243071551,-0.659276844,2.202951552,65,80904.70227,1,0
-2.506571571,0.440756754,1.338677974,-0.54605138,-1.312263833,-0.957252934,41,74726.00156,0,0
0.297462053,0.906343235,-0.305650095,1.013171298,0.137008258,0.539574454,63,76005.9673,1,0
0.139497796,0.210635445,-1.187406155,0.157983778,-0.166522994,0.288545179,65,53453.62507,1,1
-0.284836938,-0.80122036,-1.180963618,1.65073531,0.637834883,0.528159262,43,59885.10824,0,0
-0.10619409,0.456203319,-1.838107565,-0.548215069,-0.747684783,-0.284903597,66,48024.73994,1,1
3.098299434,-0.4020493,-0.45876683,0.486772292,-2.020851991,-0.59225575,43,53765.15301,0,0
-0.258175138,0.745186882,-0.384222615,-0.252277129,-2.604459978,0.226492959,41,43157.85328,0,0
0.510124361,1.483258885,0.787553407,1.381719724,-0.401469214,-0.45602929,57,46921.41097,0,0
-0.64936482,-2.605576756,0.016914217,-0.204050447,0.127909162,-2.331637977,21,49107.72988,1,1
0.295232575,0.111067473,-0.490328444,0.85440678,-0.232312522,-0.824465988,66,57823.49688,1,1
-0.238233675,-1.735733937,-0.115998726,-1.077618965,-0.565150452,-0.316666999,27,66310.47874,0,1
-0.410518483,2.441788585,-1.038973484,-0.415212643,-1.591382413,-1.077849154,51,84994.31828,0,0
1.818898532,-0.468124534,1.025406571,-0.084043412,-1.889362205,0.150986816,61,54517.48285,0,0
1.177184963,0.746373242,-0.785915563,1.26341754,0.367274781,-0.757596177,46,68818.99887,0,0
0.136746647,-0.03531686,-1.139931272,-2.197186941,-0.22760123,-0.043438897,43,57311.70102,1,0
-2.304211936,-0.803084581,0.817881967,-0.332644446,-0.363518315,2.167872686,36,74443.12517,1,0
-0.361009223,-0.922053047,0.574164208,-0.366480126,-1.541750955,1.227002574,38,41170.42036,1,1
2.703027564,1.585679173,-1.723685379,-2.076973522,-0.9662566,0.591491941,36,51966.40487,0,1
-0.230661667,0.95593806,0.855001635,-0.464035761,0.04510435,1.809228901,57,69942.7004,1,0
1.103217572,1.943584087,-0.741592639,-1.540667131,0.284615953,-0.072585922,55,68723.56986,0,0
1.441942402,0.055453335,-0.374104528,-2.330663478,-0.164240132,-0.062407818,36,68999.20209,0,0
0.218963916,0.287919621,0.187020108,-0.262312828,1.379249426,-1.055596266,35,81138.63157,1,1
-0.841821632,-0.267191566,0.586624883,-0.296145121,-0.575493896,1.27815517,31,33994.24027,0,0
-2.435312332,-0.287082203,0.445479175,-0.244953583,1.286871922,1.956992599,52,41183.32399,0,0
0.684163209,-1.041886932,-0.049818331,0.252858246,0.216866761,0.907409652,35,68418.8305,0,0
-0.814756003,0.084010191,-0.424643329,-0.879396823,0.108133442,1.423386093,45,72201.18263,1,0
0.176150452,-0.789246595,0.412220694,1.790856013,0.932522716,-2.737337056,36,69826.39299,0,1
-1.24982034,0.441908922,-0.118387837,-0.033294008,-0.624127347,2.339696349,42,100630.3977,0,1
-0.26523754,0.170010219,1.805354459,1.286430463,-0.329203459,-0.104343196,32,46261.89017,1,0
0.033719055,0.287682044,0.58640901,-1.679899241,-1.223541566,2.355968141,65,65538.10768,1,1
0.268593581,1.67512994,-0.923415625,-0.83452965,0.935212522,1.731650434,66,58936.65047,1,1
-1.114822187,-0.03771795,-0.477599951,0.686314805,0.335505441,0.772425411,20,69320.72315,0,1
1.196910949,0.756727003,0.048192177,-0.226564276,1.097793352,-0.343035305,40,65637.35454,0,0
-0.596894785,2.051509464,1.299431215,-1.073179387,0.204863403,0.158239127,67,52235.95939,1,1
-1.67446946,1.306617069,1.411105009,-1.838629899,1.103042215,-1.910024562,62,65817.02417,0,1
-0.10902342,1.153169698,-0.39613472,0.733203672,-0.747289124,0.930799411,29,61252.03466,0,0
0.034375309,-0.306688216,-0.933634217,0.651602255,0.987239657,-2.555005065,49,61922.93454,0,1
0.160589433,0.229643056,-1.061497641,0.243320691,-0.397814927,-0.298688874,68,77006.72113,0,1
1.362132404,-1.318276292,0.252428757,-0.495906191,0.002531936,1.543237404,45,97210.2254,1,1
-0.236448837,0.498914401,2.303784309,-1.113090028,0.728355513,0.720724878,51,31293.14743,1,1
-0.119619624,0.274460178,0.539094104,-0.05298154,2.327841243,-1.529914761,18,79332.62099,0,1
-1.103184381,0.023385125,-1.593912527,-1.315318604,0.820052874,-1.340305497,27,69637.10985,1,0
0.820553503,1.027194788,-0.726004103,-0.751584081,0.914346135,-0.597435642,67,48874.8879,0,0
0.184309064,-1.207774822,-0.623914202,1.261250581,-0.545377955,0.078375784,44,54561.3049,1,1
-0.420027727,1.634862851,-0.82200252,-1.850835763,0.156997991,0.876550825,29,73230.94254,0,0
-1.904674693,0.901764688,-0.387893825,0.677527827,-0.095867267,0.604138107,62,60758.03519,0,1
1.444412195,-0.07063398,0.369394861,1.494195951,1.407666135,-1.05875421,53,59265.05482,0,0
-1.227679964,-0.148729588,0.681981169,0.816259719,-0.145934195,0.618732937,70,49700.18036,0,1
-0.591278009,0.480611215,1.091763491,0.398212878,1.328541852,0.725337014,50,48613.58709,1,1
0.358344511,1.520851232,0.524202573,-0.463572846,-1.301646707,0.48852017,21,45514.56615,1,1
-1.196557929,0.101607719,-1.95415024,-0.645888054,1.398777325,2.478184648,38,52351.29836,1,1
-1.493509778,0.144030902,-1.057304588,-2.248130866,-0.861400847,0.726318959,37,58072.24818,1,0
-2.123947583,0.018118478,-0.158094037,0.03700668,0.853884157,0.967822966,67,65316.85955,0,0
0.720996953,1.782024113,0.147279856,-0.402240449,-0.864330462,1.875858357,34,47654.40033,1,0
-0.545186245,-0.368883103,0.86141836,-0.698034409,0.618347257,0.850117103,69,71332.75674,0,0
2.927270092,-0.029507599,0.043184176,-0.020081029,-0.962587161,-0.551055679,63,46381.23195,1,1
-0.994355066,1.463435654,0.050707254,0.06236948,1.036480941,1.242702871,51,71533.42752,1,0
-0.921451023,0.147010834,0.237797363,-0.635557297,0.845245466,-0.40139421,31,47009.84109,1,1
-0.56539297,1.13705886,-0.255021739,1.613080783,-0.600687424,-0.982608344,27,90256.27252,1,1
0.243134655,-0.911280057,0.08688514,0.730602779,0.578084509,-0.896977588,37,69724.80319,1,0
-0.470203339,-0.205292522,1.125832179,0.896278558,0.947432648,1.231348946,52,72615.40197,1,1
0.612332214,1.484434038,-0.083910899,-0.103302784,-0.923319054,0.620245773,32,57419.97047,1,1
-0.97858839,-0.676339716,-0.030212727,0.511235732,-1.034002844,1.060836059,56,69106.71739,1,1
-1.381591718,-0.15129904,-0.033585405,-0.895704601,-1.071304731,0.625090834,44,41217.62654,0,0
-1.798214739,0.256685231,1.297773814,0.66625854,-1.2130027,0.188847293,32,45359.20424,0,0
-2.223574168,-0.989154518,-1.108053327,-0.204402607,-1.076092846,0.318011493,36,55389.74924,0,0
-0.518069019,-0.413810119,1.775846895,-1.021983535,0.924788209,0.591078477,43,82768.42001,0,1
-0.300980312,0.112636682,-1.176381855,-0.022766671,0.557849821,-0.602489938,29,75098.56081,0,1
-0.631437027,0.046681734,-0.654220261,-0.29205403,-1.696002187,-1.290300177,41,30000,0,1
1.243405797,1.280352021,0.74473827,2.323069327,-0.510166985,-0.485115063,70,45209.01618,0,1
1.22803021,1.541457195,1.030316695,0.435394248,-1.157836589,0.54412335,53,58698.14506,0,0
-0.334802987,-0.856084872,-1.403499017,1.579717467,0.861530197,-0.647837282,50,78844.94188,0,0
-1.793921113,0.111268519,-1.092701863,1.131287106,-0.449645736,2.129616647,22,63662.83541,1,1
-0.566705108,0.674248308,0.277842809,0.0377806,-1.544427423,0.441263217,26,30000,1,1
-0.599821394,1.516347466,2.344419388,-0.443719203,0.170165068,0.11948749,57,42410.18103,1,1
-0.657134962,0.718490297,1.246262781,-1.740226581,0.606492108,-0.606337316,31,70801.03384,1,1
-0.697718904,0.290913402,-0.24809705,-0.870943551,-0.953698433,0.915737012,63,63061.45995,1,0
-0.653462896,0.666542532,-2.419129138,0.662753458,-0.264915917,-1.211942226,53,62023.79774,1,0
-0.386541616,0.673768834,0.081642734,-0.302130385,-0.902395485,0.315771438,42,76679.64016,0,1
-0.635541099,-0.927714292,0.362296804,0.375820326,1.244047392,-0.43552968,24,54807.44276,0,1
0.208322509,0.192798793,-0.382695141,-2.030275151,-0.431358137,0.120929643,51,70482.02063,1,1
0.360368716,1.459160994,-0.850723991,0.453514849,-0.721838197,0.486273192,60,84627.66837,0,0
-0.910645087,-0.207356769,0.15916526,1.096481557,-0.051325494,-1.145662323,24,63366.5918,0,0
1.271065326,0.129446643,-0.942261194,-1.77575829,-0.20754933,-1.670932013,48,46584.33543,0,1
-0.980062302,-0.24251645,1.872448661,0.371563906,0.688493394,-0.931652785,69,53602.38209,0,1
-1.617800614,-2.313859496,1.516744798,1.343534654,1.216047226,0.879241742,49,46451.47581,0,0
0.380778071,0.020590177,0.657912632,1.680086649,1.223623251,0.373133391,38,30000,1,0
-0.817408134,0.301791931,0.089710569,-0.503499071,-0.381907361,-0.402901327,66,48141.76747,1,1
0.321291471,-0.512493391,-0.660164087,0.779930345,0.305113633,1.9681471,32,69532.55317,0,1
-2.403668601,-1.154636949,-0.020787184,1.42978982,1.48849991,1.285098364,47,60140.95606,0,1
1.392455941,-0.88060646,1.639297135,0.401381391,1.526998808,1.043461985,21,80383.08192,0,0
0.672293408,0.764187616,0.868654058,1.285077589,-0.875906155,-0.724205391,51,62158.85482,0,1
-1.500476549,1.972524773,0.203692278,-0.035861653,0.592245217,1.03234762,26,73254.21648,0,0
-1.478777124,1.382433341,0.923974334,0.394314144,0.423205573,0.340708154,29,33604.96546,1,0
1.672265904,-1.344346005,0.545610663,-0.621609226,0.926387544,-0.722264895,47,53420.57529,1,1
-0.737379903,0.854627311,0.39627754,-0.164600158,1.243617568,-0.104100682,41,55965.71734,0,0
-0.834184849,-0.663162376,0.980563259,0.43371617,-1.040976009,-1.038434671,68,47618.31356,1,1
-2.266052094,-0.582267063,0.517027645,-0.696619325,-0.690678305,-0.713484604,46,82886.21155,1,1
-0.350778206,-0.461975598,0.85855147,-0.223586373,0.907608756,-1.144175741,68,31051.0308,1,1
-0.227719615,0.70606695,0.16138705,0.760873681,0.148030755,0.95655413,39,58291.79777,1,1
0.715493097,0.959253376,-0.254125823,2.052557533,-2.227241208,-0.070925821,52,76987.66012,1,1
-1.399078428,-0.098031071,-0.548162879,-2.049438492,-1.666282442,-0.941598838,37,71450.36632,1,0
-1.520286792,-0.081070741,-0.667309605,1.976576667,0.662573141,0.517374329,54,54302.85021,0,0
0.450962635,0.464263743,-1.605170442,-0.259871764,0.839110923,0.001503316,58,46499.70424,1,0
1.006730071,0.56799454,-0.911939947,0.964899869,-1.349487704,1.050505481,68,76365.01603,1,0
-1.571152351,1.176225707,-0.94085353,1.1610927,1.099167562,0.133336709,26,52183.46018,1,0
1.081514086,-1.284371976,-0.507345196,1.564496774,-0.197147331,-1.437187691,70,47542.23149,1,1
0.037541841,0.02002734,1.562244211,-0.727961865,-1.02247413,-0.496743663,39,75001.2158,0,1
1.091805339,-1.068024376,-0.157561956,-0.225271308,-0.56029589,-1.157194886,67,64610.67692,1,1
-0.070220362,-0.050942279,0.24176689,-0.053596099,-1.222743226,0.563007905,33,54719.68662,1,1
-2.522277917,-0.226175288,0.273319645,-0.357433842,-0.615910983,1.084460837,19,64878.25656,0,0
-0.151967382,-0.046749454,1.587580913,1.318760975,-1.868897971,-1.543981306,61,66676.98646,0,0
1.060143819,-0.799742888,-0.575585454,-0.076827701,-0.073832949,-0.124496054,67,59193.79519,0,1
-0.893746019,-1.487289793,-0.22252208,-1.618547665,0.587118688,1.152750891,40,62305.89063,0,0
-0.387964969,-2.094437527,-0.106199372,-0.633013822,-1.347424967,-1.559102774,46,30000,0,1
-0.176133504,-0.131180154,1.136534856,-1.578400027,0.017020271,-0.435015824,28,58415.99227,1,1
-2.89951388,-0.431001106,1.344105694,-0.228338787,-0.804652028,-0.000229699,52,50405.97619,1,1
1.671347575,-0.675937665,0.47458382,0.672549675,0.668800835,1.067443585,69,48009.93236,1,1
-0.90137568,1.322548463,1.232909374,-0.654476672,-2.314407091,0.544689232,39,49729.82556,1,0
0.505735432,-0.859438187,0.177660996,-0.403032965,0.711888848,0.749034798,20,52550.40779,1,1
-0.086701136,1.416834082,-0.172603248,-0.274765292,-1.817756597,0.602459981,64,55542.85353,0,0
1.257619056,1.623843744,1.178724087,0.140742494,-0.209940346,-0.373131494,29,62491.03001,0,0
0.406056122,-1.950900467,0.487617675,0.516082779,-0.708918116,1.643407138,18,48997.05145,0,1
-0.234924272,0.092381459,-0.735530666,0.807255428,-0.360702927,-0.670909208,60,67771.29334,0,1
-0.893515093,-0.399696491,0.997420938,2.255516983,-1.529390757,-2.778410696,43,71037.97304,1,0
0.797850701,-2.911803945,-0.208492631,0.123495931,1.660137641,-1.800541055,51,70884.10705,1,1
-1.873441304,-1.444641253,-0.330823523,0.735793054,-1.286563078,-0.116890914,46,74027.01246,0,1
0.64589042,0.774936107,0.893004368,-1.587556748,-1.207653606,-0.331544749,70,51474.65048,1,0
-1.099044752,2.019199253,-0.088832141,-0.379182986,1.794820585,-0.536364525,63,55939.52124,0,0
1.252283662,0.902678143,0.388958536,-0.270416893,0.322701636,0.150204379,50,63698.99873,0,0
0.161299543,0.323632473,0.661939584,-1.017314889,-1.254256523,1.200427937,49,53625.77673,0,1
0.644123768,-0.021332382,-0.782943079,-0.535992731,-0.128787676,0.45402817,42,42622.57546,1,1
0.081988814,1.682662915,0.384850565,-0.107484718,-0.235729469,0.648550204,67,52464.60285,0,1
-1.752377095,2.148239202,1.349473105,-0.504663374,-1.687650838,-1.079787577,67,84520.36375,1,0
-0.860729163,-0.58684268,-0.956467144,2.601834188,-0.758262594,-0.519449189,64,48852.56728,1,1
0.672389338,-1.99998656,0.449908889,0.512275342,-0.026380712,0.700355728,53,48093.81893,1,1
0.166655817,-2.098187463,-0.829467735,2.001022739,1.266417906,0.10801206,19,51796.1872,1,0
1.180989905,1.321880992,1.021397684,1.492651179,-0.188829843,0.477062132,32,68353.78031,0,1
0.403274563,-0.047058541,1.011905584,-0.639246133,-0.113645208,0.613723879,30,65220.20116,1,0
-0.966701891,0.18324191,-0.35432234,0.037560467,-0.815166671,0.166190071,59,70593.57502,0,1
-0.796064138,-1.790650993,2.209628652,-0.434824621,1.095890781,1.581906177,32,97987.97655,1,1
0.102917391,-0.753188913,1.106625309,-0.161822759,0.902321752,-0.531536055,23,72315.7864,1,0
-2.314044066,-0.295480814,0.706928985,-0.976433669,0.789334773,-0.819091605,38,73492.53565,1,1
1.673441886,0.207838383,0.650610896,-0.441535329,0.111838865,-1.764968803,59,102894.7934,1,1
0.441746736,-0.398592039,0.983926909,0.359518882,-1.598573562,0.748603291,43,67343.40761,0,1
1.227034597,-1.037326198,-0.995642407,0.333122057,1.086669899,-0.570054262,52,54121.6655,1,1
-1.580603941,-0.784566993,0.194607598,0.253403665,0.057329748,1.266005919,62,55456.99467,0,0
1.24456516,1.208323286,0.383190385,-0.059674825,-0.308591521,0.247952446,35,75851.96193,1,0
2.231498911,0.24478462,-0.400136063,0.860742425,0.448459062,-0.338832864,23,41223.24803,1,1
-1.320878355,0.612156807,0.464795269,-0.257043026,0.224189704,-1.054637816,31,30801.11149,0,0
0.771401795,-0.898873811,1.2316943,1.39155234,-1.069197994,0.846511587,35,47684.02212,0,1
0.001109945,-2.953823485,-0.421769088,-1.847597557,-0.320797861,-0.053887428,60,72297.87132,1,1
-1.544433848,-0.523104307,-0.0544243,0.656811024,-1.904092792,0.267802236,37,68890.89374,0,0
0.492883972,-0.866570554,-0.820585296,0.488371112,0.086026635,0.604441338,32,57600.11117,0,1
0.833603205,0.349012269,-1.78698901,-0.674566557,1.330127767,0.265752967,70,76037.82881,1,1
-0.601126553,3.285723714,0.778932181,-0.355231027,-1.795615137,-0.849818377,62,69124.43565,1,1
1.16591652,0.695166018,-0.025733795,0.464790939,0.12862807,0.521268035,65,65159.62539,1,1
-1.666763407,2.735960159,0.047579417,0.915935247,0.668478534,0.820200742,44,59740.94276,1,0
-1.494756146,0.568769695,-0.986773618,-1.749463168,0.816356984,0.360229036,41,73445.2781,1,1
0.136597396,-0.629886238,-0.185503529,0.628246068,-0.746189761,0.632348374,29,71329.6402,1,1
0.025385278,0.347916078,1.096593789,-0.457651186,-1.10223073,0.725544313,18,55904.16032,0,0
-0.716573488,1.780638599,0.000821337,1.125289774,-0.587051965,-0.396062854,31,72201.16882,1,0
0.809594436,1.829562596,0.029183758,-1.839275214,1.19087103,-0.433557288,49,50194.19836,0,1
0.530894314,-0.575337368,0.207528278,2.445298965,-1.709555645,2.226786968,20,63523.18473,1,1
0.858139071,0.253183696,-1.236382128,-0.886139933,-1.215966995,1.325759963,27,66006.06506,1,0
-0.123136435,-1.42926688,0.624920464,1.429961187,-0.458769485,-0.048205887,43,54974.68614,1,0
0.602580268,0.824668625,-1.255198115,-0.06918462,-0.975671218,0.682828956,48,62011.59098,0,1
-0.445650303,1.553354699,-0.939615581,-0.818666737,-0.041672735,-0.937684831,27,69120.61049,1,0
2.05381869,0.039799454,-1.049214769,0.265114005,1.414525939,-0.598881262,18,43763.50211,0,0
-0.81254577,-0.667384054,-0.175224967,1.029125445,-1.203818447,-1.246909652,67,62759.97206,0,1
2.105297429,0.360130951,-0.352452704,-1.552704801,-0.146366176,0.285661382,66,93221.27509,1,0
0.034887947,0.417459031,-0.001225038,0.701588849,-0.008250969,0.297365168,49,47604.98039,1,1
-1.37551089,0.081143832,-0.90525616,-0.012178499,-0.334586249,1.083826105,36,75449.54475,0,0
1.36807935,0.178715124,1.00549532,0.577044083,-1.578424976,-0.212033934,18,58565.28902,0,1
0.125901388,-0.17381485,0.834027569,0.010975357,-0.637825522,1.066587906,43,77744.87319,0,1
0.851124098,0.995954928,-0.173813513,-0.571868839,-0.634836352,0.652913328,22,49148.37473,1,0
1.223855919,0.736227445,-0.478366717,-1.113123251,0.633503956,2.459231205,43,60091.00307,0,1
0.337955554,-0.983103147,-0.579357493,0.672645112,0.419579298,1.667115975,55,93163.19538,1,0
-0.592240845,-1.010590603,-0.310144995,0.667271992,-1.55189575,1.492156728,18,57401.94843,0,1
0.975713378,-0.254374417,-1.400245229,0.662272248,-0.387136358,0.835682617,47,69501.29696,0,1
0.000755507,0.736837124,-0.959607312,0.427596319,-0.500255208,-0.894225389,66,68917.87433,1,0
0.685857819,0.148057414,0.860120392,0.944698872,1.954695284,0.292794017,29,30000,1,1
-2.153730574,-0.64315041,0.301812486,1.40606928,0.29231318,2.247555224,53,66693.42541,1,0
0.446981717,0.261518597,1.634274486,-1.876417847,-1.077438419,0.506954741,53,41437.04543,1,1
-0.638585825,-0.33081052,-0.29919515,-2.341797444,-0.776797923,-0.821778564,41,69493.5354,0,0
1.653309637,0.88048646,-0.361513227,1.71794736,-0.378545399,0.335969468,59,61765.71638,0,0
0.623087348,0.333058435,-0.407898925,-1.341046515,0.362367575,-0.989604834,42,43272.9387,1,0
0.239857746,-0.315278187,-0.319164483,-1.086243287,0.484920946,-0.856194199,25,42143.20663,0,0
0.486309993,0.231518772,-0.659954013,-0.287614312,0.200482643,0.412899262,29,58908.64018,0,0
-0.998440853,1.31504806,0.270988215,-1.653971579,-0.209765246,0.739545925,44,97215.41469,1,1
1.623256691,-0.569630077,0.029104067,-0.381586697,-0.136000324,-0.79792197,29,84349.79206,0,1
1.991370418,0.402656982,-0.509914502,-0.948105344,-0.128969226,-0.559556468,49,65393.14898,1,0
0.392913511,-0.07046034,1.251148913,-0.23334087,-1.782909897,-1.426375091,52,67729.77161,0,1
1.590403569,0.426983684,1.896582922,0.279841305,-0.061291622,-0.129294011,33,69024.33781,0,1
-0.569148199,-0.654564942,1.166577206,-0.343538225,-0.577254056,-1.946027319,53,51983.24586,1,1
-0.797113566,0.110335433,0.558124013,-0.394047285,-1.652830221,-0.299145002,47,49610.68482,0,0
0.040924749,1.107823282,0.761769726,0.257995797,2.417882578,0.079577021,54,72766.03963,1,1
0.434941038,-0.937006981,1.856415518,1.044291798,0.311303606,-1.755789384,49,50974.52548,1,1
-0.393986681,-1.329405103,0.760319316,1.602964347,0.013103258,-1.007257917,32,81608.28423,1,0
0.53776819,-1.291455564,-0.585185853,-0.218538254,-0.371127991,-0.060091678,38,39700.77236,1,1
0.306389482,-1.17066253,0.392272527,1.824889152,0.730222459,-0.196576987,57,46476.2755,1,1
-0.998306775,0.595323288,0.626244266,0.876706835,-1.162300259,-0.150362928,46,81234.95795,1,1
0.518793017,-1.405859686,-0.994717274,-1.232008454,-0.312704292,0.288012896,47,55697.21287,0,1
0.863528243,-0.297895345,-0.284930819,-1.261208256,-0.952170883,-1.671682913,42,58161.02501,1,0
0.171469318,0.618289303,1.100391824,-0.577287851,0.721562854,0.708660067,37,69681.47733,1,1
1.152648103,0.416659061,-1.823492735,1.444603983,-0.826741146,-0.318727423,27,77381.58389,1,1
-1.217403793,-0.38555898,-1.250428545,-0.501367316,1.101327812,-0.596197302,48,69146.67773,0,1
0.467950422,0.190923732,-0.176407054,-1.892356825,-0.099275388,-1.864855472,18,64308.95484,0,1
-1.170280706,0.10714533,0.353679596,-0.228884209,0.774490097,-0.267577168,27,72010.07015,1,1
-1.114081358,-0.224240956,-1.357632445,-1.980571968,0.399858884,0.512030257,35,66137.18051,0,0
-0.630930834,-0.210834719,-0.126789252,-1.054985647,1.059244834,0.141572135,66,76276.72635,0,1
-0.942060184,2.235427435,1.153768539,-0.587028406,-0.935176596,0.170812854,53,102853.5493,0,1
-0.547995819,0.809310904,0.068651457,0.149668911,0.905623185,-0.339043664,30,67580.0323,0,1
-0.214150311,2.480650918,0.939088944,1.024162327,-1.862588653,-0.060548522,49,47102.33895,1,0
0.837154486,-0.496963133,-0.592114121,0.694135943,0.043126762,-1.107461328,39,75581.19358,1,0
-0.321159039,-0.084966597,-0.809916857,-1.179324798,-0.545921932,-0.004766039,23,57806.39285,0,1
-1.585625707,-1.332125765,0.84887383,-0.371712262,-1.404541384,-0.491101519,50,65057.17151,0,1
1.140067846,-0.809566802,0.369265535,0.076375589,-0.893522125,-1.124799201,18,65499.99858,0,1
-0.837090134,1.901913149,-1.185596008,-0.262207124,-0.640655726,0.754719239,20,51275.6138,1,0
-0.058720427,-0.52203429,-0.800840916,-0.269295226,-0.196551682,-1.575000095,22,54437.90057,1,0
0.446536507,1.9192813,1.564581241,-1.722743325,-0.524849652,0.524285599,67,30000,0,0
0.199610418,-1.243362261,-0.924555219,-1.152734151,0.080025974,0.587148143,44,58478.54722,0,1
1.094179548,-1.053469034,0.934328747,-0.402939849,-0.830158316,-0.52723883,29,68412.00632,0,1
0.479003143,-0.341231221,-0.478186697,-3.093225675,-0.476857701,1.030408964,50,60219.51693,1,1
-0.86130958,-0.063749922,-0.003175857,0.64064432,-0.289066065,-0.548340112,58,53099.64121,0,1
2.178562174,0.923087292,0.294592621,-1.3726791,0.182096222,-0.611156022,44,65656.5899,1,1
0.194333463,0.450770417,-2.10098121,0.686838133,0.848847282,-1.20035524,66,45862.35275,0,0
-0.147340227,-0.416315257,-1.462717335,0.598916004,0.853663007,-0.008443449,30,44130.55529,0,0
0.963925423,-0.133315807,0.086333019,-0.543693043,0.237483992,-0.958657743,63,67887.55626,1,0
0.249450946,-0.31906292,-0.724307564,1.000548326,0.430253017,-0.791646243,28,68713.42984,1,1
0.399228193,-0.914653735,0.996581295,0.743197345,0.311866916,-0.065374208,28,67665.78413,1,1
2.492183999,-0.887962937,-1.606120881,-0.308961471,-0.314642176,-0.023507382,53,55492.07016,0,1
-0.275121428,1.027883891,0.565255056,-0.421759615,0.900583003,1.255933632,58,76403.8967,1,0
-0.317760894,-1.828164928,-1.37622122,1.097232786,-0.914481092,0.931032852,67,43143.69706,1,1
0.116578512,1.617358697,-0.352104994,0.232013839,-2.048145468,0.550992241,68,55544.92419,0,1
1.071515936,-0.342994226,-1.064377764,1.044697168,-1.041489387,-0.146549617,21,71217.14263,1,0
-1.50653403,-0.772508606,1.90242988,-2.388974074,1.403120815,-0.404015954,61,72893.87928,0,0
-1.965555891,0.739759291,-1.339492163,0.098485097,-0.295433138,-0.026592523,35,48414.24214,0,1
-0.587115271,1.485216584,-0.122059695,-1.577409087,0.274129006,-0.556282357,35,92138.94221,0,0
-1.633922959,1.117632442,-1.726836148,-0.025788507,-0.273950017,-0.700930205,45,58042.32091,1,1
-0.424831348,0.501852049,1.599570122,0.713820208,0.561665329,-0.078793147,23,61317.304,0,0
0.502499696,1.08686349,0.401282416,1.739140146,0.070712666,-0.878383594,60,74671.81595,1,0
-0.890748864,-1.716497577,0.13697309,-0.938166728,-0.068592009,-0.816925432,22,83279.03627,0,1
-1.426826577,-0.521830541,1.474312939,-0.525704805,0.613778335,0.954874089,65,60923.023,0,1
0.069337162,-0.91117006,0.147422441,-0.095532907,-0.465677939,-1.379679092,28,77598.98603,1,1
0.862543485,1.224638731,0.219571356,-0.974531101,0.372077783,-1.039777605,22,53157.55534,0,0
-1.694973439,-0.383478019,0.131725288,0.978559729,-0.174721661,1.273273827,26,85026.47511,0,0
0.820232398,0.845406557,0.563634325,-0.070094545,-0.107426253,-0.39213921,40,60578.97382,0,0
0.817306204,0.535856942,-0.492441384,0.121957023,-0.818597499,1.376026013,28,64716.47645,0,1
0.954085102,-0.862306936,-0.214287307,0.620173127,-0.215955649,-1.167365121,32,54798.3824,1,1
1.218480215,-0.58695821,0.810334628,-0.071711516,-0.54124255,0.073782171,42,63239.81255,1,0
2.202013925,1.293817691,0.277372952,-0.817539128,1.129920179,0.771827216,34,49044.75473,0,1
-0.356092049,-0.775482649,-0.114243914,-0.063020238,-1.684071664,-0.905971535,67,59063.23864,0,0
0.10957158,0.12486761,-1.400522391,-0.85618136,0.889259891,1.674332816,70,60256.88715,0,0
-0.416438433,-0.782541286,1.498050285,0.107980889,-1.744257681,-0.390349783,43,44161.11495,1,0
0.001976845,-0.313952187,-0.66145411,0.996937721,0.537215638,0.509089951,31,51432.3263,1,1
1.532873356,-0.046161944,0.987237238,-1.174978292,-0.837730234,-0.678054613,56,30000,1,0
-1.345014484,-0.78286651,0.175753652,-1.532371001,0.566322264,1.49161385,65,41389.97615,0,0
-0.861049672,-0.960446954,-1.293450523,0.049249936,-0.121359008,0.30335971,26,59789.10565,1,1
1.377180937,0.286273337,1.252275478,-0.767799617,-1.432353356,2.097279901,44,74392.33378,1,1
1.020036507,-0.844737409,0.254540646,0.031745274,1.35861854,1.179072011,52,54645.00191,1,0
-0.363131647,-0.810657556,1.335345357,0.320403521,0.77664631,0.837032894,44,59541.50936,1,1
0.854402001,-0.939053144,-0.182408701,-2.143686229,0.503175457,-0.955117043,70,77425.40398,1,1
0.341215842,-0.077908046,0.70405123,0.689849428,-0.640369744,0.083854114,33,72498.38903,1,0
1.500274609,0.943701634,-1.762527111,-1.169668503,0.811084613,-0.316677317,39,72281.17186,0,0
0.074509594,1.506528636,-0.500215864,-0.022347951,-1.283251622,0.026227258,47,61788.26536,0,0
1.025632114,-0.725918086,-1.272993332,-0.659382335,-2.227646123,0.147720778,43,52648.12684,1,0
2.64201191,2.150310793,-0.37478385,-0.551957015,-1.562325869,-0.90069747,56,65936.42408,0,1
0.598099155,-1.004704861,0.47181174,1.69395794,-0.921988036,-0.15656246,56,79237.79625,0,0
0.049328166,1.083548523,-0.604580088,0.319267521,-0.754836884,-0.096388831,69,87111.73055,0,0
0.722446985,-0.721696454,0.863842094,0.904688403,-0.434843569,-1.010228409,50,96089.78109,0,1
-0.365280858,-0.87092327,-0.856612644,0.150941354,-0.390433235,0.800417183,57,82945.4712,1,0
2.387967706,-0.744756157,0.885236614,0.620013575,-0.649838282,0.222485213,18,60655.38052,1,0
0.180071038,-0.0524477,1.309757166,0.417378362,-2.116314772,0.81325321,29,41963.61288,1,1
-0.27293332,0.579972171,1.013526135,0.254456145,0.192123368,0.48721854,34,69029.83997,0,0
-0.835689005,0.669868038,-0.344189052,1.107155909,-0.264674753,-1.713625489,42,76448.80466,0,0
1.097220192,-0.943985015,-2.125453598,0.156505454,-0.696343585,-0.833305156,46,30000,1,0
0.867187413,-0.989659288,0.582166997,2.285148572,1.398021291,1.653211315,59,37813.40828,0,0
-0.497354371,-0.916638693,-0.125234715,0.960531573,-0.242165365,0.785089101,45,53147.5704,1,0
0.576451345,-0.111354402,-0.97839294,-1.139540698,0.058531732,-1.621639235,36,48466.56065,1,1
-1.508555968,-0.210155604,-0.556279065,-0.176549709,0.795850152,0.470011033,58,35864.14499,0,0
0.184970575,-0.950175462,1.434425316,0.397077599,-1.489860842,-0.831914921,27,65700.72281,0,1
0.452756352,0.269603694,-1.137340201,0.044496836,-0.022610054,-2.096489488,28,78617.84194,1,0
1.70732981,2.262568808,0.468309176,0.686873419,0.792547854,1.657209002,27,57173.89842,0,1
-0.770818803,-0.504715462,0.217958176,0.797016705,-0.091328903,0.075325818,47,35098.66438,1,0
-1.278352629,-0.433511821,-0.357387665,-1.359586986,-1.303342587,0.216978381,66,63094.27911,1,0
-0.895427961,0.55966157,0.644532687,1.281077545,-0.482475445,-1.256771118,24,43350.47975,1,0
-1.3365685,-0.558816292,1.632245259,-0.496817465,0.188986646,-1.153137496,22,44870.69404,0,0
1.336657358,0.668964482,-0.295971504,-0.595904506,-2.10687789,-1.591637195,45,74396.06339,0,1
1.548639295,-0.718542707,-0.243180948,-0.599122393,-1.352660995,1.416976082,37,78003.27287,0,1
0.320216578,1.832119608,0.622064905,0.808576406,1.973536896,-1.643328644,49,55660.61137,1,1
1.221294946,0.344774973,0.918242821,-0.267067698,0.484590228,1.616784968,29,70966.62076,0,0
0.133958381,-0.620022949,-0.127707207,-0.663551644,1.483470561,-0.986763755,22,43886.13723,1,1
-0.095111648,-0.588691699,-0.305373736,-0.423959157,0.866317702,-1.227879253,47,67936.27193,1,1
-0.333037619,-0.513799753,-2.217646521,-1.794691659,0.393983643,-0.055372337,50,54241.88622,1,1
-0.310390991,1.372749666,-0.778008912,-0.842163764,-0.309079239,-0.684209372,27,40116.44752,0,0
-1.547801556,-1.268751008,-1.139311672,-1.239583549,0.381213874,0.097295538,56,46392.90328,1,0
0.264254764,-0.66794167,0.684624996,-0.26916933,1.449964191,-0.877156527,44,66150.84542,1,0
-0.04033391,-0.561660557,-0.243902949,0.66419327,0.825538923,-0.31348275,29,37790.96447,0,1
0.745360724,-0.015687967,-0.283021606,0.553875901,0.166810305,-0.758393174,19,55774.9108,1,1
0.093523496,-0.271109693,-0.009056264,1.256750498,-0.172347069,0.861225723,47,76026.01584,1,1
-0.162703702,-1.491227831,-0.87017647,1.033975817,0.498323587,0.512622991,58,52607.61398,0,0
-0.87119303,-0.399822684,1.553247187,-0.528596715,-0.532042607,0.247719221,22,36881.04645,0,0
0.072153237,-0.099550683,1.298193912,0.019071401,0.49847441,1.053547423,54,55845.02583,1,1
0.738237231,-0.628097835,1.618106783,-0.032556094,-0.697955491,0.263179524,31,70164.79144,1,0
-1.143338991,0.686775489,0.683417231,-2.151052683,-0.353920887,0.178799422,68,40534.89934,0,0
0.087473754,0.919408429,-0.029478115,-1.217259537,-1.027705466,-0.119953725,43,77805.94653,1,1
0.233042952,-0.0783867,1.614729303,-0.167286677,-0.439763044,-0.716248148,67,71449.98283,1,1
-0.718064784,0.230541587,-0.680966836,-0.172896435,-0.683727658,-0.714042355,25,65251.75249,0,1
-0.587856305,-2.161055997,-0.871208979,0.512325054,1.691915391,0.147120841,48,68660.00456,1,1
0.230610849,-0.421102772,-0.601511515,0.46364163,-0.894495757,1.017906792,20,61907.5533,0,1
-1.133421018,1.004821692,0.522871267,-1.770692502,0.384835296,0.570363744,45,65014.09326,0,0
0.349923715,-0.423436583,-0.762105193,0.518596734,-0.946882319,0.564618162,31,61071.89409,0,1
-0.895354374,-0.737261676,-0.155372988,0.178587206,0.046896037,-1.106156129,28,73243.8368,0,0
1.062853693,2.277688926,-1.601855294,0.623373182,0.289915402,0.522831863,46,79393.16901,1,0
2.337827745,1.81907719,0.481097665,1.066865588,-1.851103674,-0.399207459,57,47687.56247,0,1
-0.860756802,0.467574912,-1.517103367,-0.142882973,-1.397701488,0.175736627,29,49472.51758,0,0
0.534207862,1.138910611,-0.932161055,1.245588237,-0.954673191,0.55201487,60,54130.86466,1,1
-0.726741905,-2.225935418,1.217167135,-0.889400454,-1.303236874,-1.1562072,26,50868.32515,1,1
1.040954174,-0.787551441,1.180318317,-0.94573812,0.084085202,0.157403715,53,77007.24881,0,1
-1.265258409,-0.469957873,0.37431309,0.42877219,0.242580209,0.236262334,36,37505.79345,1,1
0.480586758,-0.235980099,0.275663582,-0.368767545,-1.063071955,0.998634764,24,68140.57692,0,1
-0.872988967,-0.489944021,-0.530959647,0.261632565,0.124198437,-0.51687546,34,80800.50263,0,1
-0.206984589,-2.550026292,-0.772903664,1.99298212,-0.424078614,-0.061214328,65,51318.93279,0,1
-1.031025275,0.386024619,-0.362241698,0.393495074,-0.099476034,0.169964282,68,82080.9421,0,1
0.822350471,0.543654128,-1.513654174,0.212169539,-0.62842329,-0.516785931,40,77360.01256,1,1
-0.836980354,1.601898792,0.252448555,-0.869220379,0.487656732,-0.535047754,29,54761.42981,1,0
0.551964259,-0.788309265,0.048831125,-1.699979807,1.634929257,-0.57364256,24,72281.90593,1,1
-0.344098028,-0.870163158,-0.933421267,-0.072546615,0.774334216,-0.127723033,42,47600.74135,0,0
-0.114472372,-2.679984486,1.568681919,1.066870247,1.393390849,1.747087219,31,43473.96136,0,1
0.147755907,-0.293566837,0.60691371,-0.322938007,-1.402824783,-0.092075426,48,53043.17138,1,0
-0.761824672,0.901111781,0.691841804,0.401462499,-0.675709102,0.487539993,42,80254.64859,0,1
0.210367114,-0.611767862,-0.487339926,1.426497273,0.565235833,0.031592886,28,53125.40753,0,1
1.530334564,2.143444819,-0.001330078,1.401516313,1.508294175,-0.307526435,28,60625.13446,0,0
-0.778094786,-0.256594836,0.62737267,0.428815888,0.650440427,-0.024197702,24,44934.35921,0,1
1.171810143,0.146992284,0.152782367,0.170106479,-1.026224085,0.76934561,60,72999.78339,0,1
1.498097633,-1.363103081,1.601900785,-1.518633049,-0.434657335,-0.053467436,20,72471.89909,0,1
-0.816154989,0.287220345,-0.203787569,-0.630194644,0.333404437,-0.160934529,32,49435.5079,0,1
-1.455054605,-1.979319795,-0.504560532,-0.280755808,-0.164659522,-0.234773366,20,30000,1,0
0.3019609,0.693697955,0.634252876,-0.852331611,-0.798772458,-0.99348014,70,54574.08342,0,1
-0.547407523,0.724428176,-1.264647272,0.248453263,-0.290254443,1.040090157,58,66637.98067,0,0
1.868603219,1.359291424,0.924296932,1.911648183,-0.014436019,-0.446936071,34,59802.0722,0,1
0.03480754,-1.019968719,-1.300711801,1.517761593,-1.084921305,1.46940953,66,61207.21063,0,0
-0.802199408,0.160562118,0.638584666,0.243879862,0.984509073,0.244705997,61,65242.91595,1,0
-1.147159511,0.563816559,-0.648273554,0.779434072,-0.439614823,1.405885389,24,52335.6601,0,0
1.089904959,0.442281638,0.476584147,-0.728604315,-0.072576226,-0.19994269,28,41170.14322,1,1
-0.571183974,-0.865299275,0.907342946,1.464089351,1.035052704,-0.733177576,63,71085.07418,1,1
0.043828799,-2.39198189,0.153421196,-1.561966596,-0.124998666,1.043227689,37,46726.51207,1,1
0.955802745,0.346960297,-1.199620952,0.912828161,0.980358828,-0.561014216,18,41975.73623,1,1
-0.484258352,-0.152499678,-0.896775245,0.49558971,-1.029200861,1.285536819,49,67500.97086,1,1
-0.045928829,-0.566670593,-0.728659141,-0.755859387,0.432955915,0.57871375,55,43412.78845,1,1
-0.01656841,0.763945364,-1.895006894,-0.208786757,0.839322356,1.464462512,38,47727.19412,1,0
0.683324512,-0.044919538,1.127477859,-1.134252703,-0.829867998,-0.976471798,48,83708.67095,0,1
0.590744336,-1.319195053,0.110107586,-1.091640048,-0.178369592,0.956510881,34,83828.45021,1,1
-0.220113731,-1.931452289,-1.135518045,-1.591054001,-0.157675585,-0.742747168,42,77868.99374,1,1
0.063649061,-1.128963265,1.455674857,0.767513902,0.209639217,-2.39642495,58,71390.49346,0,0
-0.371779012,2.393012295,-0.7013281,1.205344969,0.474801617,0.895916698,50,77345.96981,1,1
-1.477612407,0.722776774,0.250572489,-2.161807864,-0.911206199,-0.006401936,29,89439.06538,1,0
0.257600857,0.188612342,-0.825270545,1.838305516,-0.060054858,0.962414054,69,76411.97514,1,0
1.892191761,-0.181660927,-2.018260153,-0.012008237,1.591318174,0.092012991,45,63769.17592,0,1
-0.883719141,-0.24739294,-1.364440559,0.289853205,1.053876792,0.021475216,66,73094.23488,0,1
-0.77302971,1.167195983,-0.448490431,-1.472412836,0.793843845,1.497703469,43,53025.87787,1,1
-0.870727772,-0.490595742,0.898296871,1.32082575,-0.192779598,0.118293554,53,62194.80991,0,0
0.724591779,0.576920411,0.346533147,0.200250093,2.128830825,-0.475500234,25,62861.91525,1,0
0.448485454,-0.34842795,0.140205126,1.13882624,1.029814189,-0.088375116,49,57928.75273,0,0
-0.158537692,1.940156632,-2.010027623,1.220858321,0.037418868,0.157638553,68,55277.34523,0,1
-0.918019062,0.742288508,1.270086148,1.334874423,0.220410716,-2.84465312,68,79317.92605,1,0
0.092376792,1.245556815,0.223679696,-0.648280776,-0.458849655,0.491105163,43,45705.3374,0,0
-1.564622127,-0.584409775,-0.11941767,-0.207962008,0.393371691,1.358904534,22,62216.60405,1,0
0.143426567,1.058136113,1.13242311,-0.611702075,0.593075034,-0.048988788,60,40660.06582,1,0
0.871524386,-0.312577425,1.247496724,0.895096463,0.702608085,-0.420757659,55,30000,0,0
-1.251199137,0.110034824,1.154590248,0.332889229,-0.180683892,0.387767519,30,77927.76823,1,1
-1.532518277,1.635047671,-0.247086497,1.069144864,-1.473699338,1.743547391,36,79288.04342,1,0
1.579437892,-1.042775057,-1.003476561,1.112738803,0.241788346,0.469194862,23,52718.89524,0,1
-0.61175964,0.203247731,0.988922917,-1.727259491,0.706793506,0.214373648,62,60759.486,0,0
1.135947846,0.438005259,-1.365054443,1.350770131,-0.97855334,-0.390579249,23,55660.59641,1,1
-0.153997665,0.520004381,1.947256739,0.950860958,-0.090832578,-1.069496405,33,55676.33144,1,0
-0.161954817,-0.450784493,0.027999545,-0.369224883,1.341465825,0.023407583,46,52679.54504,0,0
0.438412699,2.086264101,-1.060884256,0.349792767,-1.203475058,0.041576761,35,66901.15135,0,0
-0.883998857,-1.294931885,-1.231868554,-0.123669572,-0.28373435,-1.932097266,49,54282.59362,1,1
0.132497143,1.458885389,-1.277604824,0.616055679,1.487139148,-0.726783646,46,66225.19259,0,0
-0.381489415,1.215065606,0.140362907,-0.371396381,0.157715354,1.158861262,60,85015.63837,0,0
-1.320493443,1.90088879,-0.00639232,0.478927241,-0.526011828,-0.258069576,69,65843.35153,1,0
0.337482075,-1.588227099,-1.235922174,0.067305305,-0.007031593,-2.455825732,34,61871.99279,1,0
-0.263307807,-0.868831488,-0.356455787,-0.432193903,0.825917132,1.601175347,59,51427.75005,0,0
-0.157024828,1.491943059,-1.367935386,0.190136245,-0.203505535,-0.891509078,65,59784.18202,1,0
-1.210160943,-1.877039155,0.589301806,2.706469573,0.597582115,-0.470267295,22,34943.21538,0,1
1.591400368,-1.606458901,-0.054593266,-0.68553663,0.234990159,1.062254122,49,83095.0963,1,1
0.876714186,-0.488307787,-0.378402506,-0.249943591,0.31707841,-0.74207345,46,45629.16596,0,0
0.964155884,0.191993789,-1.28811073,-0.6681124,0.661541511,-1.969960568,46,31220.94338,1,0
-0.305444702,1.592225074,-0.3001556,-0.563216386,-0.294828083,0.21756553,59,58431.75674,1,0
-1.72918289,-0.185265915,-0.414727881,0.815774353,-0.944510753,0.796842155,20,65313.30889,0,0
1.952917382,-0.608239148,0.317726701,0.71588246,0.474395605,-0.469110598,68,79867.58491,1,1
-0.061097508,0.311389938,0.167017978,-0.005863503,-0.132404113,-0.122843813,21,63671.85273,1,1
-0.748799796,0.469596483,0.792060102,1.026296585,-0.448111226,-1.179796242,61,73882.32814,1,1
0.416801574,0.441239822,-0.484576544,0.793443295,0.526385289,-0.995463582,42,73947.48501,1,1
1.167120788,-0.177986208,-1.860411502,-0.162334186,1.277347081,-0.3216773,39,72479.69061,1,0
-0.023050556,-1.955086114,0.991092877,-1.533864742,-0.154578383,0.648612229,59,42995.41285,1,1
1.278575168,-0.917615989,-0.936032513,0.829783008,0.008449539,0.097774743,28,67664.08427,0,1
1.082999939,1.420271085,-1.106917053,0.169664621,-1.181767219,1.020049299,25,39224.42357,1,0
-1.076381187,0.187068938,-0.043116545,0.022223464,-0.222694608,1.653610975,44,89915.91078,1,0
-0.673790106,-0.322522119,0.302270513,-0.46604802,0.221290447,0.88657217,61,70464.73925,0,1
0.957537163,1.118168548,-0.530836406,0.744648949,-0.020444099,-1.589963442,63,50628.07682,0,1
-2.712612564,-1.130116632,-0.538692681,0.348496252,-0.362155833,-0.283778036,70,65637.81778,1,1
-0.149455693,-0.225348134,-0.391026318,-0.236828043,0.72584167,0.876995651,39,44841.5484,1,1
-1.430831202,0.137758405,1.416540351,-1.225454547,0.058007679,-0.119544946,20,36679.70807,0,1
-0.476553801,-0.441377503,-0.002678088,1.067929102,2.588803118,-1.619340869,44,73151.71296,1,0
-0.298820089,0.100762823,-0.967962839,0.604905223,0.207719265,-0.551978921,28,45287.19142,0,1
-0.358244378,-0.187693931,-0.957783357,0.2554029,-2.746502853,-2.272451717,44,57284.78294,0,0
-0.552261252,-1.399343048,-0.25088418,-2.656773995,-1.112031609,-0.277495624,24,63083.26296,0,1
-1.09714365,0.181477882,0.237857934,-0.037894257,0.532119279,-0.684921274,44,57263.69809,0,0
2.291911267,-1.328351792,0.483980162,-0.241203703,-0.6433098,-0.360645921,64,44579.46514,1,1
1.867462004,0.165615125,0.124158604,-0.618495685,-0.581230268,1.181475171,28,60910.55985,0,1
-1.16206582,1.374135824,-0.841873351,0.754235279,-1.239229844,-1.331401356,42,62220.37481,1,1
1.582116751,-0.281023197,-0.4239413,0.714860034,-0.476732471,-0.718215831,56,73069.63537,1,1
-0.39946549,-1.17148313,0.733907882,0.436824717,0.193927756,-1.141762428,68,96673.34516,0,1
0.129187473,-0.126987813,-1.14609196,1.037890915,0.385835714,1.07133608,33,30355.20649,0,0
-0.06327396,-0.831971108,-0.465753393,-1.022298514,-1.019895651,1.13123722,38,48022.18283,1,1
-0.659748641,0.594509003,0.597462858,-0.453654057,0.805406113,0.360075266,43,63344.12993,1,0
0.983852344,-0.147988748,0.875281427,0.074792263,-1.19136909,0.308289603,44,75161.53556,0,0
0.125886531,1.709763252,-0.192915371,-0.622002019,0.437956109,-1.200338225,68,65195.03927,0,0
-0.476551423,1.162989596,-0.411206811,0.727169222,0.337046775,0.199188987,62,76844.88981,0,0
-1.304589444,-0.153080504,-1.322117941,-0.522200848,-0.934358185,-1.121910414,70,37802.70559,1,0
-0.893595014,0.715609068,0.525639923,1.298370004,-1.053315526,0.041193954,34,55235.02154,1,0
-1.641380116,-0.393236409,1.318779685,-0.931159402,0.382290441,-0.343348501,48,81924.05128,1,0
0.012223548,0.033956885,2.565154059,2.13198365,-0.559882519,-0.594166883,31,47096.25514,1,1
-1.196665592,-0.361434196,0.386446184,2.029297356,-0.190499345,0.028302359,40,30000,0,0
-0.265560513,0.76645596,-0.050879652,-0.094753146,0.687335818,0.677261901,19,47748.42973,1,1
1.370101854,1.432988277,-0.919810613,1.146170451,0.479137161,1.775456918,43,66559.82727,1,0
1.199299573,0.798648207,-1.878856914,-0.400428061,-0.915944515,0.550984938,43,58937.91919,1,0
-0.032276894,0.921936601,0.17695925,1.013286498,-0.05357919,2.277989805,39,40726.89181,0,0
-0.087084726,0.923033437,2.35033912,-0.175978331,-0.934715202,0.200925037,59,49177.0865,0,1
1.879874549,0.551255922,1.27081223,-1.285439899,0.86993895,1.78388733,45,40041.28238,0,0
0.52075612,-1.139286159,1.116564269,-3.532818188,1.536516864,0.435584088,23,41804.81394,0,0
-0.32780646,1.700971519,0.245602817,-0.268713446,-0.845095315,0.239789582,65,46815.07881,1,0
-1.426018117,1.804410827,0.35952316,0.279062509,-0.031167104,-0.168227995,56,61582.23856,1,0
0.393873218,-0.233879603,-2.423747318,1.330316426,0.917461011,0.299100958,36,30000,1,0
0.829323773,-0.370697915,0.762510581,0.036625032,0.024211008,0.431578499,38,80486.09056,1,1
-0.631651525,0.612411653,-0.57934057,1.002910135,0.561505287,-1.417452794,59,58447.31976,0,0
0.291202755,0.550812835,-0.701727347,-0.453941547,0.051606332,0.700054054,37,43400.11717,1,0
-0.363573295,-0.201946069,-0.323256953,-0.33727897,-1.056803708,-1.483993813,48,45396.96244,1,0
-0.184032399,-1.250025656,-0.357004489,1.054035683,0.118925017,0.701171354,44,50478.9574,0,0
-2.487822058,0.305701191,-0.717635592,-2.464674485,1.127283639,0.598953431,32,60093.69684,1,0
-0.221781404,0.551436538,0.013872072,0.012983829,0.31429207,1.421247526,61,62270.12518,0,0
0.969369302,0.725821148,-0.558277596,-0.39996135,1.623674284,-0.862102488,48,57092.46403,0,0
-0.631402556,0.349292772,0.100322956,1.360611205,-1.771503859,-0.987102598,26,48668.78959,1,0
0.052526368,-0.271115148,-1.487177815,-0.528246295,0.37904745,1.10725855,67,59835.55887,1,1
-0.755950707,0.99400204,-0.214057771,0.51658497,-0.648007985,-1.074839257,34,30000,1,0
0.360441676,0.065848498,-1.09629559,0.921516969,-0.875631161,-1.173233308,36,41769.64346,1,0
-0.216523198,-0.464923014,-0.641449318,-1.492595994,1.334418609,0.208617909,49,49856.83769,0,0
-0.939241541,-0.180653382,0.143398843,-0.139370308,-0.255004978,-0.046691543,27,39866.57939,1,0
1.332551468,-1.745969032,-1.603997615,-0.431636434,-0.351545261,0.155355336,57,56719.27185,1,1
0.928932014,-0.182241824,-0.822407377,0.946293247,0.343575885,0.537726701,69,39929.08368,1,0
-0.604906764,0.68843652,0.568964385,0.675081841,-2.152518453,0.543310308,22,85695.49181,1,1
0.497788309,0.339783022,-1.413177842,-0.23320203,1.35486594,-0.07787286,30,38135.74416,0,0
0.537412003,1.520664173,1.77786714,-1.04740805,1.904430314,0.048153287,70,82668.58649,1,1
0.642301235,-0.262974914,1.204407956,1.038146696,0.915113445,-0.066985269,44,30000,1,1
-1.694255896,0.487313163,-0.494527084,-0.067652777,0.411989741,0.035274358,19,90076.63517,0,1
1.006606541,0.792740176,-0.787209688,-1.618376566,-0.216575427,-1.387448904,18,68759.96638,0,1
-0.569698963,2.342857008,0.201939903,-1.532380399,-1.075212319,0.75638996,25,71873.84893,1,0
-0.357827933,0.144765491,-1.447462257,0.43763343,1.194063816,1.049033379,27,39520.30188,0,0
2.637881752,-1.044187179,-2.002142725,-1.275806193,0.916341623,0.637429222,45,55159.92427,1,1
0.301873381,0.847928753,-0.459335124,1.859647494,0.450116255,0.560503236,22,56138.35121,0,1
-0.386322475,1.865727356,-0.134048767,-0.937070284,0.333628889,-0.99060115,67,58488.50428,1,1
-2.205294373,-0.32254871,0.094427224,-0.000360725,0.300592414,-1.415257925,19,79089.04165,1,0
1.389764134,0.841081539,-0.614740616,0.159111966,-0.52593672,0.830892778,58,70369.77093,1,1
-1.345209671,1.228728055,1.273946729,-0.729377739,2.501168828,0.028568439,65,57514.17922,1,0
-1.003438903,1.017065544,-1.495139658,-2.239827031,-0.285623541,0.169532383,69,74986.50779,0,1
-0.331352299,0.125558522,-1.138262135,0.190895098,-0.426704193,0.21449162,70,77747.14911,0,0
1.416411792,-0.698473758,0.486635956,-0.75323999,1.120606312,0.257052766,34,51480.79645,0,1
0.773239987,-0.081279548,-1.161647386,0.116538428,-0.029205772,0.646540735,65,51041.31674,1,1
-0.15783751,0.458600454,-1.200320452,-0.122331052,-0.018994515,-0.095428272,50,92425.42878,0,1
0.308292064,0.908222524,0.123354792,0.263291248,1.414569372,-1.905093475,42,56402.2835,0,1
-0.600385693,0.333945048,-1.05352262,1.561870121,0.678615246,0.688405514,22,50355.43717,1,1
0.13965369,-0.379907967,-0.133084428,-0.546183013,0.729418547,0.577546626,45,57682.38502,0,0
0.073336745,0.555379656,-0.69985656,-0.468844654,-1.417710494,-1.294644562,68,76116.93223,1,1
0.968769896,0.860085068,-0.861663703,-1.665797303,0.400540179,-1.166046743,35,70775.71264,0,0
0.967178122,0.379610056,-2.102305391,-0.195183951,-1.005607936,0.882991273,40,58116.26175,1,0
0.493977382,-0.836187115,0.139563153,0.409869989,-0.454994007,1.119073622,69,69173.832,1,1
-0.362347558,-0.181406035,-1.247189992,-0.483494878,0.17564127,-2.663640631,52,63754.26508,1,0
0.741822294,0.947820776,-0.168242204,0.4164305,-0.036209802,0.44084306,35,57866.75749,1,0
-0.091968466,-1.383017809,-0.512104898,-0.177508525,0.654218306,-0.22064635,28,55499.56928,0,0
-1.081914369,-2.093178022,-0.206508059,-1.302266238,0.770699652,0.074164232,60,62220.61247,1,1
-0.403287792,1.50808285,-0.149675374,0.311985071,0.845633839,0.131277799,60,53757.68507,1,0
0.084526984,0.511415255,0.193628251,-0.205832134,-1.344200943,-0.762142727,27,61059.56333,0,1
0.910215784,0.606730003,-0.727759301,0.122757821,2.362658262,0.652670269,27,59256.97308,0,1
-0.183528172,-1.076816974,1.242696479,-0.566949883,-0.024578869,-0.688149439,53,38240.82671,1,1
-1.209198711,0.737528063,-1.847400061,-0.655402523,1.212933354,0.747012807,26,52060.70254,1,1
0.056741683,0.275248688,-0.226591119,0.157410808,-2.514312848,0.969029154,59,56124.01029,0,0
0.11345604,-1.584327578,0.836230976,-0.230599912,-0.2653288,-0.872158984,30,87895.7238,0,0
0.185837629,1.424283414,0.476772553,1.724278249,-1.460682098,-0.847719362,40,57599.67032,0,0
0.919871516,0.158683324,-0.974835577,0.798730512,-0.86136537,0.113655536,18,64098.60834,0,0
1.01892324,-0.396083966,-0.808245493,0.545004259,0.050555752,1.503656606,33,92269.83968,1,1
-0.594210872,-0.377989746,-1.006792559,-0.177480802,-0.334749439,-0.592709024,36,36311.54869,0,0
-0.616143458,-2.015221905,0.599227631,-2.026023448,1.314017007,-0.403196465,29,36983.96899,0,1
-1.040198711,0.5933366,-0.739923729,-0.807594928,1.768991997,0.321072142,22,48325.11633,1,0
0.69881567,0.261857207,0.255123088,-0.647293453,-0.966834213,0.656780423,22,55003.95846,0,1
1.448820108,-0.194080132,0.264301414,-0.274984386,-0.487765165,0.526967331,24,56518.30003,0,0
-0.315081928,1.278485207,2.368393468,-0.033359499,-1.031088238,0.032293619,61,52336.89546,1,0
-0.241430565,-1.383859019,0.31325126,0.656074965,1.155900179,-0.305518975,31,41494.99492,0,1
1.466782557,-0.596772476,-0.811144015,0.273145561,0.159043605,0.331822807,50,74609.82304,1,1
0.505557853,-0.850008255,-1.460150262,1.159203191,0.03233117,-3.200569927,23,53189.62985,1,1
0.436235705,-0.27879498,-0.275852715,-0.311901974,0.312466411,1.869253831,35,77765.02692,0,0
-1.190916506,0.067470025,-0.119085842,0.257162944,-0.311170891,-0.185805917,23,44744.46716,1,1
0.678728069,0.430013524,-2.210699527,0.343844228,-0.856470026,0.182297748,68,89395.34765,1,0
-0.929136341,-0.346973453,-0.71385416,0.245726284,0.051054754,2.099379811,47,35013.41576,1,0
-1.134020186,-0.877355735,0.297352543,1.281890248,-0.267008365,-0.741310894,29,59782.6262,0,0
-0.346771577,1.68600695,-0.53235567,0.803774323,0.347024077,2.332117702,67,45024.40765,1,1
-0.585792723,2.411640192,0.968623786,-1.31940322,-1.631978569,0.739661091,52,60533.4514,1,0
-0.221599694,0.143286672,-1.558356445,-0.114331099,0.186358583,0.446539969,28,45307.32127,0,0
-1.440981635,-0.756780367,0.67688282,-0.013973682,-0.689246006,0.643898695,21,30000,0,1
0.958816306,1.475454131,0.913889742,2.151541064,0.151304937,-0.841484992,30,48289.64326,0,1
1.127686295,-1.446757106,0.956496476,-0.329791181,0.905089609,-1.648956686,18,83941.60648,0,1
-1.947342474,-0.334773325,-1.565856385,-0.982483903,-0.556247751,-1.180463682,69,44999.65851,0,0
0.978457806,-0.696117051,0.314552796,0.438325429,1.196720516,1.087416474,55,67626.67366,0,1
-0.81052863,-1.15953555,-0.668754119,0.49698572,-1.740762585,-0.93557153,70,60085.43571,1,1
0.856975537,-0.280024233,-1.406142442,-0.073772864,1.543828831,-1.654098367,46,53179.84935,0,1
-0.068446493,-0.864172079,-0.413867725,-0.220261003,1.238494052,-0.079316642,31,90650.35372,1,1
0.028775564,0.012654464,-0.904977992,0.948903956,-0.886589636,0.574702331,38,55282.13264,0,0
-0.185097649,0.027177168,0.920750468,-0.853598154,-0.878225412,0.038651285,58,62541.56347,0,0
1.212129204,-0.621331724,0.513063343,-0.340953343,-1.494955953,0.60638703,48,61284.9422,0,0
-1.239588013,-0.370513357,-1.152444468,-0.522149862,0.921378792,1.155013378,58,83625.02467,1,1
0.607840339,-0.230848968,-0.724221314,1.093894598,-0.330410813,0.571278582,24,37521.13564,1,1
1.101330165,0.809846061,-0.380697426,0.285494203,-0.4037699,-0.154052808,32,93662.56427,1,1
0.716340081,-0.148429401,-0.072405147,-1.064994097,-1.122814963,-0.544317672,59,82791.7109,0,1
2.324698914,0.824701741,1.006378275,-0.964506393,1.811973894,0.770804615,26,65964.9995,1,0
-0.528946763,0.585812984,0.690782326,1.873415124,-0.97276093,0.275314333,46,69272.35702,0,1
0.957304823,0.571530697,0.051391969,1.083217748,0.024166139,-0.860766517,41,56578.99161,0,1
-0.106090635,1.38784597,-0.26064885,0.841550282,0.21596971,1.302182206,32,62251.28296,1,0
1.233406076,-1.11939088,-1.773354035,0.012246941,-0.398671183,0.26216315,38,66299.87427,1,0
-0.007688996,-0.473183106,1.291997626,1.50847324,-0.600890716,0.652913476,58,46370.87819,0,1
-0.387875782,1.7632988,-0.447096598,-1.103404786,-0.369261444,-0.392018535,41,82791.01334,0,1
1.306072204,-0.257316501,1.55484024,0.752967512,0.565333333,1.130715115,24,63361.81847,0,0
-0.491561939,-2.81512369,0.196109292,-0.443273507,-0.347057155,-1.585358269,41,62124.11373,0,1
-1.412725759,-0.202968343,2.025284209,-0.24889332,1.625545687,1.675497496,40,46999.60935,1,0
-0.516846883,0.13493953,0.606321533,0.725789265,-0.777038686,-1.93883946,42,77546.13695,1,0
0.619032947,-2.617113117,-1.432019631,-0.143557509,0.754106753,-1.376621866,25,59310.86183,1,1
1.392038752,1.33393564,-0.61441548,-0.434699859,-1.756398712,0.251830238,51,52122.3975,1,1
0.111129375,-0.713712464,-0.169134961,-0.495157648,-0.776925035,-0.530756133,52,43709.6492,0,0
1.318197067,0.328563115,-0.873782887,-1.986345746,-0.816292166,-0.328331897,39,57577.0674,1,1
-1.358174921,-0.225981545,-0.377060817,0.763203619,-1.103913533,-0.531090381,51,42454.36195,0,0
-0.443263465,-1.288351419,-1.366939159,-1.006630073,0.283472507,-0.783075389,45,65187.47081,1,1
-0.288575117,-1.070508135,0.005721281,1.858409406,-0.110187194,0.316977454,18,71615.63509,1,1
-0.114559427,-0.935082836,0.237411949,-0.28761255,-2.278827718,-0.048561759,61,54104.60133,1,1
0.084094388,1.085671909,-1.004109407,1.309439797,1.995535439,0.884834006,54,63541.60149,0,1
0.690910957,-0.147538188,1.940254293,-1.809031033,0.176016194,0.080171832,47,78301.94589,0,1
-0.444806838,-0.521865517,0.063513261,0.731483021,0.001177355,-0.41681564,67,57407.4532,1,0
0.139028687,-0.934608913,-0.816740866,0.988555733,1.310118849,0.774468189,42,58418.74821,1,1
-0.04512289,1.196150222,-1.6295393,1.303563634,0.988860889,-1.832237571,68,60082.69682,0,0
-0.925889904,1.464201273,0.059942889,-1.528038773,-0.298173294,-2.581739178,19,53391.18195,1,0
-0.113666689,1.184743899,-0.260488533,-0.702718637,-1.95251306,-1.587822142,45,54725.20019,0,0
-0.14365953,0.492437339,0.783040907,0.576509953,0.564385645,-0.34352177,65,48468.69181,1,0
-0.165080565,0.289830042,-0.143370265,0.148441979,-0.962846175,0.391468118,45,66442.23205,1,0
0.031759457,-1.215937818,-1.193718782,0.293359643,1.239264459,-2.671178683,40,58926.5779,0,0
0.075673541,-0.245819127,1.670718296,-0.360286606,-0.776163663,-0.011610212,55,68982.44472,0,1
-0.432295179,-0.683860203,0.43562488,1.550798615,-0.451866895,-0.354577802,41,75326.43033,1,1
1.272714734,-1.825512109,-0.254108712,2.608465448,-1.343181095,0.136962111,52,44239.99263,0,1
-1.169480629,1.057043419,0.164638531,0.103979924,-1.262295361,-1.907581998,25,47448.84937,1,1
-0.720970108,-0.695829946,0.474041957,0.453421246,-0.109075381,2.615266657,53,70378.23441,0,1
2.779963624,1.195941907,-1.428856614,0.056243746,-0.202259528,0.032507027,35,56184.46666,1,1
-1.037991355,0.881746401,0.15769422,1.284053399,-0.475882614,-1.217178755,37,61210.70422,0,1
-1.353754675,0.556717977,-0.450123473,0.829116284,2.053011624,0.129441291,21,61253.59446,0,0
0.734476745,0.612884072,0.507299986,-1.066380571,0.603646366,1.494840126,25,45779.72656,0,1
-2.077119854,-0.615313882,-0.740181925,-0.61270201,0.010243323,-1.286649394,43,67590.70662,1,0
-0.23527391,1.857850151,-0.604701855,-1.009296793,-2.75732575,-1.494802627,56,63733.80239,0,0
2.145824925,0.043125431,1.662871099,2.694822332,0.825768229,-0.118039873,37,44872.86514,1,1
-1.544935922,0.301931685,1.230912091,0.635311784,2.994536298,-0.03270281,35,57522.34109,0,1
-1.981964486,-0.649076334,-3.29556118,-0.595686226,-0.187950256,0.709404817,50,58364.63222,0,1
-1.499181202,-0.931165261,1.156761982,-0.675552041,-0.810512523,1.475292849,35,71213.37285,1,1
0.898359568,0.477296009,-0.073652026,0.805231273,0.163324655,0.780000832,51,77596.87916,0,0
1.12477672,0.217513496,-0.708182063,0.90492015,-1.431408733,-1.38768685,36,59874.54334,1,1
-0.512588797,-0.789352366,-1.007174736,0.798107713,0.462060544,-1.071041835,59,34789.46903,0,1
0.683212404,-1.438426719,-0.949117628,-0.425557359,1.500218964,-0.79830065,70,70891.73708,0,1
1.390255328,-1.269923087,-0.679935945,0.305843644,-0.670931101,0.777675471,50,92971.09007,0,0
1.787346414,1.196133717,-1.127132584,0.110915098,-0.638640783,0.6067061,38,70768.57011,0,1
-0.246335281,-0.613253815,-1.354599661,-0.936260372,-0.079695829,1.261536984,24,55907.85558,0,0
-2.301471718,-0.338908546,-1.040380151,-0.926493843,-0.501219232,0.55811354,31,66015.55358,0,0
-0.820878922,1.450340259,0.323393855,0.411965045,-1.512317208,-0.62747115,50,72003.79649,0,0
-0.426804195,-1.122150561,0.050090149,0.196451081,-0.385237693,-0.196800677,21,61695.06642,1,0
-0.258938797,-0.726994826,0.555856452,0.553351711,-0.587009219,-1.461421747,60,79724.02283,0,1
-0.187859401,-0.768766829,-0.066369839,0.791023039,1.366554863,0.62814422,19,43014.98672,1,1
1.118894598,1.618068481,-1.306679331,1.499382622,1.155374719,-0.626059846,57,53939.55146,0,0
1.274428427,1.993383501,0.494440923,-0.775904386,1.397312975,1.224298285,67,66886.79203,1,0
-0.171673654,0.751563225,-1.004689279,0.630236199,0.801725002,0.60029698,48,70474.79543,1,1
1.098484876,0.783384724,0.646614302,0.749198817,0.205782911,1.937999526,66,51792.95298,0,1
0.357661367,-0.580355003,-1.165920003,-0.312130413,-0.874408027,0.41979591,63,53209.54213,1,1
0.064505973,1.947328487,-0.687476626,0.121863184,1.326115628,0.40107325,47,50001.34816,0,1
0.906544157,0.267696254,-0.361391641,-0.286558557,0.347789437,-0.182518293,67,48830.82213,0,0
0.072252048,0.853110264,0.674404801,2.108590383,-1.248030348,-0.384575802,27,67785.12661,1,0
2.057811177,-0.105524939,0.175997252,0.10485269,-0.913868192,-0.258651841,69,59437.4446,0,1
-1.438411167,-0.268032587,0.020001322,0.451505109,-1.263745182,0.999148025,38,79458.94768,1,1
-0.515170899,1.66304226,1.885668785,-0.263984297,-2.052028961,-1.348610466,67,43595.53169,1,0
-0.126518897,0.53972368,-1.836983161,-0.479634566,0.388522185,0.063327203,69,57642.04389,1,1
0.43945269,1.451375461,-1.038377643,-1.302002662,-1.237875372,-1.666331373,40,71037.47618,1,1
1.267960487,0.255328172,-1.081188478,1.099868625,-0.755945281,0.372975149,54,65163.98096,1,0
-0.024398567,-0.848366536,-1.77065231,0.768437497,0.038839629,-0.458529616,25,43526.85428,1,0
-1.42222965,-0.583342933,-0.719519513,-0.301096444,-0.187892924,0.503621966,27,77282.11402,1,0
0.842513896,0.102965242,0.687769164,-0.900369903,-0.713441841,-0.74249815,42,61438.15144,1,0
0.754958766,-0.626500216,-0.591647399,0.179908526,1.518929013,-0.256978423,50,88755.72145,1,1
-1.941858659,-1.107461409,-0.333002972,-0.497696806,-1.526654492,0.632356115,34,58018.45078,1,1
-0.003804134,1.201417032,-1.722554828,-0.222042569,-1.483366148,0.125881278,68,77370.10875,1,0
-1.590141831,-0.544870071,-0.796525575,-1.263559945,0.457843908,1.542793336,41,54624.42118,1,0
-0.664651098,0.138192748,-0.461698716,0.217069581,-0.626132964,-0.481546131,66,56458.50199,0,0
-0.902808927,0.29613359,0.642400423,0.237003202,-0.665247776,-0.567987689,59,67410.41069,0,1
0.809264698,-0.588153125,-1.674916398,1.094722884,-1.079036031,1.23679181,67,34466.66472,1,1
0.116830174,1.450799466,-0.455008746,-0.150741569,0.338201186,-0.367186533,47,30000,0,0
-1.285591001,-1.117141761,1.08681803,-0.333562477,0.225631875,-0.41321827,18,49844.99282,1,0
0.880065963,0.261625264,-0.445083286,-1.556760866,0.119123109,0.383101506,34,40506.61222,1,1
-1.433805824,0.246117706,-2.115561414,1.100960948,-0.582956921,-0.16385386,45,30000,0,0
0.33011379,-0.054254603,1.279175777,0.892823117,-0.751029603,-0.311545326,30,71137.87611,0,1
-0.814010669,-1.296912613,0.734896943,0.028738441,-0.163093839,-0.692995733,27,48133.45064,1,1
-0.365677083,0.870817552,0.869397175,-1.329231055,0.966539809,1.362324949,18,54844.80746,0,0
0.504270748,0.74351067,-1.743783647,-1.214527031,1.568159398,-0.150643396,37,62087.80746,1,1
0.521449399,-0.675568529,1.512455726,-0.547105929,1.111355313,-0.562148389,24,67567.8104,0,1
1.336969074,0.707487207,-0.773276085,0.965225709,0.505737342,-0.296883586,49,64243.50354,1,0
-0.0822537,0.374907686,-0.509438944,0.290337635,0.982176173,0.354921499,38,63031.30861,0,1
0.306450863,-1.280612145,-0.702777166,-1.493357189,-1.18193587,1.46128402,43,67042.02483,0,0
-0.437737322,-0.853928915,0.946937182,0.404211915,-0.713770275,-0.169119146,62,52504.16036,0,0
0.181989883,1.138281445,-0.179798353,-0.839146579,0.524398506,-0.862794293,70,49309.56453,1,0
0.439486048,0.309416185,0.481741033,-0.522212227,-0.118160867,1.918869254,24,30000,0,0
-0.098309847,-0.564302946,0.075901023,0.971738013,0.337506379,0.135550964,55,69574.63861,0,0
-1.803750484,-0.858475891,-0.095042004,0.765504084,0.979465191,-0.105927387,62,49716.47668,0,0
0.331470896,-0.515393798,-0.946784064,1.093099883,0.824028284,0.071834598,57,89752.63699,0,1
0.364561477,-0.44447953,1.812140587,-0.023133519,-1.09096351,-1.245459984,65,71067.85094,0,1
-0.680173476,-0.845963033,-1.463393629,0.883024558,0.011844306,-0.045405666,58,74251.28749,0,1
-1.284387036,-1.741764112,0.412253974,-0.586136264,-0.920822582,0.759607968,62,70586.10192,1,1
1.475879151,1.140013286,0.376656592,-0.257565935,-0.777318039,1.220120253,44,67960.33329,0,1
0.491445511,0.970633673,1.154356286,-0.326293224,-1.710869005,-0.358210497,51,67139.82147,0,0
-0.229081031,-1.273255452,1.388090032,0.023865018,0.133600442,0.18795342,29,68536.10464,0,0
-1.137032883,0.136311296,-0.137388599,-1.286491086,-1.784774569,1.237973745,29,62624.49492,0,0
-0.821814828,-0.902238203,0.530394306,-0.225004903,0.394133239,0.037528849,32,50753.3077,1,1
1.302590397,-0.261567223,1.76487371,1.451657302,1.358447611,0.719474731,37,42319.72854,0,0
0.137661941,-0.34476658,-0.065176767,-1.092528162,0.530336119,0.424311273,27,66342.52086,0,0
-0.550587067,-0.427834216,-1.066433475,-1.329321282,0.051888358,-0.664275879,63,79372.94663,1,0
0.509689231,2.002947084,-0.384468113,-1.248688328,1.534448125,-0.916134584,43,58118.87763,0,1
-0.814398187,-0.440325685,-1.304645999,2.661859444,0.327445697,1.059321235,34,62271.25503,0,0
1.50084303,-0.808263825,0.371816811,0.464851981,-0.862743319,-2.674632546,27,40236.65701,1,1
1.352800535,-0.762581429,1.064456208,-0.270265384,0.125106452,-0.668622863,28,53190.34094,1,1
-0.466574071,1.043776956,-0.121041492,0.068320413,1.959691501,-1.395300469,34,41567.2329,0,0
-0.628670247,-1.652102332,-1.620960049,0.227639399,-1.092638835,1.060793887,28,42609.04921,1,0
-2.618133199,-0.762622916,1.021650835,-0.640449976,-1.38012388,1.364781473,32,61481.01874,0,0
-1.481580772,1.44682284,-1.776298962,-0.517216749,0.614908647,-0.724332613,21,59136.21743,0,0
-1.339469775,0.243986188,-1.545954778,-0.157683132,-0.224053168,2.764903143,42,71814.85163,1,1
0.135190341,0.191922005,-0.178338387,-0.724755088,-0.532001875,1.377216542,53,71493.04594,1,0
-0.326233704,2.13214646,0.251785246,-0.396934607,-1.25917942,0.197155306,70,46890.41629,1,0
-1.345335487,0.246347953,0.422247499,0.353091577,-1.950112238,1.499989514,64,30966.17266,1,1
-0.281164042,-0.708186161,-0.066139552,-0.99715318,-1.456430039,-0.641728293,48,45772.99397,0,0
0.505337148,-0.282077057,1.760043765,2.609949421,1.614925525,-0.276590734,63,49341.26659,1,1
0.52783935,-1.135432309,0.065168341,0.753156611,-0.008874243,0.463210409,46,68280.66137,0,1
-1.899670281,1.25593704,1.034668102,-1.270084739,-1.962364482,-0.692051674,48,69186.27891,1,1
-0.12826348,0.574561718,0.786954564,-2.477903509,1.184085938,-1.284310351,26,59301.47637,1,0
-1.383340777,1.12441415,-1.292873732,-0.687503285,1.234833967,-0.937991943,65,71102.20044,1,0
0.901728697,1.212983929,-0.169730487,0.68436065,1.229233956,-0.196683631,18,98434.03949,0,0
0.784146416,-0.414210781,2.123320513,0.490469894,-0.422531309,0.469315345,20,58223.01904,0,0
-0.898027226,-0.944752852,-0.504350854,-0.11084851,-0.268810612,-0.337890466,21,56502.85808,0,1
-0.766045202,-0.051713111,-0.674620524,-0.601442461,0.137627864,-1.639842424,36,47390.41898,0,1
-0.46126705,-0.872761071,0.170575581,-0.904131374,1.401046508,0.470320511,58,64781.9086,0,1
-2.252793395,0.164956875,-0.468519929,-0.402583071,-0.554901019,1.27337414,39,77060.94651,1,0
0.335968173,1.132096881,-0.79370458,-1.012379974,-0.754413245,-0.65994479,68,52520.32626,1,1
-0.272844546,-0.168139646,-0.483283394,-0.398877756,0.695676868,1.662790594,25,54133.14417,1,0
0.970175083,0.14999509,1.432009671,1.330950936,1.209254734,0.868873142,42,52176.42627,1,1
-1.098409218,-0.093845616,-0.136618691,-0.771239799,-0.052790694,-1.054158059,21,42738.06067,0,1
-0.619122948,0.802727572,-1.328075033,0.610881283,0.670439908,-0.647909436,62,62013.09714,0,1
-1.506525258,-0.667782394,-1.511746538,0.763423813,0.112446764,-0.312979953,70,62549.27961,0,1
-1.004290563,-2.196446262,2.206804932,-1.079601319,-0.251244606,-0.185276726,68,59379.80265,1,1
-1.181981996,0.470868859,-0.223334369,-0.843371875,-0.829278198,-2.438379618,31,87585.60802,0,0
0.995973679,0.987834421,0.434578501,1.068943437,-1.153859901,-0.753159372,22,66002.47559,0,1
-0.698261849,0.446374245,-0.771377226,-0.92576404,-0.614766062,-0.553634329,67,43253.98403,1,0
0.124175685,-0.640230495,0.320985969,-0.057485749,-0.976059186,1.890559905,67,69484.76946,0,1
-0.380763404,-1.135012098,1.459329652,2.039983822,0.283482533,0.226925626,46,54908.09626,1,1
-1.269465266,0.494497532,-0.652263184,0.979832257,1.217545767,-0.79801538,38,55066.74047,0,1
-0.168300423,0.141478953,0.45858678,0.085230452,0.204009351,-0.438530718,32,57397.72112,1,1
0.599103332,-0.125792628,-1.405746276,0.840730575,-0.92070334,0.425087552,40,55720.58844,1,1
-1.207759393,1.822463343,2.022866118,-0.055922085,0.855377081,-0.377953835,34,64048.98433,0,0
0.809112791,-0.946800094,0.26853593,1.018231833,0.296881496,-0.585346189,20,91731.1686,1,1
-0.849720921,1.775037021,-0.412793844,-2.046265431,0.494826021,-0.553208505,50,54474.69524,1,0
-0.482983926,0.031783905,-0.297874123,-0.139265996,-0.519367711,0.479730374,67,61335.78993,1,0
0.530683123,-1.835570477,-0.510038175,-2.086339907,1.133376572,-1.381715018,44,63514.70223,1,1
-0.663436157,-0.179202654,-0.458905164,0.161355188,1.128265698,-1.086899409,33,52310.02549,0,0
0.037574859,0.959496077,-2.447495142,-0.236177898,-0.184067145,-0.92764487,23,53978.36916,0,1
-0.314690829,-0.365055033,-0.097965732,1.360729847,0.718451847,-1.104093784,58,74902.56146,1,0
0.129368007,-1.474778541,-0.139878681,0.711827369,1.101489152,-0.823633878,27,52345.72224,1,1
-2.380739106,-0.164514532,0.488661537,-0.526087688,-0.465372226,0.896862218,46,46679.31242,1,1
-1.829681815,-0.857172374,-0.523143746,-0.406216257,-0.081238648,1.036355881,34,86743.90141,0,1
0.615967006,0.491814401,-0.771036314,0.38069653,0.079791357,0.271707053,56,41921.50333,0,1
1.037181406,0.773399816,-0.007774944,-0.572560593,-1.097820158,0.214812776,63,73250.59481,1,0
-0.910486704,-1.056270408,-1.612368118,-0.032372786,0.441662512,-0.669981939,31,56978.82437,0,1
-0.244028352,-0.705804055,0.143423188,1.316698065,1.022522816,-2.081093131,29,41771.27667,0,1
0.294719253,0.756642465,-1.86181926,-0.829130184,-0.143886016,0.143851633,55,54348.32937,0,0
0.693217602,-0.858844278,1.120818649,-0.447674366,0.339850054,0.297736455,46,56615.4028,0,0
-2.027677272,-1.082158136,0.684269956,-0.307432345,1.398580796,-0.673675088,31,35548.06954,1,1
-0.886040247,-1.178691132,-0.926185876,3.158073426,-0.405151875,-1.076071868,25,66417.74924,0,1
-0.33257938,0.352038613,0.661138013,0.608242663,0.360264998,-1.273415582,66,64907.2575,0,0
0.703140197,0.30915772,0.111514224,1.132068339,-0.569812202,0.167635706,57,54774.94108,1,0
2.498430484,-0.68404603,-1.009010231,0.768125712,-0.597106299,0.081904165,57,67101.38969,1,1
-0.228005727,0.005085396,-2.022876157,0.835393866,0.341893261,1.19455632,34,63061.49218,0,0
-1.406977462,1.527132384,0.316435683,0.473573537,0.241369567,-0.80544306,60,79405.09419,1,0
0.402268077,-0.974060157,-0.794281847,0.3652692,0.55506984,-0.287934991,56,43830.52956,0,0
1.32099579,-1.951742609,1.09496957,-1.450744654,0.07615875,0.017200592,40,55610.94974,1,1
0.108014121,0.455075576,0.014033734,0.357864556,0.465142817,-0.549859078,24,75016.67732,1,1
-0.906648545,-0.110401164,-0.699582696,-0.108343592,1.665518972,0.839015911,29,68119.96115,0,0
0.957993941,-0.710025087,1.797838733,0.545456903,1.059910405,1.238146094,33,30000,1,1
0.663545618,0.652080237,0.576446493,-0.070859167,0.338381699,-1.105567085,30,34961.56788,0,1
-1.026080844,0.839225145,-3.655086515,0.763164293,0.504906998,-0.45808318,64,60011.42889,1,1
0.381425618,-2.20827802,-0.486391769,0.939932571,-0.298902014,1.324554962,36,84597.26313,0,0
0.997265568,-0.652597909,-1.384088992,-2.912160025,-0.159189091,0.323163969,20,53523.99052,1,1
1.181890043,2.317516231,-0.799797938,-0.433892818,0.492460931,0.1172118,60,69734.0627,1,0
-0.066448975,0.583404916,-0.144732399,-1.857386906,0.087650225,0.341240366,25,61239.02471,0,0
-0.358079446,0.676103638,0.354048509,0.238944555,0.793018676,0.655889443,57,68683.42086,0,1
1.227273822,1.172894279,0.261365742,-0.300708378,1.267073003,0.389163797,29,76061.03536,0,1
-1.210160503,0.017068825,1.077873077,1.355828471,-0.101765961,0.213595013,48,74162.93853,1,1
0.438579291,0.79668416,0.636598378,0.207244662,-2.009216539,0.009575052,52,73635.31137,1,1
-1.370026627,0.718062044,0.574746929,-0.485529976,2.034188926,1.348224307,37,50775.8703,1,1
1.065376272,0.539041497,0.201492323,0.93857154,-0.652494433,-0.266284058,45,57731.60076,1,1
-0.258045516,-0.322011971,1.286798853,-0.318202458,0.195161703,0.001237018,19,67777.64611,1,0
1.268583236,0.172058922,-0.316276543,-0.497997556,0.727492287,1.551993532,44,67236.61637,0,1
0.491412756,-0.588361564,-0.290303269,0.393625415,1.408973539,0.325726515,20,68920.73422,1,1
-1.22322023,0.012814305,-1.905573353,1.61297139,1.806034209,-0.06658574,65,33468.84432,0,0
1.424627732,-1.168490892,1.056164044,0.853551908,-0.363873138,0.630746687,38,77955.95869,0,1
1.551245266,-0.790623991,-0.076925756,0.566930965,1.189689767,0.227289541,68,34450.34334,1,0
0.882286493,-0.282312042,2.933605706,2.750948534,0.197979913,-0.739115223,69,48736.57704,0,1
-0.761587865,-0.943705431,-0.405532692,-0.732410036,2.74320367,0.245101625,24,62929.7475,0,0
-0.306013954,-0.505017271,0.088578129,-0.754717837,1.100444724,-0.808767302,68,59558.82966,1,1
0.145427217,-0.163925977,0.546504954,0.14556948,-0.177474088,1.826772343,50,81280.82388,1,0
-0.703710399,0.402262345,-1.101899973,1.515026384,-0.793072817,0.23877695,62,42438.21788,0,1
1.692346572,0.949257302,0.358547714,-0.941685976,-2.626589725,-0.93820741,63,54538.59985,0,0
0.144326472,-0.463784371,0.034661432,1.754572598,0.67467593,-0.392630862,50,30460.73263,1,1
-2.703348047,1.335104617,-0.30368819,-1.439122489,1.008448758,0.759578251,53,61974.00569,0,1
0.339355813,0.938611079,1.172603959,-0.121218051,0.745460444,-1.091129034,34,56878.70199,1,1
-0.348157397,0.504093832,-0.903748718,0.173465666,-2.353414447,2.720464346,23,41400.03264,0,1
-0.074926556,0.153649129,0.274902113,-0.882631916,-1.25801099,-1.455252844,69,79637.73807,1,1
-0.368619366,0.319120842,1.454664291,-0.621234365,0.480823478,0.925654881,38,76199.89857,0,0
0.807046417,1.187051151,-0.706621756,0.796630479,1.785523735,-0.486609205,55,61081.29425,1,1
1.119687779,1.22357966,-0.296885983,1.441555743,-0.055553803,-0.808866302,51,77077.3701,1,1
0.283053162,1.334946728,2.345304563,-2.114610362,1.091518257,0.537731991,66,58613.4895,1,1
-0.339311187,0.041326832,0.474391065,0.180236385,-1.034406823,-0.453957095,65,70706.23171,1,1
-0.041337205,0.554967165,-0.506197477,-0.113308904,0.207128033,1.591552851,29,72946.49623,0,0
0.019599617,1.343546507,0.80262476,0.107396356,-0.274660131,-1.401291875,29,43970.95552,1,0
-0.80243004,-0.623716035,-0.568093552,-0.316766476,1.187589474,0.562278475,35,66486.91811,0,1
0.578928649,-0.318416854,-1.564915924,-1.29048697,-0.539836331,-0.275222517,65,62525.83659,0,1
0.460042324,0.016036663,1.372363945,1.542296978,1.677012684,0.296278888,23,44638.55205,0,1
1.54044124,0.899598738,-1.103059264,1.159329598,-0.307712484,0.514094831,30,40838.02966,0,1
1.25534978,0.915172151,2.451712625,-0.103989189,-1.069862996,-1.731618522,48,67468.48065,0,0
-0.685674918,-0.230864111,-0.489332375,-0.488313212,-1.036307318,0.234007066,42,55771.28745,1,1
0.820298375,-1.508609454,2.133264682,-0.609440629,-0.622427132,1.089053394,65,38026.56672,1,1
-0.950953383,0.246183944,-1.368671069,-2.585653225,0.370567328,0.46638713,41,68692.20737,0,0
0.695932101,-0.918316137,1.025493586,0.353820075,-0.609979975,-0.368770499,59,74022.53894,1,1
-0.516614199,-1.489936205,0.499726273,0.78032359,-0.820477376,-1.413804845,28,42434.08343,0,0
-1.023253223,-1.263871561,0.837746226,0.137902116,0.889808052,0.507950379,50,59976.83498,1,1
0.280045343,0.326381008,0.968022707,-0.086336435,-3.21121861,1.876107175,38,82776.37871,0,0
-2.674567128,1.361037361,-0.497745142,0.133383508,-0.429881636,0.661869019,56,46328.98379,0,1
-1.750975574,0.038894516,-1.308843842,-0.853225981,-1.334238148,1.157718917,41,85607.63047,1,1
-0.177491884,0.211380655,-0.05091773,-0.499555227,-0.868554438,0.933016739,66,55142.82004,1,0
0.082441767,1.182894939,0.223030258,-0.166333028,0.243749924,-0.393078865,61,58947.35016,1,0
-0.36931877,-1.544454909,-0.471844621,0.696676575,-0.205232645,0.090487997,69,39080.05019,1,1
-1.579436299,0.520176422,0.27755397,1.378858373,-0.295565964,0.868523193,37,39627.60235,1,1
-0.817891842,-0.011589784,0.329625531,-0.229147843,1.189508879,-1.57972015,64,50160.56469,1,0
0.391209327,0.566057459,-0.910026447,-1.044785538,-0.01361816,0.651743049,26,73284.94699,0,1
0.581781771,-0.483483908,0.394971282,0.035646791,1.806056874,1.258917822,48,95108.78079,0,1
-0.016223118,-0.81793729,-0.267212024,2.011491113,0.712191778,-0.051359264,45,99088.80831,1,1
1.156833781,0.140508904,-0.6999809,-0.957806435,-0.966709722,0.814019786,55,58151.26661,0,1
0.397397023,1.649191323,0.787375138,0.885840747,1.93409197,-0.554371694,22,54653.56934,0,0
-0.747455654,0.860910105,-0.776991212,1.335960556,0.278105344,0.038234323,54,45236.30854,0,1
-0.280502053,-0.50769277,-0.45666759,-0.36001486,1.871747859,-0.273112342,58,76720.41269,1,0
-1.402866157,-1.340972036,0.07205085,-0.700724578,-0.266095543,0.459812691,51,49109.26378,1,0
-0.10813899,-1.682067284,1.374311621,0.574956683,0.272231747,-0.104525609,27,56442.07936,0,1
1.112100619,1.316099452,0.192784078,0.353216773,0.432114165,-1.676179391,49,67454.35911,0,1
0.685290085,-0.955082288,0.528288332,0.694774171,-0.168113774,-0.71812744,54,66770.07245,0,1
1.402009326,-0.325513413,-0.297642536,2.073709431,1.271919996,1.942508592,34,50842.40167,0,1
-0.302885244,1.321211126,-0.078489624,0.167046553,1.932582009,0.567535183,70,58572.94294,0,0
1.346099795,-1.613901455,-0.048877234,-1.192224849,-2.293426279,-2.097921484,53,51242.5241,1,1
-0.193304226,1.492264509,0.293306236,0.066640002,0.814818375,1.207818752,53,47512.8253,0,0
1.471585083,-0.253640454,-0.295967573,0.241556794,-0.89450381,-1.152821356,30,44621.84253,0,1
-0.021856747,-1.148583315,1.339999885,1.267168637,-2.592808454,0.89337481,37,37926.31762,0,1
0.707231374,-0.247350927,-0.373166239,-0.196764395,0.517018256,1.292234175,68,65428.73647,1,1
1.475112364,-0.722596781,-1.707241135,-0.409067834,0.519273497,0.101690024,55,56390.17671,0,1
-0.193427629,0.440819799,2.742796604,-1.371193996,0.680127175,-0.996892889,36,42967.06374,0,0
0.218388988,-0.648132434,-0.327368691,0.547412792,0.371027878,-0.715163807,39,41581.69369,0,0
1.288863425,-1.911642211,1.313169787,3.348207186,0.875025223,0.629258139,33,41346.84618,0,1
-0.133003164,-0.220562534,1.404790842,-0.222590984,-0.603048801,-1.135484335,23,50817.72565,1,0
-1.320892283,-1.356545052,0.945214312,0.451954955,0.263334389,-0.581893149,28,76885.07496,1,1
2.143007055,0.204319884,-0.19802722,-0.547832853,0.698166268,0.512893982,27,49780.76552,0,1
-0.469764464,-1.187130332,0.28668482,-1.28128492,1.352956123,-0.65117473,48,68364.55388,1,0
0.158756051,-0.488012803,-1.274510209,0.434235939,0.043845473,1.420781382,35,83408.16319,1,0
1.156006669,0.182587804,1.990147774,0.028188283,-0.213795565,-1.038079439,49,62527.13128,1,1
-0.608493904,-0.212458725,-0.851805998,-2.385554143,-0.055238895,-3.288156731,58,48527.30124,1,0
-1.007867913,0.250430283,-0.253900963,1.610028716,-1.193593105,-0.778220768,59,58657.61255,0,1
0.253737297,0.680287166,0.098986487,0.415964376,0.769624286,0.310123413,64,59349.84758,1,0
-1.793076398,-1.1579337,-0.107439755,0.07389555,-1.457316907,0.863329912,41,85914.44018,1,1
-0.287906077,-0.064397541,-0.656873282,-0.421976864,0.390964103,-0.408388601,63,34014.12982,1,0
0.245038664,-3.329503798,1.394339052,0.40529411,0.084574222,-0.277230169,33,76734.23803,1,1
-0.269951897,0.247333302,0.950279283,0.451395952,-1.550972565,-0.030886389,46,33854.35224,1,0
-1.543450943,-0.30081413,0.322047204,0.401321374,-1.493946102,1.741912244,56,72174.95695,0,1
1.594177956,-0.983449763,-0.399553056,1.067993045,-0.853691473,0.378758953,42,53860.26522,1,1
0.103538154,0.315719422,1.064275872,1.295271234,-0.343941977,-0.492773163,57,87387.9511,0,0
1.431152118,1.172697577,-0.464468633,2.005593064,1.480479282,2.051765098,42,70105.49331,0,1
-0.26003625,-0.476017748,1.57039184,-0.836842182,-0.110735166,0.011208238,57,68602.3263,1,0
-0.880011982,-0.94481449,0.111220915,-0.573421514,0.546486936,-2.075316769,62,45873.02455,0,0
0.26918092,0.165025262,1.229781527,0.361182167,1.266605377,-1.386826761,36,87079.32727,0,0
-0.215787126,-1.335606667,-0.113820326,-0.779090859,1.073167291,0.558236742,27,102226.0223,0,1
-1.177761458,-0.660381371,0.071533182,-0.618015072,-0.007059713,-1.777227225,18,90171.7414,1,1
1.469784259,1.222402162,1.225421061,0.475229582,-0.705525276,0.498051085,44,44953.45371,0,0
-0.622270223,0.06217923,2.193925152,0.900842355,0.49885456,-0.779967961,39,57151.88478,0,1
-1.840266385,-1.879466964,1.560366818,1.275927953,-0.685571819,1.177716132,45,42171.68912,1,1
1.328166054,-1.796991647,0.877134619,-0.192614414,1.814804653,0.167512867,65,50857.19089,1,1
-0.504298016,0.162085693,0.589283433,0.463152964,0.867798499,-1.637022409,52,64252.8003,0,1
-0.607823893,0.862390576,-0.50694869,0.242757736,0.208696304,0.914223046,20,70944.56561,1,0
-1.765387587,-1.617621459,0.295229741,0.017657445,0.512671766,1.363597552,55,67996.218,0,1
1.740941487,0.449712607,-0.913049184,-0.816009165,0.17828649,-1.27683331,43,34188.09781,1,1
-1.289480587,1.330343507,0.375782134,-0.943211089,-0.36832963,-0.802788681,61,59454.67397,0,0
0.058449481,1.887858988,0.440050661,0.66667478,0.498609928,0.502384183,22,67763.58321,0,0
0.912620323,0.33122276,-1.960845141,-0.83281938,-0.2428919,0.681714895,65,74229.84615,0,0
0.421716933,0.506802595,0.038738609,-1.776918825,1.936688432,2.353245639,66,66422.51591,0,1
-0.059654312,-2.133184428,0.414874899,-0.031761323,-0.6927034,0.890908553,27,67329.86695,1,0
-1.701665858,2.099752548,-0.083709857,1.455240302,0.508797425,2.400784056,24,56428.03565,1,1
-0.809724836,-0.575490213,0.358048839,-2.794850438,-0.782726493,0.019410974,47,64078.02293,1,1
0.187800338,-0.933471158,-1.341722243,-0.288330273,-0.793164134,0.383626668,42,98769.07402,1,1
-0.78717407,-0.255206134,-0.775864306,0.675214865,-1.786089864,-0.568128801,59,78103.92992,0,0
0.20335946,1.511673414,1.034938163,-1.823496433,0.411475105,-0.522602925,51,65471.10498,1,0
0.681743409,2.208046048,0.000571666,-0.213332916,-0.532465911,0.147100331,64,70930.83136,1,1
0.962502886,0.125408679,0.339878981,-1.139457245,1.083389519,-0.582504166,38,61137.91347,1,0
-1.226179358,0.998084173,-0.546521161,-1.007178114,0.413295393,-2.564086132,46,61064.84071,1,1
2.196646055,0.043204049,0.019494023,-0.402418208,0.148224658,-0.666800681,34,74256.50825,0,1
0.767479345,-1.037795473,-2.30201218,-1.12314789,-1.410498774,1.076694125,53,51015.76816,0,1
-0.001714154,1.476743671,0.846011938,-1.206300703,0.584905305,0.07280902,57,58058.07884,1,0
1.089536583,-0.62212748,1.807932839,-0.059231752,-0.662146152,0.078409481,68,39448.46514,0,0
2.365407772,1.535530773,-1.065017549,2.227139061,-1.432838696,-0.763444929,38,71643.91526,0,0
-1.438720101,1.29854133,-0.940332188,0.757743317,0.43051348,0.332950345,51,76044.05067,1,1
-0.225262642,0.614036264,0.440879898,1.010532767,-1.258292621,1.658658272,70,69046.21181,0,0
-2.37843166,1.828974756,1.473879291,0.797262438,-2.0911247,1.400706375,33,56485.7135,0,0
0.192651533,2.232346033,-0.002097317,-0.697513613,1.297134455,0.36586891,63,59337.59898,0,0
0.365394242,-0.175243363,-1.229318021,0.310832229,-0.560732003,-0.853724044,61,62203.58371,1,0
-0.039162115,-0.808794118,-0.208617237,1.097694261,-1.744488058,1.767198063,26,76423.46474,1,0
-0.654533571,-1.864269837,-1.02993208,0.828337468,-0.962591811,1.059242691,61,75546.69714,0,0
-2.049514516,2.244682255,-0.668846293,0.194551007,-0.721051597,-1.480844027,20,38479.32336,0,1
0.373533683,-0.439682009,-0.304041099,0.520046494,1.14422729,-1.756794202,40,46826.53981,0,1
1.455434484,1.135036857,-0.929324588,2.462873965,-1.66296776,-1.42543145,30,66516.75778,1,0
-0.591018456,-0.741255368,-0.777905724,0.839443217,-1.338906282,-0.493668322,55,39922.63061,0,0
0.440059929,1.538265641,0.074534,-0.315159357,0.980402995,0.90178282,51,73779.55087,1,0
-1.568144313,-0.700117592,0.215035812,-0.074037006,-0.449732796,0.877951467,47,55869.58657,1,1
0.457213064,-1.191719134,-1.423980334,-1.054151397,0.227952738,0.340719845,56,70607.76245,0,0
-0.393382298,-0.208506431,0.396381723,2.347035948,-0.49092533,-0.140454079,43,60513.14669,1,1
-0.762417951,-0.531775701,-0.381933863,1.603869725,2.020570157,2.371308044,49,58518.7568,0,1
-0.760363641,0.596299785,0.720261524,0.083213036,-1.289695156,0.033988038,37,43694.19919,1,0
-0.393611582,-0.051394927,0.780497521,2.180820119,0.282115667,-0.086985334,63,51788.26642,1,0
0.382433316,0.627702395,-0.544541181,0.632400045,1.502956587,-0.507578573,55,58270.56551,1,0
-1.312163201,-0.291021473,0.614147694,-0.430846418,-0.37498601,2.211993308,26,57772.95776,1,1
-0.397115332,-0.665107371,-0.83695604,0.906452541,-0.753774055,0.72089991,56,70863.55708,0,0
-0.041471778,-0.583560548,1.323762063,0.398643472,0.767103031,-1.034488004,68,50359.03305,0,1
-1.099039225,2.044938798,-0.799136201,0.837856778,1.00406481,-1.152963139,33,59555.8626,1,0
1.796665202,0.225170932,0.352749609,-1.36909186,-0.799903685,-1.68003737,62,82567.04036,0,1
-0.85349548,-1.983762209,-0.187609145,-0.810314157,1.462196594,-0.096769626,55,72323.32934,0,0
-0.669436914,-0.520209013,-1.016894514,1.48847083,0.051221092,-1.498477133,21,61572.80809,1,1
-0.97830795,0.096866032,0.900915762,1.693137492,0.508761296,-1.167602796,29,38129.15756,1,1
1.798480087,1.845399681,-0.614131809,1.415112727,1.488281191,1.068341348,43,39394.62402,1,1
0.552905229,1.028698716,-1.700072165,2.218646904,0.768780226,0.890996313,70,69560.76231,1,1
-0.936592006,-0.921717836,-2.882013363,0.577368298,-0.000249175,1.491401979,27,71097.06074,1,1
1.106231559,2.418355754,-0.875044694,0.507083363,-0.671592107,-1.470320272,33,30824.42503,1,1
0.200698694,-0.031160365,1.375908419,-0.913206901,2.708505651,-1.002320133,18,70496.81453,1,1
0.257253421,1.246329811,1.257738468,-0.580531441,-0.789016178,-0.628564613,29,51568.27161,0,1
-0.344477209,-1.155008497,-0.718598402,-1.988260922,0.318129094,1.640084958,69,53919.52005,0,1
-0.749415987,-2.398163095,-0.374454915,-0.321486012,0.509989387,0.062882118,68,73333.5381,1,0
0.337766099,-1.40843149,-0.464913076,-2.058526089,0.557309469,1.822025458,39,70985.45115,1,0
-0.54508723,-3.250333476,-1.333432145,1.080966171,2.128016932,0.627444213,46,58519.27364,1,0
1.81675563,2.112089327,-0.948831872,0.388398869,0.047570395,-0.112421364,36,70323.22486,0,0
-1.269291105,0.214532919,0.981149519,-2.026169246,-0.095065936,0.573837941,47,54547.28903,0,0
1.536156773,-0.924644018,0.503887871,-0.189863692,1.552278058,-1.729381006,45,48152.71949,1,1
-0.111318849,0.45262403,0.273088859,1.967655622,-0.135884146,-2.054237489,38,78899.20021,1,1
0.299085734,0.189334036,-1.335146612,-0.125666151,0.876024338,0.259257711,35,79886.54916,1,0
0.833157767,0.620933396,0.100703214,-0.998370944,0.194389839,0.014402044,58,50346.60154,0,1
-0.630249295,1.209531401,-2.303844969,-1.785502269,0.920974916,1.933617535,41,51993.48162,0,0
0.864248385,-0.289921153,0.842802691,-1.755646612,0.725448277,-1.378949728,43,73369.84079,0,1
-2.707543855,-0.879839306,0.258574901,0.535579968,-0.403112099,0.372452452,53,49597.92654,0,1
-0.719989533,0.827775214,-1.345232452,-0.433872622,-1.844012622,0.695278566,60,72012.18869,0,0
-0.924062807,0.802332778,1.616425557,-0.350994142,-1.673908715,0.342812777,33,44633.27623,1,1
-1.253506012,0.100735808,-1.796164659,-0.429746663,-1.840378591,1.098946005,69,55700.39121,0,1
-0.214954838,2.177554189,0.530306182,-0.140239949,-0.091196647,-0.632372244,49,74678.79666,1,0
0.385749968,-0.437822123,0.555171769,-1.227162999,-2.35262557,0.832231639,19,45464.06137,1,0
0.702659998,-0.899857972,-1.239670439,0.316104994,-0.15999032,0.561525111,26,51181.12283,0,0
0.240876757,0.418091428,-0.037850691,-1.422706244,0.133767347,1.165854258,35,65643.77139,1,1
-0.665693465,-0.674937857,-1.636827842,-0.755842458,0.856226445,-0.51116357,66,33027.16493,1,0
0.369016438,0.495516524,-2.846374316,1.010827698,0.504379673,-1.186203348,66,61092.87287,0,0
0.124285695,-0.833008256,-1.067876227,0.376205,0.901885068,-0.62855623,63,77418.56828,1,1
0.936056168,-0.400242283,-0.616624942,0.685681846,0.413905124,-1.063058296,62,72971.99235,0,1
0.776936703,1.89084042,0.644256181,2.150388393,-0.32354154,-0.564977984,36,59255.55641,1,1
0.030476414,-0.405587357,0.067408085,-0.05965401,-0.105982944,-0.334283308,55,60309.41416,0,0
-0.897253006,-0.798851544,0.093545459,0.02146026,-0.851643962,-0.911391463,29,82377.1565,1,1
-0.652950156,1.170678789,-1.014421623,-0.264320956,0.228086528,0.007773579,30,80558.70319,1,0
-0.54978936,-1.05104195,-0.530011304,-0.443414147,-1.58419555,-1.179017091,52,58581.14896,1,0
-0.315266334,-0.69294323,-0.92992661,-1.010590827,1.066035454,-0.073200423,65,50555.48944,0,1
0.268050428,0.576561121,-1.224974007,0.084064811,-0.956593887,-0.495222244,70,72859.40954,0,0
0.71517439,0.938411424,-0.593699427,0.355048607,0.153845322,-0.121231026,27,76958.43049,0,1
-0.051118693,1.220476391,0.074512385,0.410770339,0.321478335,0.393357973,39,80681.00866,1,0
0.016124788,-0.747221832,-0.572638519,0.064363827,1.16272292,-0.418231068,27,68754.09934,0,0
0.143306305,0.596008673,-0.323502669,0.926170805,-1.681163358,-0.777962571,67,54658.23677,0,0
-0.515905313,-0.4661082,0.694914811,0.029436691,-0.325459203,-0.654528571,52,34951.14268,0,1
-0.925392258,-0.605655634,-0.500754419,-0.409301888,0.549847836,1.023123276,62,89074.03474,0,1
-1.755437897,1.203212782,-1.333966631,-0.926988182,1.751183513,1.276315028,33,84042.49931,1,0
-0.695149358,-0.549554396,0.563453522,-1.548975212,-0.038827727,-0.514898993,53,48495.14391,0,1
0.473145453,0.278204596,0.265849649,1.460415178,-0.594345708,-0.154533126,28,62860.34213,1,0
-0.702911438,0.155579469,0.328659498,-0.699054625,2.026988756,-1.704398668,34,56688.31035,0,1
-0.237807037,-1.070754376,0.625838658,-0.925667143,0.802560672,-0.181940611,42,60993.3337,0,0
0.466431287,0.966092855,0.456641527,-0.417538228,1.373633272,-1.451555499,18,53994.38611,0,1
0.520689496,0.560280894,0.028728692,-0.278388787,-1.209540728,-0.488337447,29,70372.85637,1,0
-1.079532852,-1.986290612,2.391452663,1.638512436,0.521129104,1.077372414,20,42989.07467,0,1
0.997059356,0.277421111,-1.284968746,-0.328147103,-1.083325261,-1.501899629,68,54092.11473,0,0
1.127350089,-0.772973434,-0.586417278,2.633383565,-1.305044003,-0.902010761,26,73102.74795,0,1
-1.129849857,1.097075306,0.967334365,0.063697205,0.581880063,-0.897097427,36,30397.16038,1,0
-0.82383687,-1.445399837,0.142586292,2.057028249,0.651847399,-1.668853435,36,64627.97229,0,1
1.191090683,-0.356476969,0.757923034,0.893929281,-0.482011918,0.862705477,67,51783.17298,1,1
-0.146853521,0.362024551,0.16975643,0.36103742,1.432037229,0.277238034,37,84230.34598,0,0
-2.219777947,0.054340294,1.374056551,1.577848133,-0.369019782,1.808854215,28,64936.46849,1,1
-1.399681505,0.762958257,-1.007510856,1.122229794,-0.269981014,-0.995318399,41,48194.44274,1,0
-0.249369625,-1.518421986,1.342459889,0.634679084,-0.036038775,-1.772151372,39,81780.53333,1,1
-1.16304265,1.651914337,1.170996493,2.31759401,-0.242942777,0.941318819,18,60326.66469,0,0
-0.413423771,0.525144659,-1.210289114,-0.498392712,1.277262127,-0.360837825,70,61968.85876,0,0
0.032396214,1.359718213,0.63066541,-0.994913676,-1.041703335,-0.466624078,61,73309.32862,1,1
1.462254604,0.874240169,-0.043039932,-0.676230742,-0.754343191,1.47802641,60,50913.3693,1,1
-0.290453916,-0.011610114,-0.606582019,1.75227319,-1.191407547,0.169762362,27,81709.29592,1,1
1.0725418,-1.284198211,-1.88861919,1.450760021,1.883517073,0.904195814,28,68655.97736,0,0
1.428760162,-0.563553181,-1.010813671,-0.525261899,-0.32451932,-0.622647352,25,50381.039,0,0
1.434309669,1.589563333,0.70811214,-2.354651288,-0.768516567,-0.725144649,34,53513.38017,1,1
0.284754593,1.385437782,0.813841269,-0.205845036,-0.287307688,-0.365373184,23,41154.19868,0,1
-1.963289148,-0.61959998,-0.210710481,-1.013264309,0.849056101,0.670366608,24,64615.86344,1,1
0.460824865,-2.818304286,0.816985143,-0.493935971,0.663765472,0.050900089,48,57333.34243,1,1
1.048399888,-0.212689734,0.945260078,-1.054409048,-0.575178955,0.467960975,54,64690.55785,0,1
-0.081067105,-0.287702888,0.154639959,-1.609538077,-0.399586173,-2.603232522,21,34474.41027,1,0
1.74458387,-0.249772612,-0.722333624,1.883204368,-1.455470451,-1.881968327,24,52141.3401,1,0
0.859833561,0.528539202,0.441054113,-0.683668204,0.138723321,-2.153679232,33,45268.32667,0,0
0.568273377,0.876212579,0.486984708,1.412667803,1.282317436,-0.379293854,42,67394.81223,0,0
1.086380711,0.990299547,0.67394439,-0.22137091,-0.581777162,-1.397659875,53,50972.85395,0,1
0.333369851,0.44570914,0.86540327,-1.130804205,0.63581303,1.689654764,52,67055.07358,0,0
-2.492810499,-1.800770702,-1.362164572,0.50906839,-0.582112994,-0.021384966,31,52003.89817,1,1
-0.499138951,-0.341199733,-0.509929245,-0.391056857,-1.095649049,0.216688453,53,84391.40337,1,0
1.197168027,2.304089784,-1.898621346,-0.207101106,0.680279803,-1.089792116,70,60773.98075,0,0
-0.80759134,0.374216735,0.746996038,0.144905934,2.347649388,-1.120988091,26,73737.688,1,0
-0.223472505,0.367819568,-0.212311448,-0.812212836,0.543423609,1.551238637,28,58299.53237,1,0
-1.044836314,0.35948594,0.430814071,-1.621136354,-0.413856187,1.782412325,18,73842.87783,0,0
1.783922595,0.415379623,-1.475678748,-0.051269615,-0.34936596,0.415822012,26,48405.00325,1,0
1.681492457,-2.383112181,1.40098085,0.963917703,1.909185389,-2.031747837,42,59370.36532,1,1
-0.883868895,-0.239524317,-1.194339165,-0.901591259,0.30698002,-0.425478131,57,53024.3675,1,0
0.147298,-0.037892832,0.774563304,0.153962266,-0.765916021,0.313267486,32,88029.3663,1,1
-0.680494048,1.281495399,0.117950171,1.505507149,-0.062225063,-0.22796627,41,42170.86741,1,0
0.614944639,0.047672895,-0.189442778,-0.089764887,0.215140463,-2.120166091,25,91053.78892,0,1
0.509683077,-1.646511387,-0.270160107,0.086094372,0.469213702,1.849515576,69,39385.58821,0,1
0.811705572,0.430089156,-0.638063009,0.055212354,1.512038814,-0.835493953,46,71039.9844,0,0
0.331918448,-0.803824648,1.295196177,-0.682344426,1.275898494,-1.341149127,24,50672.3124,0,1
2.935406206,-1.216785641,0.012612834,-0.993354518,0.198238776,-0.030876196,63,63822.97253,0,0
-1.027923765,-0.834159047,-1.26922153,-0.989262369,-0.041495212,1.184253465,35,57437.21506,1,1
-1.710603354,0.54250423,-0.383960202,0.368183197,0.395985743,0.513016458,20,47542.99059,1,1
-0.393090201,1.25876124,0.128339027,0.757872362,-0.608233492,-1.315640653,64,61215.84302,0,0
-1.567988266,0.482929945,0.897805281,0.805082238,0.980009344,-1.480593609,41,53743.41988,1,0
-1.49246227,0.632023224,-0.604619721,-0.378542854,-0.203471799,-2.19157873,37,68570.68097,0,0
-1.001314654,0.473045273,-0.537776556,1.093308541,0.490901309,-0.291604611,48,44917.7506,0,0
-0.922188905,0.101327177,0.023432127,0.30736382,1.71325357,-0.473090934,43,67087.10398,1,0
-0.954618102,0.696930635,0.87342482,0.070742222,0.552806471,0.513870605,55,72961.73584,0,1
0.51821895,-2.418775467,-1.368754536,-3.339356663,0.230703166,-0.685510243,64,58376.35515,0,1
-0.506189061,0.111088351,0.505354631,-0.817409612,-0.517387457,0.973707494,63,40157.75396,1,0
-0.179514575,-1.044925035,-0.46406253,-1.521097902,-0.078074058,0.654684189,60,85984.62983,1,0
0.894232775,1.162902573,-0.324432582,0.627073507,-1.136050598,-0.728881646,25,67004.83016,1,1
-0.766322525,-0.147155305,2.001575745,0.095033332,0.533200147,0.391174595,49,49183.93311,1,1
-0.264545899,0.030948088,-0.196469225,-1.071986386,-2.134361428,1.328972091,25,67407.82303,1,0
0.365759986,-1.505071874,0.75469375,0.304362558,0.968406566,-0.96070595,22,34865.02249,0,1
-1.941567801,1.016830889,0.718913837,-1.423492366,0.731683559,-0.213327872,33,77645.51401,0,0
-2.384905509,0.62732812,-1.180023914,-1.043763098,0.098181926,-0.232788192,44,91867.30054,0,0
0.346117329,0.556947882,-1.845394325,-0.710221331,-0.533016894,-0.357715037,56,72361.33953,0,1
0.492014281,-0.813022852,0.820982092,0.540136322,-0.016259922,0.80189631,18,44954.05218,1,1
2.064220135,-0.773639845,-1.083546192,1.399441679,-1.774030027,0.881082579,22,30163.87533,1,1
0.158094876,0.223599454,-1.664182955,-0.586008448,0.823800603,0.406673191,20,80460.30059,0,1
0.819739717,-0.69449841,1.026162215,1.322458642,-0.163824539,0.358935107,62,57787.91275,1,1
-0.195472644,0.434892963,-1.019426734,0.047403551,1.515231175,-0.562208422,69,54128.55328,0,0
0.297227222,-2.160912603,-0.772517476,0.236138161,0.391990285,0.330527959,34,77474.76164,1,1
1.667256842,-0.487544556,1.974373155,-0.063804558,0.23143377,-1.285169644,50,51144.33704,0,0
-2.123992818,1.796753465,-1.659735361,-0.197313753,0.400948138,2.478542012,36,71434.79228,0,0
0.413616258,0.439485828,-1.256286041,0.439300037,-0.975510586,1.350266396,21,60355.83825,1,1
2.13558673,0.166793665,-0.459698142,0.740321186,-0.450993867,0.956536709,30,63704.36695,1,1
0.282034219,1.985226536,-0.24025684,-0.884611304,0.132948934,0.408337379,68,84438.99575,0,0
1.650572963,-2.335953619,-0.893745282,-0.18930047,-0.302564267,0.409182017,67,52666.24161,1,1
-0.62921215,-0.815311115,-1.158655097,1.669275097,-0.576512472,-1.690121208,60,51295.33868,1,0
-0.032047494,-0.401173172,1.509994324,0.177188654,-0.28239632,-1.258611533,43,56966.46422,0,0
0.033524702,0.858351233,0.262986124,0.286693854,0.044129915,-1.133969742,58,41956.69919,1,0
-2.217591079,0.875656363,0.585168744,1.167268539,2.318742267,0.058350713,48,74046.36526,0,0
-1.168177828,-0.866006709,-0.137225177,-0.501244499,-0.325391355,-0.281520858,52,72053.09134,0,1
-1.096875079,0.997954322,0.289454949,-0.033960622,-0.677429479,0.811328353,33,59859.6442,1,0
0.822066078,-0.403314767,0.932901661,0.816844897,-0.152728992,-0.965547686,41,46138.36135,0,1
0.872153106,1.211639626,-0.996299015,1.238902231,1.501594898,1.02661339,70,30000,1,0
0.324036443,-1.032642698,0.264835997,-2.365143294,1.57309172,-0.820380284,47,47494.79385,0,1
0.824102897,-0.123311599,0.696042313,-0.736668791,1.949098076,-0.417963637,34,56533.13001,0,0
-0.164149413,-0.490167315,1.544797346,-0.998365306,0.060975503,0.895444756,30,31512.89454,1,0
1.20193167,1.056030372,1.94789098,-0.123825103,0.64159227,0.504654587,55,97417.50332,0,0
0.008788443,-0.522781217,0.069859797,-0.922672777,-1.050024475,-1.251455989,24,66232.7604,1,0
0.057864047,-0.042448529,1.13863895,0.6641055,-0.353440773,1.064060623,26,68166.30242,1,0
-0.265592633,0.506811398,-2.670167933,0.172410341,-1.115084777,0.088986299,38,57750.00741,0,0
0.684450478,0.545258483,1.552282909,0.889190169,0.473258757,-2.142206574,47,71063.05296,1,1
-0.421198817,0.886952607,-0.725883662,0.953007957,0.038412763,-0.842681908,54,55486.81868,0,0
0.976431377,0.211124777,-0.241097449,0.679086018,0.22618966,-0.409626523,54,57570.444,1,1
-1.132149141,-0.418248915,0.441104484,-0.335790551,-0.846210818,-1.169338427,39,81074.7824,1,0
-1.098916255,-0.349698745,-0.153442367,0.104277539,0.850687325,1.342712643,64,76469.96133,0,0
0.687426755,0.025672315,0.19645338,-0.460873905,-2.407028596,-0.374758849,48,59835.79002,1,1
-0.088544215,0.249592476,1.587692968,-1.364735314,-0.252028182,0.460182981,21,90337.11017,1,0
-0.453891416,-0.147171648,-0.384220045,0.953787847,-0.106644589,0.206587663,27,58769.63551,1,1
0.890057732,0.019203421,-1.086923817,-0.084064627,-2.021602503,0.70574538,47,52413.20571,0,1
-0.607261414,-1.517253861,1.813463857,-1.502611964,0.384128398,1.673050642,47,61904.36113,1,0
-0.200201254,0.667355284,0.526764217,0.536949571,-0.173264124,0.67570055,58,64513.20075,1,0
1.39922795,0.181112289,1.922238975,-0.223948918,0.561116896,1.742614176,24,42113.90615,1,1
1.539142346,1.001870414,0.863629911,-2.059803973,1.999828596,0.702251919,32,67312.23919,1,1
1.57239821,0.000160507,-1.323594392,-1.373729272,0.324623874,0.131531944,36,91720.17918,1,1
-0.282125777,-1.738397579,0.645384672,-0.700611159,0.972661304,0.321456104,27,74251.00009,1,1
1.230702905,-0.358446189,-0.983948066,0.210512058,1.38095309,-2.625368538,56,69961.03611,1,1
-0.948952828,-0.199929923,0.007431802,0.788019985,0.492027096,-0.45515546,44,67206.03753,1,0
-0.906902875,0.742903305,-0.075714404,0.753768931,-0.865875582,-0.143582555,20,45032.28557,0,0
-2.350455853,-2.070273545,-1.617663805,0.602862955,-1.640167331,0.438054302,52,45053.12648,0,0
1.672868202,0.041179517,-0.81281049,-0.034362372,0.3743781,-0.025509619,69,62446.69003,0,1
-0.863979849,0.513675216,2.2051873,1.722232311,-0.400257823,0.333875981,35,53577.03182,0,0
-0.12653258,-0.661487885,0.238377405,0.699871244,1.283601068,-1.323189945,41,38300.21878,0,1
-0.910324342,0.07462801,-0.175596135,0.222105369,-0.475123161,-1.581342872,30,54741.0967,1,0
0.695165248,-0.627036509,1.81289022,0.566588106,-0.014307061,-1.183132176,61,66760.22871,1,1
-0.375633661,-0.729572933,-0.39623531,-0.399035003,-1.159010697,1.571194441,34,68704.53328,0,0
-1.30481689,-0.40841985,-0.091420362,-0.057243601,-0.343832672,-1.267898858,34,47508.578,0,1
0.441662564,-0.710691992,0.990802856,-2.08195404,-0.942835,-0.788605004,28,59311.26577,0,1
-1.433730025,0.683618312,-0.400735799,-0.386747662,-0.851527046,0.105153478,34,66221.5143,0,1
-0.837405725,-0.734951877,-0.746520739,1.759888016,-0.052814248,-1.591622943,69,40976.06352,1,1
-2.106889115,-0.902910007,-2.253756415,0.148375277,-0.606917967,-0.872344827,66,48413.4791,1,1
-1.423958112,1.767928667,-0.936498313,0.106739777,2.629238202,0.676781796,36,59802.14701,1,1
0.17852917,0.960740012,-0.946027746,0.998604095,0.835894151,-0.4380424,24,46361.82258,0,0
-1.964536038,-1.861513361,0.158566695,0.357825416,1.084639913,1.683486233,36,55080.93854,0,0
-1.481145725,-0.76476829,-0.610458266,-0.786483804,-0.110892997,-1.698556069,51,97436.75117,1,0
-0.002368916,0.242462972,2.158019011,0.023657512,0.105752179,-0.34560319,46,37391.62897,1,0
-0.543606896,0.323755067,-1.05762893,-1.135219125,-0.429592946,-0.437778104,47,81369.86525,1,1
1.992036636,-1.490492866,1.400646687,0.183612171,2.6243809,-0.008934154,59,65124.98068,0,1
1.833896546,1.158565493,0.219752955,-0.837749952,-0.108863819,-1.226763597,46,41639.7229,0,0
-0.867922463,0.825224419,0.806774036,0.928294612,-0.603750999,-0.580477878,55,70178.84801,0,0
0.557137618,0.481901632,0.746019595,-0.510240622,-0.754004221,0.789123431,65,60643.49943,1,0
0.749282557,1.356728491,-2.21823553,-0.824703909,0.335350027,-0.269401311,25,78080.05903,1,1
-0.597478858,0.452289993,-0.011552679,-0.112831988,1.421022043,-1.069727905,21,69907.40474,0,1
-1.495541536,0.448580879,-0.262228137,0.365391819,1.086959505,2.08005026,45,62944.85751,1,1
-0.012298449,1.557679272,-1.132978095,-1.207331997,-0.756325388,0.049099811,69,55403.35249,0,1
-0.172845675,1.101219581,0.459626037,-0.521266597,-0.780943348,0.613343957,28,77533.76354,1,1
-0.435764497,-0.841507459,1.716540316,0.105162306,1.246268509,0.764144313,35,54119.40268,0,0
0.442316868,0.633195179,-2.673003644,1.33836855,2.101381374,-0.070757823,38,38997.24755,1,0
-0.750729607,-0.664267865,-0.534469676,-2.528715764,-0.145002508,-0.789743638,64,31561.91065,1,1
-1.151997548,0.504154551,-1.245766164,0.615163204,1.206623408,0.199197676,65,41460.0065,1,0
0.10908297,0.476613507,0.071777826,-0.383565564,-1.466088106,-0.70011163,57,72044.47565,0,0
0.385970093,-1.383467312,-0.325621283,-0.494610347,-0.843524501,0.371568797,49,54551.65545,1,1
-1.176644944,-0.121845611,-0.605677213,-0.68112696,-1.009598243,-0.16424034,34,48419.89104,0,1
0.928090611,0.265257024,0.689506828,-0.363895584,0.412213795,1.02941501,51,53496.45404,1,1
-1.770481138,-0.436290191,1.636181301,0.620817201,-0.178976022,-1.141500459,34,72441.65274,0,1
-0.578113459,0.314709942,2.661318652,-0.536786471,0.238092645,0.718516923,32,69499.79934,0,1
-0.258008536,0.805897777,-0.739629048,1.658592016,1.219115989,0.613780268,37,62430.06405,1,1
-0.636223713,-0.030593064,-1.820875552,0.623866784,-0.653166184,-0.23902329,56,51003.06792,0,0
-0.565060474,0.224599477,0.559196434,0.197972125,0.093993107,0.730195544,28,54141.70925,1,0
1.871074482,1.383424079,1.610484735,-0.166056118,-1.337932219,0.418892868,36,58015.04926,0,1
-0.850884089,0.473196583,0.813689967,1.189854204,1.163785716,0.667151779,49,46580.37539,1,1
2.441221722,0.20082429,1.60634704,1.336019687,1.096413714,0.60351611,41,58342.23784,1,1
0.43712678,-0.95807938,-0.225486671,-1.161382147,0.361888147,0.050120372,23,45798.31318,1,1
0.092055137,0.671026011,-0.60957444,-0.701898105,0.119936102,-0.596204297,35,65487.0972,0,0
0.476240353,0.330149949,0.115435907,0.634630206,-0.509147935,-0.60775521,58,67172.53728,1,1
2.529927749,1.283739434,-0.330553187,0.936680944,-1.395549195,-0.21464642,65,76758.1635,0,1
-0.993593004,0.046878543,0.663094021,-0.300340548,0.305541941,0.843143352,30,63907.15846,0,0
-1.120417919,-1.8162665,0.969767778,-0.74244486,0.756200811,0.632248882,43,63431.43435,0,0
-0.754866197,-1.700120869,1.048083665,0.078612626,2.019371611,1.005981477,25,47464.12017,1,1
0.032143147,0.735680764,0.510592671,1.476693431,-0.393549516,1.10627822,43,59287.27146,0,1
-1.725771125,-0.570193598,0.245822327,0.04103426,0.270181618,-0.216993348,66,44662.13133,1,1
0.022339239,0.436767751,0.794426689,-1.26394077,1.114404216,1.962421677,31,34435.70104,1,1
1.693547133,0.114232645,-1.962991908,0.109583228,1.144532879,-0.103980049,58,56022.65256,0,1
0.151407391,-0.166839668,0.210570752,0.782748071,-0.622470957,-0.493896462,23,52443.53386,1,1
-0.292685459,-0.096361286,0.052478057,-0.101377311,-0.279159393,0.33333298,33,69171.40962,0,0
-0.618160449,-0.865389505,0.213080396,1.258166812,-0.525150653,0.483711971,52,45574.28816,0,1
0.898511705,-0.015777689,-0.087623546,0.865849036,-0.901844569,-0.741560039,51,102202.2664,1,0
-0.825832773,-0.584493433,0.431855493,-0.061758924,1.471669413,-0.158652002,57,52801.06526,1,1
1.846395921,-0.37225652,-0.574602922,0.04314402,0.062713809,-0.446971421,44,58945.17528,0,0
1.933359748,-0.323649045,1.129523429,-1.841759705,-0.074245463,0.141542908,53,51497.18187,1,0
0.256750799,-0.22669327,0.473649777,1.210226725,0.247708162,0.795859014,29,71667.34341,0,0
-0.011515088,0.922173457,0.150685858,-0.329517349,0.053761965,-0.265909277,18,56793.12024,0,1
1.030659808,-0.129790829,-0.697516571,-0.399956739,-0.220977374,0.572714989,46,45310.91113,1,0
1.094798502,1.023702337,0.815316885,-0.549853607,-0.761557336,-1.388847583,34,32497.80631,1,0
-0.805991731,1.537854951,0.206659698,0.456697562,1.565280458,0.889785825,35,68608.7757,0,0
-0.526555133,0.854944651,-0.755483394,-1.128693001,-0.570272263,-0.453430357,66,69747.14823,1,1
-1.322347435,0.534468535,-0.056661542,-0.984172782,-0.930512067,-0.471261479,33,65140.82267,0,1
0.409064938,0.326832209,0.629082619,-0.052525102,-0.080555651,0.400339893,52,56771.3474,1,1
0.666627883,0.865358709,0.551573539,-0.626513332,2.157515217,0.452901432,26,55211.80247,0,1
-1.349925638,0.089360739,0.487008968,0.335233573,-0.821573304,-0.11230798,61,71662.69735,0,0
-0.455198905,0.984569846,0.092531392,-0.589889279,0.709615219,-0.888798706,56,58484.23133,1,0
-1.347253918,0.614105805,1.025819533,1.595036264,-0.246331605,-0.479568927,55,76867.94208,1,0
-0.89879981,-0.359840461,1.237796504,0.693457507,0.244807248,0.095242417,60,58514.29114,0,0
0.55101706,0.89585088,0.737322616,0.680886212,0.922180885,0.489841143,23,57970.09683,1,1
-0.733482067,0.091480006,-0.587451275,-0.604961754,-1.719688808,-0.822949084,43,65562.82144,0,0
-0.300825956,-0.106132008,-1.058061717,2.405679674,-0.896341109,-0.640142081,34,80876.11466,0,0
-1.627311728,-0.47619916,-0.543939767,-0.439011014,0.908012795,0.262943636,41,77651.12407,1,1
0.18699021,0.166018848,1.953656748,-0.713810277,0.097451084,-0.083227926,27,59276.44807,0,0
-0.04427332,0.996462615,0.281695914,0.706742597,0.21187464,0.146498283,49,54394.02703,1,1
-0.72895925,0.888940006,2.126441828,0.195228133,0.711383617,-2.614441076,20,41875.22251,0,0
-0.189014298,0.353393797,-0.120198344,-0.818384309,-0.889601491,-0.294912268,36,70381.15015,0,1
0.180294881,0.599643641,-0.25881367,2.195847162,1.055072538,0.853269472,52,33242.97853,0,0
-0.814868149,1.271696792,-0.074056537,0.975599498,0.819783725,-0.61587497,44,85578.28525,1,1
-1.476262544,-0.149966291,-0.09217408,0.004005301,0.238317207,0.486525578,42,72646.9852,1,0
1.805574433,-1.115420004,-0.773650912,2.401110131,0.468131733,-1.208744644,38,48810.58527,1,1
-0.633272705,1.301129852,-1.148848268,0.810780144,1.164973778,-1.562785069,19,78463.38367,0,0
-0.096760103,-0.529778252,0.501336627,-0.01190097,-0.593839059,0.417817579,37,68222.72015,1,1
1.010839735,-0.690338123,1.054900718,2.281437645,0.661357018,-0.054464952,40,67015.36576,0,1
3.529055188,-1.796197755,2.444981301,0.658984733,1.744357236,-0.335886951,50,55996.115,0,1
-1.24448645,0.571283053,-0.433712907,0.615245262,0.640626249,0.846466417,67,68289.83551,0,0
0.449827214,-1.621452625,-0.352655487,-0.386347627,-0.222393228,-0.311840751,25,38748.34359,1,1
-0.707552285,-0.750258808,-0.771229294,0.049413486,2.31820569,-0.632619249,68,60942.79888,0,1
-0.538790305,0.588236795,1.125727429,-0.410692996,0.230814502,-0.740820006,54,49801.8632,1,0
-0.720212021,0.721921252,0.814987455,1.439735746,1.3985916,-0.952345181,59,55679.17681,1,0
-1.125654968,-0.651704148,-0.876934582,-1.609414143,-0.421531414,0.466647707,47,49666.27463,0,1
-0.041291362,-0.134153327,-0.902198087,1.365870433,1.067802498,-0.312098062,48,50434.48692,0,0
-1.474502687,-0.872594526,0.952514759,-0.877342529,-0.546425048,1.142520943,58,79326.68839,0,0
0.946807567,-0.548396788,0.383196151,-0.057921203,0.323384238,-2.952331669,35,38506.97001,1,1
0.055002936,0.26621526,0.758388713,-0.295216388,-0.606740109,0.922840272,48,66129.938,1,1
0.422434973,-0.501646679,-0.882768478,-0.520152486,1.901155976,0.359629615,43,43039.66318,1,0
-0.466188612,-0.24421504,-1.877724864,0.689784148,-0.221131332,-0.090824118,41,79822.55737,1,0
-0.367203934,-1.464706682,-0.874965017,-0.005189213,-1.107932127,-1.291413266,68,66417.01092,1,0
0.287563905,1.132956165,0.68776673,-0.66769876,0.095118522,-1.659877321,22,38929.65191,1,1
-1.164050632,0.510066593,2.111057979,0.15399553,0.537094792,0.751090624,70,65020.01128,0,0
-0.357990434,0.792905372,-0.42946399,-0.696086727,-0.026600977,0.242146607,28,49562.03525,1,1
-0.859613514,1.290425325,2.275855882,-0.537775499,-0.813320229,0.223218732,69,63403.16383,1,0
-0.890568811,-0.825212876,0.829819767,-1.497263089,1.037316807,-0.102470841,41,40073.62033,1,0
-2.109838241,-0.358394483,-1.393032302,-0.450308993,1.259180029,0.849807633,18,78464.40874,1,0
1.339326589,-1.894834368,0.214033838,0.494204526,-1.647957349,-0.585871844,29,30038.85701,0,0
-0.686538753,3.14042291,0.863974278,0.037124918,-0.877026954,-0.336405147,55,47886.3856,0,1
1.163376055,-0.149585315,-2.425482899,1.815063669,-0.159427647,-0.176595592,40,43770.32384,0,0
1.068792321,1.0387279,0.644451158,2.612817474,-0.530925697,-0.213659886,69,65688.80567,0,0
-1.285999707,-1.238161144,1.17272118,-0.464218396,0.525954583,1.336572491,61,52612.28447,1,0
-1.088411236,0.996388426,0.398868124,-0.833317758,1.839477207,-1.254437939,42,57234.00552,1,1
2.560502959,1.857590877,-0.061721211,1.129816546,-0.38091351,-1.954570518,29,50377.02361,0,0
1.750925942,-0.060280749,-0.172926583,0.335208242,1.576722201,-1.454026237,20,39473.33914,1,1
-0.031518513,-1.010881497,-0.231322328,1.135874277,-1.468332856,0.683650951,41,56571.86932,1,0
0.257373106,-0.138796401,-1.175979804,0.398830731,0.455814813,-0.100774624,43,40456.56163,1,0
-0.630846403,-2.226761525,-0.687523832,-0.194357847,-0.594711487,-1.598720537,32,32519.43874,0,0
0.432352714,-0.037886701,-0.416594046,-0.188685048,0.477389931,0.09966503,48,69388.79713,0,0
-0.717181901,0.820967139,0.113494346,0.432776778,-1.756809845,-0.323985376,60,41414.00853,0,0
-2.032353764,-0.035757644,-0.556814758,-0.211113896,-1.285390479,0.559494596,59,81856.68437,0,1
-1.321555787,-0.284139555,-0.869129242,1.219501243,0.475312515,0.794266403,38,81264.97222,0,0
0.021092748,0.527568116,0.759770859,-1.30233724,-0.630000906,2.518158955,38,73285.37621,1,1
-1.131067236,0.604024847,0.370613972,1.214143636,-0.323117606,-1.18215082,38,42963.19231,1,0
-0.067277465,-1.659905563,-0.539229537,-1.873400748,1.836285175,-1.862760159,65,91824.09236,0,1
-1.074661039,0.088822962,0.506278471,0.145102286,0.137571469,0.589117544,42,30000,1,1
-0.782353923,2.435985124,-0.453157894,-0.331042731,0.901516514,0.986712637,29,46754.99381,0,0
0.853165306,-1.335016246,0.063065029,-1.516355704,-0.75927215,-1.275694385,65,72498.2869,1,1
0.247480548,-0.085418833,0.975044055,-2.060019417,-1.341203693,-1.274728819,54,71320.42701,0,0
-0.009664421,1.941746122,-0.603741093,-1.09751467,-0.080735321,0.344366287,35,49122.88665,1,0
0.878963973,1.104175157,-1.172411608,0.045684327,-1.490469403,1.714482819,27,48215.23063,1,1
0.480608593,-0.513396681,-0.145134583,-0.602184129,-0.698589603,-0.87660875,23,56769.14541,1,1
1.446563291,0.20613538,-1.363465016,-1.040948901,0.237754218,0.087066795,46,58695.32617,1,1
-0.459859262,-0.00211168,-0.277448509,1.352281083,-0.111260897,-1.899144727,46,52958.36131,0,0
-0.429634979,-0.748071804,-0.280637479,-1.232184678,0.334519385,-0.198585541,46,84869.93402,0,0
-1.301109266,-0.074252107,-2.463684124,0.679117332,0.600318396,-0.113647749,63,49745.53267,1,0
-0.428980717,-0.279966133,0.530635164,-0.888997008,-1.195724716,1.467540445,63,81997.00868,0,1
0.964769894,0.112748938,-0.182689767,-1.122805933,-0.941934271,-0.706677794,26,66088.96761,1,1
1.299987372,-0.748383181,1.181896453,-0.603838627,-2.178584195,0.686410394,49,75287.84124,1,1
0.960305168,-1.2766182,0.21553198,0.619916047,-0.370523308,-0.771761899,65,37576.32345,1,1
-1.794191867,-0.041280773,0.73560857,-1.371465757,0.736755958,0.090332261,30,75419.86759,1,0
1.083145213,1.715118218,1.190038753,0.287455261,1.491276864,2.077321187,63,74889.04539,1,0
-1.838518623,0.082202926,-0.131717083,-0.960759998,0.190481869,1.793101429,70,50009.52291,1,0
0.898117324,-0.331593779,-0.000823189,-0.78076687,1.373228864,1.960567938,28,72719.06814,1,0
-0.367784527,0.754085805,-1.573543223,0.400641589,0.383827024,0.397572208,51,37801.31416,0,0
0.702533314,-0.158319613,1.239537745,2.17348283,0.107449421,-0.210262464,69,52880.57622,1,1
-1.332448348,1.868032925,-0.1456974,-0.91101699,-0.611290877,0.284925682,69,77506.5059,0,0
1.171167633,-0.003912509,-1.00573055,0.719880584,-2.385160043,0.466048273,46,57270.40093,1,1
-1.464974746,0.700497063,0.739722486,-0.312712377,1.223189487,0.389314723,68,56036.53294,1,0
-0.668454911,-0.754604382,-2.179781192,-0.474743455,-0.053224975,-0.711386541,29,81068.37843,1,0
-0.998094628,0.503089253,-0.429274223,1.07137601,1.388296525,-0.751559783,66,30697.68014,0,1
-1.754284853,0.275093477,0.908311041,-0.843522811,-0.949633119,-0.596257915,48,57335.31251,0,0
0.094527568,-0.056506125,-0.437721852,-1.154113227,2.42882021,1.070315427,58,59009.47693,0,1
1.806089118,-0.501757761,-0.717921951,0.460175795,-0.248787255,1.179037127,39,48048.8804,1,0
2.666905222,-0.638030166,-0.416154797,1.594783796,-0.692188994,3.183433918,43,80612.22256,1,1
0.097155787,0.282352664,-2.009929264,0.749994705,-0.214522046,0.425645772,60,46348.99435,1,1
1.116681275,0.62893911,0.715478432,-1.407017381,0.170456422,-0.788429127,29,46537.07726,1,1
0.232094638,-0.127162796,-0.122886042,-0.615333044,-0.069902006,-0.47889008,52,30000,0,0
0.498883195,0.287267929,-0.27232461,0.979598242,-0.515330409,-0.15750217,66,76661.242,0,0
-0.342148651,-0.037914678,-0.268668616,1.581110218,-1.803442556,1.506248623,55,55060.18973,0,1
0.195076925,0.098526025,0.014079798,0.228711325,-0.804327579,0.732938818,21,55086.58915,0,1
0.537478705,-0.200444983,0.653437371,-0.579172534,1.074435669,-1.346808607,62,56801.73197,0,1
-0.578459729,0.017972579,-0.052063541,1.646018839,-0.8797227,-0.056843579,66,77898.87589,0,1
-0.0774943,2.698040457,-1.361636548,-0.074593585,-1.716948637,-1.471476532,27,84192.92939,1,0
-0.058430119,0.311634299,0.575516122,-0.605808574,-1.055499748,0.592477947,69,34013.10884,0,1
0.826403317,0.645296958,0.498569691,-0.774932538,-0.088646288,-0.706807794,35,53056.18393,0,0
-1.066032172,0.438023605,0.205526998,-1.195018347,-0.759221167,-0.611234082,63,42972.53971,1,1
-0.051542209,-0.262816823,1.075241307,2.833580429,-0.279837079,-1.878731321,65,56645.04412,1,1
1.912005469,1.293989213,0.030378676,1.420957865,-0.798453205,0.756818405,36,58634.1161,1,1
1.164060153,-0.29116377,1.111376089,-0.656293316,1.009743896,1.208666715,32,34219.69477,0,1
1.349179049,1.055054549,1.407211021,1.731825927,0.490849511,-0.692942262,40,65529.97437,0,0
0.02443184,-0.334206998,0.582312886,0.533302173,2.217959567,-0.162014956,40,53262.23994,0,1
0.320997564,-0.959972519,-0.747933622,0.474108001,-0.381721297,-0.479306929,38,71707.32314,0,1
1.002236167,0.365396208,-0.130785719,-0.71791703,-0.284879175,-0.218259886,43,60454.47028,1,0
1.56025553,-1.104668356,1.238856034,-0.514127178,1.183502024,-0.819655383,62,34256.81259,1,1
-1.951602913,0.535640225,-1.497627866,-0.042424035,0.391008385,-1.1002513,51,69219.5546,0,0
-1.315441307,-1.194158656,-0.391953668,-1.965548994,-0.94150668,1.368619713,58,39899.06397,1,0
1.309444101,-0.31900803,-0.342964836,-0.486820143,0.556421319,-2.6397155,30,41527.69121,1,1
-0.276889356,-1.431729697,-0.8652106,0.004489631,0.396528897,0.504114269,42,55248.24546,1,1
-0.671720789,2.824167009,0.87287895,1.309518906,-1.793795888,0.283332225,61,55723.49545,1,0
-1.254160987,-1.65395956,0.376815071,-0.616547546,-0.6513107,1.653918941,50,33697.9636,0,1
-0.555016702,0.00981374,-0.711058357,0.812138111,0.19032019,-0.23638587,45,57783.01554,0,0
-1.402369283,1.143304274,0.60551292,-2.06049382,1.446279707,-0.371302909,30,58665.05955,0,1
2.091094273,1.036385909,-0.158416235,1.167030175,0.697998444,-0.808461087,44,58078.22063,1,1
-0.022436052,0.851342122,-0.890194573,-0.900346967,-0.564044614,0.355563689,25,34680.48099,1,1
-0.057950542,-0.317228388,-0.71291841,0.130272969,-0.708201905,-0.708231559,53,62158.6162,1,0
0.588076675,1.351088946,0.436051075,0.406343119,0.797733244,-1.128785427,60,69292.89012,0,0
0.962345169,0.913391091,0.939009879,0.210179557,-2.426326396,-0.73708391,23,39801.06195,1,1
0.945888157,0.212299618,-0.486768233,-0.106779759,-0.807581324,-0.946813166,30,43866.67769,0,1
1.073621944,0.240580758,0.544441334,-1.241516285,1.409308002,-1.005956693,37,71810.11292,1,0
-0.630845551,-0.303922648,1.581754158,-0.889540918,0.296817479,0.085308865,22,83699.64398,0,1
-0.297866805,-0.909652026,-1.258870556,0.996431943,-0.758661152,-0.194536596,62,57504.44238,1,1
0.769031655,1.237150975,0.355669873,-0.597377459,-1.202083426,0.549592694,44,53256.40506,0,0
-0.527389062,1.312207994,0.830655691,-0.103295593,0.839734668,0.147229876,66,62973.32208,0,0
-0.005106632,-0.884109141,-0.095149817,-1.492086257,0.077811347,-1.202721716,68,80345.12667,1,1
0.398763764,-0.153785165,1.238283211,0.858573362,-0.21871046,-2.122550772,36,47249.49772,1,1
0.785185082,-0.143423216,2.198837038,-1.31948304,0.373980557,-1.056158468,18,52739.60822,0,1
-1.777680962,-0.032655904,0.343355348,0.915962809,0.16459805,0.763766464,21,52345.88139,1,1
0.71474565,0.064294879,-0.233589732,-1.062711761,0.087905807,0.741109876,19,38749.46986,0,1
-0.233724058,0.946861462,0.976982808,1.01450803,-1.324187019,0.98467752,61,72791.81502,1,1
0.707457711,-0.747217308,0.84206886,0.010192915,-1.026425153,0.837939963,43,63917.0629,1,0
0.776931692,-0.846346992,-2.518830955,-0.558757396,0.748280436,1.087145544,50,30000,0,1
1.607915061,1.236619742,-0.002735556,1.600401755,0.559151434,0.406316384,61,59829.73486,0,0
1.353453648,-0.462644742,-0.394599467,-0.068854993,0.382119926,1.802940984,62,84933.80619,0,1
1.346571663,-1.263035354,0.396705692,-0.361812293,-0.586512663,0.293650581,55,64131.14924,0,1
1.443670319,-0.485129942,-0.19365828,0.909117928,0.765189929,1.999263818,24,84059.85006,1,1
0.291378985,-0.330052735,-0.085176092,-1.480457112,-0.370744812,-0.626388575,46,51597.91251,0,0
0.032185087,1.554962728,-0.863212759,-2.527165604,1.301533461,-0.651939426,69,74492.78353,0,1
0.872817083,0.924826212,0.734529218,1.157979974,-0.746822989,-0.192382551,22,79723.88144,0,1
0.732080951,1.147520617,1.655042221,-0.836302079,-0.525287636,-0.037479454,26,58909.04998,1,1
-0.309066237,0.819973642,-0.847671949,0.864622425,-0.151448799,-0.321244021,30,53832.92448,1,0
0.404823409,0.946243672,-1.397055023,0.046162372,0.847300481,0.539667878,63,76499.7065,1,1
-0.035096467,-0.688082127,0.02000322,-1.163989464,-0.035078071,-0.102320617,57,68101.06984,1,1
-0.853932908,-0.198602155,-0.028655661,0.60728242,0.037682349,-0.607175275,65,74310.05882,0,1
1.290460741,-0.989915313,1.170932786,-0.41017019,-0.391591217,-0.396028219,63,66196.48544,0,0
0.055199243,-0.210488031,-1.229194952,-1.077340336,0.268091987,1.217623175,46,58805.16909,1,1
2.048708258,0.684104991,-0.537955175,-1.051296372,-0.070730494,0.317165844,35,58668.86024,0,1
-1.62549227,0.134583285,-2.147703239,-1.732838754,-0.784302384,-1.676276892,47,54678.19505,1,0
-0.556778773,1.311480819,1.374983636,0.403024882,0.127291483,1.510624419,27,66004.07156,0,1
0.032638837,-1.141415792,0.250544628,-0.935400744,0.150808769,0.43350861,36,57340.12085,1,0
1.137381098,0.500238351,-0.463432914,-0.034722128,2.349800649,0.639130791,65,63800.49044,0,1
0.399469373,-1.248302802,-1.322271479,-0.181722495,-0.611026079,0.929071434,26,48109.5045,1,1
0.310472754,0.094176469,-1.230476058,-0.941556681,-0.839375743,0.980732112,38,47225.44488,1,0
-1.127263793,0.740333423,0.4142669,-1.522899714,0.279034261,-0.919113591,18,68762.23817,0,0
-1.156941397,-0.214502567,-1.107425046,2.533710829,-0.992836417,-1.070214788,58,65827.10295,1,1
0.32250466,0.551126604,0.104005423,-0.048532526,-1.073050148,2.39640119,43,53550.70619,0,1
-1.364105994,-0.959732335,2.042944861,1.823382953,-1.43689869,-0.698077749,31,80653.40855,0,0
-0.53187775,-1.663689978,-0.347587623,1.164936784,-0.774573565,0.37865347,56,47683.85697,0,0
0.500917329,0.557029622,-0.961444444,-0.321165301,-0.749887746,1.631464967,46,66560.03874,0,0
-0.982324272,1.744010234,0.382007205,0.180964637,-1.283262174,-0.443505958,60,66865.6601,1,0
1.605355962,-0.99604494,-1.225791741,0.151915782,-0.250283736,-0.36012244,69,60802.26618,1,1
1.223936344,1.22219418,1.71998453,1.844200689,-2.365981148,0.926464087,24,78992.77403,1,1
-1.571419998,0.043423409,1.403619669,0.829833692,0.491765781,0.212873872,41,84408.98542,1,1
-0.932371243,-1.335691522,-0.164171619,-0.807272746,-0.556793979,0.495112455,44,42738.19404,1,1
-2.285777244,-1.131505301,-0.897293181,0.351618837,-0.409783677,-0.080426576,59,30000,1,0
-0.782591363,0.015784773,-0.425769873,0.804314341,0.58687501,-0.526366143,68,52662.2352,0,0
0.766388477,-0.404462288,-0.295665612,-1.175319049,0.371743909,-0.332941111,19,45255.96914,1,1
-0.413894942,-1.312912977,0.383567132,0.494149345,-0.629906043,1.193975914,19,53443.51579,0,0
0.460797244,-1.694039281,1.039632329,1.345488956,0.451790756,-0.295618789,33,87292.86313,1,1
-1.522334318,-0.846719328,-1.036512631,-0.857472652,1.548894608,0.428723672,29,100448.8091,0,1
0.797975255,0.193809008,1.010909565,-0.719318568,-1.012183581,-0.968800403,57,45777.36421,0,1
-0.555109228,-0.006400753,0.617685613,1.160472505,0.753774711,2.040279143,43,63363.89218,0,0
0.012169682,-0.501237958,-0.507789491,-0.354236313,-1.113105738,0.31887481,27,63025.58702,1,1
-0.092874501,0.201887194,-1.086711896,-0.982008413,1.175426062,0.339612064,32,65186.34117,0,0
-1.271548521,1.04002672,0.116232717,0.882273043,-0.711927057,0.926278727,65,39442.79981,1,0
-1.153084332,0.39412651,-1.059588484,0.576854237,-0.7501222,-0.480895772,42,78536.90402,1,1
0.967794469,-0.121308671,1.023680849,0.094393907,1.149210141,1.193748127,21,73529.19784,0,1
0.398992158,0.928072007,-1.123882772,1.124582628,0.721574946,-1.516305018,43,52799.43447,1,1
1.050049042,-0.959850302,0.547706193,1.195635243,-0.679092567,-0.614420462,40,78461.4164,0,1
0.324658236,-0.22491954,-0.080616365,-0.082822909,0.127368739,-0.801227749,54,38371.6739,1,0
0.142990635,-0.201087936,-0.560624884,1.974326388,-0.7099519,-1.880597809,66,34600.97275,1,1
-1.726010619,-1.236953258,-0.102831506,1.583389953,-1.592737758,-0.528685052,59,63972.68755,0,0
-0.270366697,-0.419874162,1.07998317,-1.98429845,0.189285118,-0.051951621,21,66468.69563,0,1
-0.02738432,-2.074959681,-1.192257409,-1.030117423,-0.356422168,-1.089918519,18,57542.67462,0,1
1.953107198,1.912178048,-0.412156555,-2.25529182,-0.945833556,-1.234323206,18,76610.26496,0,1
0.686956632,-0.937413788,-0.751743565,-0.324714995,1.30471508,0.041075181,56,50137.64994,1,0
1.536061182,1.586114131,-0.038617134,-1.211218198,-0.912020179,-0.079991513,20,78065.72373,1,1
0.597537706,0.038084506,-0.684680893,-0.814318399,0.143978625,-0.265744395,65,71821.44058,0,1
-0.711303227,0.564864132,-1.768081242,1.090568147,1.07991157,-1.266131744,65,87942.69751,0,1
0.117124216,-0.488799798,-1.055137547,-1.75482906,-0.256055349,-0.394536968,32,33406.27349,0,0
0.236223646,0.207929692,1.637755019,0.129735741,-0.734175451,-0.666274369,60,52704.87561,1,1
-0.93915557,0.65048964,0.246728211,0.123676442,0.297748304,0.085878538,35,46406.99109,0,0
-0.384387377,0.664552414,0.212362054,-0.082389288,0.455699724,-0.558832293,38,71654.32831,0,1
-0.205766994,0.77477339,-0.28261239,0.130778682,0.876560697,-0.038753946,69,83595.49457,1,0
1.605619833,-0.36833271,-0.051625424,-2.23228171,1.871209451,-1.310817609,25,54419.47692,0,0
-2.080740525,-0.480359672,-0.429811923,-0.809554516,-0.457291015,-1.396846849,42,68990.94916,0,0
1.205818421,-1.594176325,0.526928531,1.543000865,0.195854006,0.557539998,49,81654.28489,0,1
-0.936795235,0.523219011,0.100808854,-1.196871086,-1.269240316,0.765352416,23,64893.53085,1,1
-1.372079187,1.082378711,-1.17126821,1.666610814,0.666377,-0.39272413,67,70521.86269,0,0
1.17994213,1.61598168,0.253724503,-1.406822412,0.183716643,0.027636128,57,30251.2374,0,0
0.731898069,0.305172635,-2.458741923,-1.527040632,-0.178689399,-0.449713195,37,83487.68835,1,1
1.254518702,-0.766479773,0.4138592,-0.951778817,-0.618060513,1.097225733,66,55518.50431,0,1
0.800701948,-1.697096143,-1.409356857,1.129082968,-0.348427085,-0.203100967,46,100046.2781,1,1
2.059845002,1.041666733,-0.096055086,-0.54612083,0.23633301,-0.498875653,22,47237.43319,0,1
0.558723837,-1.796276567,-1.194627603,0.345406988,-0.966170388,0.966298853,52,67118.55737,0,1
-0.156477376,-0.340604078,0.0028232,0.073636922,-0.307119578,-0.774080307,36,72383.22455,0,1
0.342926377,-0.224306828,0.578278519,-0.054462183,0.016678043,0.156616337,56,30000,1,0
1.243469128,-0.069455138,1.502827085,1.274118093,-1.539620126,-1.048469989,29,86661.01879,1,1
-0.779375325,0.0358026,-1.541357655,0.771517941,-1.051297345,0.66454962,50,71146.49451,1,1
-0.651888583,0.138147556,0.975472956,-1.142903197,-0.660004536,0.81541886,52,37583.316,1,1
-0.308960015,-2.415363262,0.131152705,-0.275570784,1.568231733,-1.288693798,59,65546.19802,1,1
-2.104582799,0.01465591,-0.450667153,1.74343982,-0.830725143,-1.444641792,55,65459.35711,0,0
0.138078408,-2.229575574,0.759856505,0.319561789,-0.05579162,0.288541704,65,57984.59705,1,1
-1.886128704,0.732218073,-0.235924851,-1.507845964,-1.040563747,1.940818989,63,51059.19838,0,1
0.053059313,-0.555125156,0.717530516,-1.437038902,-0.776403192,0.883971072,25,58979.67357,0,1
0.865289756,-2.157036725,-0.992269713,0.890145309,-1.441008372,-0.212334801,55,72919.97277,1,1
-0.476876461,-0.814204677,-0.632997032,0.702437317,0.670302355,-0.854301274,48,72313.17471,0,1
1.67711587,-0.570075339,0.943600053,-0.921365575,-1.325546257,-1.21612156,28,60127.3084,0,1
-1.460500899,1.190699618,1.485400524,0.747630179,0.907011013,0.717074359,21,63429.76967,1,1
1.191260682,0.196637742,-0.035031899,1.599392137,0.467897196,0.922774119,57,58094.42829,1,1
0.675137056,0.344444944,-2.787288925,1.45785884,-0.075401847,-0.631159395,22,45405.36495,0,0
-1.716033248,1.181221634,-0.199049283,1.604278037,0.940025895,-0.246728178,59,59140.70464,0,1
2.710794299,-0.096144288,0.032426118,0.555488775,3.103201276,0.046956338,39,48981.29551,1,1
-0.063745286,0.754187961,-0.232773377,-0.177659819,0.477525641,1.812846459,61,45066.98402,1,0
-0.877484022,0.683861114,0.336338562,-0.40248008,-1.120060622,0.065153159,34,30000,1,0
-1.407087195,-1.286469494,-0.476909928,-0.017386889,1.48901766,-0.980951855,37,53867.46746,0,0
-0.220018028,1.472983578,0.838870861,-0.876023304,0.186111457,-1.156642304,60,71782.08704,0,0
-0.127406872,-1.42030178,-1.166713273,-0.359298725,2.111123401,-0.911224273,69,78346.7693,1,1
0.102645529,0.917366649,1.236848707,1.275119748,-0.506050222,1.264022009,29,66692.69549,1,1
-0.297796156,-1.517073037,1.550078824,-1.609071008,1.281944023,0.513140399,70,40567.33809,0,0
0.63322531,0.601236788,-0.913059738,-1.540669726,-0.000156771,-0.345493653,61,57679.30351,0,1
-0.387629833,1.861914878,-0.913599826,0.830530604,2.656728349,-2.925296636,34,42676.71504,1,0
-1.934964117,-0.212978657,0.410695314,-0.350172925,-0.281600755,-0.852632138,69,88641.18359,0,0
-0.149361496,-0.256355643,-1.18722041,-1.925643025,3.001668638,0.343969427,44,54191.10463,1,0
-2.367477653,0.610439999,-0.492602871,-0.061334156,0.439826053,0.352167615,40,52585.72226,0,0
0.353770631,-0.329396456,1.102526956,-0.204121585,0.846964758,0.343459074,22,73842.64085,1,0
-0.97930023,1.818278704,0.737606764,-0.431084476,1.700332444,-1.347304789,66,59413.57444,1,1
0.163360355,0.192192249,1.980196342,0.685706026,-0.78775429,0.177001391,45,76074.61575,0,1
1.314074982,-0.320169508,0.170784148,-1.333195569,0.969096846,-0.975910493,54,43153.08645,1,1
-0.948748695,-0.540285528,-0.610838002,0.012985415,-0.292753341,0.001891028,47,61335.3082,0,1
1.061256259,-0.93294847,0.051243512,-0.210972495,0.151118879,-0.767774283,62,67609.15696,0,1
-0.433389567,-0.627754987,-0.150588339,0.037825228,0.083061257,1.070431937,46,30000,0,1
1.753194802,-0.350673394,-0.136557109,-1.732186158,0.572410736,0.337446964,31,49760.18752,1,0
-0.365152613,-0.487639073,-0.023803708,-0.522648888,0.530184327,-0.143232684,25,50792.57379,1,1
-0.840492986,-0.658175274,-0.931766709,0.019769191,-0.57519492,1.380377663,63,60828.52255,0,0
0.68723845,2.09884123,0.282217755,0.541159636,0.124854171,-0.372492513,44,55347.91642,0,0
-0.43578973,-1.030095076,-1.408663268,1.846396505,-2.334335819,-1.415072999,23,64440.84313,0,1
-0.841449514,0.146632588,-0.716826608,0.805948389,0.990173665,1.055873536,24,56482.83041,1,0
-0.477839851,0.59252101,-0.118878763,0.461155201,1.693941704,0.252209859,43,77211.16679,1,0
-0.044606532,0.630107996,-2.259553313,1.271474792,0.190628049,-0.318677181,59,91660.67053,1,1
1.342180131,-0.058607076,0.768991536,-0.303822447,-1.606022213,-0.643745283,47,37491.6074,1,1
-1.934087745,-0.240702572,-2.05315451,1.553928164,0.742947636,0.510783543,34,60370.38287,1,0
0.023080659,0.451547491,0.669587691,1.11927279,-0.763769517,0.813635044,23,76295.11485,0,0
0.624903595,0.26652165,-1.29280929,-0.445877791,0.182316345,-0.766714919,20,49456.13575,1,1
0.193448575,-0.258958835,-0.404918691,1.923955176,0.685509127,0.565340204,36,64197.65207,0,1
1.309865169,-1.561878572,0.519130647,0.446935315,0.54645038,0.250606101,36,54302.64458,0,0
-0.07434533,-0.467923722,2.198139519,2.192968976,1.08085525,-0.829419444,41,44948.58803,1,1
-0.184551442,-1.146550164,0.116451978,0.303182254,0.14638064,0.00385843,45,44748.54476,1,0
0.592329547,-0.66715955,-1.982626328,-0.56192986,0.17336161,-0.546652581,52,30000,0,1
0.099313815,0.033223239,0.953695133,-0.767536643,0.736790374,1.240338204,52,62489.9565,0,1
-0.390408738,0.358736144,-0.231918405,-0.355743455,-0.07139257,-0.648917273,22,63477.29616,0,1
0.51614404,1.780452751,0.069906654,-0.571294942,-0.687902419,1.508873796,55,45722.44207,0,0
-0.652528293,-0.537406379,0.55786303,1.271388557,0.452018425,0.131411431,23,55802.62236,1,1
-0.611177152,0.774625635,-2.225377957,-0.028974245,-1.128862978,-1.745513053,46,38366.32378,1,1
-0.527994022,0.305960024,0.006536848,-1.614022673,-0.080890147,-2.173118605,40,67987.98315,1,1
1.35306916,1.295997671,-0.40969389,0.213004316,-1.377776792,-0.208607144,62,53991.13323,1,1
-3.221016356,0.57622872,1.221834906,0.125513043,-0.554812633,1.333626187,68,71558.85141,0,0
0.395598835,-1.008481427,0.727113763,-0.468607621,-0.513340877,1.230619844,54,55168.18659,0,1
0.034271814,-1.723046029,-1.627001923,0.267592022,-0.984216076,0.166313079,49,45184.50226,1,1
-1.680870459,0.3112617,1.262625852,-0.044109433,1.100531887,-0.737068569,18,51961.20949,1,0
0.309726779,-0.528450998,0.449525088,0.633765367,1.0179916,-0.417298744,66,82621.51762,0,1
0.475751992,-0.980313746,-1.547241597,0.574978939,1.314012743,0.207349944,51,91441.09243,0,1
0.589639231,-1.267577705,0.055753103,0.364902856,-0.187844223,1.087306484,61,37394.60208,0,1
-2.651828063,0.160975498,1.034826114,-1.298855904,-0.433607989,0.569199777,45,73585.78198,1,1
1.366389412,1.507707699,-1.214043873,2.119016728,0.803584805,0.968284566,67,43375.98721,0,1
-0.737736705,-0.408672346,1.377577336,-1.555985703,0.128412895,0.643674657,24,48601.74431,1,1
0.686567747,0.590270311,-1.512628774,-0.128709177,0.123517462,0.938884907,54,63134.70454,0,1
0.741073781,-0.10226635,-0.791227177,-1.094433351,-2.543801301,-2.261199563,46,67340.08415,0,0
-0.876697086,-1.289382089,-0.942870835,0.396338162,0.756514603,-0.892557801,36,49076.97222,1,0
0.660459952,0.734811344,1.376933732,0.138405725,0.623974982,-1.104812788,65,69152.22797,0,0
-0.385493241,-1.094692044,-0.491016137,-0.168766085,-0.005416423,-1.199856774,61,77763.34605,0,0
-2.071377179,0.021626631,-1.162817003,1.517772784,0.815847774,0.005570194,36,70927.14505,1,1
1.167741926,-0.341520415,0.445210879,1.108495917,0.601701989,-1.44727941,68,45506.62124,0,1
-0.775044963,0.893077435,0.661180991,-0.327115343,-0.696685085,-0.943766282,37,53329.55303,0,0
-0.854493463,-1.058150992,0.667536095,0.804134642,-0.219786251,-0.098705515,70,73128.68229,0,1
-0.403065868,0.390869908,-0.271339165,1.564680258,-1.007785195,-1.603608788,32,83270.85309,0,0
0.272236725,-0.839797407,0.254534301,1.10134504,1.462238987,-0.486168102,41,40935.80755,0,1
-0.057270411,-0.511105212,-0.650233086,-0.136218585,0.977180479,0.638843023,58,64541.42836,0,0
0.548066925,-3.635200228,1.674801678,-1.590300901,-0.813917339,-1.225417512,70,71014.4818,0,1
-1.339489367,2.092098572,1.144205159,0.324647905,0.618875516,0.796298761,25,39052.43696,1,1
-0.74238637,0.550556933,1.082956829,0.668610335,0.278592335,-0.806173606,68,75283.22184,1,1
-0.115997072,-0.767347486,0.794115935,-0.7696169,-0.685952925,0.271649237,24,91722.83578,1,1
1.897887293,-1.124655688,0.519733306,0.022545267,0.124327009,-1.106203309,36,69957.4186,1,1
-0.113812538,-0.495648753,-1.244362484,-0.082887809,0.858384697,0.453359728,45,68485.34828,0,1
1.085222264,0.716879535,0.633301236,1.387710636,0.939919527,-0.303582784,29,48731.43798,0,0
0.038555169,-1.892084926,0.11426523,1.853816176,2.331983696,0.466196955,43,52644.80151,1,0
-0.483658637,-0.141584419,1.263364085,1.17521447,0.094289153,-0.545199679,52,50291.46136,0,1
-0.246724424,1.770641872,0.807419182,-0.085555683,-0.237788934,0.556062024,21,46733.69545,1,1
-0.168419712,-1.133946336,0.55038047,1.147716247,0.562140264,0.846899721,51,56367.85131,1,1
0.603645739,0.080385039,-1.684224798,0.648788206,-0.182962539,0.119725029,24,64637.94171,0,1
1.374611268,2.203309815,-0.089000537,-0.074899576,-0.58490444,-0.47954174,44,47136.06322,1,0
0.359680848,0.63215163,-0.55789226,2.092390289,-0.925783236,-0.233694778,20,54788.98071,0,1
1.187077679,0.12592382,0.252365924,-0.73801844,-3.427655528,-1.264264775,50,64784.10886,1,1
-0.964789738,0.506636455,-0.415548271,0.603908976,0.73483943,0.202918459,29,30000,0,0
-0.414630509,-0.400865335,-0.275945776,0.839560646,-1.637973732,0.622963275,36,74239.09741,0,0
-0.724302534,1.299631285,0.459033905,-0.28749884,-0.879853443,1.566269044,69,63195.63246,1,1
0.314444591,-0.399330023,-0.432138114,0.559138188,0.292443591,1.308310564,34,63400.57677,1,0
-0.358958385,-1.959181609,0.12159154,0.94549725,-0.321506795,-0.977320345,35,77345.33229,0,0
0.729772937,-0.391303104,-1.519411891,0.244634421,2.149297249,0.212107473,20,74072.1719,1,1
-0.931001712,-0.96673453,-0.832401477,0.472495563,-1.509239973,-0.13298635,30,69109.24798,0,1
0.043030973,-0.281194012,0.656043567,0.105431123,2.238721096,1.217996223,49,64194.60226,0,0
0.686857911,-0.259084059,-1.230192117,0.797520112,1.380584609,-0.709172661,22,59853.44726,1,0
-2.065302775,1.1974232,1.245725078,-0.228978669,0.909096385,0.878080971,42,51286.54144,0,1
2.121631307,0.695292727,0.974399355,-0.311797783,1.439312176,-0.987032366,39,45588.52659,0,0
-0.283151885,0.263265488,-0.268229935,0.020560154,0.404611999,-0.105981254,68,65809.80199,1,1
-2.025039914,-0.002945411,2.998734106,1.183668874,-1.703252997,-0.884511321,68,65911.53652,0,0
0.158093899,-1.058858009,1.243103578,-1.747363149,0.514851681,-1.965040773,25,62117.158,0,1
0.033443468,-2.181175238,-0.949279507,-0.909369317,-1.480675392,-0.904417229,69,39839.97337,0,1
-0.08189438,0.113160011,0.746174054,2.275770048,-0.528362279,-0.257512401,33,30000,0,1
0.991191113,0.794641204,0.065863066,0.275188417,-0.078082098,1.426169306,49,60833.95492,0,0
0.747444971,-0.108333883,-0.776712091,-0.407036047,-0.911062518,-1.087351708,22,32491.47275,1,0
0.297876191,-0.534854323,-1.069909143,0.794851835,0.94604447,-0.605729981,53,64768.65703,1,1
0.450155634,0.464502165,0.994893335,-0.785027,-0.213757577,-1.440349115,42,89229.62884,1,1
-0.104358449,-0.083332201,-0.597945465,-2.102788912,0.409308231,1.155279103,33,64968.37258,1,0
1.775490849,1.685744192,-0.101876355,0.354799948,-0.009413162,-0.460462071,41,53452.07112,0,1
-1.479196018,1.232728342,-0.921025928,-0.730783834,0.12617916,-0.338366669,31,44312.47489,0,0
0.139651674,0.959508057,-0.748157937,0.101389778,-0.886867284,-0.347734564,30,51349.78018,1,0
0.065024631,0.757734114,-0.1269292,0.32940079,-1.174041445,-1.950571107,40,59446.46806,0,0
0.813280406,-1.290167414,0.388182293,0.14211617,-0.15376867,-1.466605636,69,76093.74346,1,1
-0.843853877,0.662993702,-2.588359164,-1.708995412,-0.966114277,-0.951782213,42,62103.72476,0,0
-1.743672602,0.376325958,0.016919799,0.026280843,1.393555705,0.616016719,44,55624.23369,0,1
0.156823016,0.606424728,-0.746121013,0.444601941,-1.376435084,-2.49924446,25,70095.9565,0,0
0.281230492,0.492609487,1.402362653,-1.400059263,2.337002311,0.541306732,35,82140.71477,0,1
1.489599409,0.452762588,2.942752646,-1.519173559,0.302025128,0.343098437,54,64703.0745,1,1
-1.270362046,2.70086647,-0.359279035,-1.069024586,0.069326905,-1.814889615,23,62868.4328,0,0
1.154693767,-0.07618567,-1.722228561,0.746764739,-0.540266249,-0.316972108,23,35100.70192,1,0
2.367414364,0.936337381,0.11687697,-1.998315746,0.656921032,1.163860444,42,39573.17037,0,1
-0.377764888,-0.47098981,-0.205429329,0.829773851,-0.204275011,-1.070521305,37,37652.74553,1,1
-1.290942219,0.790641584,1.971350649,0.392055748,0.300474194,-0.551976694,40,57130.76766,0,0
-0.406974366,0.93931989,1.666589343,-0.257501951,0.841823167,2.761055967,70,47493.18921,1,0
0.014004967,0.364426077,0.865374971,-1.480629662,0.669309469,0.325897875,34,52559.30414,1,1
0.563787875,1.669246942,-0.586694081,-0.796467545,1.239861201,-0.257993951,49,47302.89725,0,0
-0.59139473,-0.884276036,0.677766566,0.781904052,0.537841074,-0.477058621,33,48627.36707,1,0
1.555198534,-0.487220942,0.265006359,1.256725202,-0.951267688,0.373059622,54,32188.05185,0,0
-1.114532315,0.212380086,0.241323203,-1.031362818,-2.079789336,0.684908283,37,63299.89634,1,1
-1.739205152,0.880806853,-1.558229849,1.14186351,0.211033729,-2.155761512,20,70502.3109,0,1
1.106710424,0.179429521,1.061795338,0.685875233,0.225463154,-2.233935558,18,61045.71991,1,1
-2.274621031,1.285759037,0.107808328,-0.006837198,1.925929815,-0.998047173,54,65473.20576,0,1
-0.204129769,-0.661689871,-0.100841348,-0.73785513,-0.115840617,-0.153843397,52,66976.19224,1,0
3.117681129,-1.140578489,-0.600156495,-0.581390021,0.374492303,0.075569264,33,66377.8181,1,1
-0.012043553,0.308128337,-0.7936165,1.822922616,0.777176406,-1.703458554,65,72697.66218,1,1
-1.120767651,-0.077180276,0.317258581,0.178441814,0.513408121,-0.204783654,21,77860.63656,0,0
-0.057397464,0.54286372,-1.749162802,1.329868342,0.843943792,-0.071838899,20,83675.03294,0,0
-0.050800789,-0.027402291,0.78949876,0.241557983,-0.818209308,-0.84984741,61,31113.60548,1,1
0.16064994,-0.340019791,-1.054105437,-0.452697926,-0.976366334,-0.534490354,34,67007.56952,1,1
0.662262982,-0.074937572,-2.058680686,0.58409018,-0.280560831,-0.72650085,61,41848.9423,1,1
-1.039111168,0.028848895,1.821895316,2.157835072,-2.17406639,0.464300306,59,81092.32335,1,0
1.687548055,-0.3049813,-0.858087049,-0.64411666,-0.03957959,0.006869524,51,60990.87033,0,0
0.245114284,-0.203132046,-0.722159162,0.913868903,-0.659583092,-1.142283669,59,64144.97904,1,1
0.726794046,-0.403593337,1.134538331,0.190508982,0.322213334,0.955046749,51,61758.28314,1,0
-0.6281494,0.85666512,1.854430901,-1.449518016,-0.265068789,-1.36729263,34,63155.64824,0,1
1.286382137,0.194021005,-1.533001579,-1.471873843,-1.015432813,-1.712908674,41,84710.32542,0,1
-0.257052409,2.256752472,-0.95616806,-0.451983747,1.310856863,-0.245150712,54,78594.60776,1,1
0.277552513,0.160704551,-0.882678822,0.347488584,0.082519104,-0.250219629,19,84067.00982,0,0
-0.933106077,-0.55085747,0.934801663,0.87837297,0.862858841,0.072787022,31,57079.55824,1,0
-0.996931626,2.670675375,1.639132128,-1.570913054,0.183514461,-1.181321009,27,30000,1,1
0.688205306,0.413626378,-1.080252562,0.65269752,0.463995131,0.893080465,32,71209.42304,0,1
-0.44360683,0.990124787,1.414745338,-0.118380256,-1.360995725,1.714737847,54,43252.84438,1,1
-0.853823088,0.592102983,-0.709034112,0.003313782,1.278103504,-0.021648382,63,54569.27818,1,0
-0.643183342,0.623011029,0.336122903,0.588611846,0.87868165,0.316010411,70,59068.08259,0,0
0.698953072,0.535654051,-1.271453699,1.74610532,-0.018840301,-2.115141006,35,60030.40082,1,0
-0.629037861,-1.102084565,-0.121930414,0.3036418,0.288002094,-0.434889948,62,69656.60408,1,0
-0.117654932,0.367529048,-0.111112714,-1.356736983,1.00260586,-0.695996495,30,46149.02358,1,1
0.01502775,-1.324861304,-0.315158306,-0.187092513,-0.372000204,-0.858104692,52,69397.92763,1,0
-1.917348886,-0.174362836,0.384970981,0.852134023,-1.583080415,-0.657500816,53,57145.92023,1,0
-1.471126405,-0.725617457,-1.007030865,0.885043397,-0.353263974,-0.557715106,54,99031.98595,1,1
0.336277889,0.357470186,-0.883723298,0.665824374,0.152389492,-1.454932965,27,36147.46466,1,1
-0.737029361,0.334126247,0.437872145,-0.510031155,-0.032439792,-0.487267964,46,61912.38415,0,0
1.056724911,0.481145891,1.342035331,-1.367825298,1.317566157,-1.041681433,51,69222.75613,0,0
0.966807104,0.287296573,-0.022813694,0.589507756,-0.959902389,0.788333353,41,53831.91322,0,0
0.719168666,-0.606825342,0.503670773,-1.21423686,-0.83329063,0.330329699,70,51392.79288,1,1
1.819771787,-0.261003489,0.75808001,0.693011016,-1.058046502,0.331700013,44,79868.25387,0,1
-0.083089328,0.920396161,0.830505189,0.693289359,0.428741095,0.976786387,26,72614.4738,1,1
0.648881926,1.067856677,-0.953524726,-0.467692937,-1.526033753,-0.826279129,26,48018.25427,0,1
-0.584400977,-1.146783099,-0.77701023,-0.11246329,0.743756398,0.269789024,27,37756.17239,1,0
2.452369913,-1.530927633,-0.690074594,0.198677867,-0.932884521,1.070219785,29,68826.52278,1,1
1.983633652,-0.726889383,1.928633801,-0.614814673,-0.77310236,-0.896161056,32,64841.65027,1,0
0.011880435,1.045207582,0.508192939,-1.381680034,1.77022526,-2.029171255,20,68564.03731,1,1
0.38658623,1.21488403,0.46331572,-0.039219277,1.232579729,-0.690692569,45,58031.94669,1,1
1.359297599,-0.92471188,0.366235753,0.06503261,0.119213318,0.956520827,26,72881.59545,1,1
-0.147139505,0.307309354,-1.320793404,1.361047364,-1.311038151,-0.95306971,56,84005.57421,1,1
-0.656624071,1.834431333,1.938190471,-0.781992072,2.014422457,-0.465099203,47,82956.83171,0,1
0.873989751,0.415311477,0.479187531,1.068496174,-0.196321552,-0.779695071,40,47716.23763,0,0
0.078439246,1.421503285,0.723160113,-1.147069479,0.247580976,-0.190353626,47,97494.02332,0,0
0.18299445,0.99872657,-1.765521289,-1.3446022,0.911933769,-1.048502293,33,69872.68957,1,1
-0.834271343,-0.910198706,0.779643852,-0.300862445,-1.962895207,-1.483124256,53,38602.51774,1,0
-1.717672148,-0.189981423,-0.35621245,-0.940909011,-0.640037332,-0.440846904,47,66559.84106,1,1
0.23614241,0.034754478,-1.322782975,-1.358615807,-0.06807474,-0.270408787,63,63442.61846,0,1
0.904962041,0.104133388,-0.953763666,1.944330316,0.130719712,1.116481354,54,58251.18575,0,1
-0.225806749,0.916328953,-1.264894208,-0.451647636,-1.303606842,0.066262175,33,56949.59942,1,0
1.43642952,0.408684762,-1.281784195,2.311303587,0.326337661,-1.171715089,45,70533.09149,0,1
-0.703916325,-2.936200944,0.06054782,-0.994733799,0.033740404,-0.731681919,37,70591.85666,0,1
-1.054704455,-1.312840273,-0.386762789,-1.708546567,1.667317649,0.713492802,31,51199.86709,0,0
-0.067230307,-2.187380915,0.334069362,1.291289719,1.000290789,-0.423816295,62,51962.33202,1,1
-0.082592575,0.175365241,1.675975871,-0.726656632,-0.269255787,-1.093106892,46,51374.96001,1,1
0.769968731,0.240487649,-0.129503714,0.138865798,-0.196069487,0.082329018,63,57378.26289,0,0
-0.774962824,0.283224959,-2.244889294,-1.355633485,1.01449677,-0.789888173,54,73296.68846,0,1
1.368094237,-0.958928268,-0.241958212,-0.038113142,0.283624289,0.478144826,36,78038.15203,1,0
1.966916963,0.674144005,1.193394436,-1.37162607,-1.371133411,0.362966143,34,56785.662,1,1
-0.039144027,0.716262496,-0.085939472,-0.073907398,2.093790835,-1.147380242,18,76483.93034,1,1
1.24971042,-1.255149067,1.529330654,-0.473932539,-0.989868693,1.784968556,46,66625.40857,0,0
-1.056497071,-1.466038201,0.452941593,0.23026773,2.478969543,-0.122948845,46,61995.66681,0,0
1.075221541,-0.000131686,-1.838269734,0.625691371,0.427954922,-2.663775197,41,88012.97382,1,1
1.047276409,1.791782274,0.10958225,0.241079999,-0.63544129,0.380554757,36,64936.72842,0,0
0.86343728,1.699742742,0.297001294,0.451046542,-2.367032684,-2.598272652,60,57969.10508,0,1
-0.015563089,0.56340436,1.080355801,-0.109032675,0.776764469,1.03983002,27,72535.51423,1,0
-2.954248941,-0.729996672,1.819636572,-0.435318702,-1.550310586,0.057062424,53,41537.2086,0,0
-0.641727144,0.886842659,0.90772552,0.470118683,0.357294558,-0.146181923,34,56709.77345,0,0
-0.625916018,-0.452424265,0.440479797,-0.111447816,1.933632703,-0.084649761,34,63926.48639,1,1
-0.978254938,-0.767507037,0.676188272,-0.073309782,-1.137678865,0.501744345,49,70790.57051,1,0
0.122243005,-2.143966832,-0.168006806,0.397744965,0.738055412,-0.565155145,33,63615.93492,1,1
-0.418963446,0.102382198,-1.462877837,-1.033215598,-0.811599615,-0.094891553,68,40664.21406,1,0
-0.82461201,-0.629867349,0.041496086,1.429611094,1.133149537,0.033373169,69,46725.69226,0,0
-1.058800148,0.09643038,0.365290327,-0.249356581,0.06582268,-2.965955758,63,53534.8974,1,1
-0.715512985,-2.299357696,-1.203657626,0.124181616,-0.019063398,0.509303058,40,63623.60939,0,1
1.121499212,0.169826673,1.326621639,-0.044519448,1.207288311,0.678102626,33,40546.13318,0,0
-0.661025055,-2.431121164,1.005411015,0.652743154,0.625292441,0.367430603,49,81136.40237,1,1
-0.514938706,1.087940253,-1.371761415,0.339181671,-0.804689039,0.29671707,19,64693.62067,0,1
-0.456697615,0.521891234,1.365832289,-0.049923947,1.787113422,1.511452172,57,64285.85209,1,1
0.338993514,-0.278664771,-0.308314369,1.448754116,-1.535826484,-0.1290539,23,57402.56043,0,1
0.456249489,0.56271986,-0.778491565,-3.203345609,0.275697096,-0.09463132,27,38350.15949,1,1
-3.044656539,-0.978074263,1.079277693,1.24267438,-0.822864691,-0.737149893,51,61362.1697,0,0
1.021635214,0.072375516,-0.051054413,0.920215405,-1.487224708,-1.99873792,47,71223.51035,0,1
1.436368034,0.794774038,1.899185321,-1.835816633,-1.13418101,0.372938148,68,57701.01561,1,1
-1.050186537,-3.094289249,-0.852888044,0.929283218,-0.04923952,-0.62918927,53,76037.37204,0,0
-0.972298245,-0.44722436,-1.731657524,1.058467446,0.349726764,-2.009652368,23,59065.12537,0,0
-0.450253388,-0.02264413,-0.280438281,0.56176349,1.058931831,-0.160188139,62,70440.39176,0,1
-0.756004019,-0.196293618,0.789222499,-1.559087444,1.476036509,-0.188140284,50,58339.09172,0,1
0.223926874,1.457101826,-0.927142986,0.682652718,0.277687147,-0.315167673,22,65690.20828,0,0
-1.946525286,-1.123901125,-1.330100383,1.007196856,-0.443193279,0.050668883,45,73021.88607,1,0
-1.117927608,-0.621159243,0.228927403,-0.572206495,1.039017307,-1.645966607,24,43793.78257,1,0
1.5391972,-1.915869026,-1.46368721,0.441133856,-0.614641484,0.907149318,63,69709.75451,1,1
-0.928219967,1.510286651,0.3066927,-0.353207896,-1.595614529,0.348532087,36,75814.65449,0,0
1.243428278,-0.246290143,-0.340623051,0.885376991,0.939011512,1.157770606,60,92855.81644,0,0
0.355338196,-0.438408888,0.494466488,-0.313506685,1.323911852,-0.639601851,67,61067.27718,0,1
-1.809267715,-0.052482682,-1.383828804,-0.580117463,-0.821811648,0.345187265,67,30000,0,1
0.635329195,0.636235828,1.298163151,-0.039296543,1.960823163,-1.953650604,43,33287.44952,0,1
-0.117667302,0.347363404,-0.183034485,-1.34165212,0.583052319,-0.918415109,70,46692.6555,0,1
-0.455467056,2.647884214,0.763522668,-0.138581983,0.433961978,-1.457145826,55,79236.33149,1,0
0.244957093,0.453935888,0.959875461,0.362092737,-0.516686099,0.174878759,55,92951.2968,0,1
0.474633486,-0.465245429,-1.157444952,0.869959269,1.017288768,-1.18943563,56,53903.20172,1,0
0.707591822,-0.561356738,0.88225751,0.248956739,-1.524378127,-0.522357731,34,60798.7761,1,0
1.178252848,-0.392758952,-1.425066775,-1.432601637,-0.339790446,-0.088956104,36,30000,1,1
0.408135913,-1.501836925,-1.370137743,1.352271138,-0.733163236,-0.492448647,44,69770.5156,1,0
-1.375634089,0.039864207,1.963999236,1.436158506,-1.30893275,-1.401155093,54,62016.21876,1,0
-0.473645458,0.783468106,1.111853369,0.112567255,0.862987455,1.561107296,24,56249.53672,0,0
2.943048335,-0.613363601,2.073664175,-0.751941621,0.341138477,0.030394736,55,45546.46725,0,1
0.72449106,-0.807380056,-0.370214031,-0.531617936,0.804691505,1.570100643,34,54713.92889,0,1
2.369287301,1.515945146,0.102428664,-0.203522398,-0.278300009,-1.116804126,46,39821.47585,0,0
1.395434082,-1.426483157,0.527354747,0.278668456,0.985079552,-0.460696382,68,47088.61148,1,1
0.241802072,-2.067818376,-0.012195567,-0.304485282,0.077141756,0.002081275,61,40940.63069,1,1
0.30140707,-1.152901944,-0.746136021,-0.858387534,-0.472146334,1.447490915,56,44745.93855,0,1
-0.03658004,-1.540432717,-0.896084698,1.023009884,-0.638888766,1.563032962,61,42672.81959,1,0
-1.737804616,0.386226064,0.213862233,0.257285888,-1.982903767,-0.519067557,34,68655.99216,0,1
0.018047252,-0.3607045,-1.066859842,-1.052372022,1.164371303,-0.814558347,32,42752.58025,1,0
1.210674553,-0.219687045,-1.094863492,0.291310456,1.050905169,-0.090364798,33,59215.44748,0,1
-0.599639995,1.152934177,0.393572011,0.161870829,2.927368898,1.115401989,50,43620.66898,0,1
0.411952999,-0.691334861,-0.095159351,-0.718052912,-0.334619705,0.050874001,28,44208.91879,0,0
0.851591046,0.775089412,0.937206271,1.19504976,-0.666793602,0.233295873,50,43618.30072,1,0
-0.909680439,1.511322799,-0.42491141,0.134889206,-1.701435223,1.106127871,49,74664.20393,0,1
-0.451302864,-0.455662498,-0.58125595,-0.216621642,0.959966344,0.944819199,62,57261.83909,1,0
-1.01791149,0.737022856,0.423553396,-0.083481748,0.729826435,0.983475753,45,48792.43838,0,0
-0.822165607,-0.241817913,-0.812024875,0.443916796,1.551779919,0.622042269,37,44938.25786,0,0
-1.287605284,0.924098129,-0.658127726,-0.072183415,-0.916642019,1.35209666,66,39835.00172,0,1
-0.900448461,-1.571489188,-0.61845439,-0.080543673,0.716365564,-1.215049021,46,49224.60036,1,1
1.419455681,-1.645512245,-0.209702106,1.065965068,-0.522040576,2.249262666,33,38451.51161,0,1
-0.915477029,-0.391267715,1.772436543,-1.418404327,1.343716194,1.060359166,47,53480.67377,0,1
0.126459219,-0.888924809,-1.376788825,-1.25155314,0.536215121,-0.160308349,34,49382.70079,0,0
-0.502868754,-0.516709109,1.295507582,0.77696336,-1.555694031,1.109714739,31,48311.63547,1,1
1.178865937,-0.219526582,0.737786756,2.415849787,-0.13119704,-0.347446404,41,78573.39637,0,0
1.311162297,0.720013532,1.566978847,0.87649545,-1.948114202,0.474825528,54,56339.6014,0,1
0.864069982,-0.407660579,3.136686048,1.864208796,-1.163281712,0.591974872,30,57268.74103,1,1
0.306134553,-0.823861311,1.431453021,-0.434371614,-1.102797485,0.862151638,35,79229.70692,1,1
-0.231059537,-0.351513377,0.925666948,-0.637081178,-0.640941449,-0.459674644,24,39618.89494,1,1
-1.191874704,-0.76914528,-1.312496352,0.456533173,-0.262685784,0.883383434,66,52694.44476,1,0
1.943528881,-0.934005502,-1.186222262,0.95364896,0.164583095,-0.441901844,28,36761.51185,0,1
-0.759673018,-1.613016814,0.360190184,-1.311550901,0.114545701,0.730973808,34,61054.10755,0,1
0.663646347,0.069478116,-1.698076148,-0.213218373,-0.023859829,-0.017878892,36,69107.15787,0,0
1.059565573,-0.568705707,0.615439251,-0.027017168,0.332385428,-1.823959785,23,30000,1,0
-0.555280497,0.966278739,-2.134921891,-0.678870216,-1.249794641,-0.736759387,69,72899.87033,0,1
1.038012527,-1.447396092,1.152233386,-0.562221827,0.073178715,0.848122599,35,64665.57718,0,0
0.764213203,-0.542083555,-0.321700312,0.843069301,1.434459027,-0.303650437,70,60547.27447,0,0
1.727963835,1.812907221,0.126596945,0.469684481,-0.165802827,1.213547846,27,41372.30535,1,0
-0.469346466,-0.939609517,-0.748372296,0.798451422,0.494672766,-1.213292678,18,71579.15298,0,1
-1.285864017,-0.236533252,-1.89852641,0.33687469,0.401624712,0.696137678,18,85243.38055,0,1
-0.505489755,-1.215843983,1.234695279,-0.873256677,0.862268431,-0.047532295,64,53887.66808,0,0
0.208853543,-1.348427513,1.335701395,0.423103052,0.2871389,-0.246785223,55,55238.21667,0,0
0.058212727,1.547310983,-0.351487765,-0.952092902,0.845365229,-1.17830567,44,60341.19788,1,0
-0.393437896,0.171039493,0.661929565,-0.311753339,0.507291379,0.210020344,42,54008.14381,1,1
-1.909197459,0.133678838,-0.39089142,-1.036248655,0.657285009,-1.00889685,43,57327.53549,0,0
0.470482996,-1.696316235,0.288489844,-0.610887792,0.442127642,-0.636060903,56,75427.43971,1,0
1.972344479,0.358741388,0.759139199,0.090478847,-1.006789348,-0.140667878,27,59005.31565,1,1
0.464251238,1.157421946,0.555084925,-0.457490604,-1.170764347,-0.365725274,53,64350.7374,1,1
0.609135519,1.149477061,1.340969613,-0.88316241,-0.353227459,1.027789818,63,90497.78875,1,0
0.572445306,0.66833323,0.518880676,1.137797472,1.551640528,-2.590153249,25,81964.60347,1,0
0.39704667,-1.129485578,0.028084617,-0.119591717,-0.171653044,-0.178375522,50,44299.78258,1,0
0.931665967,0.313123417,-0.761418968,-0.527928046,0.309559485,-0.362778605,46,86164.72875,0,1
0.395373681,0.66758496,-0.47850538,-1.082399111,-1.967306323,-0.008511019,70,80653.47395,0,0
-0.31267717,-1.794443585,0.810051397,-1.871994885,0.193741901,-0.544274771,51,82415.80503,0,0
-0.79598891,-1.121279591,-1.501826519,-0.222047014,0.085908018,1.023881135,44,50617.5531,1,1
-0.248973655,0.888157322,1.105807303,-1.378218704,-2.673318958,-0.257712832,68,63173.31661,1,0
0.314129496,0.876045777,-0.281143726,0.712036459,0.290888942,0.132946268,59,54125.6719,0,0
-0.316082961,-1.548583034,-0.818605904,0.029491195,-1.650980557,0.892255812,21,61815.46545,1,0
0.314338683,0.795021459,-1.098724177,1.558360779,-0.725349165,0.052002538,66,86276.66083,0,1
0.439150134,0.095303399,0.674367786,0.223074273,0.994472013,-1.269209526,65,62100.87321,1,1
0.833179431,0.781008955,-0.014641354,-0.726657797,0.157451527,-0.426584331,22,34201.14041,1,1
1.282794969,-0.634521323,1.588765223,-1.880007602,-0.448450091,-0.124117111,59,54403.35652,0,1
0.078007418,0.645183496,-1.263075651,0.806543864,-0.534075199,-1.646562184,28,50182.02871,0,0
-1.307776565,0.843828774,-0.578163623,-1.298948261,-0.417992234,-0.711809282,18,86847.26368,0,1
-0.345104097,-0.351334935,-0.092221158,-0.408144523,0.160888954,-0.06826672,30,47803.28611,1,1
0.044062567,0.017752546,-0.751856744,1.674088247,-1.200642857,2.01220394,37,53892.22833,1,1
-1.835768756,-0.64852163,0.006118664,0.610983349,1.124417468,0.37110196,51,54411.21972,1,1
1.38866452,1.651638949,0.319500766,0.389865455,-1.147563679,0.157739073,50,83994.09776,1,0
0.142377913,-0.120271939,0.484484239,0.944322443,-1.727057533,1.690627969,31,74405.6847,0,0
0.381352835,-0.922024325,1.506167131,0.907049819,0.991153132,0.587848091,70,68519.65868,1,1
1.365526463,-0.715825914,-1.303472429,1.580946432,-0.436921324,0.728894936,29,63493.42251,1,1
-0.63014283,0.126770601,0.33776032,-0.60217935,0.070459591,-0.406895782,28,63226.21584,1,0
0.574041931,0.753331172,-0.64694282,-0.376684153,0.654631017,-1.265474493,18,61142.22479,1,1
-0.109864123,-1.335826845,0.43001338,-0.922384629,-0.719436948,0.26164755,63,90829.46486,0,1
-0.184086867,1.847660003,0.431332186,-0.032697636,0.137145752,1.822199071,25,40993.99762,1,1
-0.772192388,0.308675294,-0.986919383,-0.132232729,0.648214982,1.513032038,35,30000,1,0
1.665603214,0.466455973,-0.901152343,-1.754952237,1.643234886,0.657840799,22,66645.31499,1,1
-0.37550004,-0.097189544,0.511643063,-0.653900757,-0.511058892,-0.686604518,48,81040.89058,0,1
0.699464247,0.019258967,0.023404511,1.439116534,-0.4629472,-1.550634014,20,62783.29857,0,0
-1.875007387,-0.148283138,-0.219621841,0.244208595,0.563326619,-0.822247282,39,30298.73466,1,1
1.17998853,1.017795969,0.65798683,0.715398618,0.208592964,0.2177116,23,71187.2759,1,1
1.052211156,-0.007928587,0.731718476,-0.120544668,-0.137035759,-0.471011175,41,44026.72649,0,1
0.09743411,0.767050218,-0.529630113,-1.887093524,1.592689983,1.002055685,44,40745.5963,0,1
-0.226942466,-0.433847523,-0.852053138,-0.128635922,-1.682437269,-1.489188073,38,45333.39096,1,1
0.400000006,0.195640528,-1.261918977,1.041696558,-1.42174545,-0.128758564,54,35870.17428,1,0
2.288790661,-0.803920344,0.03345412,-1.185683791,-1.67088194,-0.766688553,70,63050.06786,0,0
-1.763236699,1.216528233,-1.423160277,0.747038927,1.201679961,0.99128756,51,50282.42167,0,0
0.782027388,-0.833747241,0.099428458,-1.701831669,0.514723321,0.542610973,52,40042.58585,0,1
-0.911617302,-0.324979444,1.216836791,0.020191238,-1.370745084,-0.83100556,53,95698.17906,1,1
-0.019918396,-0.314960412,-0.35345977,0.54451845,-0.123033391,0.854209721,43,52029.25383,0,0
-0.247880119,-0.353951388,-0.536204281,-0.312112524,-0.027675593,-1.622763452,18,60775.80205,0,1
-0.428318258,0.722495769,1.997844774,2.47247154,-2.209219619,-1.786494963,65,83310.44955,1,1
-0.010465129,-0.316657765,1.509701819,-0.493190437,0.188277128,-0.885170162,36,70162.39333,1,0
-1.134171145,1.393924531,-0.764597871,-0.578416238,-1.177546062,-1.982901045,43,88626.83672,1,0
1.029180436,-0.818475086,0.139013181,0.204492042,0.706668547,-0.1125634,40,49558.29978,1,1
-1.794143511,0.16937747,0.328678242,-0.754973136,-1.146941246,-0.080788051,57,75711.42445,0,0
0.539764513,-0.775785989,0.203660423,-1.441337594,0.219159821,-0.405503691,51,67358.07489,0,0
-0.326535853,0.420972783,1.814673448,-1.097669775,1.294570233,0.538915694,44,74925.55853,0,0
-1.170924894,-0.015949727,0.087229892,0.75798676,0.974560081,-0.723391719,20,72665.59777,0,0
0.202383371,-0.155062045,0.237234876,-0.304939559,0.507164884,-1.297635998,63,48420.54048,0,0
-1.556951087,1.188474967,0.688662295,1.702020951,-0.081335576,-0.797231764,56,102351.4035,1,0
0.039713822,-0.654341871,1.189919716,-0.441236245,-1.500104237,-1.220376009,30,30000,0,0
-1.422876908,0.586515158,0.936899194,0.710510355,-0.43909584,-0.611756359,56,47036.45781,0,1
0.461272084,-0.768959913,0.538084786,0.510841979,-0.226006169,0.59601733,33,70216.95746,0,1
-0.924357334,0.1126852,-1.558699805,-0.456150807,-0.297822343,-1.75641823,20,64359.71567,0,0
-0.450994017,-1.195575328,-0.488137724,-0.878808929,-1.533522242,-0.339689012,43,62008.6819,0,0
0.293949388,-0.662517146,0.819421207,-1.731803699,0.434434745,0.957618231,22,70733.41562,0,1
-0.772542112,-0.082143046,0.250398697,0.55312078,-1.180915672,1.071710471,20,47358.36722,1,1
-0.057964,1.814649167,0.826128634,1.198259733,1.546108944,-0.682025681,45,72598.70915,1,1
-1.513830501,0.10080387,1.887166062,-1.589930672,0.148021185,2.213223887,64,58062.11274,0,0
0.630875604,1.654668316,-1.176963205,-0.370444935,0.979262628,-1.051608618,69,81014.38917,1,0
1.764913806,0.220323292,1.137910175,-0.66691833,0.95859314,-0.228470146,60,55430.68013,0,1
2.792208868,-0.387084244,-0.330363462,0.55136915,2.077931642,-1.170287706,47,67017.09043,1,0
0.091168147,1.539356523,0.935349819,-0.328652688,0.181881005,0.43308589,40,69561.97066,0,1
0.788204141,0.437017622,-0.041220743,1.32298057,-0.39006125,2.801220725,35,73577.69476,1,1
-1.780625673,-0.642721594,2.127004539,-0.384393191,-0.370785191,1.84374103,22,60560.58681,0,0
1.502734326,0.470571459,0.130086936,-1.23638346,1.496102641,0.846393768,39,55702.22535,0,0
0.776228505,-0.29259475,-0.640514224,-0.468805325,-1.320235416,-0.607490435,62,48374.85628,0,1
-0.483933445,-1.989034196,0.419874623,-0.3586146,-0.878124578,-0.167932979,18,67292.47856,0,1
1.2371808,0.935973159,0.323942781,0.526099945,0.236991761,1.116046386,44,31540.2448,1,0
-0.254476077,1.094934056,1.138097094,-0.373519055,-0.152797454,0.749506269,31,64633.65767,1,0
-0.458025183,1.83794203,0.448052799,0.440096513,0.967644458,0.08291739,58,65749.418,1,1
0.475334925,0.422143692,2.475064639,-0.790484272,-1.338693237,0.141912409,26,88110.24667,1,1
-1.0633545,-0.248723424,-0.111404135,-0.29467668,-0.066946008,1.05570082,21,50090.1473,1,0
1.021624764,0.834989427,-0.09961995,-0.785034277,-0.187011743,1.303380272,70,62815.77311,1,0
-1.055989812,0.849820365,-0.60388605,-0.84664159,-1.072243971,-1.500737882,42,62385.94203,1,0
-1.05005479,1.638281183,0.085668338,1.274833557,0.878660121,0.22702972,48,43409.22651,0,1
-0.909689788,-0.044627623,0.231059121,-0.715129571,-0.09178429,0.578173229,49,59917.39095,1,1
0.759500038,-0.165578973,0.28121053,-0.347604782,-0.134074611,-0.532156223,19,39876.66092,0,1
-0.616775362,-0.71554442,0.067187675,1.04460446,-0.824703457,1.279020726,65,74444.46954,0,1
-1.347995784,0.537462087,-0.609821217,0.750001396,-0.369865583,-0.288520736,54,68860.95257,1,0
-0.60568,-1.548261668,-0.881665128,1.641207217,-1.021627589,1.306790082,69,66473.54194,1,1
-0.032042371,0.776087373,-0.375173725,0.482801865,0.863766385,-0.368342351,67,50445.58775,1,0
-1.180972484,0.587835122,1.14153766,-0.60039939,1.032815997,0.259374671,19,81281.47076,0,0
-1.151681109,0.585070202,1.356799685,2.057144649,1.680061525,0.237261783,31,43727.97733,0,0
2.111296334,0.138225237,-0.076964536,0.582080745,0.434053377,1.662626701,32,60750.29334,0,0
-0.860565404,1.532978248,-0.941582966,-0.154695339,-0.339218593,0.740997033,42,42462.11596,0,0
-0.323042369,0.871993465,-0.08117361,0.05746555,-0.468963223,-0.457645301,27,57251.86911,0,0
-0.367237001,-0.607077191,2.091665435,0.179281579,0.490648044,-0.272254613,45,79065.82739,1,0
-0.421356808,-0.58917905,0.998967835,-0.236811875,0.200863555,-0.27616924,65,67086.11815,1,0
0.62134674,-0.879673813,0.550742692,-1.375855602,-0.174208146,0.01849742,25,46184.64101,0,1
0.94814295,0.551283333,0.962684917,1.626721052,-0.262078577,-0.944551089,70,52168.90631,0,1
-0.305954432,-1.000138921,1.540566611,-0.021834076,1.171190421,-0.081331569,31,54307.83695,1,0
-1.236478287,1.083392144,-1.152866202,0.183496513,-0.431847344,1.368074735,37,47485.50422,1,0
1.274440228,1.322973308,-0.392039869,2.078144059,1.346675927,1.323650064,59,64088.8321,1,1
-0.095341091,-0.879016269,-0.528721633,-0.683285263,0.182136194,-1.564850638,30,92757.31843,1,1
1.730321815,-0.185548535,0.587114397,0.655485325,-0.367880817,-1.723195231,36,51608.55617,0,1
-2.245585898,0.016620981,0.160110891,-0.792298684,-0.785269245,-0.593131556,51,88947.24461,0,0
0.195403221,0.88398316,0.756311291,0.321021163,-0.15452473,-1.779104678,43,59945.75812,1,1
1.918606334,1.609343376,-0.50688735,0.201505746,0.503365671,-1.263387539,54,64832.53476,1,0
-0.353264135,-1.685492393,1.371952051,0.790601097,-0.377012958,0.351208915,63,63912.95629,0,1
-0.225493423,-0.318180718,-0.069333708,1.208168718,0.850335553,-0.037883028,41,34554.71103,1,0
0.295511692,-0.266016696,0.694545552,-0.579521091,-0.426958836,-1.720938401,70,66820.38797,0,0
-0.558795819,-1.400669855,1.195406499,1.416674841,-0.124784582,1.170032968,38,30000,0,0
-0.312071932,-0.485110019,1.115124315,1.487480939,-1.286694402,-0.421960989,41,63138.33257,1,1
-0.337815094,0.427768944,0.360828408,-0.249985385,0.559476837,-0.5182778,25,62441.81166,0,0
-0.627420734,-0.278678903,0.819346906,-0.006582581,-0.267175694,1.016555816,50,36976.27643,1,1
1.22885655,-1.544621169,1.741660664,-0.49435012,1.578870507,0.410879281,22,60971.56366,1,1
0.461078032,2.874082698,0.513601234,-0.305441214,0.704810017,-0.042420752,42,55606.76709,1,1
0.250628232,0.266177865,-0.729646402,-1.203475655,0.084499774,-0.494587988,60,57694.69219,0,0
0.808571007,0.11169413,0.583050731,0.777535772,1.225176021,0.569620786,57,57846.42976,1,0
-0.264355833,-1.097926363,-0.037281218,-2.050293893,0.405108849,-0.432812536,34,51164.12888,1,1
-0.774203818,0.260706162,-2.348001134,-0.697094851,1.008260121,-0.22836774,42,61135.49359,0,0
-0.602624305,-0.164213784,0.461998024,-0.046162051,-0.8623715,-1.176495726,59,72984.94658,0,1
0.001783041,-1.888523413,0.11665065,1.29979733,0.461188858,1.142560334,63,56415.70073,0,0
-1.059211708,-1.07025544,1.156417771,-0.545244569,0.502721861,1.552595748,50,59246.22242,0,1
-0.500261017,0.794926018,-0.750093657,0.427851671,-1.544741065,0.211893221,22,69737.40061,0,1
-0.516116642,1.94401765,-1.505709662,-0.080984114,1.506625464,-0.486148308,32,94043.89368,0,0
2.12455623,0.367165405,0.168680859,0.9451189,-1.160332258,0.935449744,59,57107.91905,1,0
-2.77381494,1.103083278,0.380177388,0.375585749,-1.298962365,0.588650926,32,34465.89706,1,0
-0.179619721,-0.155755309,0.093832945,0.830209388,-2.848685531,-0.443769563,18,46549.68697,0,0
1.725693793,-0.086546161,0.020708684,-0.550634915,0.47385594,1.151143372,60,69036.65495,1,1
0.121844464,1.090979028,-1.068726954,-1.014024894,-1.643065427,-0.424456856,35,82689.3641,0,1
0.753417473,1.662777289,-0.138917137,0.367128319,-0.516919486,-1.28612734,23,45814.42036,0,1
0.099826315,1.301096693,-0.34840583,-0.487728019,0.837868387,-0.065791908,51,59348.70266,0,0
-0.667333381,-1.066363075,1.072708741,0.030323872,0.19205291,1.08434403,19,60289.29134,1,1
-2.241915935,-0.06695889,0.379325364,0.31727494,-0.623697261,0.10276837,34,48467.68363,1,0
0.205455687,0.277524684,-0.277997122,1.241907531,-1.590679511,-1.172634679,22,83028.50011,1,1
-0.775606605,-0.259677964,1.723884876,0.786570643,-0.107612885,-0.403124402,37,77461.13433,0,1
-0.800335406,0.387857543,-0.268907676,-0.681009673,0.855275264,1.196315015,31,65162.30009,0,0
-0.498987256,0.820576812,0.557786724,-1.145022238,0.700836447,0.273824501,29,53701.43298,0,1
1.744861407,1.002809752,-0.166921334,1.707381105,1.786780836,-0.018879733,21,74343.40761,1,0
2.404837542,1.685870152,1.631152515,-1.582659672,-0.653458573,-0.130413117,58,67709.03993,1,0
0.217207938,-0.329441105,0.086859776,-0.452502848,-1.317033694,1.07987719,67,53444.37828,1,1
-0.464767224,-1.364033165,0.116414228,0.64524482,0.309950979,1.01466769,27,74572.02378,1,1
-1.177226417,0.358234594,-0.139870359,1.638761247,0.211421229,-1.401178387,56,65538.49272,1,0
0.468540162,1.883811031,0.196511926,-0.189661525,-0.004859613,0.939928156,47,35089.61938,1,0
1.7829056,-0.47697586,1.199537839,0.027342994,-0.74639801,0.516422804,54,45116.60569,1,0
-0.247340387,0.686846977,0.845843845,-0.875027422,-2.6533791,1.592985833,64,40059.15598,1,1
-2.378996041,0.695745792,0.028076181,0.126616112,-1.006613262,-0.069131497,43,75468.00763,0,0
0.670049672,0.191442047,1.701325106,-1.150153979,0.557068466,1.135232718,62,49467.77191,1,0
0.985399711,0.006924721,0.872985641,-0.750284953,0.283963598,0.468932977,63,69407.57876,1,0
-1.58584564,-0.923429206,-0.438181119,0.763890554,0.965264001,-1.113897648,21,92578.09217,1,1
0.176484184,-2.281662072,-1.380348354,-0.433576817,0.345181909,1.020597661,23,71912.02036,1,1
0.451226016,-1.111850707,-0.415013802,0.917248922,0.736017243,0.809421276,32,53715.46334,1,1
-0.073107302,-0.390304149,0.413348779,-0.153507127,0.764732021,-0.649926415,62,48844.85568,0,1
-0.790770919,1.097422687,0.597200371,-1.368840093,0.02047517,0.289511907,62,55404.78797,1,0
1.015937224,-0.103128062,1.359137683,1.168365276,0.027498754,2.107754091,35,44583.57467,0,1
-0.403379746,-0.519025719,-1.094545975,-1.315326085,-2.908862432,-0.483038868,34,42832.76976,0,0
-1.485186163,-0.890985442,-0.439155334,-0.601787509,-0.656584083,0.726168581,50,47925.52977,0,0
-2.049474486,0.656805829,-1.17764267,-0.199699082,-0.613402726,-1.09487997,53,67983.14701,0,0
1.26084952,1.358357166,-1.338799212,1.005828621,-0.108803728,-0.570308855,60,52187.12947,1,1
0.616663976,1.063435722,-0.627818746,-0.526484823,-0.930338835,0.810563391,42,56620.74169,0,0
0.087973547,0.6061497,0.366612244,-0.926717162,0.937564014,0.2566812,68,67037.79768,1,1
-0.440274637,-1.475612746,0.771394435,0.162673072,-0.881509965,-0.201237577,45,70908.56152,0,0
-0.528998414,-0.351674243,-0.948354107,-0.213965723,1.102432642,1.702496561,30,31060.34216,1,1
-1.075736648,1.947304229,-0.809275919,-0.467390599,-0.961155035,-0.921812584,49,34150.00907,0,0
-0.431455645,1.121950492,-1.779823175,0.216485356,-0.603779796,-0.145979217,65,54209.52056,1,1
-2.120087215,-1.537503218,0.214352208,-1.203596215,-0.679812353,0.491772516,36,43277.76766,1,0
-0.736063653,-0.055590523,-0.732138902,-1.721840541,-0.496234009,-0.871507592,48,72818.03743,0,0
-0.310937516,0.363098433,1.663031378,2.138730107,1.178637946,0.509230233,32,53042.26776,1,1
0.609880047,-0.762158463,0.4098088,0.104186093,-0.327084628,1.074675448,61,86964.18425,0,1
-0.039926463,-2.309204021,-0.171445743,0.174180882,-0.301655796,-0.114602039,40,52681.2393,1,0
0.794923114,0.098824045,-0.641112428,-0.781989381,-0.741796628,-0.685259468,57,64629.34053,1,0
1.349135105,-0.787758258,-1.49467022,0.897698843,-0.259793474,-0.31244014,44,49994.09681,0,0
1.058170094,-0.783841739,-1.367871777,-0.53348526,0.216448509,-2.67840811,18,67313.95505,1,0
0.470509847,-0.35468036,-0.622140955,-2.786147688,-0.215160873,1.006123664,39,67644.01072,1,0
0.011862679,-0.133675915,-0.698902882,-0.567033341,-0.150291679,0.264590332,25,73316.25342,1,1
-0.980788008,-0.009082794,-0.999171843,-0.281413078,1.016030394,-0.176426314,22,57985.78844,1,0
0.739944051,-0.883989899,0.377094727,-0.170083604,0.273649453,-1.666790246,41,79055.20464,1,1
1.679747382,-0.22020953,0.514265592,-0.199011663,-1.150884821,1.109039325,50,64494.46526,0,1
0.34210604,-1.75742337,-0.458632397,-0.644914617,-0.085265241,-0.43759668,29,50352.72219,1,0
1.917259148,0.311039065,1.935152268,-0.74152106,-0.538350181,0.565243212,21,50459.88912,0,1
-1.525571708,-2.856275413,-1.746729367,-0.297978667,0.521025958,-0.011393249,32,70932.33844,1,1
-1.154163385,-0.28949008,0.058163899,-1.645476087,0.102939807,-1.614898418,26,78963.89826,1,0
0.855201508,0.919186154,-0.218580204,-1.957596294,1.13031081,1.268543105,59,43169.063,1,0
0.26429021,-1.059340687,-0.550700882,0.09805549,-0.740041283,1.078583578,70,71264.7148,0,0
1.313782177,0.716430204,-0.697662846,0.114734874,-0.192420162,0.764033572,30,37704.66008,0,0
-0.015471641,1.155732712,-0.006959883,0.87940058,-1.064114154,0.314847192,27,50737.75093,0,1
-0.867975423,-3.307899952,-0.225527827,-0.25556531,-0.041802933,-1.197478753,59,67346.00562,1,0
-0.213593242,-0.151362904,-0.391876527,-1.193627213,-1.536581017,0.868964085,31,47287.30955,0,0
-1.532683971,-2.875773428,-1.298719635,-1.939646815,0.321484566,2.204998844,68,81986.30996,0,1
-1.128590673,-0.118208446,-1.618111818,-0.890196076,-0.055459585,0.11613578,68,69128.69899,0,0
0.972443998,-0.007171211,-0.288516475,0.422519744,0.155184738,0.135688305,18,42277.15393,1,0
0.872787414,-2.482543986,-0.402096104,1.441448903,0.788134644,-1.101839177,44,69831.98442,1,0
0.363004285,1.924838362,-0.19703686,0.054085413,0.224802489,-2.070399891,39,40194.47375,0,0
-1.721077521,0.286015808,-0.108621798,-1.21358989,-1.276777536,-0.359115596,39,60055.49476,1,0
-0.358403576,-0.849023432,-0.522502342,-0.879920603,-0.555872776,1.481668169,43,73159.79549,0,1
-1.224999889,1.465379427,-0.212407424,-0.848705924,-0.080181571,1.343758714,41,70639.47752,0,0
1.176533254,-1.795613221,-0.853528308,-0.405988602,-0.32809947,-0.065408278,47,58704.7279,1,1
-0.583722134,-1.229171034,1.523945809,1.120895425,-0.205958039,0.430129294,57,54835.65278,0,1
-1.085747711,-2.299455524,-0.799740148,1.19890945,1.621452508,-1.218361756,34,42632.99749,0,1
0.029796165,1.801045197,-0.370980709,-0.172255895,0.100355446,0.111226258,40,62738.89875,0,1
-0.640154457,0.332346371,-0.723788789,0.18307011,0.382259617,-0.524431143,27,72067.32156,0,0
1.48374391,0.65940179,-0.74058154,-0.797557893,-2.008801496,0.054671154,50,90970.89517,1,1
-0.734810898,0.301001234,0.024641567,-1.709908444,0.746004652,-0.27465344,25,53158.01046,1,1
-1.399228259,0.573767761,-0.10223421,1.788338353,2.85196188,-0.29250614,22,72699.96544,0,1
-2.152913516,0.078077714,-0.45946039,-2.322487051,1.345654136,0.996398938,51,71467.14109,1,0
-0.030786502,0.270921343,-0.283475992,-1.835840318,-0.440190184,1.963922748,68,52852.63024,0,0
-0.561930114,0.107603436,-0.719813551,1.796405855,2.281057424,-0.169455655,44,70814.49045,1,0
-1.428904607,-0.608591806,0.401725638,0.016615405,0.027496367,1.418630386,48,47754.68716,1,0
1.189226461,-0.046624765,2.055192743,-1.125914907,0.306546277,-1.241564302,42,63855.31482,0,1
0.667245147,0.273594573,-0.874841277,0.682703631,-0.267436216,-0.092238603,19,56830.59757,0,1
-0.028217879,0.11054912,0.393963224,0.773053306,-0.293318868,-1.296193632,37,66653.24654,1,0
1.364326244,-1.477772108,0.044948957,-1.332685645,-2.248095193,-0.312363842,60,67847.52455,0,1
0.662536033,-1.344986669,0.668629758,-0.532845376,0.787494032,0.715698856,20,52069.16798,0,0
-0.822855902,1.082841434,0.69679296,0.876245864,-0.296998207,1.118634125,58,59854.90018,1,0
-1.039220164,-0.306994046,0.205412697,-0.816905746,-0.188060688,-0.778525461,57,58070.50715,1,0
0.817981544,0.584725347,-0.039820576,0.282163739,0.273337644,0.458066521,55,43658.08414,0,0
0.396366956,-1.09211991,-0.4344502,1.424812186,-0.414578234,1.229994348,63,54453.2896,1,0
0.169747768,-1.473145877,-0.764960353,-2.392484832,0.263826777,1.087727598,57,51314.26688,0,0
-0.846497803,-0.843596613,-0.096845661,-0.341248319,1.203060509,0.258957019,32,43093.41243,1,1
0.607947567,-0.222565071,-1.284588831,0.261635999,0.404813354,-0.589184237,44,47942.64261,0,0
-0.755498883,-0.665140299,-0.59385599,-1.792049386,-0.153497137,-0.688835696,41,56126.14707,1,0
-0.101986655,1.293933523,1.106853624,-0.52961139,-0.123495104,-0.842649986,52,60825.36163,0,1
1.446944146,0.179523302,0.098512221,1.044498644,0.200593579,-0.031611456,40,41344.86797,1,1
-0.660834236,1.848938619,0.892664419,-0.704315149,-0.832150298,-0.82315545,25,78004.48971,1,1
-1.572989257,0.404408154,1.469643887,-1.484326436,0.207859701,0.678039368,39,69200.21649,0,1
-1.052547192,-2.412550818,-0.177029456,1.130831823,0.684570892,0.2283367,33,58721.99764,1,0
0.994298827,1.056041606,0.207325834,0.444501694,0.087516096,0.183016878,23,41716.13484,0,0
0.254731137,-1.509551622,-0.301845894,-0.068856292,-0.424132898,-1.840475546,56,56811.77622,1,1
-0.128877379,0.230533667,-0.81260576,-0.098391827,-0.28710352,0.027779909,62,55901.12853,1,0
-0.509093805,-0.774684058,-0.952968259,1.028282471,0.65216884,-0.459118313,69,43792.82924,1,1
0.485359908,2.142711034,0.843150373,0.294528325,-1.100176205,2.166417624,46,42573.66438,1,0
-0.849104851,1.439597927,0.20862728,0.645612146,-0.816457144,-1.27994754,43,71496.86887,0,1
0.305665569,-0.741820642,1.846603072,-0.692566395,-1.606901014,-0.205424581,26,55140.01411,0,0
-0.731254569,-0.127357668,0.972052013,-1.917355009,0.033998699,0.383098513,36,73283.54746,1,1
-0.897659385,0.24459807,-0.73121299,0.6219137,0.861887676,-0.972712788,24,59802.45351,0,0
-0.637487435,0.863414072,0.84034218,1.100927922,1.331481826,1.928252687,65,71275.19366,0,1
-0.375407446,0.029151912,-0.305075539,-0.224561968,1.548665843,1.948788145,42,70774.90183,0,1
-0.048829836,-1.024894899,1.216859709,0.887756584,-0.690474142,-0.858417663,41,66999.88689,1,1
0.235455795,-0.717558639,-0.486333877,-0.335212793,0.250030966,-0.591808195,56,77739.34095,1,0
-3.688365291,-0.004481796,-1.05242596,-0.090699161,-0.402312341,2.146812894,64,61504.92635,0,1
-0.807650558,1.234456979,-0.795755077,1.752428788,1.647643952,1.395270782,54,37578.96859,0,0
-0.391569977,0.427837861,-0.744664902,-0.291520054,1.3034463,-0.369346727,51,39971.77308,1,1
1.505062039,-0.773414927,-0.840251765,-0.350569393,0.168071439,0.431435794,46,50208.01187,0,0
-1.080002608,0.648372778,-0.572608276,-1.869979523,-0.619355746,-1.386728361,51,71129.21641,1,1
0.162796618,-0.386984839,0.85669187,0.69007316,-3.448042914,2.196738267,37,53999.16903,0,0
1.49503031,0.890408005,1.796044208,-0.709841365,-1.433599818,0.072861552,22,63079.61961,0,0
-1.31296853,2.527010418,-1.330189516,0.147225011,-1.852292759,0.585586403,61,68035.15437,0,1
0.393975226,-0.358826371,1.263513043,-0.315039087,-1.44623257,-0.935045932,53,62466.04292,0,0
-0.802271834,0.80160516,-0.477703716,-0.445792715,1.878847618,-1.136090794,47,30000,0,0
-0.504633742,-0.745393332,0.347882531,-0.11772949,-1.295041413,0.451091285,67,42196.30464,1,1
-0.803110834,-0.112263767,-1.654146031,-0.04085234,-1.060942995,1.916299075,37,86488.7278,1,1
-0.731857308,0.029562287,0.524035017,1.17607906,-0.920524132,-0.54047844,28,64890.90072,0,0
2.721912148,-0.19368366,-2.005312397,1.520211857,2.598544729,-0.979102968,38,30000,0,1
0.844455872,2.463013689,0.313935072,0.650715102,-0.062452228,0.30513088,37,61045.81794,0,1
1.101737862,-0.306593075,0.257256047,1.271555913,0.994204266,1.637193034,23,87039.5346,1,1
0.491993487,0.586851539,0.191007634,0.854147471,0.175395412,-0.638588894,62,64106.9444,1,1
-1.606256788,-1.930086869,-0.734910151,0.494614102,-1.984409018,-0.249892868,43,60665.94159,0,1
0.39495797,0.431996563,0.549526674,1.455142935,1.532639468,0.837124331,40,32574.56862,0,1
1.072929615,1.142054592,0.391081509,-1.308474631,0.401096751,0.944415482,22,55936.77309,0,0
-0.853399474,-0.527597343,-0.209952784,-0.684462201,-0.121712979,-0.284443765,42,35351.67125,0,0
0.965326667,-2.510222141,0.671850307,-0.820901527,1.760127464,1.096646233,46,41663.15427,0,1
0.70433621,-0.038651769,-0.095604147,-0.301387917,-0.346548938,0.528768354,21,38232.35543,1,0
1.852040045,0.01718385,0.528777159,0.685900358,-0.144415165,0.016191128,44,86091.60036,1,1
-0.417783013,0.724075051,-0.125879327,-1.115103452,-0.345102721,0.902456419,27,70920.55264,1,1
-1.097610982,2.010903035,0.216701991,0.502799197,1.076291285,0.764604786,51,81014.74141,1,0
-0.361628109,-0.380053651,0.574722941,-0.587060918,0.813822932,-1.047012742,44,40147.9709,0,0
1.435570993,-0.856288124,-0.397912574,-0.347064053,0.278618862,1.483512247,25,62861.47945,1,0
-1.828405881,-1.166917801,-1.233836586,0.200415663,-1.051767548,0.345399466,69,44878.59547,1,1
-2.068375715,0.198078617,0.276079006,1.681248139,-0.370233594,1.375613606,69,46483.20619,0,1
0.089395279,0.479354259,1.189391379,-0.712347052,-1.052084267,0.051793672,52,67041.64793,1,1
-0.442589293,-0.545655394,0.299150973,-0.080093393,1.160367822,0.247639332,45,62682.0488,0,0
0.007727893,0.778682746,0.318142315,-1.078225226,-1.574727358,0.398886657,26,64293.45059,1,0
0.945311771,0.465384077,-0.042176106,-0.721947716,1.594371188,0.546849505,69,41158.12389,0,1
-0.552569346,0.04323169,0.739118653,-1.087341435,1.287652877,1.528199416,51,61913.87588,0,1
-1.873005831,-0.902414721,-0.185935416,0.244785088,-0.918528891,0.46644138,47,65215.59238,0,0
2.044481557,-0.481864315,-0.453898781,0.425308769,-0.416484264,-0.027989176,34,49872.00197,0,1
-0.997228287,-2.429755298,1.105298253,0.687049347,-0.712430404,1.009533067,50,55920.96459,1,0
-1.059037122,0.235787064,-0.530538318,-0.753649711,0.430233798,0.430418983,46,35320.58848,0,1
1.103720014,0.026341289,0.889470946,0.507943079,1.412448227,2.955533101,66,30000,1,1
-0.384489121,0.188478991,1.105935462,0.113100078,1.185619316,0.291417921,54,90124.79816,1,0
-0.063389852,0.504319016,0.566816932,-0.057752497,-0.432930473,1.237664499,30,63072.54362,1,1
0.482790124,0.385821486,-1.24923552,-1.241422828,1.254807068,0.882082138,46,54616.24208,1,1
1.083583103,-0.110383181,0.027154909,0.153253499,1.171822034,-2.049898281,57,71973.52327,1,1
-0.333460693,0.048668043,-0.201999997,0.18495662,-0.188833909,-0.736788279,56,46948.34461,0,1
1.519952006,-1.404316417,-0.495999255,0.101728445,-0.009458478,-0.439424412,31,61652.32359,1,0
-2.135799849,-0.583720646,0.142751587,0.400050757,1.541714085,-1.499651384,25,76593.76152,0,0
0.759787237,0.050471054,0.769206347,0.694595659,1.05836188,-0.395256926,49,43469.01706,0,1
-0.839527558,-0.735853576,-0.45855266,-1.098023309,1.224783985,-1.371185398,28,52619.97424,0,1
1.372271317,0.860150796,-0.171382674,-0.216696086,2.585384112,-1.109164937,52,39288.55623,1,1
0.142044479,-0.658632081,-0.241058934,0.515767602,0.547267016,0.24158221,22,72528.31418,0,1
-0.672905332,0.216305411,1.163871046,-0.268394821,0.325664721,1.919397997,67,63080.63335,0,0
0.662841093,0.116565657,-0.257100618,0.959423557,1.357937461,-1.362210285,54,77575.33608,1,0
0.893188347,0.746277594,-1.234405658,0.090178497,1.987820911,-1.215484432,62,72642.35624,0,1
0.641894123,0.900791174,-1.573434839,-1.954922641,-0.611393931,-0.53273939,22,56078.73928,0,1
-1.02969624,0.694032611,0.362729567,0.839428919,-0.201858521,-0.147176829,19,66161.70178,1,1
-0.484017124,-2.106006201,-0.76068174,-0.117103227,-1.018570621,-1.542133651,43,66322.04083,0,0
-0.004072837,1.194148148,0.668724505,-1.769710833,0.342749974,-0.699084941,47,71001.84799,1,0
-0.041259653,1.527308224,-1.331219989,-0.25228986,0.889258604,-0.791450651,30,81996.238,1,0
0.749745475,-0.482124284,-0.538912167,-1.268364379,-0.948877285,0.318362691,55,43642.81065,1,0
-2.014901233,0.236646913,-1.33056885,0.753131286,1.13379552,0.425628714,66,31855.20825,1,1
0.334327055,-0.89083168,0.434610716,-0.03584098,-0.453326913,-0.152761069,57,44231.62454,0,1
-0.289981354,-1.948378507,0.648847541,-0.923745365,-0.534790754,-0.377764591,44,67091.72443,0,1
-0.838500616,-0.738715266,0.338625158,0.810848057,1.129938253,-0.709700175,34,66206.38005,1,1
-0.742486778,-0.540139039,-1.08593632,0.458525666,-0.625140558,0.051578082,68,51467.80961,1,0
-0.214537665,-0.354850731,-0.745763744,-0.235764737,-1.403498477,-0.976085745,32,55923.41812,1,1
-3.601085104,-0.95891409,0.234313989,-1.24559744,0.74365711,1.547238005,50,47485.54535,1,1
-0.701289571,-0.733425167,-1.687741408,-0.842473794,-0.131702297,-1.497901773,47,58393.58633,1,0
-0.875814825,-0.011006322,-0.241134944,-0.85745791,1.198058833,-0.656303778,49,49594.08756,0,0
0.532783209,-0.770226983,1.516905353,0.746497203,0.832990671,0.868201454,67,84552.13088,1,1
-0.805526683,0.543524333,-0.179955549,-1.680897286,-1.748298361,-0.398637314,24,79842.57552,1,1
-0.2151138,0.681660651,-1.488544639,-0.047234817,1.315534423,0.671973222,56,70856.8311,0,1
1.542276628,2.380387746,-0.607409248,-0.250284391,1.899749953,1.717193843,33,60468.7446,0,0
0.99435152,1.125679932,-0.630692326,1.035539018,1.033603509,0.833102935,28,77087.98113,1,1
0.9022714,0.243103058,2.14030878,0.232736558,1.073860424,-1.202025166,54,61481.08054,1,0
-0.49987243,-0.620264297,1.665679081,0.535210285,-0.247672081,-1.154228232,70,62417.642,1,1
0.543032279,0.293747352,0.730935434,-0.525360004,-0.476695354,-0.18740041,31,34080.31465,1,0
-0.2338978,0.32659596,-0.343075931,-1.230998188,0.212444695,0.443047798,40,63910.15789,1,0
-0.196093211,-0.513313089,1.200629661,-0.325475976,0.919905358,1.20613556,48,40632.36883,1,0
0.409685344,0.783731397,-1.133459639,0.777162386,0.894733608,-0.784986753,45,53957.56059,0,1
-0.596993588,-1.398098015,1.076575315,0.774890631,-0.437782648,-0.484904082,59,62534.48277,1,1
1.493003104,-0.244399836,0.927973537,-0.430587571,-0.539159098,-0.250650107,22,46519.61144,0,1
-0.16013014,0.555858459,-0.151345735,-0.860743805,-1.490153446,-0.270715724,41,67180.72188,1,1
0.618360566,-0.287584148,1.139186313,-1.056679125,0.646919925,1.495645205,68,75775.95826,1,1
1.455600479,-0.206754403,-0.447221129,-0.136626603,-0.389781274,-0.104047008,35,46742.83473,1,1
1.031653775,-0.137785861,-1.265085598,0.136551172,-0.301044797,0.15305316,21,61760.87427,0,1
-1.408919103,-0.835601241,0.977965013,1.473191513,1.72787518,0.911483302,40,41303.07037,1,1
0.444895895,1.173900932,-0.085242929,0.123330758,0.598388907,1.591087884,26,42496.14363,1,0
0.850719394,-1.018037672,0.601780603,0.613765994,0.322898686,-0.035195881,68,64650.52396,0,1
0.891863022,0.318159327,1.820886592,-0.780467988,0.83019729,1.259191361,28,70701.54847,0,0
-1.113294834,0.413647898,-0.722254072,0.041701005,1.420614007,1.827770771,52,37361.46446,0,0
-0.657035237,-0.948621901,-0.143379505,0.140078456,-1.61748076,-0.110339707,28,90729.86707,0,1
0.994558236,0.073104254,1.569634505,-0.140530528,-0.565628437,-0.563638464,24,52546.8511,1,0
-0.761760371,-0.909632173,0.668731731,-0.021818797,-0.232134799,2.187067285,34,63111.02712,1,1
-0.299696057,1.391042475,-0.699782744,0.126218468,-0.978341932,1.121082149,35,51988.23991,1,1
1.57587581,-1.138782937,-0.955017704,0.481036813,-0.265221573,0.012490747,43,55734.08272,1,1
-0.04779925,-0.653897094,-0.52808064,1.169118043,-1.551134901,0.64996163,64,82775.19875,0,1
-0.726774138,-1.224225008,-0.738414705,-2.265547792,0.92217926,-1.044976175,66,82582.06941,0,1
-0.877617357,-1.357698727,0.237348119,1.113737514,-0.517504591,1.10941882,43,35243.38386,0,1
0.33271933,1.591215291,0.078434507,-1.710808116,0.200956398,-1.800030393,34,51545.03485,1,0
-1.333148008,0.542774674,0.279237754,0.308762821,0.05130862,1.07064214,27,104259.6096,0,1
-0.247335964,0.140293426,-0.840812802,2.355628969,0.557419401,-0.721710868,47,53504.72112,0,1
0.333230535,-0.656576963,-0.070833908,-0.042540288,-2.460889575,-1.6538786,32,66340.21931,1,1
1.299149821,0.907611811,-2.055699774,0.180019139,0.450263721,-2.001374771,65,77045.79791,1,1
0.66754808,-0.824222439,0.145006317,-0.310259714,-0.27509172,-0.47615258,64,72798.76448,0,0
-0.714065118,0.793639294,1.175440645,0.667262347,0.406863927,0.711113826,43,30000,0,1
1.178419318,-0.872511277,-1.424745909,0.362208553,-1.179453208,-1.389891861,58,65009.4602,0,0
-0.299515038,-0.644507702,0.483428231,-0.676047245,0.41367407,-1.235572589,45,86239.62261,0,1
-1.235703022,0.758282386,-0.611014352,-0.114353055,1.29851186,-0.494220482,70,60440.9647,0,1
-0.172041359,0.863827344,0.802501154,-1.118436504,0.18976626,0.807553014,36,44382.29043,1,1
1.438169201,0.597472934,0.158647451,-0.118941421,-0.717240827,0.932529486,18,44668.29461,1,0
0.16524005,-1.049674116,0.404704113,-0.419372187,-0.673531393,0.139870266,51,57013.96582,0,0
0.012521864,-0.446726866,0.064823899,0.136540952,0.576241301,0.983369633,55,70128.31644,1,0
1.637211645,0.156898741,1.328331806,-0.709913897,0.569644312,0.687610735,41,103344.5455,0,1
-1.431354847,-0.849280962,0.347410478,-0.21443169,0.356541983,-0.416987296,58,55653.17063,1,0
-1.285599114,1.37096276,-0.705423714,0.008772775,-0.03752503,0.909512111,41,68429.51884,1,1
-1.615846471,-2.401946944,0.098715052,0.078417698,0.202959975,-1.284177486,35,36831.27256,1,1
0.372648186,-0.778739515,-0.368881043,0.274283716,-0.064909083,0.486486398,18,34725.67491,0,0
0.166493127,-0.509566503,0.162399907,-0.174167665,-0.380881039,-1.166014389,27,52546.34895,1,0
1.542736367,-2.843943665,-0.419769712,-0.786693659,0.75747691,0.142800539,21,66681.57112,1,1
0.243475077,-1.39622913,-0.676810736,0.082073273,0.310116841,1.218567701,31,58705.11269,0,1
-0.404157159,0.625289513,0.199272213,-0.178857826,1.290541662,0.21319818,38,60798.90446,0,1
0.001794873,0.030283637,0.055789629,1.024645642,1.11686538,-0.01257765,43,55882.63075,0,0
0.117707418,1.573136022,1.063955845,1.150741501,0.277480532,0.226031099,55,59583.87948,0,1
-1.671761273,1.545226446,-0.414955879,-1.372080435,0.595380633,0.663309492,69,55592.44837,0,0
2.710331644,0.433046379,-1.980853847,0.617154548,-0.957187265,2.134002019,22,39755.37499,1,0
0.519871018,0.313238249,-0.363870798,0.817744161,-0.077589478,0.65244067,32,37627.42476,0,0
0.210008308,0.065931109,-1.626430759,-1.345831296,0.34266283,-0.502513829,41,80391.0215,0,0
0.615163984,-2.655082018,0.415671974,0.579472819,-1.582736055,-0.208652953,27,47651.67056,0,1
0.709410981,-1.394559513,-1.673897928,0.895954918,0.42942206,-0.901126617,52,56391.8155,0,0
-0.140553486,0.100675503,-0.988371062,-0.949646638,-0.959226975,-1.239238148,34,77849.24587,1,0
-0.631241136,0.616025709,-0.362334458,-0.236341623,-0.849583891,-2.432476162,49,55955.65982,1,1
0.599450686,0.289669812,1.543950605,0.186319936,-0.529485557,-0.461602092,26,73162.25294,0,0
0.385710841,-0.892464968,-1.072890116,0.57045806,-0.030506666,-1.404437614,48,46679.49978,0,1
-0.809890099,0.937406282,0.012404983,-0.98843941,-1.328028557,0.097053328,58,83330.80338,1,1
1.419035611,1.482444029,0.579976577,1.157006698,0.856643475,-0.509474751,32,63405.25212,1,1
0.293352036,0.9379896,1.484060553,-2.02934813,0.177418239,-1.085521753,67,59597.35172,1,0
0.729819362,0.98959933,0.777794752,1.323745549,1.924979031,-2.103505397,20,57527.77254,0,0
1.391920888,-0.559225798,1.093906952,0.550267468,0.300080456,-0.349338787,57,71475.64213,1,1
0.021888821,1.075934123,0.864307059,-0.621771511,0.570805178,-1.752384039,52,63543.44427,0,1
0.316952007,0.145758639,-1.209122971,0.864405843,-0.853864268,0.706161848,68,30000,0,1
0.810027239,0.511555529,0.359692104,-1.047799044,-1.181810291,0.254897569,30,53279.42475,0,1
-0.724861084,0.365431843,0.848660952,0.114936054,0.619156122,-0.226798411,39,64829.67648,0,0
0.054051663,-0.121487105,-0.95650029,0.238504874,-1.093289966,1.45074726,65,45476.89065,1,0
0.125548587,-0.860002475,-0.579759877,0.236134814,0.641849486,0.009826512,24,52442.34022,1,0
-0.956058552,-0.082136664,-0.803192295,-0.839717557,1.706524472,0.386082158,37,54179.86487,0,0
2.317636789,0.986761617,0.772622986,-0.496077172,0.945768686,0.687464452,54,83924.65193,1,1
-1.407293443,-0.441475805,-0.06928112,0.126744866,0.570446616,-0.516882352,43,68967.16507,0,0
-1.298103904,0.893347263,-0.320845894,-0.726743743,0.26949711,-0.511290777,36,64935.66097,1,0
1.314226576,0.737070671,-1.281669917,0.271452794,-0.383959959,0.04144692,47,42513.2035,1,1
0.713266251,-0.298937397,-0.067394253,-0.614125968,-0.114561139,-1.34652505,51,49729.64534,1,1
-1.025964817,1.388800104,-0.567588355,1.000000026,-0.565428674,1.785313846,52,72753.91864,0,1
0.607289015,-0.355546671,0.243339565,1.562684951,-1.315404218,0.160778145,45,69901.58932,1,1
1.467850445,1.509546863,-1.142967199,-0.297464175,0.035427343,-0.200941511,52,38692.17975,0,1
-0.030263058,0.434126982,0.17790626,0.920258761,1.107889062,2.085526972,51,80991.10192,1,1
2.5988229,-0.015865918,-0.43895077,-0.212304542,-1.288798514,-1.101492564,65,47090.36161,1,0
-1.724061811,-0.88780138,-1.249296926,-0.936431197,1.398496433,1.536150724,66,65374.62122,1,0
0.693823454,-0.08826023,-1.327284038,-0.425717741,1.217184233,0.8132938,33,101002.5857,0,0
1.166528336,-0.203759513,-1.177020388,0.085569741,0.396998824,1.117029488,65,53724.33097,1,1
0.891343902,-1.258296385,-0.206399057,-1.786957664,0.405045348,-0.175549875,68,62513.00318,0,1
-0.204355727,-0.217615423,0.120995434,0.625656761,-0.1862464,0.055865321,49,51618.14492,1,0
-0.290441482,-0.80380318,0.269823632,0.086020849,0.042016603,-0.343293318,34,62628.80845,1,0
0.444145171,0.585991769,0.307552918,1.000543957,-0.463585474,0.996342208,41,81376.89388,0,0
0.815754487,1.306280476,-0.758523261,0.608137554,0.031638078,0.39173569,22,57081.85051,0,1
0.602473436,-1.226915676,1.058402908,0.119948317,0.139826161,-0.558485161,29,55585.39344,0,0
1.040057891,1.712307728,-0.442225526,-0.355834935,1.881244,-0.51255834,39,76553.25217,0,0
-1.018869957,-0.128551034,0.45014976,1.522861722,0.565616044,-0.014812973,29,41051.53861,1,1
-0.227770979,-0.975021385,-0.164155433,2.169872687,-0.209403068,-0.332283443,46,61246.7704,1,1
-0.940015932,0.75775478,0.375621232,-0.339149405,-0.098906687,1.441772856,56,49084.59087,1,1
-0.386112776,-0.446454478,-0.214328066,1.042293474,-0.713258268,0.808215017,56,56430.32695,1,0
1.015220892,-0.081736676,0.393634877,-0.706749659,-0.548429124,0.80611193,53,46689.80503,1,1
0.107983921,-0.404278244,-0.00738887,-0.587685954,0.910695692,0.233917198,23,38567.81435,1,1
2.606859163,-0.816737932,0.813840571,-0.386244951,-0.493967101,-0.826505812,65,30000,0,0
0.193406367,0.723997032,-0.818685043,0.684682688,-0.617535947,0.696107554,25,53209.15133,1,1
0.059691881,-0.286301403,-1.769891336,-1.074913294,-0.592512596,-2.098182585,23,63419.22098,1,0
0.106182919,-1.436651792,-0.973357419,1.549964227,-0.729179052,0.1740552,47,72198.59354,1,1
-0.637808693,0.551060124,1.068918415,0.937872257,1.127185075,-0.812118933,36,39967.95676,1,0
-0.057836612,-1.205582351,-0.15455882,0.661515205,0.142703076,-0.88911686,47,62284.55245,1,1
1.127788027,-1.153260173,0.092062296,-0.293814666,-0.282314625,-0.463334156,42,68388.82275,0,1
0.113970668,1.192606205,-1.053636614,0.82948759,0.02928164,-0.083936856,27,65402.97456,0,0
-0.79345973,-1.196339899,0.065553725,-2.917362861,0.21729051,-0.023415622,65,63866.26162,1,1
-0.92508462,-2.316444857,-1.022812644,0.440901363,-0.747293521,0.790238153,19,30000,0,0
-0.450201892,0.622861485,-0.875781275,0.160122068,-1.389595607,-0.17388478,63,58206.0877,1,0
0.073863434,-0.303863429,-0.402483683,-1.886215565,1.338502718,-0.101733535,60,58765.82149,1,0
1.193586535,-0.217655121,0.445097258,0.406252983,0.988023743,-1.395612796,41,68180.73332,1,0
-1.340488641,-0.314500393,0.551847581,0.590891726,0.377802594,-1.265388121,45,80812.40553,0,1
-0.319826278,0.231669939,0.579044898,-1.853732745,0.919193937,0.287069044,51,56113.02705,1,1
0.144310019,-0.752719242,-1.588084115,-1.186771418,1.914364048,0.630668381,20,54825.68794,1,1
-1.833705768,1.476114875,-0.0066645,2.064389152,-0.535403703,-0.260471875,43,61957.95636,1,1
-0.833598283,-1.47623048,-0.196781833,-0.186353546,-1.120034057,0.932957966,39,60326.72459,1,0
-0.67988854,0.444874917,-1.532182416,0.975626059,0.661516621,-1.407891921,49,66486.97282,1,1
-0.795970374,0.642121004,0.015983767,1.126801924,-1.46682597,0.398538723,60,67936.21445,0,0
0.191889545,-0.759651761,-0.250427217,0.393936814,0.037972654,-0.851777606,53,57358.26609,1,1
-0.16055961,-1.023734445,0.511525672,1.017241351,-0.298431416,-0.930750169,31,67488.59974,0,0
-0.555286103,1.017174214,0.081247076,-2.112888358,0.673887784,-0.764915924,54,56718.40548,1,1
0.427962627,-0.990860754,-0.54932053,-0.230529412,-0.482274798,-0.080765569,20,38243.26323,1,1
1.723074718,-0.606663941,0.92576245,-3.080598727,1.199769778,0.43889693,45,42656.70982,1,1
1.639256517,0.887308962,-2.221233501,-1.746093665,-0.746883506,0.362979209,43,30000,0,0
-1.922771772,0.034741234,-0.064265128,-0.546014497,0.705800661,-0.290482184,57,84940.62408,0,0
0.577072184,-1.797143668,-1.763250932,-0.665384439,-0.666413711,0.632267342,27,79278.82143,1,1
-0.17802329,1.747059145,-0.912193271,0.041410289,0.548454495,1.686741393,61,75520.55135,0,1
0.155155343,-0.530010759,0.524813703,-0.020650512,-1.014645787,-0.119411201,43,56754.19573,1,1
-0.398283034,-0.40275729,-1.27419748,0.13374243,-0.024113843,0.094795774,57,74650.15618,1,0
0.11758863,0.255784252,-1.423717819,0.174709649,1.32209159,-0.611729978,40,73466.79824,1,0
0.151407396,0.625076797,2.381944983,0.332922725,0.1150052,-0.391958541,24,38187.39834,0,1
-0.578951757,1.961104291,-1.359289051,-0.959044677,1.183077181,1.248347265,51,48206.50104,0,0
-0.896367548,-1.660068149,1.650520903,-0.724792319,-0.02627448,1.258658218,29,68062.269,0,0
-0.448695683,0.825952209,-0.172202165,-0.036878059,-0.50504926,-0.201067479,39,52663.63139,1,1
0.234259264,0.743009694,-0.524829121,-0.021342951,0.171982495,0.490251666,69,49391.40877,0,0
0.598996342,-0.137164911,0.566786391,-1.081927365,0.618396656,0.920457287,28,72354.25218,0,1
0.853348977,0.787273695,1.336594076,1.081559381,-1.905539888,-0.446517039,26,47575.33627,1,0
-0.494190023,0.934274018,-1.146067942,0.724800678,0.522285044,-1.305908251,22,97224.03493,1,0
0.283844567,-1.381962785,-0.51024979,-0.859716685,-0.939835173,0.68930895,23,83914.08569,0,0
0.962502592,1.749766506,0.846869735,-0.208366013,-1.188437783,0.896387616,24,56798.08991,1,0
1.165594895,-1.558762253,0.287994312,2.009539651,0.538576667,0.7492788,63,78744.09743,1,1
-0.058832854,-1.135316281,1.101917831,0.160577038,1.338502927,-0.374148824,35,62798.01091,1,1
-0.220931725,-0.261787674,0.515111954,0.395685955,0.216406185,1.523110871,32,53762.5155,1,1
0.191124234,1.924940513,1.808224009,-0.608935551,-1.355407352,0.284264758,18,89671.02012,1,0
-1.149707473,-0.30825663,0.178588599,-0.313112109,-0.67056051,-1.147589568,65,65857.05327,0,0
-0.193609511,-0.03193389,0.221811148,1.511325986,-0.418267175,-1.596087459,32,46582.53417,0,0
0.744586398,1.432078604,0.321721372,0.113294427,0.19609694,-0.297194216,26,66900.88884,1,1
0.641947129,-0.300318143,-0.142488852,-0.070928219,-0.071879848,0.22481153,24,85161.80783,1,0
-0.270267604,-1.178436713,0.848087159,0.007641086,0.495229803,-0.287946183,61,60035.28641,1,1
0.217718201,-0.417234835,0.237041224,2.545382788,0.999972831,1.993562399,26,63143.54419,0,1
-0.82465034,1.370791834,0.788180009,0.039807503,0.344744578,0.403983526,61,55504.04085,0,1
0.703492148,0.070864997,0.944499854,-0.830076699,0.898080693,-0.973148736,28,65279.61706,0,0
-0.077821436,1.930658259,0.428454682,-0.655350902,-0.269710311,-2.270341758,20,45333.14639,0,0
-0.275951452,0.737934926,0.501716324,0.780756002,3.29590446,0.235014049,30,48067.16058,0,0
-0.361723836,-0.644808936,-1.010329788,-1.428481127,0.553180594,0.98895409,22,54864.80847,0,0
-0.062893867,0.051076304,-0.550353588,0.450582981,0.684048631,1.863767209,49,62515.25403,1,1
-0.447877645,-0.853218118,0.843383453,-0.723817528,1.75768081,-0.202411746,39,76686.50868,0,1
0.658143036,-0.668433031,1.423631182,-1.858769556,0.088178803,1.721999105,70,57792.524,0,0
-0.395283548,4.479084251,-1.940430226,-0.980072217,-0.645508311,-1.358927639,67,72411.69841,1,0
1.592964096,1.01862451,-0.567863147,0.02753381,1.306434046,-0.343908046,60,53395.76087,1,1
1.465210503,0.861097989,0.023620602,1.395167393,1.365142967,-1.014397454,43,68830.49405,0,1
-0.89154349,-0.623180315,-0.879274462,0.913329412,0.153506305,0.792100909,20,77984.74729,0,1
0.069704269,1.569584066,-0.822519644,-0.293690226,1.759627538,-1.30107738,58,58272.766,1,1
-0.650656621,1.099415602,0.474919874,0.97218707,-0.083285809,0.401749625,25,65269.00903,0,0
-0.326647563,1.881621289,1.581375969,-0.356779829,0.932282949,-1.241829371,41,51204.92484,0,1
2.002427468,1.833114148,-2.031823556,-1.466511585,1.515532397,1.757781553,57,68796.61154,1,1
-0.307571417,-1.479089288,-0.170476149,0.021087636,0.098329015,-0.374256038,30,30000,1,1
0.360226037,-1.109839489,0.463280342,-1.505933995,0.45679811,0.377965849,28,35610.77575,1,1
0.541321294,-1.003787815,0.780213972,0.791408307,1.026015111,-1.788772623,55,68591.99444,0,1
-1.000629372,-0.943940643,0.319127343,0.805880089,-0.366184908,-1.494802215,62,35460.68321,0,0
-0.855095474,0.323452364,1.76140255,-0.87996994,-0.814151716,-0.773396471,60,52665.90339,1,0
-1.206022371,-0.566803452,0.028906593,0.145597507,1.33298181,0.850518128,31,81050.68359,1,1
-0.885970734,2.072598541,1.31199279,0.136049234,0.306765835,0.659090486,63,72958.67616,1,1
-2.850030109,1.904679882,-0.64636767,0.871963382,-0.50558954,1.085389961,68,95923.58965,0,0
0.544582401,-0.006461594,0.057982947,-1.245068254,0.094116772,-1.509730823,22,61130.82737,0,1
2.054193841,1.955326216,-1.212715076,0.599487524,0.508532296,0.506869373,64,58758.96886,0,1
0.147820739,1.488134627,0.900864441,-1.316769251,-1.569299338,-0.559897468,30,60152.16894,1,1
-1.416268859,-0.450706559,-0.120442863,0.777188738,0.715992898,-0.808104336,41,46127.39444,1,0
-0.642776383,-2.009215344,0.357821063,1.062697401,0.408446204,-0.537227664,33,56802.38789,0,0
-0.458876845,-0.217968385,-0.313368631,-0.669591394,1.655099081,-0.116467794,46,41092.09601,1,1
-1.017584777,-0.644622131,0.586428502,1.219128867,-0.218991317,0.661044416,36,77596.33713,1,1
0.860182638,0.206505625,0.397433974,-1.574032963,1.377117434,1.122805301,34,71076.72304,1,0
0.810260044,0.089228287,-0.99465143,1.099583445,-0.044645541,0.521072128,48,42592.8182,1,1
-1.155451794,0.063017659,-0.936767433,1.438456238,0.139174089,0.633270736,65,50024.43793,0,0
0.725081044,0.523684741,-0.02776873,0.345815194,0.280951249,1.823049548,46,65858.61221,0,1
1.526812664,-1.212521947,0.659573957,-0.195525781,2.093253325,0.697073092,49,64066.72557,1,0
1.902558205,0.411360278,1.862895553,0.31241982,-1.239490598,-0.213834831,63,44257.4306,1,0
2.865212023,-0.439616153,0.302990857,-0.603758369,0.495075179,0.581104735,34,60991.6121,1,1
-0.901992649,0.1999822,1.007531402,2.624626679,0.042231437,1.707645904,24,68569.67932,0,0
2.824220426,0.957409845,-1.612850935,-0.58653129,-0.028535161,-0.870360665,55,69000.33132,1,1
-0.354206389,-1.224399773,2.012955849,1.31740117,0.583010759,-0.430936958,22,85269.84005,1,1
-0.592465455,-0.281293653,0.605686211,-0.741227417,1.106001071,1.450127749,41,63750.9308,1,1
0.327072375,-0.118534234,-0.049604511,1.59680828,0.531632087,-0.290472917,50,41387.16687,0,1
-0.582061334,-0.514268972,-0.164696047,2.012328582,1.235204701,0.764289675,65,44031.97527,1,1
0.399044141,0.899829496,-1.107199798,0.385990811,-0.250961193,1.289087257,40,78842.70992,0,1
-1.320077188,-0.720388359,-0.821286796,0.286657269,-0.048552219,-1.255820479,31,84164.08792,0,1
-0.238752602,-0.555400399,1.910435632,-0.956579025,-1.000871152,-0.408422611,51,59476.95393,1,1
1.285582234,-0.709919133,-0.989004438,-1.07566761,1.98290569,1.204689284,21,65735.67775,1,0
-0.057061291,1.092055411,-1.008267758,0.297914605,-0.186712469,-0.126426599,18,61395.84049,1,1
0.141595787,-0.492444112,-0.702220486,1.458192477,-0.297214877,-2.018592492,19,55528.4937,0,0
0.475258605,0.460045391,-1.198180753,-0.548202489,0.606662724,-0.509969773,46,37634.14925,1,1
1.170661629,1.975705101,0.015306575,2.207929218,1.107079461,0.794462455,26,67159.09937,1,1
-1.655224712,-0.07481842,1.088910513,-0.61014594,-0.692081231,1.2764931,45,86729.25768,0,1
0.584524052,1.11206068,-0.610492326,0.229391941,1.186687477,0.050845299,50,62553.24269,0,1
-0.268139139,1.671354084,-1.37332428,0.232016466,-0.303301822,0.483781608,40,55470.72239,0,0
0.166637895,1.02719156,0.291861313,-0.101534375,1.430619554,-0.369060126,37,53524.8408,0,0
1.05995017,-0.016801316,-0.055774338,-2.043827516,-0.540909004,0.903184214,48,67453.80916,1,0
-1.194186651,0.642107759,1.00272455,-0.6190731,0.735447325,1.425195557,65,77266.58554,0,1
-1.012644441,-1.287378593,-0.454508299,0.199639292,0.04270982,0.7681999,63,67990.10486,1,1
-1.93542996,-0.780043158,-0.26015678,-0.095985096,-1.126377844,-0.118166747,62,31954.99592,0,1
-0.549158942,-0.604675182,-0.149530365,0.636202659,-1.415964453,0.434111065,43,86135.61923,1,1
1.330432344,2.24061212,0.089004111,0.756835912,-0.742952861,0.952487901,48,72498.97426,0,1
-0.120587188,-0.812584514,-0.392561677,-0.240078461,0.992556892,0.027701688,49,57298.38599,1,1
-1.340124896,-0.827476751,-0.554644108,-0.962430372,-1.943155196,0.800529016,68,52045.27108,1,0
-0.485678745,-1.04392098,-1.850377685,1.548317705,0.333945973,0.370308978,64,53298.85435,1,1
-1.487861703,0.559811762,-0.565387209,-1.355462331,0.246890523,1.419357803,67,72939.69188,1,0
-1.125186102,0.142621393,0.715223268,-0.595307223,-1.682295632,0.700137646,52,30367.95764,1,1
0.38881891,1.086758977,0.850245519,-0.849959924,-0.796895144,-0.498557397,32,67705.60832,1,1
-1.173873326,0.671259666,-0.471113024,0.746457622,-0.798784856,1.40449401,32,64208.19903,1,0
1.112634305,-1.380389847,1.299485998,1.317021974,0.052691471,0.460055192,54,63998.81866,0,1
-0.071120291,-0.80727777,-0.028704072,-0.173693376,1.466335783,-0.139735939,62,42558.19123,1,0
0.085594704,1.365328748,-1.337846372,0.22977676,1.074961927,-1.354003693,42,34439.09963,0,0
-0.278372968,-0.203298245,-1.652384056,0.428771821,-0.360308448,0.231378929,37,93665.80372,1,1
0.772847839,1.187591818,1.218257923,1.804004099,-0.829417489,1.834888894,65,61994.00031,1,1
0.783159888,-0.149680948,-0.373003725,-1.773573442,-1.558373832,-2.72937625,39,89039.3391,0,0
0.335054352,-0.967656428,-1.214064523,0.744221899,-0.378608484,-2.689713133,37,73550.16389,1,0
0.564789106,-0.303260778,-2.259276171,0.376524748,-0.898787219,0.767339353,32,61686.21224,1,0
-0.21208967,-0.968049796,-0.395716111,-0.370839525,-0.036147982,0.236172309,47,63478.47811,1,1
0.542203007,-0.565552762,0.404750859,0.326226736,0.001743863,0.672383716,31,76205.01956,0,1
-0.337877775,0.200925707,-0.697691144,0.740828976,-0.475585932,-0.526385928,58,77891.88176,0,1
0.002231622,0.51160509,-1.05324516,0.583162712,-0.45464418,-2.141777335,38,67139.88244,1,0
-0.274643749,-1.590191323,-0.549375769,2.158500606,-0.693794821,-0.831985002,67,76391.58047,0,1
-0.457218539,-0.017368008,1.243192019,0.127481588,-0.512479497,1.560005302,34,77105.02616,1,1
-0.689111798,-0.586615736,-1.392981618,0.026905183,1.435915351,-0.451589234,22,64944.72355,1,1
0.467690104,-0.648414809,-0.64170103,-0.181298786,0.517808042,-0.44292867,32,50943.07582,0,1
1.310605913,0.132684619,1.21075774,0.552978837,0.531350275,-2.629399993,60,67456.87693,1,0
1.171101972,-0.550451873,0.494176289,-0.032058261,1.011942908,-1.804479985,44,48775.61862,1,0
-1.256565336,1.382137995,0.179127814,0.013209145,0.923522599,1.110167164,61,54294.01016,0,0
1.289203051,1.188061876,-0.648446135,0.01782986,1.424764392,-0.259428055,56,65963.21083,1,0
-0.318158502,1.181828294,0.030504815,-0.134608569,0.58841811,0.991201886,37,58811.6239,0,1
0.600733015,-0.494910195,-0.537829068,-0.608672802,0.205144441,-0.753699372,70,79732.97174,0,0
-0.906215332,-0.962498835,-0.859386131,0.418106538,-0.590771298,-1.467782038,58,50093.6924,1,0
0.141979914,0.082029929,-1.080057475,-0.285047565,-0.824151992,-0.260923581,52,30000,1,1
0.313723183,-0.150348366,0.784095596,0.613679503,0.882257262,-0.572953119,34,79650.53249,0,0
-1.484604792,-0.608823162,-0.060406132,0.110767629,-0.111054978,-0.833090176,26,60712.73742,0,1
0.608267166,-1.175734447,0.314513744,-0.386574876,-1.359879751,-0.807009383,60,61425.96011,0,1
1.345935008,-0.041517969,0.151673186,1.564830405,-2.093032098,-0.134938103,63,48173.78559,1,0
-0.174647946,-0.40406945,0.440918828,-0.102312586,2.147627819,-0.491568628,59,31745.47633,0,0
1.360168131,0.688347037,-0.25471879,0.622823015,-0.985936224,-0.932268327,21,47717.47369,1,1
-0.189693493,0.665106052,-0.481657451,-0.699982906,-0.686238717,1.804714373,33,68550.11593,0,0
0.849584531,1.100799805,-0.815280329,-2.025539331,1.228077923,0.457955025,33,56982.63375,1,1
-2.218569966,-1.259295552,-1.413969133,-0.566999168,-1.208574633,0.158482754,46,55011.62058,1,0
2.418777779,0.401058308,-1.122033171,-2.137448706,0.531410002,-0.066545402,61,34510.32525,0,0
1.495458245,-0.727465706,-0.365417721,-0.236862867,1.821976832,0.665614666,49,87169.22567,0,1
-0.284625504,-1.220414211,-1.603039484,1.468647015,2.113830288,0.531823433,49,59110.56456,0,0
-1.972089027,-0.428602237,-1.382285904,-0.905285022,-0.447448285,-1.034279155,55,95128.82622,1,0
0.288028368,1.06870498,1.042139893,-2.106043858,-0.012036893,-1.532270125,56,65501.61229,1,1
-1.443925547,-0.372318354,0.224179485,1.500256991,-0.396383873,-2.274084584,57,83266.12086,1,1
0.444853538,1.56545466,-0.451836728,-0.475354763,-0.017950295,1.791931112,55,49233.14541,0,1
0.411565719,0.548878516,2.271574459,-0.015738382,1.298271567,-0.445309939,56,37284.35414,1,1
-0.941403169,-0.394090479,-1.648249719,0.788279969,-1.399312474,0.592059538,58,57202.54206,0,1
1.120967024,1.160048429,0.975611276,0.523172765,0.647956796,0.202061269,33,68400.15542,1,0
0.805574703,0.445396772,-0.111466083,0.75051242,-0.195497633,0.912558738,62,70029.16301,1,1
0.975823337,-0.932559388,0.785047023,0.90042899,1.36850108,-0.064537863,32,65917.86945,1,1
0.008857704,1.858802636,0.108953717,-1.746114633,1.315419901,-1.327969069,35,94376.57574,0,1
-1.415524067,0.259478823,-1.872245062,-1.41434774,-0.407131499,-1.03711682,21,65877.46087,1,1
0.977872272,0.018796192,0.095460468,1.171169663,-0.110781052,-0.350758221,54,55348.76141,1,0
-0.270371399,-0.85553267,0.335555855,-0.781739143,0.892762743,-1.585270079,57,56496.78368,0,0
-1.389780143,1.179538268,-2.191985299,-0.672645845,0.983320994,-0.854327378,21,47920.15161,1,0
1.352039366,0.517275427,1.944048294,-1.262842522,-2.47248931,-1.198822427,34,64397.611,0,1
2.099407521,0.62923818,0.311207594,-0.404947889,0.889550496,-0.328686767,34,76223.47956,1,1
-0.041248129,-0.507531344,0.67198774,-0.349316064,1.646481892,-0.496032198,51,81134.7245,1,1
2.159121155,0.834100572,-1.16552939,-0.937460688,0.255609366,0.119481753,65,55547.60989,1,0
0.091314729,0.911813594,0.690617522,-1.053082745,0.950176423,0.854467344,36,59207.15517,0,0
-0.380455904,-0.668778239,1.08950446,0.318663092,1.278756127,-0.242615186,39,50376.11063,0,1
-0.630458454,-1.41699014,0.253568228,-0.807669267,0.221593709,-1.502409839,56,74524.76049,1,1
1.637082408,0.581373059,-0.009371559,-0.606312257,0.81423081,-2.048337378,60,41481.30676,1,0
-0.780143881,-1.57334695,-0.893588125,-2.186278347,0.012686497,0.162317809,18,49170.01691,1,1
0.73526931,0.152015778,-0.216206918,1.938200243,-0.052168152,-0.665499532,70,30000,0,1
-0.559163835,-0.447245105,-0.512029514,0.941824029,-0.661541428,-0.157361389,35,42311.45409,1,0
-0.460306763,1.218665211,0.571995637,-0.494806053,0.173022447,0.329541155,56,51134.05429,1,0
1.030249694,-0.392843891,-0.849875925,-0.899080936,1.886856835,1.443177014,45,52338.38729,1,0
-0.380036846,1.107272972,0.564650722,0.010888797,-0.902494908,-1.747505487,30,40576.77802,0,1
-0.404795379,-0.514209444,-0.838985563,-0.01653359,0.616872925,-1.012457625,52,43052.2059,0,0
1.132804697,0.999991005,-0.262352554,-1.27596657,0.320955077,-0.085234294,26,78923.5471,0,1
1.597397293,2.060341544,0.616044397,-2.550536229,1.474827769,-1.140193585,34,48301.10054,1,1
0.644689803,-1.068047138,-0.70379672,-0.526075908,1.66289331,-1.489055968,51,32861.01295,1,1
-0.654769776,0.292035722,0.650536489,-1.563374531,-0.924277504,1.309577369,32,44357.33436,0,0
-0.510608499,2.748782416,0.552994158,0.171379947,-0.574215452,-1.047957041,26,44556.65857,0,0
0.079915264,0.066588827,-0.270950673,0.178081567,-0.519586262,-1.309185221,56,58944.77594,1,1
0.320930062,0.06178827,1.161783201,-0.973212698,-0.484199388,-1.148149488,36,65394.2453,0,1
-0.98786591,0.788498947,0.077784342,-0.534584268,-0.398448487,1.085993795,28,39696.28087,0,0
0.72303794,0.041080864,1.102276527,1.763041692,0.347064519,-0.69538165,41,64504.53399,0,1
0.08551333,-1.707225995,1.793464925,0.775128526,-0.851386975,-1.385616054,38,80996.08719,1,1
-1.715708319,1.132287375,-0.241301022,-0.452252771,-0.710791494,-0.840161901,35,75240.38328,0,1
-0.928926482,-2.002948414,0.644954984,2.291959327,-0.790590311,-0.048170662,43,68688.34223,1,1
-0.504128674,-0.416791651,-0.637567925,-1.196937412,0.492624493,0.891770996,66,66115.83715,0,0
-0.072857689,1.207425749,-1.03281441,-0.812694725,-0.063768342,0.807768479,21,55246.84769,0,0
1.889278796,-0.356542429,-0.195459657,-0.110514171,-0.241301455,-0.777769006,19,81283.129,1,0
0.238171306,-0.693696492,-1.36260028,-1.531007065,-0.841879698,-0.531124126,34,66438.59507,1,0
-0.84077189,0.879263905,-0.93760778,1.790309165,-1.604054072,2.102884071,69,47934.31928,0,0
0.220630804,-0.851114787,0.591432599,0.183152039,1.631533727,0.99568453,18,57738.49808,0,1
-0.352087747,-1.22222572,-0.513649015,-0.789948857,-0.288727688,-0.251780191,30,49864.50054,0,0
0.32475824,0.274513987,0.710514087,0.447786951,2.710492444,-2.29515244,27,57916.98739,0,1
0.580567687,-0.182923298,0.299411938,0.146055848,0.772791391,-0.458828658,34,78232.00884,1,0
1.209230647,-1.243673114,1.851154062,-0.304651084,1.829252833,-1.326619362,38,57355.75545,1,1
-0.024286496,0.63695254,0.524337286,-1.208515167,0.99348728,-0.862681386,66,48081.0638,0,0
1.638960528,0.464487606,1.11421807,-1.436211926,0.158516158,-0.965331822,60,75610.19862,0,0
0.908022663,-0.359755017,0.401884663,2.186800997,-0.597657558,-0.231208163,26,79147.92275,0,0
-0.707439545,-0.291332006,0.311393501,-1.352734885,-0.976839915,0.069759617,48,48219.67272,1,0
2.209855666,0.470392742,1.164733042,1.697965519,1.119651017,-0.731580842,52,82199.14081,0,0
0.326994513,1.19036142,0.668797466,-0.844759148,0.265034049,-1.27770631,27,74437.5781,0,0
-0.835124504,-0.28279321,0.210063613,0.790032568,0.616501041,-0.178931267,66,51721.26978,0,0
1.652913051,0.654688493,0.205654666,0.46543309,0.814623505,-0.498278777,65,78283.40766,1,0
2.077777585,0.565200217,0.538229312,0.6654187,0.355974388,-1.897539194,65,41521.56288,1,1
